{
"type": "FeatureCollection",
"name": "departements_wgs84",
"crs": { "type": "name", "properties": { "name": "urn:ogc:def:crs:OGC:1.3:CRS84" } },
"features": [
{ "type": "Feature", "properties": { "code_geog": "2A", "libelle_geog": "Corse-du-Sud", "area": 3899.858, "x": 8.996, "y": 41.861 }, "geometry": { "type": "Polygon", "coordinates": [ [ [ 8.579289524877169, 42.365618234291937 ], [ 8.852132097929388, 42.325788590255122 ], [ 8.852137330849626, 42.325764843598876 ], [ 8.852145379832786, 42.325763657506869 ], [ 8.860690127785993, 42.286963404849857 ], [ 8.860694755784126, 42.28694237736832 ], [ 9.044513375227979, 42.203614903352154 ], [ 9.07880731590409, 42.110492392875415 ], [ 9.078811544295899, 42.110491663353351 ], [ 9.078820451819974, 42.110467437835084 ], [ 9.122931423077256, 42.102847707414057 ], [ 9.140695511298564, 42.034705137399271 ], [ 9.140702217412727, 42.034704703663714 ], [ 9.140708604159336, 42.034680177726578 ], [ 9.210795147395835, 42.030122464136248 ], [ 9.221387711292136, 41.847559761381213 ], [ 9.221399433568143, 41.847557194230056 ], [ 9.221400728544095, 41.847534797182618 ], [ 9.31497637791959, 41.82698939269266 ], [ 9.397388677580556, 41.874085248662169 ], [ 9.397373864805564, 41.873671522471462 ], [ 9.397451011316708, 41.872711411176454 ], [ 9.398310420792445, 41.86304136684776 ], [ 9.398692828459762, 41.862114759297697 ], [ 9.401334233854655, 41.859781951933222 ], [ 9.40149780959684, 41.85847377977116 ], [ 9.406852613497461, 41.815618104587642 ], [ 9.406694401650652, 41.762234766119498 ], [ 9.405784459597198, 41.724114478131554 ], [ 9.400596597929088, 41.701172024787333 ], [ 9.373250664114241, 41.6756282247473 ], [ 9.356826677364092, 41.621086415806268 ], [ 9.368724965527297, 41.597944083940121 ], [ 9.369019010882475, 41.597292797538366 ], [ 9.368441137311446, 41.591452505291258 ], [ 9.368344289121577, 41.591143849546228 ], [ 9.367557423784207, 41.589476870737364 ], [ 9.362008282187743, 41.589913405519944 ], [ 9.343741054903511, 41.565800169977067 ], [ 9.269080936059655, 41.518866640411119 ], [ 9.269927423163145, 41.463357961467729 ], [ 9.269893282479305, 41.463325013991444 ], [ 9.243857184793294, 41.44680755094835 ], [ 9.239122238529241, 41.445193777093209 ], [ 9.238312617544299, 41.44502236058166 ], [ 9.238129325462012, 41.444989491508878 ], [ 9.235873621162156, 41.444625769064515 ], [ 9.234918712466463, 41.444643985187717 ], [ 9.234788512634672, 41.444553584366538 ], [ 9.234648948904903, 41.444408666028885 ], [ 9.234584337166831, 41.44434205397328 ], [ 9.234071026326982, 41.444556073354406 ], [ 9.233892960739707, 41.444567861090455 ], [ 9.233887739313548, 41.444523197717587 ], [ 9.233575298026297, 41.444408851111199 ], [ 9.233332655832712, 41.444379902959312 ], [ 9.233265606331367, 41.444420348855523 ], [ 9.23290854744304, 41.44447436307162 ], [ 9.232736629366071, 41.444500369653824 ], [ 9.2327124130237, 41.444485094206968 ], [ 9.232349173669757, 41.444255957112233 ], [ 9.23152953341341, 41.443896112993784 ], [ 9.231108830235751, 41.443878943132525 ], [ 9.230930895371586, 41.443891842129986 ], [ 9.230330953634841, 41.443876401920377 ], [ 9.230018522594296, 41.44376204482105 ], [ 9.229566510604204, 41.443476884199626 ], [ 9.229406056091459, 41.443127425651745 ], [ 9.22908215275627, 41.442914805394679 ], [ 9.225742436862085, 41.442486425871003 ], [ 9.224538802294502, 41.44242310043078 ], [ 9.224470204021749, 41.442411882490845 ], [ 9.224343655919753, 41.442390992182652 ], [ 9.223882696629513, 41.441926367124864 ], [ 9.223641030227316, 41.441393234231342 ], [ 9.223163248585585, 41.439759492135344 ], [ 9.223080242436952, 41.438945821125955 ], [ 9.223089587981637, 41.438603138199532 ], [ 9.223106554039626, 41.438043910643046 ], [ 9.223250249319941, 41.437225383988306 ], [ 9.223769487481693, 41.434705467751591 ], [ 9.225056658085743, 41.431694822490883 ], [ 9.226364951291536, 41.428763783373626 ], [ 9.226423890280735, 41.418103159402847 ], [ 9.22203779856755, 41.414125411828948 ], [ 9.221799050386261, 41.414231210094215 ], [ 9.22138897989945, 41.414303326272865 ], [ 9.219786265856143, 41.414401389453083 ], [ 9.216007561323881, 41.414397898288179 ], [ 9.211578498208878, 41.413943257707992 ], [ 9.210533544102676, 41.413697188025914 ], [ 9.210173462212333, 41.413171875940797 ], [ 9.219221076568843, 41.405760339212328 ], [ 9.22010245423046, 41.405116997812705 ], [ 9.221808812555913, 41.404525992853507 ], [ 9.221837559173373, 41.404516215647085 ], [ 9.222173065102071, 41.404535662176535 ], [ 9.224076416893825, 41.404647194765879 ], [ 9.224761201927103, 41.404880938991809 ], [ 9.225519900947969, 41.405235808460517 ], [ 9.225724952451605, 41.405456277765147 ], [ 9.22654582143967, 41.406446122932138 ], [ 9.229139488837827, 41.409307950357267 ], [ 9.232424026491708, 41.412042983861859 ], [ 9.24203255696143, 41.419363727178705 ], [ 9.2450789260487, 41.42148414593094 ], [ 9.245853647132842, 41.421972860290822 ], [ 9.258531443203461, 41.428206586053875 ], [ 9.25919987104491, 41.428297195097436 ], [ 9.259501798213041, 41.428322138907909 ], [ 9.262276723479207, 41.428425741054276 ], [ 9.264846380334921, 41.428308871730195 ], [ 9.265489647769872, 41.428185066567302 ], [ 9.265958531187897, 41.426983613558633 ], [ 9.26594804195534, 41.426894291240863 ], [ 9.255333938573949, 41.410829484275276 ], [ 9.218940207991473, 41.367974574220185 ], [ 9.210690609987207, 41.36648563868934 ], [ 9.181039780546845, 41.365667765836918 ], [ 9.18086711650597, 41.365724123676308 ], [ 9.178654960882131, 41.369109722040164 ], [ 9.178221106477586, 41.370624436232973 ], [ 9.178166798078729, 41.371805936803717 ], [ 9.178162905273014, 41.37239122116943 ], [ 9.178224983924554, 41.372927166909847 ], [ 9.178112863144747, 41.373609571260587 ], [ 9.174766212547059, 41.37927477266485 ], [ 9.169662945739464, 41.384326144746701 ], [ 9.16763513328856, 41.385494283533511 ], [ 9.167390203443016, 41.385546357411101 ], [ 9.166382091263493, 41.385612500378329 ], [ 9.165421915583511, 41.385576483172599 ], [ 9.164175065517448, 41.385748269370012 ], [ 9.163537211076459, 41.385916107041119 ], [ 9.163093778718812, 41.386215199221212 ], [ 9.162800899304663, 41.386369410976393 ], [ 9.161705136539727, 41.3867112679795 ], [ 9.161031133108247, 41.38656644391267 ], [ 9.160366950310042, 41.386609980889261 ], [ 9.160124064525613, 41.386576398010106 ], [ 9.159881179108414, 41.386542815464793 ], [ 9.159138722380176, 41.386322587098086 ], [ 9.158479950542928, 41.386309504315705 ], [ 9.157817438973108, 41.386264036712582 ], [ 9.15689592674957, 41.386045399420588 ], [ 9.155049832065187, 41.386202329327197 ], [ 9.153776120059273, 41.386555755253781 ], [ 9.153483214714505, 41.386709940154404 ], [ 9.15311605629979, 41.386634976749015 ], [ 9.151475222170095, 41.385878366468177 ], [ 9.150712582817375, 41.385379266613256 ], [ 9.150341442469593, 41.385269679354394 ], [ 9.149592200297691, 41.385093707051539 ], [ 9.149353835363291, 41.385099181244072 ], [ 9.148858187408758, 41.386085649027656 ], [ 9.148747258648871, 41.386677929304987 ], [ 9.149220030649349, 41.387772034878111 ], [ 9.15037614326968, 41.388470406251436 ], [ 9.15373379230487, 41.389087636383771 ], [ 9.154632650826855, 41.388488750277375 ], [ 9.162121360785941, 41.388347941457617 ], [ 9.163950270169314, 41.389282202502088 ], [ 9.152553815021507, 41.390874971614366 ], [ 9.15023885638653, 41.3899734532433 ], [ 9.146032082429127, 41.387692587149289 ], [ 9.144882747530886, 41.386948728401293 ], [ 9.14446091207332, 41.387021316052888 ], [ 9.144179711531644, 41.387173583128337 ], [ 9.13614735620167, 41.391723859553011 ], [ 9.132937208086155, 41.393633377134911 ], [ 9.130144739240974, 41.396785699312964 ], [ 9.132861819829644, 41.398066438170062 ], [ 9.133943197769177, 41.398634874327513 ], [ 9.133926314273445, 41.398981364172045 ], [ 9.133925018502637, 41.398996074033946 ], [ 9.133874408279247, 41.399179384783395 ], [ 9.133332659230954, 41.399664764529071 ], [ 9.133158821401119, 41.399712112518287 ], [ 9.127777415961988, 41.399272319706569 ], [ 9.127594200050316, 41.399238142264736 ], [ 9.110753153628755, 41.396006047328243 ], [ 9.110382899010817, 41.395920606383548 ], [ 9.130151924094948, 41.417987014443796 ], [ 9.069556133568225, 41.445927225499517 ], [ 9.066216875441063, 41.449959751813992 ], [ 9.06640626942449, 41.455185716278642 ], [ 9.067014911106288, 41.456955490952431 ], [ 9.070972505629634, 41.465529328989547 ], [ 9.077387275635592, 41.472243215662658 ], [ 9.079457590399661, 41.47590763652628 ], [ 9.078512565400432, 41.476643808143372 ], [ 9.074183345628981, 41.478345784411395 ], [ 9.06950798628576, 41.475550456250652 ], [ 9.069121130167437, 41.475306544448038 ], [ 9.069032815081975, 41.475174987672737 ], [ 9.068976837902383, 41.47509084638078 ], [ 9.066969135374116, 41.472493291790791 ], [ 9.066154456102108, 41.471645825799335 ], [ 9.064860302772313, 41.471315332175628 ], [ 9.064195765438335, 41.471259213542439 ], [ 9.063571386970116, 41.471030613387917 ], [ 9.06311882421962, 41.470734671607488 ], [ 9.062915171690939, 41.470522798645966 ], [ 9.06287441523086, 41.470165406806913 ], [ 9.062830253006, 41.469673228796609 ], [ 9.062778235536893, 41.468587523828347 ], [ 9.06293603031045, 41.468397332348928 ], [ 9.062920746508118, 41.468263311022284 ], [ 9.062528744039342, 41.467973586663916 ], [ 9.062250431781926, 41.467631524523576 ], [ 9.062041699898582, 41.467374976621265 ], [ 9.061896433581611, 41.467150336608057 ], [ 9.06152481746696, 41.467039303279968 ], [ 9.060851035975377, 41.466901633675839 ], [ 9.059977959006851, 41.46659005560754 ], [ 9.059407815590363, 41.466311811135817 ], [ 9.05921085134076, 41.466053375370109 ], [ 9.059140388398523, 41.465960039943845 ], [ 9.059109840436639, 41.465691996985349 ], [ 9.058056796501692, 41.464220833059883 ], [ 9.057690296620027, 41.46415446062403 ], [ 9.056881497733853, 41.463881468210317 ], [ 9.056231065764292, 41.463199994906269 ], [ 9.056066190936997, 41.463026116267592 ], [ 9.055176003066649, 41.462038331402972 ], [ 9.055113359068407, 41.461908489249303 ], [ 9.055271286658972, 41.461719427477469 ], [ 9.055444096776055, 41.46166103735461 ], [ 9.055339046767415, 41.46126391865257 ], [ 9.054370958181329, 41.460642290260488 ], [ 9.053285142163199, 41.460037241889566 ], [ 9.051416880927754, 41.459284587870563 ], [ 9.051484726867733, 41.459460222347914 ], [ 9.051450769627722, 41.459687416719021 ], [ 9.050505655465434, 41.460423318937586 ], [ 9.04919982124553, 41.461038437757864 ], [ 9.048896234447367, 41.461104114263868 ], [ 9.048000261841048, 41.461115681296576 ], [ 9.04737999233407, 41.460921610268407 ], [ 9.046740543227664, 41.460558891666466 ], [ 9.045197338719282, 41.459613074243869 ], [ 9.044974167954756, 41.459123425724997 ], [ 9.044670599529523, 41.458557949799143 ], [ 9.042771922973943, 41.457144321921696 ], [ 9.038724262676133, 41.45870501722785 ], [ 9.038601023559051, 41.459047396705067 ], [ 9.038657867214152, 41.459547749852746 ], [ 9.039374144510465, 41.461850736193654 ], [ 9.040045164024274, 41.462491599619241 ], [ 9.040648996383752, 41.463172782982021 ], [ 9.040807101319793, 41.46519553987455 ], [ 9.040074231207045, 41.468537888645884 ], [ 9.039529353270421, 41.469112941275398 ], [ 9.039035429059583, 41.469504708838429 ], [ 9.03779201801917, 41.470250663511017 ], [ 9.037043541646577, 41.470613781515027 ], [ 9.036173048754591, 41.4708508563794 ], [ 9.035632279462027, 41.470830480378652 ], [ 9.035315010221943, 41.470670862491851 ], [ 9.030598040046456, 41.468012782007818 ], [ 9.028157370302203, 41.463057406213366 ], [ 9.02798694610747, 41.462843966036196 ], [ 9.013741804912259, 41.468332526694702 ], [ 9.003396235971556, 41.474948868301745 ], [ 9.002674517959406, 41.475445014888614 ], [ 8.989067402041018, 41.480310056090687 ], [ 8.973687796203587, 41.484863051768713 ], [ 8.965659527251141, 41.486836770083912 ], [ 8.829682068944267, 41.538987401099099 ], [ 8.789598882724169, 41.556992786480578 ], [ 8.79712991577308, 41.625671318409914 ], [ 8.83511236976811, 41.623316628299619 ], [ 8.87127268860816, 41.646284183486742 ], [ 8.872845636993215, 41.647092062633973 ], [ 8.874228793265045, 41.648160467816844 ], [ 8.917442938745301, 41.675566540011388 ], [ 8.910659144989548, 41.676984614641377 ], [ 8.917023179221895, 41.682018770800624 ], [ 8.917109891021795, 41.682203476743915 ], [ 8.9171653784054, 41.682323758151405 ], [ 8.917280562051461, 41.683352829533682 ], [ 8.916542846902558, 41.686738861926479 ], [ 8.916412089931969, 41.687287189531048 ], [ 8.916213624940974, 41.687659740332641 ], [ 8.914676198207365, 41.690231896297711 ], [ 8.91445578566689, 41.690515806679841 ], [ 8.913899674384444, 41.69091196499528 ], [ 8.711020186571005, 41.758899524573586 ], [ 8.713160082472282, 41.760452396474662 ], [ 8.713552308026131, 41.760743542050292 ], [ 8.771702771893114, 41.811150937979349 ], [ 8.773074234911823, 41.812795084785222 ], [ 8.773414892456735, 41.813268142678467 ], [ 8.773628619771962, 41.8135712089423 ], [ 8.786588717566971, 41.844667811824678 ], [ 8.804238579100987, 41.864408290892122 ], [ 8.799713223717982, 41.880343216462258 ], [ 8.80353939417251, 41.891294730907205 ], [ 8.803648444444859, 41.891737036568067 ], [ 8.803720836317476, 41.893048140378632 ], [ 8.803547835450212, 41.894319222189729 ], [ 8.803027856610621, 41.896376940569425 ], [ 8.802605597739559, 41.897573348786352 ], [ 8.80181979704585, 41.899297444981158 ], [ 8.80140307530767, 41.899998339916394 ], [ 8.800731388303085, 41.901118947187733 ], [ 8.796845528760317, 41.907516263212933 ], [ 8.796068874327093, 41.908779472184705 ], [ 8.794211258134448, 41.911279572868587 ], [ 8.792173907636412, 41.913790690466193 ], [ 8.790381504700864, 41.915791536363784 ], [ 8.787382129936761, 41.918982896516397 ], [ 8.78622410806415, 41.920179424512462 ], [ 8.784837562181076, 41.921380968747286 ], [ 8.782942653679417, 41.922892797728956 ], [ 8.780740258497927, 41.924459472400855 ], [ 8.779544783440063, 41.925208061026659 ], [ 8.778218717008894, 41.925865609746047 ], [ 8.776179065980036, 41.926611916044664 ], [ 8.753396414850402, 41.93322813510062 ], [ 8.752789548876565, 41.933301221093721 ], [ 8.750019349311481, 41.93332636421912 ], [ 8.746313504224737, 41.933174460444391 ], [ 8.745519512218552, 41.933079990930587 ], [ 8.744585634022485, 41.93272621364693 ], [ 8.740989850171438, 41.931347522078063 ], [ 8.7407955433405, 41.931224327186655 ], [ 8.739971330782222, 41.925449761773621 ], [ 8.740503084241523, 41.918736174960202 ], [ 8.740675458381666, 41.917997568633304 ], [ 8.719850690765426, 41.908066467487302 ], [ 8.718977620212117, 41.90779545807456 ], [ 8.717874869003278, 41.907628425857276 ], [ 8.630111716028871, 41.906147329945867 ], [ 8.615939405307596, 41.921191234217247 ], [ 8.612211754809236, 41.927412423540943 ], [ 8.603574309152226, 41.962689073305462 ], [ 8.738720592136328, 42.026311500412227 ], [ 8.73579739643678, 42.038345526107456 ], [ 8.741737766626605, 42.040829105023285 ], [ 8.741997330218354, 42.040993384573007 ], [ 8.743537638094034, 42.042484318239339 ], [ 8.743647226825697, 42.042602576680515 ], [ 8.744017260443352, 42.043003235281581 ], [ 8.745741518303531, 42.045069339913987 ], [ 8.746089312263706, 42.045597408420818 ], [ 8.746557160282295, 42.046559366857593 ], [ 8.747309504566591, 42.048683542761523 ], [ 8.74745385582559, 42.04944911067404 ], [ 8.747395419651015, 42.050127986975262 ], [ 8.745252128393204, 42.058236307619381 ], [ 8.744934192380954, 42.058780168685338 ], [ 8.744733191682124, 42.059123315307879 ], [ 8.724900484994619, 42.083162539595953 ], [ 8.72100620239704, 42.099162706396143 ], [ 8.711794569673856, 42.099035732813526 ], [ 8.701407799742192, 42.111608585819432 ], [ 8.700750360461718, 42.112233600411898 ], [ 8.700397436985947, 42.112435012187703 ], [ 8.696442715044165, 42.114096564167731 ], [ 8.694190904807369, 42.114628690055262 ], [ 8.691444006007732, 42.115056693843478 ], [ 8.690667101034943, 42.115140703099961 ], [ 8.68999634609658, 42.115088866054002 ], [ 8.689566118602055, 42.115024770101172 ], [ 8.678293057906142, 42.105313150679677 ], [ 8.674869053207436, 42.106851874154465 ], [ 8.674573590861661, 42.106914674854394 ], [ 8.67212250192491, 42.107280489573526 ], [ 8.671937336885948, 42.107245480741049 ], [ 8.66419365646955, 42.10496360582998 ], [ 8.663588547177751, 42.103730388452476 ], [ 8.663070265538499, 42.102852116473954 ], [ 8.662851332552853, 42.102505106616661 ], [ 8.659849768630723, 42.100911576854159 ], [ 8.659554318893939, 42.100974335352106 ], [ 8.659338292013295, 42.101212402919366 ], [ 8.659017214785523, 42.102267133887885 ], [ 8.658635904055343, 42.10522307012198 ], [ 8.658747492666492, 42.106254083053656 ], [ 8.659124034630253, 42.10705197124215 ], [ 8.659162647063866, 42.107408688800909 ], [ 8.658615550611035, 42.108609799996167 ], [ 8.658460042698861, 42.108848736416007 ], [ 8.658294124487737, 42.108991504030001 ], [ 8.653095760417267, 42.113472223070175 ], [ 8.651278953782398, 42.11713549160644 ], [ 8.650431704904696, 42.118359053182601 ], [ 8.649600738061773, 42.119174196890043 ], [ 8.64920425010645, 42.119421931344185 ], [ 8.648793615376928, 42.119538828244387 ], [ 8.648627885410473, 42.119683818996222 ], [ 8.648619552464787, 42.119998334122641 ], [ 8.64847650558311, 42.120101447510145 ], [ 8.648142725510448, 42.120342044219434 ], [ 8.647464316667737, 42.120778864061862 ], [ 8.647471635601539, 42.120958506809018 ], [ 8.647421103085717, 42.121050448373417 ], [ 8.647010333678084, 42.121166219784158 ], [ 8.646479282229871, 42.12128806789088 ], [ 8.645101549911097, 42.12140884308652 ], [ 8.644788891305552, 42.121425313546716 ], [ 8.643242564344161, 42.121104831131994 ], [ 8.642186309608963, 42.120842785131373 ], [ 8.638884074281627, 42.11999591861796 ], [ 8.624646096930306, 42.122484263878476 ], [ 8.624290780250337, 42.122553866195126 ], [ 8.599135120518273, 42.132468330461926 ], [ 8.582341273464948, 42.143759112635884 ], [ 8.582105453420773, 42.159415149420738 ], [ 8.583747179068613, 42.160933208902151 ], [ 8.586833201965295, 42.181162442031784 ], [ 8.586885919490703, 42.181654545862166 ], [ 8.586895384015998, 42.181742900714369 ], [ 8.581802175762366, 42.205861960329798 ], [ 8.581390839508042, 42.206808921047219 ], [ 8.581011079811571, 42.231964597073869 ], [ 8.692876859417105, 42.254000099243733 ], [ 8.713117877511797, 42.262351160422483 ], [ 8.692708449656555, 42.272174354955688 ], [ 8.691779192567429, 42.276958985254694 ], [ 8.691627764018182, 42.277238280446745 ], [ 8.687603872780935, 42.281929347309159 ], [ 8.62812215717026, 42.33842453975965 ], [ 8.611867965277652, 42.348210890274856 ], [ 8.601188575884333, 42.352759511749809 ], [ 8.600660135036247, 42.352925907175695 ], [ 8.596052067130799, 42.353090699868076 ], [ 8.594774718369107, 42.353067236595905 ], [ 8.592616861488448, 42.352871828141105 ], [ 8.592309358510768, 42.352834858026206 ], [ 8.591998128891765, 42.352763209839125 ], [ 8.582191254543675, 42.348380645570487 ], [ 8.582001041222615, 42.347626385180561 ], [ 8.581976068465943, 42.347393709665127 ], [ 8.581298509925807, 42.344813039185063 ], [ 8.581214186853353, 42.344592874834206 ], [ 8.580647715236504, 42.3437257520036 ], [ 8.580206319952374, 42.343571702586637 ], [ 8.5798314198507, 42.343584833917596 ], [ 8.579780706977475, 42.343677886337225 ], [ 8.579843112485339, 42.344259576547088 ], [ 8.579676572458713, 42.344404495784161 ], [ 8.579430516814234, 42.344373995359739 ], [ 8.579275870891744, 42.344276182528631 ], [ 8.579235174614064, 42.344250442230383 ], [ 8.579201694410736, 42.343938343300557 ], [ 8.578815575125549, 42.343733744094507 ], [ 8.578383903961294, 42.343670297023188 ], [ 8.578154012706358, 42.343224574839361 ], [ 8.578151678383486, 42.34308962691005 ], [ 8.57849915585744, 42.342934027781993 ], [ 8.578381253367017, 42.342400643757379 ], [ 8.578200706053712, 42.34173587294984 ], [ 8.577732307674459, 42.340763888585954 ], [ 8.574398041467491, 42.338421059727949 ], [ 8.57426783432895, 42.33833868502991 ], [ 8.565333334104295, 42.333451974610028 ], [ 8.555377084240661, 42.33302715435731 ], [ 8.575560860812605, 42.361495933825104 ], [ 8.575592477771377, 42.361491362319789 ], [ 8.57927131423825, 42.36559790727128 ], [ 8.579289524877169, 42.365618234291937 ] ] ] } },
{ "type": "Feature", "properties": { "code_geog": "66", "libelle_geog": "Pyrénées-Orientales", "area": 4216.18, "x": 2.515, "y": 42.6 }, "geometry": { "type": "Polygon", "coordinates": [ [ [ 2.843429073095686, 42.930067245463626 ], [ 3.03002915315625, 42.848220642339825 ], [ 3.030668212275524, 42.848235579379519 ], [ 3.030653481477266, 42.848198867337381 ], [ 3.030843077290692, 42.844530822441293 ], [ 3.033454905210938, 42.793954352260862 ], [ 3.037284099455919, 42.719648747039635 ], [ 3.035470447948332, 42.666532647121251 ], [ 3.035508130205123, 42.659996605355644 ], [ 3.035953065019582, 42.644975671944536 ], [ 3.036053766734569, 42.642226935449884 ], [ 3.037695310219417, 42.626060129844262 ], [ 3.038032981782507, 42.623812790490298 ], [ 3.044157190807893, 42.585810584920829 ], [ 3.046300063394932, 42.543960135551941 ], [ 3.053746046930455, 42.542184376304256 ], [ 3.056157770013033, 42.538955911011939 ], [ 3.057964217667169, 42.536779576344621 ], [ 3.058564555352633, 42.536236724352889 ], [ 3.060862839614868, 42.535547627071374 ], [ 3.063317316449896, 42.535338944955583 ], [ 3.06554839440223, 42.535470718953093 ], [ 3.065683947214667, 42.535630301396417 ], [ 3.0660413194807, 42.536051017306661 ], [ 3.066769737372127, 42.53604601913807 ], [ 3.069026251052131, 42.535904788932299 ], [ 3.072434272694633, 42.535612998378518 ], [ 3.122937620920097, 42.521807948086895 ], [ 3.142505590599571, 42.515727060139291 ], [ 3.16964538885684, 42.458130622223706 ], [ 3.176710708670774, 42.437349806414574 ], [ 3.174674068592107, 42.435158395831223 ], [ 3.173821215943311, 42.434850866698469 ], [ 3.1321591286799, 42.429324332088704 ], [ 3.078994745071025, 42.429709381534288 ], [ 3.070556428868879, 42.435848320594332 ], [ 3.058640534360037, 42.445510301497748 ], [ 3.048385490978487, 42.456470817365343 ], [ 3.04784704774017, 42.45705805044495 ], [ 3.042397348110246, 42.469602036393425 ], [ 3.041051777443203, 42.473660496083539 ], [ 3.038037243857869, 42.47339956309122 ], [ 3.03271110904437, 42.482282450155139 ], [ 2.936344564451423, 42.473368389489643 ], [ 2.90609106863346, 42.461892409389868 ], [ 2.895508145649392, 42.46096216571253 ], [ 2.815647935051739, 42.439207981131538 ], [ 2.815448106293184, 42.438768336496004 ], [ 2.814325293714634, 42.436349203681075 ], [ 2.803323941346417, 42.422812804851453 ], [ 2.788311476743045, 42.417091374764247 ], [ 2.780640294818653, 42.412721738900167 ], [ 2.778738515415119, 42.412145078165636 ], [ 2.777585910805189, 42.411925415132252 ], [ 2.769152632026129, 42.413405584800337 ], [ 2.765527447697717, 42.416338205647804 ], [ 2.764259908070006, 42.416971793111777 ], [ 2.762264072315435, 42.41742872147681 ], [ 2.761285688314516, 42.417845636152265 ], [ 2.760640974628686, 42.418328548019296 ], [ 2.760622897269157, 42.418342087322266 ], [ 2.760085820741647, 42.419466511466318 ], [ 2.75954709478009, 42.420366484035995 ], [ 2.758930750969925, 42.421740367675994 ], [ 2.758473880051724, 42.422758973833993 ], [ 2.758302511387248, 42.424196181917239 ], [ 2.758182960304717, 42.424421113163781 ], [ 2.75690434118787, 42.425234227771455 ], [ 2.756059082058683, 42.425650570295119 ], [ 2.755574377018855, 42.425652483583157 ], [ 2.747440526591918, 42.425271245716019 ], [ 2.7320631997838, 42.423524957106871 ], [ 2.720080756385197, 42.421952791877352 ], [ 2.719247466862289, 42.421802043556298 ], [ 2.719110226844284, 42.421776725080832 ], [ 2.718099384289738, 42.421457142319127 ], [ 2.717288889132687, 42.421199679654435 ], [ 2.673443493135237, 42.401262514362571 ], [ 2.661359396256169, 42.378128157488788 ], [ 2.662901028732539, 42.370161287039977 ], [ 2.670505053983495, 42.361905120763886 ], [ 2.661970268478167, 42.350209019586217 ], [ 2.498171541309288, 42.33756853317977 ], [ 2.491696964832917, 42.338480782038452 ], [ 2.416458382863938, 42.403770089429237 ], [ 2.310770513878094, 42.424883902615605 ], [ 2.305528475102907, 42.426561283938923 ], [ 2.258434096930567, 42.438335317446558 ], [ 2.25770668634951, 42.438469449053812 ], [ 2.154856619241341, 42.421562156996899 ], [ 2.150641736081027, 42.420754646975162 ], [ 2.133798329683625, 42.414323391285492 ], [ 2.129503921720268, 42.41247455680287 ], [ 2.126231026471523, 42.409631023825021 ], [ 2.115530955088796, 42.394490259358108 ], [ 2.11523504869993, 42.392685081491713 ], [ 2.115248218176974, 42.389228625314288 ], [ 2.115250133085558, 42.388725868620988 ], [ 2.115685246463748, 42.385765212555171 ], [ 2.116357604706049, 42.38409449686214 ], [ 2.090799147636545, 42.369966275186854 ], [ 2.016559205809924, 42.349090931222293 ], [ 1.999049901696276, 42.356065280814512 ], [ 1.922563103225658, 42.455246538011671 ], [ 1.777465370256403, 42.481397670784304 ], [ 1.731325339003464, 42.492734353680326 ], [ 1.731078031951271, 42.493181898588716 ], [ 1.727413863032204, 42.501305020182869 ], [ 1.726479736395365, 42.503598331604323 ], [ 1.725808841692618, 42.515474062554816 ], [ 1.734328801361665, 42.546014978167257 ], [ 1.773387522860343, 42.570002146521595 ], [ 1.786780215968887, 42.573617945196609 ], [ 1.78367955582862, 42.576317219460243 ], [ 1.786681303072868, 42.578158619921794 ], [ 1.78651934238489, 42.578315919665137 ], [ 1.965719455454602, 42.626473095466643 ], [ 1.971973946249684, 42.655005793003141 ], [ 2.184295582873444, 42.698286981074084 ], [ 2.35824469233278, 42.722154794570883 ], [ 2.313084797792786, 42.831455628471787 ], [ 2.739248745308595, 42.830701453640266 ], [ 2.778424327858352, 42.887579073243693 ], [ 2.843429073095686, 42.930067245463626 ] ] ] } },
{ "type": "Feature", "properties": { "code_geog": "2B", "libelle_geog": "Haute-Corse", "area": 4637.285, "x": 9.21, "y": 42.386 }, "geometry": { "type": "Polygon", "coordinates": [ [ [ 9.452542294260049, 42.986514855260928 ], [ 9.468603148154614, 42.928560494912524 ], [ 9.493134225917148, 42.807036985389992 ], [ 9.493200246683752, 42.806581590282029 ], [ 9.493178865820656, 42.805816402258884 ], [ 9.491672520076936, 42.794257149464507 ], [ 9.481772037625188, 42.780554117202662 ], [ 9.474351950221607, 42.772522694688377 ], [ 9.472519507231995, 42.770372924220283 ], [ 9.469942904845551, 42.766557258768756 ], [ 9.467107443021932, 42.760542634533493 ], [ 9.446848979061272, 42.686635247557398 ], [ 9.44677750879419, 42.686053889737849 ], [ 9.446584597850308, 42.674542446180595 ], [ 9.446579518635614, 42.673506908979867 ], [ 9.446734962408748, 42.672683809370255 ], [ 9.447763501727136, 42.667805299879319 ], [ 9.447987083130014, 42.666965240194841 ], [ 9.448208715387398, 42.666183924141102 ], [ 9.448612235551945, 42.664894473288733 ], [ 9.448744531748899, 42.664479833291644 ], [ 9.449611219330292, 42.662113349774359 ], [ 9.450483977549304, 42.659995558286809 ], [ 9.4530753139341, 42.65508927489055 ], [ 9.449676674540799, 42.646419298850063 ], [ 9.513099945349158, 42.586983591207954 ], [ 9.514784643462351, 42.585216193018773 ], [ 9.515968943996754, 42.583745119110539 ], [ 9.516601019761634, 42.582938116999514 ], [ 9.519985726282487, 42.578254385164783 ], [ 9.52606397660719, 42.568933418234586 ], [ 9.527290115455667, 42.56682139328349 ], [ 9.52769188293156, 42.566028807102597 ], [ 9.533163115590936, 42.547026905453578 ], [ 9.53371694478043, 42.545005535075077 ], [ 9.534238795476643, 42.542039539809501 ], [ 9.550185588799337, 42.294695045220188 ], [ 9.54707240263496, 42.100544005706475 ], [ 9.49873089434467, 42.049814036232235 ], [ 9.434520690875514, 41.982219214638057 ], [ 9.430032447523287, 41.977483398758324 ], [ 9.424640719604582, 41.97145017146763 ], [ 9.421513945310016, 41.967264239914527 ], [ 9.420131920604844, 41.965222096643558 ], [ 9.418963130017016, 41.963444875310358 ], [ 9.417288770212974, 41.960880712245633 ], [ 9.415963877831384, 41.958709687840994 ], [ 9.414991143208958, 41.957054383573947 ], [ 9.414165341594474, 41.955615545373462 ], [ 9.413832678112678, 41.954860873581275 ], [ 9.413321377055475, 41.9535022010623 ], [ 9.41295435504478, 41.952388330745556 ], [ 9.397986316689989, 41.878053558304693 ], [ 9.397404429442853, 41.874525288264266 ], [ 9.397388677580556, 41.874085248662169 ], [ 9.31497637791959, 41.82698939269266 ], [ 9.221400728544095, 41.847534797182618 ], [ 9.221399433568143, 41.847557194230056 ], [ 9.221387711292136, 41.847559761381213 ], [ 9.210795147395835, 42.030122464136248 ], [ 9.140708604159336, 42.034680177726578 ], [ 9.140702217412727, 42.034704703663714 ], [ 9.140695511298564, 42.034705137399271 ], [ 9.122931423077256, 42.102847707414057 ], [ 9.078820451819974, 42.110467437835084 ], [ 9.078811544295899, 42.110491663353351 ], [ 9.07880731590409, 42.110492392875415 ], [ 9.044513375227979, 42.203614903352154 ], [ 8.860694755784126, 42.28694237736832 ], [ 8.860690127785993, 42.286963404849857 ], [ 8.852145379832786, 42.325763657506869 ], [ 8.852137330849626, 42.325764843598876 ], [ 8.852132097929388, 42.325788590255122 ], [ 8.579289524877169, 42.365618234291937 ], [ 8.590220223277024, 42.3778156974236 ], [ 8.609260940660594, 42.38630673476159 ], [ 8.609526495846723, 42.386516151646639 ], [ 8.609639231977862, 42.386744762071999 ], [ 8.609682081361482, 42.38683228578607 ], [ 8.608781229333735, 42.391207679539697 ], [ 8.608279857109215, 42.393543064634223 ], [ 8.607196931209598, 42.396747825231522 ], [ 8.612248175167123, 42.402378063304646 ], [ 8.658196991629559, 42.409215970142775 ], [ 8.674146282412158, 42.453565954140998 ], [ 8.680244601765276, 42.46804186274111 ], [ 8.680242942990413, 42.468583563994699 ], [ 8.68008007389064, 42.469988421123425 ], [ 8.680068103138396, 42.470015440515446 ], [ 8.695309106536298, 42.512308616190765 ], [ 8.705960785606621, 42.524470971176044 ], [ 8.706916800060368, 42.523309283918913 ], [ 8.707139359075724, 42.523117989809286 ], [ 8.707565070016139, 42.523002323913637 ], [ 8.708281136685684, 42.522869206688299 ], [ 8.709073417991236, 42.522875644389913 ], [ 8.710308798631203, 42.523035615529714 ], [ 8.718751113677804, 42.524500710833927 ], [ 8.719689016589323, 42.524723525910815 ], [ 8.720073123996521, 42.52485242575105 ], [ 8.720258065024966, 42.524914488159702 ], [ 8.720465145469497, 42.525136250622282 ], [ 8.720610748958309, 42.525352706366711 ], [ 8.720599493904208, 42.525803826520793 ], [ 8.720337677428779, 42.5268556090709 ], [ 8.719990738281309, 42.527687294237182 ], [ 8.719258450031996, 42.528226864346514 ], [ 8.718541112516059, 42.528348868122755 ], [ 8.714822709097572, 42.530863098341541 ], [ 8.713155045752927, 42.532682165577832 ], [ 8.737771526917962, 42.560757604296519 ], [ 8.75996531247139, 42.559080907498355 ], [ 8.760854532240469, 42.558500003656661 ], [ 8.76139517943913, 42.558224003360159 ], [ 8.762942377019154, 42.557436552337897 ], [ 8.764573543603484, 42.556761113309349 ], [ 8.767252793459512, 42.55597706839356 ], [ 8.769054671104428, 42.55574281323883 ], [ 8.770573540429043, 42.555703633096932 ], [ 8.772966707902876, 42.555746530239986 ], [ 8.777130093727649, 42.555928550200854 ], [ 8.778981395386552, 42.556139356359594 ], [ 8.781465072146549, 42.556447985007999 ], [ 8.783341403803238, 42.556883566590507 ], [ 8.78821725201021, 42.558100782914707 ], [ 8.788258459067714, 42.558115170295245 ], [ 8.788725208151282, 42.558284998690773 ], [ 8.789296803306181, 42.558493496406115 ], [ 8.792478764634652, 42.560256164402681 ], [ 8.793908827931638, 42.561169224787271 ], [ 8.804131557434918, 42.569124028931832 ], [ 8.804475158421692, 42.569472496328373 ], [ 8.805223160206349, 42.57082345801139 ], [ 8.80554406550444, 42.571623811944228 ], [ 8.805538454049078, 42.572119710289542 ], [ 8.805468946284673, 42.573790818297709 ], [ 8.805385073995529, 42.57478704527955 ], [ 8.805322792013557, 42.575430561367909 ], [ 8.805130191609836, 42.576435670972231 ], [ 8.823015647501256, 42.598242868362114 ], [ 8.828066006300988, 42.600024810829943 ], [ 9.019162420043003, 42.636678998800861 ], [ 9.073362372316589, 42.647004501742153 ], [ 9.06434971524178, 42.681104076669769 ], [ 9.134931488951702, 42.729308266787086 ], [ 9.238110313866038, 42.722661946654476 ], [ 9.27954445406783, 42.686180385466535 ], [ 9.279278045123911, 42.684237596942019 ], [ 9.279357596321132, 42.683780481483083 ], [ 9.284067882859906, 42.677215637833676 ], [ 9.284820898345016, 42.676262562668427 ], [ 9.285613108727155, 42.675635993519123 ], [ 9.287159536433158, 42.674677209191586 ], [ 9.287391370087494, 42.674573011058911 ], [ 9.287861213523163, 42.674416049576067 ], [ 9.292547901312251, 42.674172414454375 ], [ 9.293139211478358, 42.674197371229731 ], [ 9.29685813131519, 42.670918212049813 ], [ 9.309446846953131, 42.684853528612734 ], [ 9.314961963202562, 42.689220073704547 ], [ 9.315841563669327, 42.689926432068368 ], [ 9.323226636388693, 42.696935977175734 ], [ 9.328183587244693, 42.705579736930972 ], [ 9.341835216765467, 42.720669774053299 ], [ 9.341854574753983, 42.729404583000957 ], [ 9.34383510096202, 42.732854386005179 ], [ 9.345503393479571, 42.736324167317093 ], [ 9.345535939368757, 42.736592531570992 ], [ 9.346032174320216, 42.743205353897679 ], [ 9.342958084854212, 42.794734001075028 ], [ 9.342706370990335, 42.795787577734139 ], [ 9.342322186602244, 42.796758570545947 ], [ 9.342005579198108, 42.797457766217541 ], [ 9.342276497259515, 42.919162984683162 ], [ 9.363012706721888, 42.992443703457603 ], [ 9.452542294260049, 42.986514855260928 ] ] ] } },
{ "type": "Feature", "properties": { "code_geog": "09", "libelle_geog": "Ariège", "area": 4915.125, "x": 1.497, "y": 42.933 }, "geometry": { "type": "Polygon", "coordinates": [ [ [ 1.688210580273478, 43.276329566172848 ], [ 1.715215222755467, 43.186155114486148 ], [ 1.884582277090521, 43.129953934778001 ], [ 1.956007941665751, 43.125477760490817 ], [ 1.9894624312062, 42.95921795068373 ], [ 1.99006260431266, 42.85941021511298 ], [ 1.854481066310562, 42.849376952857483 ], [ 1.952124279304242, 42.73571689926716 ], [ 2.080989539015735, 42.750360914569868 ], [ 2.184295582873444, 42.698286981074084 ], [ 1.971973946249684, 42.655005793003141 ], [ 1.965719455454602, 42.626473095466643 ], [ 1.78651934238489, 42.578315919665137 ], [ 1.747725237202423, 42.615962566965862 ], [ 1.534794073102545, 42.66208944669701 ], [ 1.483874928393303, 42.657930910040342 ], [ 1.335939897926978, 42.7240388620001 ], [ 1.334839107566091, 42.724297968384619 ], [ 1.247527801322066, 42.722758494386319 ], [ 1.179953497769458, 42.713261875769291 ], [ 1.13756865491055, 42.74449637689608 ], [ 1.139963300043532, 42.762939031823628 ], [ 1.10076636529478, 42.786255279772732 ], [ 1.071308353033438, 42.785231259193743 ], [ 0.853803555124842, 42.831150003864011 ], [ 0.876185257675998, 42.964071132951929 ], [ 1.008683097848708, 43.113175834450409 ], [ 1.105188819212429, 43.152362101799177 ], [ 1.273377448457438, 43.18744193249556 ], [ 1.473417065977725, 43.279574628762653 ], [ 1.688210580273478, 43.276329566172848 ] ] ] } },
{ "type": "Feature", "properties": { "code_geog": "11", "libelle_geog": "Aude", "area": 6140.503, "x": 2.413, "y": 43.101 }, "geometry": { "type": "Polygon", "coordinates": [ [ [ 2.554206938007654, 43.420710615859761 ], [ 2.540872016438673, 43.339904776238654 ], [ 2.638236753050884, 43.273110801072875 ], [ 2.774839288325883, 43.267887478295314 ], [ 2.840440178940441, 43.329411459349338 ], [ 2.996203221153614, 43.281023863337808 ], [ 3.236003164620975, 43.21747564637171 ], [ 3.236498266749023, 43.217363285277123 ], [ 3.164306963314062, 43.160988582252365 ], [ 3.111357852149795, 43.093654850704461 ], [ 3.10779211804075, 43.089160391565841 ], [ 3.107560807857022, 43.088819365228325 ], [ 3.104848649494929, 43.085364899724745 ], [ 3.103077116734227, 43.082208057068243 ], [ 3.086021225217987, 43.057043530197255 ], [ 3.077814575625775, 43.043820673576249 ], [ 3.074427177662264, 43.037537131537057 ], [ 3.07141654975679, 43.031933734692466 ], [ 3.066204721924346, 43.021664603674623 ], [ 3.063735923804867, 43.016183171965721 ], [ 3.057414136171698, 43.000710872992428 ], [ 3.02532620337866, 42.943295793853025 ], [ 3.040985759282365, 42.929236647485205 ], [ 3.050035673865165, 42.896460419923542 ], [ 3.030668212275524, 42.848235579379519 ], [ 3.03002915315625, 42.848220642339825 ], [ 2.843429073095686, 42.930067245463626 ], [ 2.778424327858352, 42.887579073243693 ], [ 2.739248745308595, 42.830701453640266 ], [ 2.313084797792786, 42.831455628471787 ], [ 2.35824469233278, 42.722154794570883 ], [ 2.184295582873444, 42.698286981074084 ], [ 2.080989539015735, 42.750360914569868 ], [ 1.952124279304242, 42.73571689926716 ], [ 1.854481066310562, 42.849376952857483 ], [ 1.99006260431266, 42.85941021511298 ], [ 1.9894624312062, 42.95921795068373 ], [ 1.956007941665751, 43.125477760490817 ], [ 1.884582277090521, 43.129953934778001 ], [ 1.715215222755467, 43.186155114486148 ], [ 1.688210580273478, 43.276329566172848 ], [ 1.804716444975249, 43.34353551104445 ], [ 1.90848955232857, 43.405812270998041 ], [ 2.032276448013604, 43.430008487464818 ], [ 2.07812035608559, 43.392088261872104 ], [ 2.221564649279905, 43.392337606317298 ], [ 2.254070293467964, 43.458938664820323 ], [ 2.554206938007654, 43.420710615859761 ] ] ] } },
{ "type": "Feature", "properties": { "code_geog": "64", "libelle_geog": "Pyrénées-Atlantiques", "area": 7656.566, "x": -0.76, "y": 43.255 }, "geometry": { "type": "Polygon", "coordinates": [ [ [ -0.028979819351036, 43.409231033846261 ], [ 0.02662575602524, 43.324813365742209 ], [ -0.135243237664795, 43.149977825242672 ], [ -0.259881599053144, 43.032882760523172 ], [ -0.332312629010009, 42.916960641188645 ], [ -0.316113541456279, 42.846032267590374 ], [ -0.316056194762364, 42.845488814474209 ], [ -0.316733303834912, 42.84495568838603 ], [ -0.346780411816041, 42.835938081519515 ], [ -0.35054901536458, 42.834000868394 ], [ -0.354283186711644, 42.831066800276204 ], [ -0.355040377706291, 42.830283787913835 ], [ -0.36310424371825, 42.817848465383648 ], [ -0.367215198033312, 42.813870890683461 ], [ -0.379724593214773, 42.803426382387833 ], [ -0.401911369475618, 42.798355043501964 ], [ -0.439876538264624, 42.795476833482439 ], [ -0.56907079615913, 42.790533758533705 ], [ -0.571402391625397, 42.791795194189 ], [ -0.726949375667634, 42.917498517643274 ], [ -0.80922825153109, 42.951463773086132 ], [ -1.024047877439394, 42.996684803930656 ], [ -1.305729531955905, 43.0737651128998 ], [ -1.348334881376581, 43.029478615252955 ], [ -1.360003488089479, 43.029687033642681 ], [ -1.437475267161781, 43.045590113062097 ], [ -1.440406162810174, 43.046341201626696 ], [ -1.458308631133962, 43.066242331808624 ], [ -1.463271856402071, 43.071930782302893 ], [ -1.46811699978547, 43.077488341863479 ], [ -1.469982212496663, 43.079904597897063 ], [ -1.470922184723392, 43.081130444811357 ], [ -1.471369565994342, 43.082328825648062 ], [ -1.472292473161052, 43.086262684167295 ], [ -1.472389316165458, 43.086798924574168 ], [ -1.470053761650068, 43.091748098440078 ], [ -1.469247149295809, 43.092541309958435 ], [ -1.464233403810276, 43.096901857508755 ], [ -1.463417750551388, 43.097560422727781 ], [ -1.462345331036273, 43.09804818898818 ], [ -1.460884411799668, 43.098414792413102 ], [ -1.458930800476037, 43.09864479467798 ], [ -1.457717843919184, 43.098787820437067 ], [ -1.45668546072473, 43.099139189312154 ], [ -1.452803241911757, 43.100760686454137 ], [ -1.451840293371932, 43.101235478393249 ], [ -1.439894022820544, 43.107728594721351 ], [ -1.413971180940777, 43.127923536964154 ], [ -1.413344142653959, 43.128665052750243 ], [ -1.385709502573218, 43.194049394172886 ], [ -1.376979302469804, 43.230161831504908 ], [ -1.377771400309068, 43.235180851913569 ], [ -1.381752610244675, 43.252659826189429 ], [ -1.376271596613034, 43.261719138088637 ], [ -1.399387782751118, 43.266911272250816 ], [ -1.404306676113278, 43.270476454090648 ], [ -1.412391788671966, 43.273451189393818 ], [ -1.413362678866135, 43.273237395661852 ], [ -1.414272147182003, 43.273025736982511 ], [ -1.415658241805911, 43.272572531433802 ], [ -1.417710659033661, 43.271022600988573 ], [ -1.503081030814315, 43.290129500202859 ], [ -1.504944585421627, 43.293227897531821 ], [ -1.508911987463746, 43.291431614118714 ], [ -1.5415913692008, 43.298722348220302 ], [ -1.553136760896858, 43.271391035836793 ], [ -1.563919272702198, 43.266500084171675 ], [ -1.626392441708077, 43.277997404512519 ], [ -1.626384527360546, 43.29444457723919 ], [ -1.724102240276916, 43.298575911413671 ], [ -1.732002187974241, 43.301108159415634 ], [ -1.771603632377298, 43.337903943371856 ], [ -1.777519263964925, 43.345005810543775 ], [ -1.784625175791576, 43.353533944642699 ], [ -1.784592153233144, 43.353716321350284 ], [ -1.784177720699639, 43.354812032539719 ], [ -1.78336914263128, 43.355742863340105 ], [ -1.771376776700187, 43.369069454084155 ], [ -1.757470090951036, 43.380070446919355 ], [ -1.743295431511763, 43.383833532360448 ], [ -1.683854024984973, 43.393988496469653 ], [ -1.68378304120744, 43.393856171913583 ], [ -1.680637617951364, 43.390082934223621 ], [ -1.679590495908225, 43.389544987305158 ], [ -1.668942357200737, 43.388074558149704 ], [ -1.666930795791401, 43.388419329824174 ], [ -1.665728478325039, 43.38886895448924 ], [ -1.664701555166523, 43.389357036903284 ], [ -1.661796554878745, 43.391219615218212 ], [ -1.627994131701483, 43.413543194836535 ], [ -1.608911588898813, 43.426778304540861 ], [ -1.60370663499722, 43.430433093431013 ], [ -1.601881243920438, 43.431894553605247 ], [ -1.596564778864376, 43.43753265151058 ], [ -1.550500071274399, 43.493741857887997 ], [ -1.548997990731589, 43.494371876754272 ], [ -1.548584771709768, 43.494656712183939 ], [ -1.547243006087512, 43.496009793051272 ], [ -1.533658119846772, 43.513693870395507 ], [ -1.526812683028309, 43.522712613556493 ], [ -1.518463802969645, 43.534328363938513 ], [ -1.418277043240952, 43.493526179809429 ], [ -1.300830210762133, 43.4975505562062 ], [ -1.186294694506381, 43.548954108025249 ], [ -0.994089437245344, 43.50745620518078 ], [ -0.820191676152219, 43.555517850974134 ], [ -0.597047921332926, 43.54277325079677 ], [ -0.335701001816127, 43.549556897740402 ], [ -0.259446437295907, 43.59899930471488 ], [ -0.105700646336177, 43.605607450078288 ], [ -0.028979819351036, 43.409231033846261 ] ] ] } },
{ "type": "Feature", "properties": { "code_geog": "65", "libelle_geog": "Hautes-Pyrénées", "area": 4500.145, "x": 0.155, "y": 43.063 }, "geometry": { "type": "Polygon", "coordinates": [ [ [ 0.136879882947488, 43.507884460120962 ], [ 0.181261476306047, 43.370830413505736 ], [ 0.311238408334825, 43.382866750112797 ], [ 0.613480080648434, 43.307275264661023 ], [ 0.449725566545101, 43.138081757555241 ], [ 0.450504589935817, 43.114319760455864 ], [ 0.555914631424573, 43.063818096424143 ], [ 0.63677890052735, 42.960534508353604 ], [ 0.477639680061643, 42.877064678596625 ], [ 0.449991690665114, 42.733967505124426 ], [ 0.44997091457616, 42.733830029280604 ], [ 0.328934575585808, 42.712718825812061 ], [ 0.251467666245311, 42.715984043924784 ], [ 0.24009299129686, 42.715424681540384 ], [ 0.131599131417761, 42.714847756406328 ], [ 0.129906609329724, 42.714183794313598 ], [ 0.116791208147647, 42.710856554136569 ], [ 0.107460713284003, 42.708811942458759 ], [ 0.090617622090411, 42.707960267249632 ], [ -0.036322411090495, 42.688825531597999 ], [ -0.055967134994497, 42.692164969505953 ], [ -0.056647488792198, 42.692419227378643 ], [ -0.059064762331301, 42.693443059996767 ], [ -0.060813234491175, 42.694490884872273 ], [ -0.061567482241883, 42.695057922775121 ], [ -0.078196118920875, 42.709025868809881 ], [ -0.151327842066195, 42.788165963067705 ], [ -0.210463990388524, 42.809067986583287 ], [ -0.275926040988737, 42.835494209782382 ], [ -0.281691517088416, 42.837428923658905 ], [ -0.310126496456996, 42.846936994766651 ], [ -0.314347046511486, 42.845671362024802 ], [ -0.315368249731177, 42.846030459489981 ], [ -0.316056194762364, 42.845488814474209 ], [ -0.316113541456279, 42.846032267590374 ], [ -0.332312629010009, 42.916960641188645 ], [ -0.259881599053144, 43.032882760523172 ], [ -0.135243237664795, 43.149977825242672 ], [ 0.02662575602524, 43.324813365742209 ], [ -0.028979819351036, 43.409231033846261 ], [ -0.105700646336177, 43.605607450078288 ], [ -0.017628762531265, 43.609294034963604 ], [ 0.136879882947488, 43.507884460120962 ] ] ] } },
{ "type": "Feature", "properties": { "code_geog": "83", "libelle_geog": "Var", "area": 5941.885, "x": 6.241, "y": 43.452 }, "geometry": { "type": "Polygon", "coordinates": [ [ [ 6.651729904865872, 43.748858600719316 ], [ 6.755801337795128, 43.735135851983976 ], [ 6.762624846237166, 43.653875472592134 ], [ 6.896528523936027, 43.605438100142422 ], [ 6.905866534643361, 43.476429034890515 ], [ 6.906246990859942, 43.476247552956117 ], [ 6.870614533849905, 43.424213526864193 ], [ 6.833488747244814, 43.417200103776032 ], [ 6.819231106911925, 43.415832082723568 ], [ 6.815065709081402, 43.415462573689467 ], [ 6.745132323012852, 43.421198057821059 ], [ 6.725367378999584, 43.374759762219774 ], [ 6.713583990310686, 43.366974554911742 ], [ 6.585702557865074, 43.279478827818856 ], [ 6.584664641438851, 43.277936058706537 ], [ 6.584369231723049, 43.277272821746536 ], [ 6.582534441494069, 43.267788616917443 ], [ 6.582507889939793, 43.267429716788001 ], [ 6.583256136751941, 43.266725244182709 ], [ 6.586568136465204, 43.263894682969855 ], [ 6.586742322314354, 43.263752812527265 ], [ 6.59251579411352, 43.262408452804749 ], [ 6.593853549863465, 43.262184481898835 ], [ 6.594651509953769, 43.262152864102589 ], [ 6.620007210101869, 43.26402472992816 ], [ 6.657190876326354, 43.267431571609052 ], [ 6.669914664125378, 43.270410950018437 ], [ 6.669689021311241, 43.271499966185779 ], [ 6.669627487659086, 43.275741132856467 ], [ 6.669651199659815, 43.27605515397341 ], [ 6.67156068780253, 43.276876962093745 ], [ 6.675541200555163, 43.278211357931724 ], [ 6.676298978071143, 43.278459744798546 ], [ 6.678174783082807, 43.278833957678991 ], [ 6.678539762613384, 43.278774216361725 ], [ 6.683337315614505, 43.275752190328589 ], [ 6.678325657742421, 43.263923185785103 ], [ 6.670604044533063, 43.245688110884508 ], [ 6.670332626383195, 43.245695747569634 ], [ 6.669871997853348, 43.245708705636872 ], [ 6.669057466438629, 43.245517708271059 ], [ 6.667510362308045, 43.24459019581942 ], [ 6.666962279716333, 43.244045349846203 ], [ 6.666587187052301, 43.243672385181434 ], [ 6.665980015173242, 43.243068048502295 ], [ 6.66492445442737, 43.24131190197312 ], [ 6.664347633534875, 43.239211371415266 ], [ 6.664072200965459, 43.238006475454512 ], [ 6.663819101852992, 43.236117881992975 ], [ 6.663298485191873, 43.231495381653218 ], [ 6.663203850416176, 43.230239340688939 ], [ 6.663025367168923, 43.227779074180688 ], [ 6.64216976876988, 43.178436587112571 ], [ 6.636026418063484, 43.172471246331426 ], [ 6.622652620285455, 43.164413044276806 ], [ 6.602905505980105, 43.181216839253779 ], [ 6.534578977908415, 43.172745294118933 ], [ 6.26273482662908, 43.121062433167509 ], [ 6.114500617642133, 43.083617754141144 ], [ 6.051765791229264, 43.078903494427614 ], [ 6.032632471759371, 43.077469540216477 ], [ 6.031943498185127, 43.077439338421996 ], [ 6.023201020071766, 43.078091244135138 ], [ 6.022043882854942, 43.078222113265625 ], [ 6.021752199442137, 43.078456994777447 ], [ 6.018711972264103, 43.080988758191438 ], [ 6.018423129269098, 43.081268501874902 ], [ 6.018022568130827, 43.081911843394479 ], [ 6.017718400527332, 43.08291163164288 ], [ 6.017767165149115, 43.083674447294086 ], [ 6.025171071476096, 43.091226721748747 ], [ 6.02531651394815, 43.091581480758904 ], [ 6.025342387967568, 43.091985325419536 ], [ 6.024918721212474, 43.093034229868472 ], [ 6.024529647647327, 43.093857089188688 ], [ 6.024255140174628, 43.094361211611663 ], [ 6.023974878375186, 43.094775588933395 ], [ 6.018065957318317, 43.098711265270722 ], [ 6.011682537160993, 43.101763459396537 ], [ 6.007365961174334, 43.103746157686416 ], [ 6.006765046767982, 43.103946615341322 ], [ 5.921390692851408, 43.123869579467083 ], [ 5.921145652103968, 43.123877771011855 ], [ 5.897901992611928, 43.116774529426586 ], [ 5.890349308459887, 43.119610904871955 ], [ 5.879737652748592, 43.102460441101357 ], [ 5.847108607060258, 43.049656702400469 ], [ 5.818005843668189, 43.058762081048776 ], [ 5.804232156504901, 43.076641191757673 ], [ 5.810902461042969, 43.098556820158159 ], [ 5.814412409670984, 43.107094373957416 ], [ 5.814017523363121, 43.107871599673622 ], [ 5.811919560330087, 43.111950568117948 ], [ 5.811696296767337, 43.112318655661831 ], [ 5.809374697010628, 43.114730972581249 ], [ 5.777285157311852, 43.136440578102516 ], [ 5.687254945102606, 43.179650704940954 ], [ 5.68603704009865, 43.180048436319176 ], [ 5.675125055890832, 43.182649911531698 ], [ 5.695493895140611, 43.240104822339688 ], [ 5.756789784964598, 43.285760743699797 ], [ 5.698445991485308, 43.401818230924157 ], [ 5.720738521143681, 43.558188978266088 ], [ 5.757680973406959, 43.737921202601832 ], [ 5.778486528149489, 43.756304556913335 ], [ 5.923300234995795, 43.761130829162717 ], [ 6.050273096939677, 43.723850355481552 ], [ 6.230548807504709, 43.774066908926386 ], [ 6.401385316145323, 43.739489579257004 ], [ 6.418572878563855, 43.795996768884329 ], [ 6.622188923015961, 43.792903330165231 ], [ 6.651729904865872, 43.748858600719316 ] ] ] } },
{ "type": "Feature", "properties": { "code_geog": "31", "libelle_geog": "Haute-Garonne", "area": 6321.544, "x": 1.184, "y": 43.364 }, "geometry": { "type": "Polygon", "coordinates": [ [ [ 1.736135627421576, 43.671303109804683 ], [ 1.854955754695314, 43.567268960006558 ], [ 1.97322414802101, 43.482132912021484 ], [ 2.025519415947771, 43.472785569018541 ], [ 2.032276448013604, 43.430008487464818 ], [ 1.90848955232857, 43.405812270998041 ], [ 1.804716444975249, 43.34353551104445 ], [ 1.688210580273478, 43.276329566172848 ], [ 1.473417065977725, 43.279574628762653 ], [ 1.273377448457438, 43.18744193249556 ], [ 1.105188819212429, 43.152362101799177 ], [ 1.008683097848708, 43.113175834450409 ], [ 0.876185257675998, 42.964071132951929 ], [ 0.853803555124842, 42.831150003864011 ], [ 0.709082960663048, 42.861418470783761 ], [ 0.708598493935698, 42.861276322353334 ], [ 0.706600955294696, 42.860550905787079 ], [ 0.679041123226586, 42.866099682130105 ], [ 0.67212707054432, 42.846331297808305 ], [ 0.664763740979825, 42.842083668542607 ], [ 0.663085313258124, 42.841024193581852 ], [ 0.662127767465636, 42.840379165517504 ], [ 0.659727304641468, 42.838543536988297 ], [ 0.659492390724052, 42.838225402262026 ], [ 0.659323697014435, 42.837728626077016 ], [ 0.64642606264834, 42.782840265901321 ], [ 0.646584849804585, 42.773184113893421 ], [ 0.637319540423109, 42.746604405119008 ], [ 0.663868351905229, 42.743125819627963 ], [ 0.664078671240542, 42.742999755566956 ], [ 0.669908614905171, 42.734655875012585 ], [ 0.671053358278139, 42.694852146128326 ], [ 0.450708198215088, 42.733958162092044 ], [ 0.44997091457616, 42.733830029280604 ], [ 0.449991690665114, 42.733967505124426 ], [ 0.477639680061643, 42.877064678596625 ], [ 0.63677890052735, 42.960534508353604 ], [ 0.555914631424573, 43.063818096424143 ], [ 0.450504589935817, 43.114319760455864 ], [ 0.449725566545101, 43.138081757555241 ], [ 0.613480080648434, 43.307275264661023 ], [ 0.747014426285781, 43.4234709751439 ], [ 0.990036739734034, 43.355445913151314 ], [ 1.070744667177236, 43.537144631874988 ], [ 1.200331855189489, 43.595658968657283 ], [ 1.007721120367997, 43.717133097276921 ], [ 0.946974304043225, 43.787725735329985 ], [ 1.199746447936293, 43.77909933281596 ], [ 1.347193623413194, 43.806386601698541 ], [ 1.555847917187982, 43.917497196025529 ], [ 1.736135627421576, 43.671303109804683 ] ] ] } },
{ "type": "Feature", "properties": { "code_geog": "13", "libelle_geog": "Bouches-du-Rhône", "area": 5090.819, "x": 5.098, "y": 43.546 }, "geometry": { "type": "Polygon", "coordinates": [ [ [ 4.865760423674301, 43.905169851120206 ], [ 5.033109990603801, 43.824996252973612 ], [ 5.031533844872781, 43.791721449035286 ], [ 5.233489607083611, 43.757959276315447 ], [ 5.426592711487288, 43.685988382072807 ], [ 5.615395321229935, 43.661395663941882 ], [ 5.716103712590527, 43.701139869567186 ], [ 5.757680973406959, 43.737921202601832 ], [ 5.720738521143681, 43.558188978266088 ], [ 5.698445991485308, 43.401818230924157 ], [ 5.756789784964598, 43.285760743699797 ], [ 5.695493895140611, 43.240104822339688 ], [ 5.675125055890832, 43.182649911531698 ], [ 5.65105484054702, 43.188383649088131 ], [ 5.643020187908281, 43.189070911151369 ], [ 5.631707941894626, 43.190430148655764 ], [ 5.519272121990419, 43.221666365522033 ], [ 5.390198830665296, 43.212871697573995 ], [ 5.364599410870379, 43.314076900425135 ], [ 5.361392303769515, 43.320487814934708 ], [ 5.343500973517472, 43.343205647792253 ], [ 5.3271242367169, 43.355768306123288 ], [ 5.324398872078646, 43.356914104461659 ], [ 5.314738052726101, 43.360014448379836 ], [ 5.312614245696018, 43.360648699476556 ], [ 5.311565193432151, 43.360857541148825 ], [ 5.305771272652696, 43.360828598804112 ], [ 5.294603647242473, 43.359598180146421 ], [ 5.289050689359462, 43.357304567370662 ], [ 5.281622860737986, 43.353047640189473 ], [ 5.281097829802863, 43.352616866433159 ], [ 5.280658017749443, 43.352255700747449 ], [ 5.276793386980745, 43.348980104383379 ], [ 5.271846619191678, 43.345014498203774 ], [ 5.266668661864385, 43.342538742266491 ], [ 5.248994697642458, 43.334394667170614 ], [ 5.242499343587777, 43.331404932459584 ], [ 5.225951402819824, 43.32836143795997 ], [ 5.224636277284612, 43.328171930424631 ], [ 5.211767999495508, 43.327846496384268 ], [ 5.018999387861213, 43.344324585671359 ], [ 5.01857418279674, 43.346361031015327 ], [ 4.996899421549044, 43.383709963508103 ], [ 4.974009236272027, 43.420455307827893 ], [ 4.973307239415714, 43.421551498641527 ], [ 4.970548004700627, 43.424856007407158 ], [ 4.969771825081581, 43.425414476966232 ], [ 4.968260401735452, 43.426080808300554 ], [ 4.966060883133538, 43.426539105097802 ], [ 4.962746127572069, 43.427159402496194 ], [ 4.950414391551174, 43.429158503369329 ], [ 4.949984713930561, 43.429204885634626 ], [ 4.948466802075629, 43.429076440233871 ], [ 4.938420085755649, 43.431813426456472 ], [ 4.933705774345153, 43.432871209141844 ], [ 4.931928931795268, 43.433138782974858 ], [ 4.930632843566642, 43.433125011148412 ], [ 4.924787079494314, 43.432357312568904 ], [ 4.921492383732188, 43.431797929032562 ], [ 4.840899785801654, 43.414079422292907 ], [ 4.848957829524473, 43.378548712673712 ], [ 4.855339447125145, 43.371746334486758 ], [ 4.85600147173271, 43.371071136956608 ], [ 4.878189317332707, 43.35619460470911 ], [ 4.879096494262845, 43.35581355195486 ], [ 4.880393171622945, 43.355603112855036 ], [ 4.884746514050144, 43.355140558393479 ], [ 4.884779371520966, 43.355152143111752 ], [ 4.885560492924784, 43.355435981556006 ], [ 4.886827621656341, 43.356224165699594 ], [ 4.908526444641322, 43.373016152129864 ], [ 4.909931505926432, 43.374115493799465 ], [ 4.911022367028381, 43.37507846795549 ], [ 4.912799905357135, 43.377607479198588 ], [ 4.91347204934775, 43.378850185166897 ], [ 4.914158357095853, 43.380407245415093 ], [ 4.914233473649989, 43.382077832210094 ], [ 4.914132353215696, 43.3828445138777 ], [ 4.9138406659984, 43.383211143945246 ], [ 4.913300680307924, 43.383538755531688 ], [ 4.9125507379894, 43.384680604428794 ], [ 4.912447777716756, 43.385132632370713 ], [ 4.912650653603199, 43.385532392354015 ], [ 4.912776822502038, 43.385596810503117 ], [ 4.91290299171301, 43.385661229407638 ], [ 4.913639824881379, 43.385598652349891 ], [ 4.914366559105226, 43.385311527593934 ], [ 4.91682847300283, 43.383589201352905 ], [ 4.917116100310008, 43.383132746666348 ], [ 4.918078717526114, 43.379872808098007 ], [ 4.918007220775738, 43.379379998762516 ], [ 4.917392087445894, 43.378037048615425 ], [ 4.916176860105582, 43.375683461364567 ], [ 4.915596555257462, 43.375112921848469 ], [ 4.859231398244834, 43.333875521566995 ], [ 4.826981550063779, 43.334005999959153 ], [ 4.823100221283742, 43.335669072412401 ], [ 4.818666917764695, 43.33738968122961 ], [ 4.813500881507112, 43.33926182258368 ], [ 4.811253170790608, 43.339978812590417 ], [ 4.800342905012849, 43.343195912086067 ], [ 4.797787616482405, 43.343928643767605 ], [ 4.792535320564873, 43.34525330492589 ], [ 4.784282603841501, 43.347284280075868 ], [ 4.776627926903998, 43.34861778024122 ], [ 4.77430105769329, 43.348940194168733 ], [ 4.765501235285978, 43.349714425691964 ], [ 4.762981669857527, 43.349852138305479 ], [ 4.759342554068862, 43.350025098406888 ], [ 4.749860703130532, 43.3504076905433 ], [ 4.74610692476818, 43.350491742073437 ], [ 4.729121989246045, 43.350268062518133 ], [ 4.722462460309007, 43.350092150907344 ], [ 4.720042346519808, 43.349956941708335 ], [ 4.69277006614285, 43.348192626238585 ], [ 4.687430290564865, 43.347446258393646 ], [ 4.686548961130969, 43.347404177148135 ], [ 4.596821152219724, 43.360300856261048 ], [ 4.584115641982851, 43.398121158712328 ], [ 4.586650094649237, 43.399071604976264 ], [ 4.58632978739653, 43.398763631194271 ], [ 4.58594084039499, 43.398277282960443 ], [ 4.585998907756722, 43.398186168368149 ], [ 4.586991438834293, 43.398345255437583 ], [ 4.588547486101549, 43.398726309582592 ], [ 4.58961222036632, 43.399153574643663 ], [ 4.594794101686603, 43.402065886673995 ], [ 4.595302802583586, 43.402459793846369 ], [ 4.596627191513599, 43.404778518136318 ], [ 4.596828012046173, 43.405493537622021 ], [ 4.594967667244574, 43.411789841645209 ], [ 4.593055263873101, 43.416774622164525 ], [ 4.592138423139468, 43.418546943594372 ], [ 4.590348919580165, 43.421964778805382 ], [ 4.588426779414291, 43.425151605874184 ], [ 4.587206838202149, 43.427065078999604 ], [ 4.586032922332842, 43.428581996971111 ], [ 4.583106647998214, 43.43134015061527 ], [ 4.581601146255961, 43.432585221485546 ], [ 4.57727271843961, 43.43577696883392 ], [ 4.575353126336421, 43.437165412360919 ], [ 4.574271780342754, 43.437907095348976 ], [ 4.569486554957672, 43.440478664948486 ], [ 4.567114063562577, 43.441651570687632 ], [ 4.564871842709701, 43.442686873947345 ], [ 4.563473317153923, 43.443210234866839 ], [ 4.555482907875404, 43.446197925165201 ], [ 4.553654431153453, 43.446774953142892 ], [ 4.549921656110528, 43.447885517508361 ], [ 4.546127088312454, 43.448997216231369 ], [ 4.544051834065876, 43.449579132886171 ], [ 4.541361773989284, 43.45021852884522 ], [ 4.536518480226503, 43.45134232127986 ], [ 4.530995446322692, 43.452443761265684 ], [ 4.526508282317896, 43.453209224751859 ], [ 4.522767685404581, 43.453815527226283 ], [ 4.516740650271179, 43.454656725845936 ], [ 4.509041574896455, 43.455342465437596 ], [ 4.502565250378391, 43.455733398890445 ], [ 4.499420784789323, 43.455796480459284 ], [ 4.480879395010156, 43.455968783113001 ], [ 4.472227606972437, 43.456046149007847 ], [ 4.467774535066448, 43.456951309987474 ], [ 4.226330203848059, 43.461451695709357 ], [ 4.225902341249675, 43.461563976925696 ], [ 4.466331209005333, 43.609215501048929 ], [ 4.626585610728242, 43.686826306082736 ], [ 4.646811899738427, 43.862457234563244 ], [ 4.761155799650601, 43.921830704921447 ], [ 4.865760423674301, 43.905169851120206 ] ] ] } },
{ "type": "Feature", "properties": { "code_geog": "34", "libelle_geog": "Hérault", "area": 6179.101, "x": 3.377, "y": 43.578 }, "geometry": { "type": "Polygon", "coordinates": [ [ [ 3.826791124436316, 43.938645725597027 ], [ 3.904197722489263, 43.880466320081979 ], [ 4.199454866222903, 43.6569553051688 ], [ 4.151346835683562, 43.586416350314657 ], [ 4.099164899053582, 43.592036028084379 ], [ 4.092490020507994, 43.555771224654514 ], [ 4.089742313455467, 43.556219166200606 ], [ 4.066934982256247, 43.557378917168151 ], [ 4.056729544873853, 43.557531690021143 ], [ 4.051336056731629, 43.557392636934942 ], [ 4.042838852167357, 43.556798919585781 ], [ 4.038238901577555, 43.55632305168276 ], [ 4.029105675004025, 43.555110105648779 ], [ 4.023146324814143, 43.554213252990479 ], [ 4.01771021511493, 43.553365568853614 ], [ 3.967844616564339, 43.556041013056685 ], [ 3.916625182680205, 43.520268928366512 ], [ 3.906602139599873, 43.516270547382106 ], [ 3.894771401772312, 43.510897748141346 ], [ 3.886680383220921, 43.506734198171422 ], [ 3.865415345034247, 43.494730148442478 ], [ 3.861264326361652, 43.492316863472965 ], [ 3.853608170031483, 43.487598749906269 ], [ 3.851787882554161, 43.486455748207298 ], [ 3.85021562630934, 43.485353062848297 ], [ 3.840828907652225, 43.478590907924719 ], [ 3.839633155967391, 43.47770867911445 ], [ 3.833959416368314, 43.473141434146441 ], [ 3.829413463510344, 43.469195407091661 ], [ 3.828335566887089, 43.468085592768986 ], [ 3.77187626846967, 43.430641029286143 ], [ 3.758928668715646, 43.423684776014497 ], [ 3.663245578452453, 43.393747274033451 ], [ 3.590582933775688, 43.336038390116791 ], [ 3.560940150947306, 43.320735071417808 ], [ 3.42284836866002, 43.290450434417039 ], [ 3.400608218951113, 43.296797441739741 ], [ 3.352078433007376, 43.273366839417676 ], [ 3.351414875309283, 43.273162210149259 ], [ 3.344158269992719, 43.27030195269716 ], [ 3.343290512728147, 43.269904563534787 ], [ 3.303949605732558, 43.250089753183588 ], [ 3.236623680701786, 43.217461086953499 ], [ 3.236498266749023, 43.217363285277123 ], [ 3.236003164620975, 43.21747564637171 ], [ 2.996203221153614, 43.281023863337808 ], [ 2.840440178940441, 43.329411459349338 ], [ 2.774839288325883, 43.267887478295314 ], [ 2.638236753050884, 43.273110801072875 ], [ 2.540872016438673, 43.339904776238654 ], [ 2.554206938007654, 43.420710615859761 ], [ 2.665377320579442, 43.467981587285145 ], [ 2.665650158899978, 43.515534600479363 ], [ 2.744773505949434, 43.615133140796246 ], [ 2.92198864960369, 43.661880472130441 ], [ 2.928933772926444, 43.699891761410576 ], [ 3.066530722851382, 43.694296751674187 ], [ 3.24561969669174, 43.826127252742715 ], [ 3.253337576050507, 43.897416660775598 ], [ 3.359007659719473, 43.920260217618392 ], [ 3.443624926178481, 43.871861483383015 ], [ 3.675964654953273, 43.9643964115565 ], [ 3.775100705526834, 43.977404076532096 ], [ 3.826791124436316, 43.938645725597027 ] ] ] } },
{ "type": "Feature", "properties": { "code_geog": "32", "libelle_geog": "Gers", "area": 6319.918, "x": 0.458, "y": 43.702 }, "geometry": { "type": "Polygon", "coordinates": [ [ [ 0.65798727912474, 44.012013124838205 ], [ 0.741919741357669, 44.075131081110499 ], [ 0.815132594999301, 44.052387404542422 ], [ 0.897776678448405, 43.915533436158491 ], [ 0.901022904923239, 43.787127130072058 ], [ 0.946974304043225, 43.787725735329985 ], [ 1.007721120367997, 43.717133097276921 ], [ 1.200331855189489, 43.595658968657283 ], [ 1.070744667177236, 43.537144631874988 ], [ 0.990036739734034, 43.355445913151314 ], [ 0.747014426285781, 43.4234709751439 ], [ 0.613480080648434, 43.307275264661023 ], [ 0.311238408334825, 43.382866750112797 ], [ 0.181261476306047, 43.370830413505736 ], [ 0.136879882947488, 43.507884460120962 ], [ -0.017628762531265, 43.609294034963604 ], [ -0.105700646336177, 43.605607450078288 ], [ -0.259446437295907, 43.59899930471488 ], [ -0.19317779272575, 43.876573992569597 ], [ -0.247051435696798, 43.903859889903998 ], [ -0.040004362242932, 43.989490980915512 ], [ -0.004914270176826, 43.937902853954007 ], [ 0.072530579867891, 43.977613618007936 ], [ 0.215625660363003, 44.028085119682892 ], [ 0.302675584655711, 43.991677461280354 ], [ 0.589890138380196, 44.082316620833275 ], [ 0.65798727912474, 44.012013124838205 ] ] ] } },
{ "type": "Feature", "properties": { "code_geog": "81", "libelle_geog": "Tarn", "area": 5766.142, "x": 2.182, "y": 43.783 }, "geometry": { "type": "Polygon", "coordinates": [ [ [ 2.332347584245404, 44.115346573984596 ], [ 2.529951657191878, 43.967702184395989 ], [ 2.568984655731123, 43.848705762850479 ], [ 2.666966106248691, 43.743811338924367 ], [ 2.758740508821902, 43.733980357447393 ], [ 2.818054141156666, 43.7670297645533 ], [ 2.92271943536948, 43.73321861270302 ], [ 2.928933772926444, 43.699891761410576 ], [ 2.92198864960369, 43.661880472130441 ], [ 2.744773505949434, 43.615133140796246 ], [ 2.665650158899978, 43.515534600479363 ], [ 2.665377320579442, 43.467981587285145 ], [ 2.554206938007654, 43.420710615859761 ], [ 2.254070293467964, 43.458938664820323 ], [ 2.221564649279905, 43.392337606317298 ], [ 2.07812035608559, 43.392088261872104 ], [ 2.032276448013604, 43.430008487464818 ], [ 2.025519415947771, 43.472785569018541 ], [ 1.97322414802101, 43.482132912021484 ], [ 1.854955754695314, 43.567268960006558 ], [ 1.736135627421576, 43.671303109804683 ], [ 1.555847917187982, 43.917497196025529 ], [ 1.659431492786976, 44.060908629365706 ], [ 1.757998021596371, 44.099535521105089 ], [ 1.982124643781154, 44.152828026878325 ], [ 2.140548583833862, 44.200804801056627 ], [ 2.332347584245404, 44.115346573984596 ] ] ] } },
{ "type": "Feature", "properties": { "code_geog": "84", "libelle_geog": "Vaucluse", "area": 3545.39, "x": 5.186, "y": 44.001 }, "geometry": { "type": "Polygon", "coordinates": [ [ [ 4.824272137051504, 44.310708374419647 ], [ 5.062448234152933, 44.300274855799415 ], [ 5.203759796343874, 44.210964456357843 ], [ 5.369259218004503, 44.211257372365012 ], [ 5.50272906282494, 44.112242524102925 ], [ 5.526976758378347, 44.073445776099895 ], [ 5.558963461910353, 43.939194614397081 ], [ 5.638387575538231, 43.832072666484777 ], [ 5.757680973406959, 43.737921202601832 ], [ 5.716103712590527, 43.701139869567186 ], [ 5.615395321229935, 43.661395663941882 ], [ 5.426592711487288, 43.685988382072807 ], [ 5.233489607083611, 43.757959276315447 ], [ 5.031533844872781, 43.791721449035286 ], [ 5.033109990603801, 43.824996252973612 ], [ 4.865760423674301, 43.905169851120206 ], [ 4.761155799650601, 43.921830704921447 ], [ 4.843023792824704, 43.986605368012626 ], [ 4.774671337123523, 44.083347790149624 ], [ 4.722094954158855, 44.089270049998788 ], [ 4.719297995423092, 44.179763843883691 ], [ 4.643880600269613, 44.276578782417637 ], [ 4.65245152027829, 44.323998060811554 ], [ 4.824272137051504, 44.310708374419647 ] ] ] } },
{ "type": "Feature", "properties": { "code_geog": "82", "libelle_geog": "Tarn-et-Garonne", "area": 3786.092, "x": 1.291, "y": 44.082 }, "geometry": { "type": "Polygon", "coordinates": [ [ [ 1.058457417564127, 44.379080257958513 ], [ 1.085626858252851, 44.350841270877567 ], [ 1.193159779872391, 44.280640783392819 ], [ 1.26681652708947, 44.238561238940051 ], [ 1.471304221777775, 44.283195781500694 ], [ 1.617069008100718, 44.279494450826867 ], [ 1.855036111629956, 44.333140626281988 ], [ 1.868648961033076, 44.290376659236742 ], [ 1.962048527680432, 44.190822772148771 ], [ 1.982124643781154, 44.152828026878325 ], [ 1.757998021596371, 44.099535521105089 ], [ 1.659431492786976, 44.060908629365706 ], [ 1.555847917187982, 43.917497196025529 ], [ 1.347193623413194, 43.806386601698541 ], [ 1.199746447936293, 43.77909933281596 ], [ 0.946974304043225, 43.787725735329985 ], [ 0.901022904923239, 43.787127130072058 ], [ 0.897776678448405, 43.915533436158491 ], [ 0.815132594999301, 44.052387404542422 ], [ 0.741919741357669, 44.075131081110499 ], [ 0.747849794308709, 44.099008944929786 ], [ 0.792885245480329, 44.142480821030333 ], [ 0.885607831941522, 44.134237353777053 ], [ 0.927694933997379, 44.301335568420782 ], [ 0.899014960678191, 44.386621968697987 ], [ 1.058457417564127, 44.379080257958513 ] ] ] } },
{ "type": "Feature", "properties": { "code_geog": "06", "libelle_geog": "Alpes-Maritimes", "area": 4170.165, "x": 7.112, "y": 43.938 }, "geometry": { "type": "Polygon", "coordinates": [ [ [ 6.897804346397006, 44.353498906620572 ], [ 7.01992421828461, 44.224412442600141 ], [ 7.259161949739696, 44.150789124020129 ], [ 7.263273888568164, 44.148015116271843 ], [ 7.271279039074644, 44.147041221261659 ], [ 7.381173318880828, 44.112966354597255 ], [ 7.453653425766955, 44.127774777129787 ], [ 7.455368075069044, 44.127612834239031 ], [ 7.562229103583509, 44.148925575379941 ], [ 7.570706590846747, 44.151572284660539 ], [ 7.590260794560887, 44.1555336055781 ], [ 7.67821044107699, 44.175101579843329 ], [ 7.68390899781871, 44.165285371422371 ], [ 7.678075260949591, 44.103580281221795 ], [ 7.716151716913767, 44.07659983571461 ], [ 7.714542629559979, 44.065408057070997 ], [ 7.712684512369758, 44.060714461484437 ], [ 7.710362271141131, 44.056478137248128 ], [ 7.700726653563654, 44.042277720711319 ], [ 7.670796754864132, 43.998118733061816 ], [ 7.64739136636491, 43.974166681262147 ], [ 7.632683376980683, 43.964702139028546 ], [ 7.631826025497823, 43.96420439928805 ], [ 7.62789363982365, 43.962035132012645 ], [ 7.611886391056219, 43.955433737467757 ], [ 7.606631918504959, 43.956075067915563 ], [ 7.605354051681453, 43.956408487724239 ], [ 7.604832801045206, 43.956839239182649 ], [ 7.602088226984651, 43.957639065409751 ], [ 7.601401123589132, 43.957627309362664 ], [ 7.589141827463761, 43.955220171313684 ], [ 7.588932529924962, 43.955157079851574 ], [ 7.588115263781316, 43.954909378351935 ], [ 7.580923915005336, 43.950960634769253 ], [ 7.564785729178517, 43.951738459603298 ], [ 7.541001918914407, 43.922406005906616 ], [ 7.497877086060412, 43.869131203980494 ], [ 7.514999207691976, 43.817852387946147 ], [ 7.514641705070344, 43.816671880160591 ], [ 7.523041959844624, 43.791354594785417 ], [ 7.448088268053525, 43.762468256086784 ], [ 7.274071442454294, 43.695093070389618 ], [ 7.260331167252294, 43.693850180775257 ], [ 7.256613529334357, 43.693199732445187 ], [ 7.253699564166413, 43.692512636729205 ], [ 7.248420428996873, 43.691023242738886 ], [ 7.24430517211733, 43.689354726511063 ], [ 7.160487085457326, 43.654770029114701 ], [ 7.158557092521309, 43.65394657537 ], [ 7.157461355995141, 43.653455115441865 ], [ 7.156031284523735, 43.652529407861458 ], [ 7.152782846503901, 43.650043484292198 ], [ 7.150384772130177, 43.648079071526546 ], [ 7.147297496906963, 43.645145707029812 ], [ 7.071705182630156, 43.563968837430082 ], [ 6.980337643407398, 43.547209690254199 ], [ 6.978324082982689, 43.546801111747385 ], [ 6.974784626000696, 43.546043922448149 ], [ 6.972320528973283, 43.545420508395239 ], [ 6.969584341125025, 43.544493604545629 ], [ 6.96702669751446, 43.543477946422691 ], [ 6.963822684821222, 43.54212081289031 ], [ 6.960612998602749, 43.54053875508027 ], [ 6.960286521279745, 43.540327662106932 ], [ 6.958126618306158, 43.538879500281695 ], [ 6.953930140913461, 43.535945154106265 ], [ 6.953599364796728, 43.535680208597483 ], [ 6.948652718060109, 43.530977163467846 ], [ 6.941957855877914, 43.521286655397674 ], [ 6.938900387588884, 43.516042379503808 ], [ 6.938556292148341, 43.514841668914571 ], [ 6.938281072133682, 43.513728049573309 ], [ 6.937920179430635, 43.510628455218011 ], [ 6.93789489685129, 43.510314433628601 ], [ 6.938319329015127, 43.509441059519837 ], [ 6.938882948196112, 43.50860676046284 ], [ 6.939173038348929, 43.508369312504442 ], [ 6.931106909670942, 43.479807173381182 ], [ 6.906353046565097, 43.476402270329167 ], [ 6.906246990859942, 43.476247552956117 ], [ 6.905866534643361, 43.476429034890515 ], [ 6.896528523936027, 43.605438100142422 ], [ 6.762624846237166, 43.653875472592134 ], [ 6.755801337795128, 43.735135851983976 ], [ 6.651729904865872, 43.748858600719316 ], [ 6.622188923015961, 43.792903330165231 ], [ 6.69429592925356, 43.875775598721852 ], [ 6.935782937175166, 43.900021604492601 ], [ 6.75318007920576, 44.040152343476748 ], [ 6.689506996537244, 44.157068860635405 ], [ 6.751569713069195, 44.2737043577199 ], [ 6.897310309359219, 44.353508349497552 ], [ 6.897844504702467, 44.353625889363869 ], [ 6.897804346397006, 44.353498906620572 ] ] ] } },
{ "type": "Feature", "properties": { "code_geog": "30", "libelle_geog": "Gard", "area": 6035.68, "x": 4.19, "y": 43.995 }, "geometry": { "type": "Polygon", "coordinates": [ [ [ 4.046131116852339, 44.444605767683719 ], [ 4.042241033429234, 44.31616608469708 ], [ 4.280412721740306, 44.302678316930013 ], [ 4.375027818000469, 44.353313007362118 ], [ 4.487720341946205, 44.351158094071664 ], [ 4.552883353383102, 44.321299130649322 ], [ 4.643880600269613, 44.276578782417637 ], [ 4.719297995423092, 44.179763843883691 ], [ 4.722094954158855, 44.089270049998788 ], [ 4.774671337123523, 44.083347790149624 ], [ 4.843023792824704, 43.986605368012626 ], [ 4.761155799650601, 43.921830704921447 ], [ 4.646811899738427, 43.862457234563244 ], [ 4.626585610728242, 43.686826306082736 ], [ 4.466331209005333, 43.609215501048929 ], [ 4.225902341249675, 43.461563976925696 ], [ 4.132067967832447, 43.486137101044442 ], [ 4.129541791984567, 43.488056445867166 ], [ 4.143741983978591, 43.534216756135606 ], [ 4.134889691001901, 43.536801867782202 ], [ 4.132137221706632, 43.539610867272046 ], [ 4.131358389068765, 43.540387953500222 ], [ 4.129305804092846, 43.542318910938825 ], [ 4.127196359399991, 43.544017032999143 ], [ 4.12615660269609, 43.544753455074833 ], [ 4.124458235089477, 43.5457704660395 ], [ 4.122212368158142, 43.54706619707239 ], [ 4.117936840217159, 43.549069603991057 ], [ 4.110280570198007, 43.551667775560304 ], [ 4.109056364729858, 43.552047458952792 ], [ 4.101684418219938, 43.55427176036099 ], [ 4.092490020507994, 43.555771224654514 ], [ 4.099164899053582, 43.592036028084379 ], [ 4.151346835683562, 43.586416350314657 ], [ 4.199454866222903, 43.6569553051688 ], [ 3.904197722489263, 43.880466320081979 ], [ 3.826791124436316, 43.938645725597027 ], [ 3.775100705526834, 43.977404076532096 ], [ 3.675964654953273, 43.9643964115565 ], [ 3.443624926178481, 43.871861483383015 ], [ 3.359007659719473, 43.920260217618392 ], [ 3.459591465512608, 44.014418082210931 ], [ 3.361666632442192, 44.067715177247983 ], [ 3.302047879569013, 44.053987058350167 ], [ 3.249891920172419, 44.092498050366906 ], [ 3.370258263829819, 44.177065462948875 ], [ 3.455061865403585, 44.119134537902362 ], [ 3.668036124957179, 44.188117541072742 ], [ 3.798778495332836, 44.129345988869183 ], [ 3.952022520349783, 44.174770275644143 ], [ 3.892208565399816, 44.404062211733958 ], [ 3.951931971914874, 44.403198771563446 ], [ 3.993424305390639, 44.459691645142208 ], [ 4.046131116852339, 44.444605767683719 ] ] ] } },
{ "type": "Feature", "properties": { "code_geog": "40", "libelle_geog": "Landes", "area": 9298.483, "x": -0.79, "y": 43.964 }, "geometry": { "type": "Polygon", "coordinates": [ [ [ -0.980129045180149, 44.421221525140041 ], [ -0.649562680659232, 44.454541299972597 ], [ -0.381825968699189, 44.280538156251502 ], [ -0.218611461576335, 44.189242559801308 ], [ -0.127511500866478, 44.224666020744273 ], [ -0.13946775518134, 44.153860243868763 ], [ 0.088326483371837, 44.077881849814872 ], [ 0.072530579867891, 43.977613618007936 ], [ -0.004914270176826, 43.937902853954007 ], [ -0.040004362242932, 43.989490980915512 ], [ -0.247051435696798, 43.903859889903998 ], [ -0.19317779272575, 43.876573992569597 ], [ -0.259446437295907, 43.59899930471488 ], [ -0.335701001816127, 43.549556897740402 ], [ -0.597047921332926, 43.54277325079677 ], [ -0.820191676152219, 43.555517850974134 ], [ -0.994089437245344, 43.50745620518078 ], [ -1.186294694506381, 43.548954108025249 ], [ -1.300830210762133, 43.4975505562062 ], [ -1.418277043240952, 43.493526179809429 ], [ -1.518463802969645, 43.534328363938513 ], [ -1.491101546186801, 43.572360493115312 ], [ -1.48403301678479, 43.582872493161787 ], [ -1.47480344892917, 43.596657038823231 ], [ -1.459193998611711, 43.6203464952264 ], [ -1.454099927430547, 43.629789427948133 ], [ -1.450933989397035, 43.63565958391105 ], [ -1.447386355036304, 43.642316903959184 ], [ -1.445984295688776, 43.645650515642515 ], [ -1.408964032640504, 43.783267991454061 ], [ -1.377854318032975, 43.890118447462989 ], [ -1.313061236388922, 44.111382256164468 ], [ -1.300365936662566, 44.19847535100881 ], [ -1.280315123906041, 44.300936818244168 ], [ -1.27729857267233, 44.317248802818241 ], [ -1.276034312905867, 44.32431876543842 ], [ -1.268452297977162, 44.368699796847196 ], [ -1.264015441486789, 44.394695322593421 ], [ -1.259538463696022, 44.421318994133998 ], [ -1.255286793268949, 44.449563639860997 ], [ -1.253345721920794, 44.465030320051369 ], [ -1.253066758616992, 44.46736972724603 ], [ -1.059423991017654, 44.523603068571269 ], [ -0.980129045180149, 44.421221525140041 ] ] ] } },
{ "type": "Feature", "properties": { "code_geog": "04", "libelle_geog": "Alpes-de-Haute-Provence", "area": 6832.946, "x": 6.257, "y": 44.112 }, "geometry": { "type": "Polygon", "coordinates": [ [ [ 6.936251367912294, 44.66161699970872 ], [ 6.93650308313201, 44.615127764815625 ], [ 6.8589976852137, 44.534354726763297 ], [ 6.858403939784001, 44.534018856025376 ], [ 6.857143863107545, 44.533070839359027 ], [ 6.856038597628758, 44.531855197732803 ], [ 6.85401756134063, 44.529273085997708 ], [ 6.853859472846095, 44.528873097801544 ], [ 6.853871684812327, 44.528242020804392 ], [ 6.857534924524164, 44.513678100308553 ], [ 6.859366832517082, 44.50797251674669 ], [ 6.860456887646079, 44.505720585319693 ], [ 6.866175758408374, 44.494999153943731 ], [ 6.876689761494721, 44.48182696922747 ], [ 6.877210550429878, 44.481264920636029 ], [ 6.913281288324516, 44.450488589280845 ], [ 6.914511441130215, 44.449678304877814 ], [ 6.924623121055854, 44.438173087612483 ], [ 6.920049044092442, 44.423749662361345 ], [ 6.91253440112258, 44.424942203367458 ], [ 6.893369280546072, 44.420771925843312 ], [ 6.893240383781078, 44.42073224764534 ], [ 6.89314504288103, 44.420330854607023 ], [ 6.89567897689084, 44.370159790410241 ], [ 6.90113090274367, 44.364015728632126 ], [ 6.897844504702467, 44.353625889363869 ], [ 6.897310309359219, 44.353508349497552 ], [ 6.751569713069195, 44.2737043577199 ], [ 6.689506996537244, 44.157068860635405 ], [ 6.75318007920576, 44.040152343476748 ], [ 6.935782937175166, 43.900021604492601 ], [ 6.69429592925356, 43.875775598721852 ], [ 6.622188923015961, 43.792903330165231 ], [ 6.418572878563855, 43.795996768884329 ], [ 6.401385316145323, 43.739489579257004 ], [ 6.230548807504709, 43.774066908926386 ], [ 6.050273096939677, 43.723850355481552 ], [ 5.923300234995795, 43.761130829162717 ], [ 5.778486528149489, 43.756304556913335 ], [ 5.757680973406959, 43.737921202601832 ], [ 5.638387575538231, 43.832072666484777 ], [ 5.558963461910353, 43.939194614397081 ], [ 5.526976758378347, 44.073445776099895 ], [ 5.50272906282494, 44.112242524102925 ], [ 5.672701895501463, 44.192886803598526 ], [ 5.838148056175656, 44.19246861723397 ], [ 5.91171420441342, 44.204372508321697 ], [ 5.906305383813181, 44.328381286467653 ], [ 6.0822473633061, 44.479699931503298 ], [ 6.230185772299914, 44.388260900778427 ], [ 6.345180581070107, 44.527582838956249 ], [ 6.474132134136848, 44.493650531470045 ], [ 6.638251975315065, 44.440240646922575 ], [ 6.685752872902397, 44.538446642079712 ], [ 6.935755608638187, 44.661728601553442 ], [ 6.936251367912294, 44.66161699970872 ] ] ] } },
{ "type": "Feature", "properties": { "code_geog": "47", "libelle_geog": "Lot-et-Garonne", "area": 5485.554, "x": 0.451, "y": 44.368 }, "geometry": { "type": "Polygon", "coordinates": [ [ [ 0.342630215887694, 44.730154456665552 ], [ 0.351664604741503, 44.663671420429424 ], [ 0.419302411397894, 44.636309530052387 ], [ 0.623975386438561, 44.70156498432641 ], [ 0.671520518136237, 44.673733891448819 ], [ 0.886133952861376, 44.62917488098941 ], [ 0.992287371760852, 44.649561134377528 ], [ 1.067223041117132, 44.579060896730077 ], [ 1.021403137332491, 44.54520717145521 ], [ 1.058457417564127, 44.379080257958513 ], [ 0.899014960678191, 44.386621968697987 ], [ 0.927694933997379, 44.301335568420782 ], [ 0.885607831941522, 44.134237353777053 ], [ 0.792885245480329, 44.142480821030333 ], [ 0.747849794308709, 44.099008944929786 ], [ 0.741919741357669, 44.075131081110499 ], [ 0.65798727912474, 44.012013124838205 ], [ 0.589890138380196, 44.082316620833275 ], [ 0.302675584655711, 43.991677461280354 ], [ 0.215625660363003, 44.028085119682892 ], [ 0.072530579867891, 43.977613618007936 ], [ 0.088326483371837, 44.077881849814872 ], [ -0.13946775518134, 44.153860243868763 ], [ -0.127511500866478, 44.224666020744273 ], [ -0.030673904718929, 44.283943147867653 ], [ 0.011131056744536, 44.556253783314219 ], [ 0.105464199961493, 44.696306379065788 ], [ 0.15086350433316, 44.730551289010222 ], [ 0.290184813781122, 44.757036417123167 ], [ 0.342630215887694, 44.730154456665552 ] ] ] } },
{ "type": "Feature", "properties": { "code_geog": "12", "libelle_geog": "Aveyron", "area": 8887.963, "x": 2.68, "y": 44.276 }, "geometry": { "type": "Polygon", "coordinates": [ [ [ 2.780906052928144, 44.868901425070412 ], [ 2.850659134633153, 44.871904961121139 ], [ 2.877844964327251, 44.799055535102283 ], [ 2.937308047902673, 44.716113287178906 ], [ 2.978969519840656, 44.651146070842977 ], [ 3.104457886272578, 44.564682172220344 ], [ 3.076894064810694, 44.49349006374257 ], [ 3.135843815045418, 44.431215662528885 ], [ 3.133489190115676, 44.264692139123412 ], [ 3.205219187572514, 44.1927758522462 ], [ 3.364253072624142, 44.210428604506298 ], [ 3.370258263829819, 44.177065462948875 ], [ 3.249891920172419, 44.092498050366906 ], [ 3.302047879569013, 44.053987058350167 ], [ 3.361666632442192, 44.067715177247983 ], [ 3.459591465512608, 44.014418082210931 ], [ 3.359007659719473, 43.920260217618392 ], [ 3.253337576050507, 43.897416660775598 ], [ 3.24561969669174, 43.826127252742715 ], [ 3.066530722851382, 43.694296751674187 ], [ 2.928933772926444, 43.699891761410576 ], [ 2.92271943536948, 43.73321861270302 ], [ 2.818054141156666, 43.7670297645533 ], [ 2.758740508821902, 43.733980357447393 ], [ 2.666966106248691, 43.743811338924367 ], [ 2.568984655731123, 43.848705762850479 ], [ 2.529951657191878, 43.967702184395989 ], [ 2.332347584245404, 44.115346573984596 ], [ 2.140548583833862, 44.200804801056627 ], [ 1.982124643781154, 44.152828026878325 ], [ 1.962048527680432, 44.190822772148771 ], [ 1.868648961033076, 44.290376659236742 ], [ 1.855036111629956, 44.333140626281988 ], [ 1.901255048868454, 44.357123859116868 ], [ 1.827187121845441, 44.480522160454022 ], [ 2.032759459359195, 44.566937824900634 ], [ 2.145922456980983, 44.567192936278055 ], [ 2.205721721320704, 44.61486685523618 ], [ 2.218975507446394, 44.648194267962417 ], [ 2.31896185066225, 44.672049151628535 ], [ 2.338967412430516, 44.64825773185391 ], [ 2.485638106861287, 44.652916263611779 ], [ 2.545886686595372, 44.719442453877129 ], [ 2.620053128470525, 44.866809977977958 ], [ 2.748857962722753, 44.935137081390167 ], [ 2.780906052928144, 44.868901425070412 ] ] ] } },
{ "type": "Feature", "properties": { "code_geog": "48", "libelle_geog": "Lozère", "area": 5110.03, "x": 3.493, "y": 44.523 }, "geometry": { "type": "Polygon", "coordinates": [ [ [ 3.46519496471791, 44.825928643006201 ], [ 3.630431707631037, 44.885493191627837 ], [ 3.821724038531268, 44.752482034476394 ], [ 3.861658307266798, 44.747176710119696 ], [ 3.916651553397104, 44.565531500880873 ], [ 3.950063025917195, 44.569805752838917 ], [ 3.993424305390639, 44.459691645142208 ], [ 3.951931971914874, 44.403198771563446 ], [ 3.892208565399816, 44.404062211733958 ], [ 3.952022520349783, 44.174770275644143 ], [ 3.798778495332836, 44.129345988869183 ], [ 3.668036124957179, 44.188117541072742 ], [ 3.455061865403585, 44.119134537902362 ], [ 3.370258263829819, 44.177065462948875 ], [ 3.364253072624142, 44.210428604506298 ], [ 3.205219187572514, 44.1927758522462 ], [ 3.133489190115676, 44.264692139123412 ], [ 3.135843815045418, 44.431215662528885 ], [ 3.076894064810694, 44.49349006374257 ], [ 3.104457886272578, 44.564682172220344 ], [ 2.978969519840656, 44.651146070842977 ], [ 3.039921105164169, 44.7269180116634 ], [ 3.020591194246308, 44.784149819409606 ], [ 3.129255690268108, 44.90717002329135 ], [ 3.189927387224698, 44.866502531260885 ], [ 3.251536597821048, 44.938735850521141 ], [ 3.357897525204913, 44.957653735586646 ], [ 3.46519496471791, 44.825928643006201 ] ] ] } },
{ "type": "Feature", "properties": { "code_geog": "46", "libelle_geog": "Lot", "area": 5107.515, "x": 1.603, "y": 44.624 }, "geometry": { "type": "Polygon", "coordinates": [ [ [ 1.742352357609354, 44.960759265898496 ], [ 1.803139719242544, 44.913475831684714 ], [ 2.057348655201078, 44.976283181678831 ], [ 2.084622863698608, 44.876402259289307 ], [ 2.171876862711663, 44.795660406407869 ], [ 2.138795652749656, 44.700425694581575 ], [ 2.165645636671259, 44.648124086249119 ], [ 2.205721721320704, 44.61486685523618 ], [ 2.145922456980983, 44.567192936278055 ], [ 2.032759459359195, 44.566937824900634 ], [ 1.827187121845441, 44.480522160454022 ], [ 1.901255048868454, 44.357123859116868 ], [ 1.855036111629956, 44.333140626281988 ], [ 1.617069008100718, 44.279494450826867 ], [ 1.471304221777775, 44.283195781500694 ], [ 1.26681652708947, 44.238561238940051 ], [ 1.193159779872391, 44.280640783392819 ], [ 1.085626858252851, 44.350841270877567 ], [ 1.058457417564127, 44.379080257958513 ], [ 1.021403137332491, 44.54520717145521 ], [ 1.067223041117132, 44.579060896730077 ], [ 1.257819354259358, 44.709596150284717 ], [ 1.422161768234275, 44.863383787354792 ], [ 1.399452441504137, 45.020264470295935 ], [ 1.433004903271024, 45.020543320871184 ], [ 1.640911303834761, 45.031563621710781 ], [ 1.742352357609354, 44.960759265898496 ] ] ] } },
{ "type": "Feature", "properties": { "code_geog": "05", "libelle_geog": "Hautes-Alpes", "area": 5586.708, "x": 6.257, "y": 44.661 }, "geometry": { "type": "Polygon", "coordinates": [ [ [ 6.636141896003815, 45.11588317144912 ], [ 6.630508923515793, 45.10933569546448 ], [ 6.627862561021822, 45.105375121606173 ], [ 6.62749351996143, 45.104713735987012 ], [ 6.627230524595449, 45.103777980330221 ], [ 6.627235125684666, 45.103013172983459 ], [ 6.627594497066082, 45.101735771291011 ], [ 6.661537910536399, 45.048047790863762 ], [ 6.669769104945564, 45.015730065952795 ], [ 6.743758655908427, 44.917530745179597 ], [ 6.751216622484383, 44.905659017732695 ], [ 6.753647828507805, 44.904376090244455 ], [ 6.754888611013715, 44.902725095973061 ], [ 6.766030363279624, 44.897840192861814 ], [ 6.807708236013741, 44.87581996707187 ], [ 6.833849708498827, 44.86390319662172 ], [ 6.863745003066309, 44.850616416237081 ], [ 6.864614041248351, 44.850400578393987 ], [ 6.878367549991032, 44.848477886946966 ], [ 6.910265023338408, 44.834425192386703 ], [ 6.913242439076301, 44.844868609853272 ], [ 6.913666028357482, 44.844998671555672 ], [ 6.922009455539526, 44.850526819587465 ], [ 6.922629061463563, 44.851131774332586 ], [ 6.927669639605802, 44.857292303159994 ], [ 7.009781482474615, 44.800099131623838 ], [ 7.03718353656685, 44.723544433294869 ], [ 7.003928812489518, 44.687477442725068 ], [ 6.985202065428848, 44.688270006560415 ], [ 6.936250784780493, 44.661724541460856 ], [ 6.936251367912294, 44.66161699970872 ], [ 6.935755608638187, 44.661728601553442 ], [ 6.685752872902397, 44.538446642079712 ], [ 6.638251975315065, 44.440240646922575 ], [ 6.474132134136848, 44.493650531470045 ], [ 6.345180581070107, 44.527582838956249 ], [ 6.230185772299914, 44.388260900778427 ], [ 6.0822473633061, 44.479699931503298 ], [ 5.906305383813181, 44.328381286467653 ], [ 5.91171420441342, 44.204372508321697 ], [ 5.838148056175656, 44.19246861723397 ], [ 5.672701895501463, 44.192886803598526 ], [ 5.635051526757051, 44.341654633418891 ], [ 5.442669011207594, 44.342518955294231 ], [ 5.45212579850957, 44.513682244723626 ], [ 5.609107959031062, 44.466253254777094 ], [ 5.658662502915434, 44.517153528358151 ], [ 5.712028911471367, 44.629838040259756 ], [ 5.809647818427062, 44.698251798697136 ], [ 5.826531774109394, 44.754881872660441 ], [ 5.95452694380745, 44.769812094793984 ], [ 6.078144800848501, 44.818096470211366 ], [ 6.120790695156979, 44.85475996854754 ], [ 6.355347575430912, 44.856002669697588 ], [ 6.319072615343612, 45.005047478461798 ], [ 6.198130150078893, 45.004565637986389 ], [ 6.218154701356625, 45.099172831348902 ], [ 6.360126595697335, 45.10841047034647 ], [ 6.494363677071314, 45.103459232725235 ], [ 6.63713553265174, 45.116270792322794 ], [ 6.636141896003815, 45.11588317144912 ] ] ] } },
{ "type": "Feature", "properties": { "code_geog": "26", "libelle_geog": "Drôme", "area": 6735.436, "x": 5.166, "y": 44.688 }, "geometry": { "type": "Polygon", "coordinates": [ [ [ 5.117812463969288, 45.289380527849886 ], [ 5.209197628934253, 45.22990328331435 ], [ 5.146918516107755, 45.064797849415584 ], [ 5.462330078215502, 45.056354168144722 ], [ 5.484330490592974, 44.969992419826703 ], [ 5.473631455492562, 44.77977460324702 ], [ 5.809647818427062, 44.698251798697136 ], [ 5.712028911471367, 44.629838040259756 ], [ 5.658662502915434, 44.517153528358151 ], [ 5.609107959031062, 44.466253254777094 ], [ 5.45212579850957, 44.513682244723626 ], [ 5.442669011207594, 44.342518955294231 ], [ 5.635051526757051, 44.341654633418891 ], [ 5.672701895501463, 44.192886803598526 ], [ 5.50272906282494, 44.112242524102925 ], [ 5.369259218004503, 44.211257372365012 ], [ 5.203759796343874, 44.210964456357843 ], [ 5.062448234152933, 44.300274855799415 ], [ 4.824272137051504, 44.310708374419647 ], [ 4.65245152027829, 44.323998060811554 ], [ 4.764229890735156, 44.76433076832781 ], [ 4.863281871657558, 44.885909684437365 ], [ 4.806675452133319, 45.120518340765443 ], [ 4.800820501667771, 45.292085448575293 ], [ 4.985517952961859, 45.34499621690037 ], [ 5.117812463969288, 45.289380527849886 ] ] ] } },
{ "type": "Feature", "properties": { "code_geog": "07", "libelle_geog": "Ardèche", "area": 5495.332, "x": 4.416, "y": 44.754 }, "geometry": { "type": "Polygon", "coordinates": [ [ [ 4.800820501667771, 45.292085448575293 ], [ 4.806675452133319, 45.120518340765443 ], [ 4.863281871657558, 44.885909684437365 ], [ 4.764229890735156, 44.76433076832781 ], [ 4.65245152027829, 44.323998060811554 ], [ 4.643880600269613, 44.276578782417637 ], [ 4.552883353383102, 44.321299130649322 ], [ 4.487720341946205, 44.351158094071664 ], [ 4.375027818000469, 44.353313007362118 ], [ 4.280412721740306, 44.302678316930013 ], [ 4.042241033429234, 44.31616608469708 ], [ 4.046131116852339, 44.444605767683719 ], [ 3.993424305390639, 44.459691645142208 ], [ 3.950063025917195, 44.569805752838917 ], [ 3.916651553397104, 44.565531500880873 ], [ 3.861658307266798, 44.747176710119696 ], [ 3.937414162395851, 44.827024277636625 ], [ 4.032606870181116, 44.877967480776931 ], [ 4.152593764278968, 44.861780960314434 ], [ 4.222864670835361, 44.960578222075085 ], [ 4.284672714696981, 45.002356764397319 ], [ 4.368964921293779, 45.105587576259921 ], [ 4.442867564493159, 45.104209767080555 ], [ 4.481595177648397, 45.236790599591345 ], [ 4.589726380502454, 45.24417625367856 ], [ 4.633680958741235, 45.328992852125239 ], [ 4.749585876611587, 45.355115935143658 ], [ 4.800820501667771, 45.292085448575293 ] ] ] } },
{ "type": "Feature", "properties": { "code_geog": "43", "libelle_geog": "Haute-Loire", "area": 4956.427, "x": 3.81, "y": 45.13 }, "geometry": { "type": "Polygon", "coordinates": [ [ [ 3.561874418991739, 45.393534402153414 ], [ 3.669497858498894, 45.373257111061925 ], [ 3.89205545198656, 45.360854275266981 ], [ 4.033231428316575, 45.339751333590726 ], [ 4.169911823028824, 45.389961687005076 ], [ 4.371115450289331, 45.348380859487627 ], [ 4.422591825631871, 45.28076629911525 ], [ 4.481595177648397, 45.236790599591345 ], [ 4.442867564493159, 45.104209767080555 ], [ 4.368964921293779, 45.105587576259921 ], [ 4.284672714696981, 45.002356764397319 ], [ 4.222864670835361, 44.960578222075085 ], [ 4.152593764278968, 44.861780960314434 ], [ 4.032606870181116, 44.877967480776931 ], [ 3.937414162395851, 44.827024277636625 ], [ 3.861658307266798, 44.747176710119696 ], [ 3.821724038531268, 44.752482034476394 ], [ 3.630431707631037, 44.885493191627837 ], [ 3.46519496471791, 44.825928643006201 ], [ 3.357897525204913, 44.957653735586646 ], [ 3.305595941401859, 45.034280009349921 ], [ 3.30044727005605, 45.124764416774362 ], [ 3.202045289211305, 45.282657999702437 ], [ 3.108713318658683, 45.359506840592779 ], [ 3.420198652742493, 45.404520401571205 ], [ 3.561874418991739, 45.393534402153414 ] ] ] } },
{ "type": "Feature", "properties": { "code_geog": "15", "libelle_geog": "Cantal", "area": 5842.095, "x": 2.667, "y": 45.056 }, "geometry": { "type": "Polygon", "coordinates": [ [ [ 2.683796121638376, 45.433038266634092 ], [ 2.798451116819675, 45.399303035674762 ], [ 2.913062627025807, 45.374968838955581 ], [ 2.976888581589454, 45.294986363833054 ], [ 3.108713318658683, 45.359506840592779 ], [ 3.202045289211305, 45.282657999702437 ], [ 3.30044727005605, 45.124764416774362 ], [ 3.305595941401859, 45.034280009349921 ], [ 3.357897525204913, 44.957653735586646 ], [ 3.251536597821048, 44.938735850521141 ], [ 3.189927387224698, 44.866502531260885 ], [ 3.129255690268108, 44.90717002329135 ], [ 3.020591194246308, 44.784149819409606 ], [ 3.039921105164169, 44.7269180116634 ], [ 2.978969519840656, 44.651146070842977 ], [ 2.937308047902673, 44.716113287178906 ], [ 2.877844964327251, 44.799055535102283 ], [ 2.850659134633153, 44.871904961121139 ], [ 2.780906052928144, 44.868901425070412 ], [ 2.748857962722753, 44.935137081390167 ], [ 2.620053128470525, 44.866809977977958 ], [ 2.545886686595372, 44.719442453877129 ], [ 2.485638106861287, 44.652916263611779 ], [ 2.338967412430516, 44.64825773185391 ], [ 2.31896185066225, 44.672049151628535 ], [ 2.218975507446394, 44.648194267962417 ], [ 2.205721721320704, 44.61486685523618 ], [ 2.165645636671259, 44.648124086249119 ], [ 2.138795652749656, 44.700425694581575 ], [ 2.171876862711663, 44.795660406407869 ], [ 2.084622863698608, 44.876402259289307 ], [ 2.057348655201078, 44.976283181678831 ], [ 2.137779855894167, 44.985975707926073 ], [ 2.137728790829375, 45.000254273609492 ], [ 2.090496597505107, 45.062033084920515 ], [ 2.180578212770817, 45.120908283497748 ], [ 2.245715089238675, 45.263130879970603 ], [ 2.353406792447673, 45.342508946806682 ], [ 2.358122200191744, 45.418547164493269 ], [ 2.487563847205839, 45.371594435188662 ], [ 2.541607683052245, 45.376268283903961 ], [ 2.487706084400977, 45.423955097085653 ], [ 2.521727587427808, 45.490545385445635 ], [ 2.683796121638376, 45.433038266634092 ] ] ] } },
{ "type": "Feature", "properties": { "code_geog": "33", "libelle_geog": "Gironde", "area": 9947.162, "x": -0.58, "y": 44.827 }, "geometry": { "type": "Polygon", "coordinates": [ [ [ -1.062773066486996, 45.565780677256669 ], [ -1.051524757578491, 45.546662531178903 ], [ -1.047871195662252, 45.546021322453115 ], [ -1.06122220283342, 45.536575284771182 ], [ -1.06849097067518, 45.527708157946044 ], [ -1.069414087077358, 45.526059132127564 ], [ -1.069695079915389, 45.524384652926059 ], [ -1.069559529717646, 45.520111446013026 ], [ -1.069395800526854, 45.518495553151176 ], [ -1.068904159330975, 45.516754584106643 ], [ -1.068190126673574, 45.515560687938184 ], [ -1.064231158256764, 45.510548507935944 ], [ -1.060216559918134, 45.507742969247388 ], [ -1.052549681061827, 45.502799243544786 ], [ -0.96967939266735, 45.453193142965624 ], [ -0.966872027368174, 45.452240799891449 ], [ -0.963806680559919, 45.451250998769623 ], [ -0.96031594944669, 45.45063385831407 ], [ -0.956758773165648, 45.449973550634184 ], [ -0.951065029108402, 45.447800373215777 ], [ -0.93293849255865, 45.440859621567938 ], [ -0.930696295699803, 45.439709760808697 ], [ -0.834929107359964, 45.372110526454932 ], [ -0.832387804083044, 45.370112032223076 ], [ -0.823226856732729, 45.362899362192934 ], [ -0.823148229049899, 45.362837079284539 ], [ -0.671798962000799, 45.08007440863274 ], [ -0.665133982640237, 45.089122027612113 ], [ -0.699132520457129, 45.242122957953981 ], [ -0.691359954166222, 45.236598632656488 ], [ -0.690630946490653, 45.237248663571428 ], [ -0.691729993945636, 45.244780852583524 ], [ -0.693997083075251, 45.260158482047053 ], [ -0.69481497685717, 45.265110124918635 ], [ -0.69483513355525, 45.265231110226402 ], [ -0.696108367700863, 45.271498231084131 ], [ -0.697666467528841, 45.278072679093775 ], [ -0.699529909993761, 45.283710394545288 ], [ -0.710541249169681, 45.315616050134501 ], [ -0.595319235490368, 45.327793698910192 ], [ -0.41709146623246, 45.275174060359163 ], [ -0.377109901048157, 45.147528843858709 ], [ -0.27557247946744, 45.135673843673047 ], [ -0.172581889457849, 45.090416175896983 ], [ -0.025590422626487, 45.112696273322094 ], [ 0.068698180810344, 45.109901488625454 ], [ 0.020085296775738, 44.985061130316268 ], [ -0.037691076939826, 44.861403271347555 ], [ 0.144641037843598, 44.834476396746311 ], [ 0.299901824388876, 44.857219001227719 ], [ 0.290184813781122, 44.757036417123167 ], [ 0.15086350433316, 44.730551289010222 ], [ 0.105464199961493, 44.696306379065788 ], [ 0.011131056744536, 44.556253783314219 ], [ -0.030673904718929, 44.283943147867653 ], [ -0.127511500866478, 44.224666020744273 ], [ -0.218611461576335, 44.189242559801308 ], [ -0.381825968699189, 44.280538156251502 ], [ -0.649562680659232, 44.454541299972597 ], [ -0.980129045180149, 44.421221525140041 ], [ -1.059423991017654, 44.523603068571269 ], [ -1.253066758616992, 44.46736972724603 ], [ -1.252715233862751, 44.470317385876925 ], [ -1.250584355862336, 44.488941228681774 ], [ -1.25014851023261, 44.496301552949589 ], [ -1.249863896798179, 44.506033641246873 ], [ -1.245343678725132, 44.555903137731931 ], [ -1.218020913512517, 44.611075282583435 ], [ -1.180249670952874, 44.657993390874871 ], [ -1.163575459074316, 44.653328037444595 ], [ -1.145824626478572, 44.640053966608193 ], [ -1.144813236166778, 44.645290643326391 ], [ -1.144758678789443, 44.645427409536893 ], [ -1.142678468905284, 44.646653443092752 ], [ -1.141062184235749, 44.647023724886779 ], [ -1.119111951117826, 44.640871298324285 ], [ -1.053468680622082, 44.651264061336029 ], [ -1.040599938588019, 44.651851086286733 ], [ -1.028168865816836, 44.647487876953079 ], [ -1.026868091224641, 44.644511959083474 ], [ -1.026460875784794, 44.64402929565847 ], [ -1.025804648553778, 44.643599253170557 ], [ -1.024964430974759, 44.64325472336597 ], [ -1.020583191702476, 44.641679264567891 ], [ -1.01598213143531, 44.640640333197418 ], [ -1.015664820752202, 44.640604993775483 ], [ -1.014461708644612, 44.640502123553325 ], [ -1.013218088277849, 44.640538878425389 ], [ -1.012422199179629, 44.640789288948724 ], [ -1.012042599982977, 44.641175553571017 ], [ -1.012052192117155, 44.641336171976562 ], [ -1.012186093385537, 44.641467125359142 ], [ -1.01320901306008, 44.641706037754723 ], [ -1.018882561637681, 44.642757386416193 ], [ -1.003232634686867, 44.648211750459403 ], [ -1.002802801193685, 44.648404839157493 ], [ -1.002826951604305, 44.648810320016068 ], [ -1.004384888171616, 44.654217098938823 ], [ -1.008037632065648, 44.658431655018823 ], [ -1.006728059744749, 44.658637959691404 ], [ -1.009994611922966, 44.66068932414958 ], [ -1.017903719978553, 44.669811479605258 ], [ -1.021801656060092, 44.674022634921428 ], [ -1.052798238677483, 44.703644492084095 ], [ -1.095272173410977, 44.736800301919409 ], [ -1.100849484100485, 44.740417746248859 ], [ -1.103662665645527, 44.742004474216508 ], [ -1.163105807581216, 44.772520342719737 ], [ -1.175921885756604, 44.76364512474926 ], [ -1.231465293432275, 44.693757912996311 ], [ -1.231800301964182, 44.693072932074962 ], [ -1.237038583720903, 44.681604981705291 ], [ -1.237188490440892, 44.680789818846605 ], [ -1.239284608694213, 44.666576477725883 ], [ -1.243366130734552, 44.649697765919257 ], [ -1.24363226375454, 44.649211934982709 ], [ -1.244043786110309, 44.648460278344622 ], [ -1.245734949179876, 44.641966814568441 ], [ -1.245731926192565, 44.640932674496717 ], [ -1.245527965805667, 44.639430162262599 ], [ -1.245495293263503, 44.639382602210389 ], [ -1.258668270542045, 44.631632531101836 ], [ -1.247695643012804, 44.728180582482828 ], [ -1.243656710116472, 44.748644605034862 ], [ -1.239759223642281, 44.767723761927904 ], [ -1.232859801526465, 44.804781443926849 ], [ -1.225468749751718, 44.844593134907797 ], [ -1.223402895737984, 44.856462729644534 ], [ -1.207679889880266, 44.959578087215689 ], [ -1.203298271074893, 44.98983744083084 ], [ -1.167335488558173, 45.259585277367549 ], [ -1.158542578023335, 45.349893098542907 ], [ -1.150676456455728, 45.439533074806974 ], [ -1.15281291964038, 45.456545417866494 ], [ -1.124288946836686, 45.524024221938561 ], [ -1.099486985326959, 45.552443752659194 ], [ -1.062497299831646, 45.566881360936293 ], [ -1.062773066486996, 45.565780677256669 ] ] ] } },
{ "type": "Feature", "properties": { "code_geog": "24", "libelle_geog": "Dordogne", "area": 9400.348, "x": 0.743, "y": 45.11 }, "geometry": { "type": "Polygon", "coordinates": [ [ [ 0.756442224822985, 45.684247036191415 ], [ 0.85355994647715, 45.609394997745142 ], [ 1.050224869247155, 45.611828019266788 ], [ 1.15358733577955, 45.536797681483471 ], [ 1.25009302039074, 45.452086014639718 ], [ 1.318945962012744, 45.38608714300539 ], [ 1.239119826777612, 45.323443126256315 ], [ 1.276224844724519, 45.14767369763517 ], [ 1.39768772944442, 45.124967634276295 ], [ 1.433004903271024, 45.020543320871184 ], [ 1.399452441504137, 45.020264470295935 ], [ 1.422161768234275, 44.863383787354792 ], [ 1.257819354259358, 44.709596150284717 ], [ 1.067223041117132, 44.579060896730077 ], [ 0.992287371760852, 44.649561134377528 ], [ 0.886133952861376, 44.62917488098941 ], [ 0.671520518136237, 44.673733891448819 ], [ 0.623975386438561, 44.70156498432641 ], [ 0.419302411397894, 44.636309530052387 ], [ 0.351664604741503, 44.663671420429424 ], [ 0.342630215887694, 44.730154456665552 ], [ 0.290184813781122, 44.757036417123167 ], [ 0.299901824388876, 44.857219001227719 ], [ 0.144641037843598, 44.834476396746311 ], [ -0.037691076939826, 44.861403271347555 ], [ 0.020085296775738, 44.985061130316268 ], [ 0.068698180810344, 45.109901488625454 ], [ -0.025590422626487, 45.112696273322094 ], [ 0.01055491997634, 45.213485930877589 ], [ 0.15176924333435, 45.221114873573669 ], [ 0.249562784247412, 45.308725958533365 ], [ 0.259130772395333, 45.413690849244077 ], [ 0.518334218716848, 45.551573918962823 ], [ 0.502091782364699, 45.632277135533897 ], [ 0.63545213930314, 45.710586122004635 ], [ 0.756442224822985, 45.684247036191415 ] ] ] } },
{ "type": "Feature", "properties": { "code_geog": "19", "libelle_geog": "Corrèze", "area": 6010.454, "x": 1.884, "y": 45.359 }, "geometry": { "type": "Polygon", "coordinates": [ [ [ 2.18948012008079, 45.723852894985512 ], [ 2.277901236654248, 45.662051278941611 ], [ 2.481767222905209, 45.73813926807177 ], [ 2.522477345168015, 45.714277844721302 ], [ 2.522253377051382, 45.647633079264274 ], [ 2.528676433445158, 45.542896021507367 ], [ 2.521727587427808, 45.490545385445635 ], [ 2.487706084400977, 45.423955097085653 ], [ 2.541607683052245, 45.376268283903961 ], [ 2.487563847205839, 45.371594435188662 ], [ 2.358122200191744, 45.418547164493269 ], [ 2.353406792447673, 45.342508946806682 ], [ 2.245715089238675, 45.263130879970603 ], [ 2.180578212770817, 45.120908283497748 ], [ 2.090496597505107, 45.062033084920515 ], [ 2.137728790829375, 45.000254273609492 ], [ 2.137779855894167, 44.985975707926073 ], [ 2.057348655201078, 44.976283181678831 ], [ 1.803139719242544, 44.913475831684714 ], [ 1.742352357609354, 44.960759265898496 ], [ 1.640911303834761, 45.031563621710781 ], [ 1.433004903271024, 45.020543320871184 ], [ 1.39768772944442, 45.124967634276295 ], [ 1.276224844724519, 45.14767369763517 ], [ 1.239119826777612, 45.323443126256315 ], [ 1.318945962012744, 45.38608714300539 ], [ 1.25009302039074, 45.452086014639718 ], [ 1.350939607718362, 45.486345105726009 ], [ 1.609862255428492, 45.59037610587837 ], [ 1.757709061491958, 45.664897313297161 ], [ 1.897460193017702, 45.694526429763954 ], [ 2.039699734857386, 45.7711611253741 ], [ 2.18948012008079, 45.723852894985512 ] ] ] } },
{ "type": "Feature", "properties": { "code_geog": "38", "libelle_geog": "Isère", "area": 7748.352, "x": 5.585, "y": 45.257 }, "geometry": { "type": "Polygon", "coordinates": [ [ [ 5.622915646870648, 45.613876455330065 ], [ 5.821562844710282, 45.42680333170405 ], [ 5.942183979669903, 45.408674689066558 ], [ 5.968368489615829, 45.498364027223758 ], [ 6.139565675775781, 45.425946118657265 ], [ 6.187620620216133, 45.338514439201042 ], [ 6.136195152156615, 45.278329295119065 ], [ 6.1546208883668, 45.153796784620425 ], [ 6.218154701356625, 45.099172831348902 ], [ 6.198130150078893, 45.004565637986389 ], [ 6.319072615343612, 45.005047478461798 ], [ 6.355347575430912, 44.856002669697588 ], [ 6.120790695156979, 44.85475996854754 ], [ 6.078144800848501, 44.818096470211366 ], [ 5.95452694380745, 44.769812094793984 ], [ 5.826531774109394, 44.754881872660441 ], [ 5.809647818427062, 44.698251798697136 ], [ 5.473631455492562, 44.77977460324702 ], [ 5.484330490592974, 44.969992419826703 ], [ 5.462330078215502, 45.056354168144722 ], [ 5.146918516107755, 45.064797849415584 ], [ 5.209197628934253, 45.22990328331435 ], [ 5.117812463969288, 45.289380527849886 ], [ 4.985517952961859, 45.34499621690037 ], [ 4.800820501667771, 45.292085448575293 ], [ 4.749585876611587, 45.355115935143658 ], [ 4.76091303987822, 45.459641743424449 ], [ 4.885453191376828, 45.518783840477099 ], [ 5.019115425419328, 45.62044274171889 ], [ 5.152540704536682, 45.707670393513304 ], [ 5.137492956550002, 45.812842449560804 ], [ 5.237276575176779, 45.767437562629226 ], [ 5.359623413331563, 45.888072838395779 ], [ 5.622915646870648, 45.613876455330065 ] ] ] } },
{ "type": "Feature", "properties": { "code_geog": "73", "libelle_geog": "Savoie", "area": 6108.047, "x": 6.447, "y": 45.473 }, "geometry": { "type": "Polygon", "coordinates": [ [ [ 5.880871353365717, 45.930041044369339 ], [ 5.874119864964249, 45.825417917383959 ], [ 6.072659481847055, 45.737972699251678 ], [ 6.245818640221748, 45.684408802031307 ], [ 6.314678344779777, 45.696285870653675 ], [ 6.523695760212117, 45.850754093182786 ], [ 6.662788580274558, 45.797809566526901 ], [ 6.711854451607503, 45.729159855920891 ], [ 6.797528688995036, 45.778231802823754 ], [ 6.798058528454317, 45.778201495940209 ], [ 6.798297554239716, 45.777653417055689 ], [ 6.802318907849367, 45.768430854131182 ], [ 6.804305666772708, 45.763873232148242 ], [ 6.806062554851266, 45.747634164849408 ], [ 6.808630330192648, 45.72698585923149 ], [ 6.808933100582656, 45.725171508139383 ], [ 6.82769085715081, 45.704371099159644 ], [ 6.829624511871215, 45.702851754571398 ], [ 6.831457489995383, 45.701508010621197 ], [ 6.838179150984583, 45.686046211103914 ], [ 6.865856618495266, 45.679537348530602 ], [ 6.91547686632971, 45.651928334769394 ], [ 6.93041254024895, 45.646900563368632 ], [ 6.934393172383166, 45.646872321902187 ], [ 6.95533190663407, 45.652183728066682 ], [ 6.986557486021308, 45.625450632963428 ], [ 6.993603198487754, 45.512788118801453 ], [ 6.999883419048819, 45.509670318911247 ], [ 7.00048242336765, 45.504806306076169 ], [ 7.000835205207285, 45.504431077357268 ], [ 7.099685901662463, 45.458798214456742 ], [ 7.17943830117497, 45.410750201296942 ], [ 7.126356643993731, 45.244880378870526 ], [ 6.897351301228999, 45.168690285347537 ], [ 6.787073646240769, 45.155990631590093 ], [ 6.780158494932606, 45.158039874905839 ], [ 6.778212560345783, 45.158388070353787 ], [ 6.769467945634293, 45.15971076509225 ], [ 6.768452438553194, 45.159751320470264 ], [ 6.712622040334614, 45.144659232797132 ], [ 6.674340843166691, 45.130774484393761 ], [ 6.63713553265174, 45.116270792322794 ], [ 6.494363677071314, 45.103459232725235 ], [ 6.360126595697335, 45.10841047034647 ], [ 6.218154701356625, 45.099172831348902 ], [ 6.1546208883668, 45.153796784620425 ], [ 6.136195152156615, 45.278329295119065 ], [ 6.187620620216133, 45.338514439201042 ], [ 6.139565675775781, 45.425946118657265 ], [ 5.968368489615829, 45.498364027223758 ], [ 5.942183979669903, 45.408674689066558 ], [ 5.821562844710282, 45.42680333170405 ], [ 5.622915646870648, 45.613876455330065 ], [ 5.696484130991705, 45.70698485633298 ], [ 5.770850162359381, 45.699967257007479 ], [ 5.833465866703579, 45.936289316898666 ], [ 5.880871353365717, 45.930041044369339 ] ] ] } },
{ "type": "Feature", "properties": { "code_geog": "17", "libelle_geog": "Charente-Maritime", "area": 170.542, "x": -1.293, "y": 45.937 }, "geometry": { "type": "Polygon", "coordinates": [ [ [ -1.356507399880551, 46.026492868577648 ], [ -1.306301409867062, 45.989025065759769 ], [ -1.267719074619561, 45.990266105648679 ], [ -1.267340946745064, 45.99011157262715 ], [ -1.259420442702688, 45.990531307325632 ], [ -1.255739086789734, 45.990648757310687 ], [ -1.247080761045829, 45.990487695785745 ], [ -1.245905647940646, 45.99029991043524 ], [ -1.245111462512179, 45.990009938991236 ], [ -1.243778041016755, 45.989376846568447 ], [ -1.242745905724023, 45.988692660351518 ], [ -1.198157709111559, 45.854800724211806 ], [ -1.198419999938971, 45.830863838332384 ], [ -1.239891928873122, 45.806991358922311 ], [ -1.279210564025431, 45.896352354658724 ], [ -1.37963738999608, 45.94680209255246 ], [ -1.385138168423131, 45.95245958303498 ], [ -1.386202149151367, 45.953865541263575 ], [ -1.386720277379697, 45.954839189245725 ], [ -1.404996923126687, 46.028633074787962 ], [ -1.409228971443053, 46.047948281032177 ], [ -1.356507399880551, 46.026492868577648 ] ] ] } },
{ "type": "Feature", "properties": { "code_geog": "16", "libelle_geog": "Charente", "area": 5994.426, "x": 0.198, "y": 45.716 }, "geometry": { "type": "Polygon", "coordinates": [ [ [ 0.569627186703838, 46.066791670786984 ], [ 0.725111776593851, 46.131034569565209 ], [ 0.814266441403982, 46.127508834395357 ], [ 0.94178295658268, 45.962465025548326 ], [ 0.819292138611085, 45.94659371745724 ], [ 0.782395098705384, 45.803209301755359 ], [ 0.63545213930314, 45.710586122004635 ], [ 0.502091782364699, 45.632277135533897 ], [ 0.518334218716848, 45.551573918962823 ], [ 0.259130772395333, 45.413690849244077 ], [ 0.249562784247412, 45.308725958533365 ], [ 0.15176924333435, 45.221114873573669 ], [ 0.01055491997634, 45.213485930877589 ], [ -0.13358506304995, 45.272301966650495 ], [ -0.285221152518558, 45.340289469245292 ], [ -0.296076331046573, 45.56871079312748 ], [ -0.421119707302388, 45.6276363828798 ], [ -0.448926229090798, 45.774651812543965 ], [ -0.143725331398213, 45.80086555611679 ], [ -0.096452342771803, 45.963877791446286 ], [ -0.011601246943401, 46.056193806215269 ], [ 0.192018170990267, 46.09835657959642 ], [ 0.255048593962384, 46.061427764136823 ], [ 0.433177469174861, 46.055045852785931 ], [ 0.438364452744833, 46.102766201164009 ], [ 0.491829503280258, 46.141756764507683 ], [ 0.569627186703838, 46.066791670786984 ] ] ] } },
{ "type": "Feature", "properties": { "code_geog": "63", "libelle_geog": "Puy-de-Dôme", "area": 8013.661, "x": 3.145, "y": 45.736 }, "geometry": { "type": "Polygon", "coordinates": [ [ [ 2.967872194586638, 46.116423334605543 ], [ 3.406035973883621, 46.071166687660607 ], [ 3.596648232578105, 46.031112599256815 ], [ 3.690904996099196, 45.972886741257625 ], [ 3.690317327534415, 45.949087191964381 ], [ 3.743071980148974, 45.877023590648513 ], [ 3.699470411515449, 45.768053691435789 ], [ 3.811638548016848, 45.638084989089933 ], [ 3.931972642581362, 45.574539832450618 ], [ 3.989114808441454, 45.445158583761291 ], [ 3.886636040960255, 45.408539770387442 ], [ 3.89205545198656, 45.360854275266981 ], [ 3.669497858498894, 45.373257111061925 ], [ 3.561874418991739, 45.393534402153414 ], [ 3.420198652742493, 45.404520401571205 ], [ 3.108713318658683, 45.359506840592779 ], [ 2.976888581589454, 45.294986363833054 ], [ 2.913062627025807, 45.374968838955581 ], [ 2.798451116819675, 45.399303035674762 ], [ 2.683796121638376, 45.433038266634092 ], [ 2.521727587427808, 45.490545385445635 ], [ 2.528676433445158, 45.542896021507367 ], [ 2.522253377051382, 45.647633079264274 ], [ 2.522477345168015, 45.714277844721302 ], [ 2.481767222905209, 45.73813926807177 ], [ 2.400286006933616, 45.823902132033474 ], [ 2.441212056274152, 45.861954270048841 ], [ 2.488906295584204, 45.861900071950444 ], [ 2.605295686314177, 45.975935593732515 ], [ 2.544240500774837, 46.080796083808231 ], [ 2.558153591309108, 46.137896174407771 ], [ 2.654108644093002, 46.151948967347451 ], [ 2.760135734553496, 46.222138608809821 ], [ 2.928804502147004, 46.253613842746759 ], [ 2.967872194586638, 46.116423334605543 ] ] ] } },
{ "type": "Feature", "properties": { "code_geog": "42", "libelle_geog": "Loire", "area": 4903.21, "x": 4.166, "y": 45.731 }, "geometry": { "type": "Polygon", "coordinates": [ [ [ 3.881918410128117, 46.208502787411874 ], [ 4.271295422190174, 46.164422356404863 ], [ 4.389697521111345, 46.214719383633046 ], [ 4.331870028471987, 46.033189968691332 ], [ 4.34928388717502, 45.863053085261633 ], [ 4.376449648821804, 45.676845282551085 ], [ 4.49472333339542, 45.574627971229383 ], [ 4.677652700961666, 45.570950885422604 ], [ 4.76091303987822, 45.459641743424449 ], [ 4.749585876611587, 45.355115935143658 ], [ 4.633680958741235, 45.328992852125239 ], [ 4.589726380502454, 45.24417625367856 ], [ 4.481595177648397, 45.236790599591345 ], [ 4.422591825631871, 45.28076629911525 ], [ 4.371115450289331, 45.348380859487627 ], [ 4.169911823028824, 45.389961687005076 ], [ 4.033231428316575, 45.339751333590726 ], [ 3.89205545198656, 45.360854275266981 ], [ 3.886636040960255, 45.408539770387442 ], [ 3.989114808441454, 45.445158583761291 ], [ 3.931972642581362, 45.574539832450618 ], [ 3.811638548016848, 45.638084989089933 ], [ 3.699470411515449, 45.768053691435789 ], [ 3.743071980148974, 45.877023590648513 ], [ 3.690317327534415, 45.949087191964381 ], [ 3.690904996099196, 45.972886741257625 ], [ 3.820602989663601, 45.971254410157371 ], [ 3.779838482618636, 46.238418168155206 ], [ 3.890806487765954, 46.279802332752169 ], [ 3.881918410128117, 46.208502787411874 ] ] ] } },
{ "type": "Feature", "properties": { "code_geog": "69", "libelle_geog": "Rhône", "area": 3309.043, "x": 4.658, "y": 45.865 }, "geometry": { "type": "Polygon", "coordinates": [ [ [ 4.68106880527018, 46.290026439744629 ], [ 4.686495972084217, 46.256575285020396 ], [ 4.724319517440128, 46.179580938900067 ], [ 4.779119095384081, 46.17841119837604 ], [ 4.812071509170559, 46.149117229304252 ], [ 4.740679339256784, 46.083979531521301 ], [ 4.741240612701061, 45.941085400369133 ], [ 4.849489073312572, 45.91967107299515 ], [ 4.906160982514438, 45.818369651781886 ], [ 5.083065969413991, 45.814185801607216 ], [ 5.137492956550002, 45.812842449560804 ], [ 5.152540704536682, 45.707670393513304 ], [ 5.019115425419328, 45.62044274171889 ], [ 4.885453191376828, 45.518783840477099 ], [ 4.76091303987822, 45.459641743424449 ], [ 4.677652700961666, 45.570950885422604 ], [ 4.49472333339542, 45.574627971229383 ], [ 4.376449648821804, 45.676845282551085 ], [ 4.34928388717502, 45.863053085261633 ], [ 4.331870028471987, 46.033189968691332 ], [ 4.389697521111345, 46.214719383633046 ], [ 4.399791390173256, 46.300255353668014 ], [ 4.68106880527018, 46.290026439744629 ] ] ] } },
{ "type": "Feature", "properties": { "code_geog": "17", "libelle_geog": "Charente-Maritime", "area": 84.896, "x": -1.408, "y": 46.197 }, "geometry": { "type": "Polygon", "coordinates": [ [ [ -1.485255204438658, 46.242133465005878 ], [ -1.515601040891866, 46.221807791397119 ], [ -1.489569311507722, 46.21099645649744 ], [ -1.445130801241507, 46.227253973684363 ], [ -1.353875639553674, 46.206180232135715 ], [ -1.309268318464901, 46.191346984817223 ], [ -1.291654987806715, 46.174716681189977 ], [ -1.269345904784185, 46.153634215529785 ], [ -1.272664851717958, 46.151203778399442 ], [ -1.284553777300832, 46.145824672978875 ], [ -1.303927697342403, 46.14295032864576 ], [ -1.307304220652707, 46.143066634862876 ], [ -1.310892709714458, 46.14344620103887 ], [ -1.318545622770343, 46.144731556262904 ], [ -1.44674735392884, 46.200742480637217 ], [ -1.504613900729475, 46.194743583294851 ], [ -1.533086635163927, 46.202396835066473 ], [ -1.533684938282019, 46.202601559659776 ], [ -1.53403398728984, 46.202949934441648 ], [ -1.549862320729149, 46.227539686103611 ], [ -1.543379030193264, 46.243120993581051 ], [ -1.50667831764025, 46.257479783164378 ], [ -1.485255204438658, 46.242133465005878 ] ] ] } },
{ "type": "Feature", "properties": { "code_geog": "87", "libelle_geog": "Haute-Vienne", "area": 5446.232, "x": 1.238, "y": 45.902 }, "geometry": { "type": "Polygon", "coordinates": [ [ [ 1.406335064585775, 46.352995263305488 ], [ 1.432353066798786, 46.301120589058478 ], [ 1.462119718949779, 46.158527343805567 ], [ 1.56046145808006, 45.987860545716707 ], [ 1.617095573860221, 45.835893611062922 ], [ 1.759909377501202, 45.855759769835615 ], [ 1.896813136216513, 45.775451959195188 ], [ 1.897460193017702, 45.694526429763954 ], [ 1.757709061491958, 45.664897313297161 ], [ 1.609862255428492, 45.59037610587837 ], [ 1.350939607718362, 45.486345105726009 ], [ 1.25009302039074, 45.452086014639718 ], [ 1.15358733577955, 45.536797681483471 ], [ 1.050224869247155, 45.611828019266788 ], [ 0.85355994647715, 45.609394997745142 ], [ 0.756442224822985, 45.684247036191415 ], [ 0.63545213930314, 45.710586122004635 ], [ 0.782395098705384, 45.803209301755359 ], [ 0.819292138611085, 45.94659371745724 ], [ 0.94178295658268, 45.962465025548326 ], [ 0.814266441403982, 46.127508834395357 ], [ 0.777451308246788, 46.21749998301248 ], [ 0.885292548360368, 46.290373524042735 ], [ 1.00216539866009, 46.287048188798614 ], [ 1.192464574258093, 46.384376041184069 ], [ 1.336779206126395, 46.39526392720709 ], [ 1.406335064585775, 46.352995263305488 ] ] ] } },
{ "type": "Feature", "properties": { "code_geog": "17", "libelle_geog": "Charente-Maritime", "area": 6512.595, "x": -0.653, "y": 45.775 }, "geometry": { "type": "Polygon", "coordinates": [ [ [ -0.750838700435008, 46.300485562246564 ], [ -0.73281650076457, 46.224728815355348 ], [ -0.096452342771803, 45.963877791446286 ], [ -0.143725331398213, 45.80086555611679 ], [ -0.448926229090798, 45.774651812543965 ], [ -0.421119707302388, 45.6276363828798 ], [ -0.296076331046573, 45.56871079312748 ], [ -0.285221152518558, 45.340289469245292 ], [ -0.13358506304995, 45.272301966650495 ], [ 0.01055491997634, 45.213485930877589 ], [ -0.025590422626487, 45.112696273322094 ], [ -0.172581889457849, 45.090416175896983 ], [ -0.27557247946744, 45.135673843673047 ], [ -0.377109901048157, 45.147528843858709 ], [ -0.41709146623246, 45.275174060359163 ], [ -0.595319235490368, 45.327793698910192 ], [ -0.710541249169681, 45.315616050134501 ], [ -0.7258528872145, 45.35991964538367 ], [ -0.73961372505145, 45.398010646355608 ], [ -0.740794414743683, 45.400859058505667 ], [ -0.74199947693957, 45.403140237254711 ], [ -0.754911597355244, 45.445803836764746 ], [ -0.756822257846936, 45.452111274573809 ], [ -0.773818156547576, 45.462308723380758 ], [ -0.794803737295557, 45.474891240948686 ], [ -0.810810208939881, 45.4844819153777 ], [ -0.818553327948971, 45.491557291163666 ], [ -0.833393999044108, 45.500295705299521 ], [ -0.837536219661078, 45.50335444822111 ], [ -0.847808979424621, 45.51053519896081 ], [ -0.857957045797399, 45.515789579938442 ], [ -0.876045477538224, 45.523511373506189 ], [ -0.884695350515337, 45.528679515127763 ], [ -0.902559331994949, 45.539347760959153 ], [ -0.934412121613854, 45.558352787022969 ], [ -0.977988675892716, 45.584317082121949 ], [ -1.019984337956604, 45.621841676945699 ], [ -1.031467169397521, 45.617978174209519 ], [ -1.050591935737816, 45.626776278187187 ], [ -1.055709592485462, 45.625125325070975 ], [ -1.056221968137437, 45.625109793421416 ], [ -1.073598148355469, 45.630128707057622 ], [ -1.230946604066318, 45.682830595102068 ], [ -1.231959931150007, 45.685207511935232 ], [ -1.233586052438304, 45.689478598491547 ], [ -1.235230005511841, 45.696000616792276 ], [ -1.235644008150582, 45.698419054737315 ], [ -1.237881326099427, 45.717035326741325 ], [ -1.239936544784445, 45.736783227173994 ], [ -1.241743421740396, 45.763563923324412 ], [ -1.241776076792364, 45.767030258494842 ], [ -1.241574548642038, 45.7846888053434 ], [ -1.241364464288058, 45.785415998615193 ], [ -1.241017139768831, 45.786012472512532 ], [ -1.24059335445724, 45.786400586323801 ], [ -1.14136534354521, 45.796172350052743 ], [ -1.110222222439819, 45.799220479906573 ], [ -1.107535069766418, 45.818331850913857 ], [ -1.106649562837603, 45.824626770845761 ], [ -1.103590927443057, 45.846359005136044 ], [ -1.100790888506759, 45.866238767949127 ], [ -1.074417719214874, 45.936202647534181 ], [ -1.07083510368035, 45.945692567538451 ], [ -1.069346958725216, 45.949633491730992 ], [ -1.063496617311736, 45.949979596086948 ], [ -1.063437769061759, 45.95007142729532 ], [ -1.056415736488238, 45.983853486910668 ], [ -1.048014371302204, 46.006062458222459 ], [ -1.051985390315804, 46.012096688747867 ], [ -1.055290931283534, 46.03429276324551 ], [ -1.055913055115241, 46.035985082600902 ], [ -1.061243341527915, 46.045820667198335 ], [ -1.100881874810146, 46.094481620130644 ], [ -1.108743269447602, 46.098183956544275 ], [ -1.131243912043263, 46.132229046853944 ], [ -1.212033406718856, 46.153865930950325 ], [ -1.22302886247103, 46.166017739062994 ], [ -1.198531561517263, 46.19902887824275 ], [ -1.12873306844926, 46.253738337241593 ], [ -1.11156077760807, 46.260341590135852 ], [ -1.110513361235471, 46.261229032681243 ], [ -1.11033035873946, 46.261414720060884 ], [ -1.11132185070617, 46.265797355453373 ], [ -1.118776093320188, 46.295289259595513 ], [ -1.122048439945798, 46.301808677158654 ], [ -1.125992007247236, 46.307632077233329 ], [ -1.12856587781869, 46.310300180123214 ], [ -1.129539608722105, 46.311306073951904 ], [ -1.135241153957116, 46.313515151722306 ], [ -0.940189237387897, 46.361892637326342 ], [ -0.750838700435008, 46.300485562246564 ] ] ] } },
{ "type": "Feature", "properties": { "code_geog": "23", "libelle_geog": "Creuse", "area": 5639.372, "x": 2.021, "y": 46.097 }, "geometry": { "type": "Polygon", "coordinates": [ [ [ 2.162582675022189, 46.428105698439943 ], [ 2.277064690485655, 46.428487549071207 ], [ 2.414601587761077, 46.318985145143024 ], [ 2.517443045550661, 46.252220422341239 ], [ 2.558153591309108, 46.137896174407771 ], [ 2.544240500774837, 46.080796083808231 ], [ 2.605295686314177, 45.975935593732515 ], [ 2.488906295584204, 45.861900071950444 ], [ 2.441212056274152, 45.861954270048841 ], [ 2.400286006933616, 45.823902132033474 ], [ 2.481767222905209, 45.73813926807177 ], [ 2.277901236654248, 45.662051278941611 ], [ 2.18948012008079, 45.723852894985512 ], [ 2.039699734857386, 45.7711611253741 ], [ 1.897460193017702, 45.694526429763954 ], [ 1.896813136216513, 45.775451959195188 ], [ 1.759909377501202, 45.855759769835615 ], [ 1.617095573860221, 45.835893611062922 ], [ 1.56046145808006, 45.987860545716707 ], [ 1.462119718949779, 46.158527343805567 ], [ 1.432353066798786, 46.301120589058478 ], [ 1.406335064585775, 46.352995263305488 ], [ 1.501653236824424, 46.415643914894488 ], [ 1.749301990724988, 46.436242886713387 ], [ 2.162582675022189, 46.428105698439943 ] ] ] } },
{ "type": "Feature", "properties": { "code_geog": "74", "libelle_geog": "Haute-Savoie", "area": 4649.964, "x": 6.427, "y": 46.031 }, "geometry": { "type": "Polygon", "coordinates": [ [ [ 6.771734586430665, 46.397454953678107 ], [ 6.852583972870304, 46.292071109450262 ], [ 6.843927320053271, 46.24875322865411 ], [ 6.81096159442751, 46.214284819888533 ], [ 6.81039244082163, 46.213676514421088 ], [ 6.8047726339327, 46.205292523805689 ], [ 6.804177882945911, 46.204369797129758 ], [ 6.804078523872589, 46.203157149756827 ], [ 6.805550138306789, 46.200161202470298 ], [ 6.806358587468764, 46.198516161970872 ], [ 6.809424128079888, 46.191591122020377 ], [ 6.813215486259996, 46.181663365072254 ], [ 6.811409177482108, 46.180202893566744 ], [ 6.809510489790974, 46.179196637632486 ], [ 6.808036593584005, 46.178624133594738 ], [ 6.807870475925832, 46.178180120873456 ], [ 6.806707732857981, 46.175072025355085 ], [ 6.806121144287591, 46.17266207361785 ], [ 6.805977136935174, 46.172487535264104 ], [ 6.800247817840298, 46.168253194349688 ], [ 6.799137917974619, 46.168161850769494 ], [ 6.798537794262525, 46.167960256110725 ], [ 6.797577756764868, 46.167322284589027 ], [ 6.795355155441323, 46.165517561127082 ], [ 6.793258302271301, 46.163662782779014 ], [ 6.792549602139013, 46.162924746722283 ], [ 6.790909153472361, 46.154743841264406 ], [ 6.790940784892277, 46.15433707353332 ], [ 6.795820333371538, 46.141798752366157 ], [ 6.792985724553254, 46.136062076728905 ], [ 6.891774358466755, 46.082166122662727 ], [ 6.89175390270188, 46.082049901884417 ], [ 6.890727697912489, 46.076729068122845 ], [ 6.888833936620514, 46.07342592643235 ], [ 6.873323260344709, 46.051932842731134 ], [ 6.926975198088706, 46.062915082005972 ], [ 6.943789982119543, 46.053710566891716 ], [ 6.943791433048954, 46.053709041353109 ], [ 6.963413325259031, 46.030555714980025 ], [ 6.985603243591735, 46.00467722261039 ], [ 6.986160292122729, 46.004383851348734 ], [ 6.993651493305048, 46.00122290354561 ], [ 7.038119160943199, 45.954309680173679 ], [ 7.039064801758253, 45.947297997291578 ], [ 7.040722225360426, 45.931996531481758 ], [ 7.041585533137759, 45.922496643340473 ], [ 6.979573021353685, 45.868833871340307 ], [ 6.978503580190552, 45.868266405198248 ], [ 6.918135434808988, 45.855822370244979 ], [ 6.918101182676405, 45.855815299226165 ], [ 6.856426204243406, 45.843062571385346 ], [ 6.82266521559727, 45.837537248689323 ], [ 6.821215025047701, 45.837144572598376 ], [ 6.820682684874683, 45.836940533985562 ], [ 6.819399595324982, 45.836225761266014 ], [ 6.818909515250492, 45.835749681481644 ], [ 6.818563182620078, 45.835213829318029 ], [ 6.816271887358202, 45.834738378366616 ], [ 6.814288591633372, 45.828599130141875 ], [ 6.806961411898811, 45.817256648248417 ], [ 6.803624819155483, 45.795565603192408 ], [ 6.798039047756983, 45.778246164887889 ], [ 6.798058528454317, 45.778201495940209 ], [ 6.797528688995036, 45.778231802823754 ], [ 6.711854451607503, 45.729159855920891 ], [ 6.662788580274558, 45.797809566526901 ], [ 6.523695760212117, 45.850754093182786 ], [ 6.314678344779777, 45.696285870653675 ], [ 6.245818640221748, 45.684408802031307 ], [ 6.072659481847055, 45.737972699251678 ], [ 5.874119864964249, 45.825417917383959 ], [ 5.880871353365717, 45.930041044369339 ], [ 5.833465866703579, 45.936289316898666 ], [ 5.806010040231972, 46.041971073441388 ], [ 5.823305191708559, 46.098620243747057 ], [ 5.856870884276864, 46.088048751989326 ], [ 5.981809121683076, 46.140419244759173 ], [ 5.982797615230522, 46.137235127249191 ], [ 6.129538810597456, 46.140229666250043 ], [ 6.131755160428706, 46.140425474627015 ], [ 6.133584062805633, 46.140828681148982 ], [ 6.141902289597476, 46.140800318698567 ], [ 6.147699937715311, 46.146253728458298 ], [ 6.176006218593355, 46.158351405249 ], [ 6.177637150220626, 46.159113455153253 ], [ 6.294998736191151, 46.224954387417959 ], [ 6.296183977232073, 46.226084029891759 ], [ 6.296701766904539, 46.226707224549337 ], [ 6.306121862949574, 46.230484294850349 ], [ 6.306725156962494, 46.238767782311562 ], [ 6.307351251191831, 46.239520919734389 ], [ 6.310783389050491, 46.243859728272454 ], [ 6.30993056935751, 46.249970473900362 ], [ 6.308357115299482, 46.254214682169902 ], [ 6.307864481606694, 46.254404381906092 ], [ 6.308893512836681, 46.268519538265068 ], [ 6.266382152870078, 46.250936447440218 ], [ 6.25910645372256, 46.25540593421367 ], [ 6.238973944213615, 46.27540936135987 ], [ 6.238617381656301, 46.275872055499697 ], [ 6.238283342009915, 46.276649257644408 ], [ 6.238104627426557, 46.277781437490525 ], [ 6.238964622988415, 46.281625335182177 ], [ 6.246194448046076, 46.298953960812028 ], [ 6.247512128171111, 46.301834580019971 ], [ 6.25036095876892, 46.308061400409237 ], [ 6.277560466398682, 46.350221402983856 ], [ 6.287801152598903, 46.357044852123288 ], [ 6.303667995766148, 46.365954939659545 ], [ 6.337137481401115, 46.372393451387374 ], [ 6.37622649931135, 46.342407738805939 ], [ 6.469494461592405, 46.387446415962735 ], [ 6.63484029043224, 46.405469752683324 ], [ 6.6502055619516, 46.406238510557998 ], [ 6.690204227647579, 46.408000485215695 ], [ 6.693209014581585, 46.408110481209256 ], [ 6.699398984933972, 46.408143084980587 ], [ 6.701111865796921, 46.408041199311057 ], [ 6.724887285532754, 46.407611199061485 ], [ 6.771734586430665, 46.397454953678107 ] ] ] } },
{ "type": "Feature", "properties": { "code_geog": "01", "libelle_geog": "Ain", "area": 5743.543, "x": 5.346, "y": 46.099 }, "geometry": { "type": "Polygon", "coordinates": [ [ [ 5.194271282019008, 46.511668759095862 ], [ 5.239198889292856, 46.448603653599257 ], [ 5.304276014939985, 46.441910370439139 ], [ 5.31595673415715, 46.403482646204594 ], [ 5.46648107338345, 46.265997260631067 ], [ 5.541657124189241, 46.259130227138442 ], [ 5.636017761896609, 46.342208821719503 ], [ 5.68950214131628, 46.316809375594431 ], [ 5.707152084484105, 46.268624893115231 ], [ 5.851202715472058, 46.264247143314364 ], [ 6.074244116045177, 46.409656469840556 ], [ 6.074873064577641, 46.409959445671525 ], [ 6.074788844438485, 46.409682672850288 ], [ 6.119747017460469, 46.39061344431623 ], [ 6.168479810667442, 46.369907939788497 ], [ 6.170893578420038, 46.367497038254811 ], [ 6.170841465287142, 46.367115182741777 ], [ 6.170654809387353, 46.366760853465188 ], [ 6.170116667028098, 46.365739264563175 ], [ 6.10291149341881, 46.28487899891897 ], [ 6.031642806305404, 46.236831285426199 ], [ 6.013796373497164, 46.231062515446915 ], [ 5.979053251142625, 46.217054513022887 ], [ 5.977981520636341, 46.216548599498275 ], [ 5.975696664623659, 46.215361156246104 ], [ 5.975293287331575, 46.215148959230952 ], [ 5.974198720747832, 46.214079183887854 ], [ 5.968466845887956, 46.213226474842436 ], [ 5.969816040340765, 46.207078649747473 ], [ 5.964750322334353, 46.198059538699539 ], [ 5.964225630335673, 46.196995562716516 ], [ 5.981809121683076, 46.140419244759173 ], [ 5.856870884276864, 46.088048751989326 ], [ 5.823305191708559, 46.098620243747057 ], [ 5.806010040231972, 46.041971073441388 ], [ 5.833465866703579, 45.936289316898666 ], [ 5.770850162359381, 45.699967257007479 ], [ 5.696484130991705, 45.70698485633298 ], [ 5.622915646870648, 45.613876455330065 ], [ 5.359623413331563, 45.888072838395779 ], [ 5.237276575176779, 45.767437562629226 ], [ 5.137492956550002, 45.812842449560804 ], [ 5.083065969413991, 45.814185801607216 ], [ 4.906160982514438, 45.818369651781886 ], [ 4.849489073312572, 45.91967107299515 ], [ 4.741240612701061, 45.941085400369133 ], [ 4.740679339256784, 46.083979531521301 ], [ 4.812071509170559, 46.149117229304252 ], [ 4.779119095384081, 46.17841119837604 ], [ 4.946408186637456, 46.522384269767201 ], [ 5.194271282019008, 46.511668759095862 ] ] ] } },
{ "type": "Feature", "properties": { "code_geog": "03", "libelle_geog": "Allier", "area": 7123.21, "x": 3.191, "y": 46.398 }, "geometry": { "type": "Polygon", "coordinates": [ [ [ 3.479716243874323, 46.651282694212405 ], [ 3.620102634388456, 46.740254707932635 ], [ 3.639611137043846, 46.687662838457641 ], [ 3.73263373455584, 46.538967778370818 ], [ 4.006615245930516, 46.473381286885015 ], [ 4.002236661973551, 46.330597888040685 ], [ 3.890806487765954, 46.279802332752169 ], [ 3.779838482618636, 46.238418168155206 ], [ 3.820602989663601, 45.971254410157371 ], [ 3.690904996099196, 45.972886741257625 ], [ 3.596648232578105, 46.031112599256815 ], [ 3.406035973883621, 46.071166687660607 ], [ 2.967872194586638, 46.116423334605543 ], [ 2.928804502147004, 46.253613842746759 ], [ 2.760135734553496, 46.222138608809821 ], [ 2.654108644093002, 46.151948967347451 ], [ 2.558153591309108, 46.137896174407771 ], [ 2.517443045550661, 46.252220422341239 ], [ 2.414601587761077, 46.318985145143024 ], [ 2.277064690485655, 46.428487549071207 ], [ 2.29769339079364, 46.461819356272571 ], [ 2.345924152851415, 46.514192242938556 ], [ 2.545912827747814, 46.518761567575567 ], [ 2.573850009718492, 46.599633719217387 ], [ 2.712965428148279, 46.742072744094969 ], [ 2.844440993939886, 46.732043751246962 ], [ 3.025107471616531, 46.783465956697768 ], [ 3.479716243874323, 46.651282694212405 ] ] ] } },
{ "type": "Feature", "properties": { "code_geog": "85", "libelle_geog": "Vendée", "area": 57.041, "x": -2.235, "y": 46.978 }, "geometry": { "type": "Polygon", "coordinates": [ [ [ -2.251089341730145, 47.028017600193287 ], [ -2.250276745152663, 47.027759005877314 ], [ -2.227490624138497, 47.018104978289912 ], [ -2.207780515858018, 46.994642116399092 ], [ -2.227843509973485, 46.979220915570799 ], [ -2.147915816844841, 46.927734739894682 ], [ -2.14890133103734, 46.923124180101503 ], [ -2.15769796014569, 46.909121893227102 ], [ -2.205376915774766, 46.932398970793152 ], [ -2.247645099591745, 46.960881865612251 ], [ -2.262561141572622, 46.960284479239434 ], [ -2.263462516297065, 46.960950338903338 ], [ -2.277414406856476, 46.972634841389009 ], [ -2.299358119023391, 47.005218702426319 ], [ -2.305315198238356, 47.024915725515619 ], [ -2.295643009961028, 47.026228362521032 ], [ -2.251089341730145, 47.028017600193287 ] ] ] } },
{ "type": "Feature", "properties": { "code_geog": "79", "libelle_geog": "Deux-Sèvres", "area": 6131.904, "x": -0.307, "y": 46.552 }, "geometry": { "type": "Polygon", "coordinates": [ [ [ -0.187847380680979, 47.057625117976045 ], [ -0.090136667655876, 47.05496653246022 ], [ 0.016815375794487, 46.838051191889235 ], [ 0.005478561528589, 46.618690055398481 ], [ 0.018118944267418, 46.323587487996711 ], [ 0.098998465838001, 46.363322768760213 ], [ 0.168511525051357, 46.345617529699673 ], [ 0.112881080061812, 46.192100542970906 ], [ 0.196252249272986, 46.165127383612919 ], [ 0.192018170990267, 46.09835657959642 ], [ -0.011601246943401, 46.056193806215269 ], [ -0.096452342771803, 45.963877791446286 ], [ -0.73281650076457, 46.224728815355348 ], [ -0.750838700435008, 46.300485562246564 ], [ -0.542026312862868, 46.382222862936082 ], [ -0.632071345278492, 46.518094418252183 ], [ -0.695756707011942, 46.792799894021478 ], [ -0.886382238046018, 46.963910591203188 ], [ -0.63027851030977, 46.98987838180124 ], [ -0.548360318290773, 47.020553818943839 ], [ -0.558397051459022, 47.077477523225895 ], [ -0.162216947771936, 47.105823092805018 ], [ -0.187847380680979, 47.057625117976045 ] ] ] } },
{ "type": "Feature", "properties": { "code_geog": "85", "libelle_geog": "Vendée", "area": 6667.996, "x": -1.291, "y": 46.675 }, "geometry": { "type": "Polygon", "coordinates": [ [ [ -1.111781509859485, 47.005016216978767 ], [ -0.886382238046018, 46.963910591203188 ], [ -0.695756707011942, 46.792799894021478 ], [ -0.632071345278492, 46.518094418252183 ], [ -0.542026312862868, 46.382222862936082 ], [ -0.750838700435008, 46.300485562246564 ], [ -0.940189237387897, 46.361892637326342 ], [ -1.135241153957116, 46.313515151722306 ], [ -1.16185853361554, 46.323821953279271 ], [ -1.173243864008209, 46.321626981395809 ], [ -1.191744329486375, 46.325789274333076 ], [ -1.193139162854093, 46.317788208924313 ], [ -1.20024375555948, 46.31641641014388 ], [ -1.201201966533371, 46.316161347300906 ], [ -1.202219177104586, 46.31581437159123 ], [ -1.207389565809837, 46.278457001460851 ], [ -1.29957749528575, 46.311506199155637 ], [ -1.339290356723992, 46.340993816438768 ], [ -1.342606192476391, 46.34291282567267 ], [ -1.395997200272139, 46.341395771012031 ], [ -1.705321352945119, 46.456751081982937 ], [ -1.732485491840514, 46.466817788648953 ], [ -1.748095529876585, 46.472598055333414 ], [ -1.751249476121774, 46.474232139805849 ], [ -1.759858773623032, 46.480318678678906 ], [ -1.76014942140545, 46.480713618497305 ], [ -1.76908126100365, 46.489310503651502 ], [ -1.776261465708694, 46.492834850880556 ], [ -1.777603207021202, 46.493326858441087 ], [ -1.780478483701482, 46.494258836429395 ], [ -1.782655636186173, 46.494585387963141 ], [ -1.784422064491884, 46.494656508468147 ], [ -1.786708849268547, 46.494708727748161 ], [ -1.790416346753144, 46.49457419242195 ], [ -1.791042847408491, 46.494236117311523 ], [ -1.793969841418034, 46.492418009138206 ], [ -1.795124435122276, 46.489992077715726 ], [ -1.796013613835057, 46.49032065318201 ], [ -1.830750611709708, 46.548376827525281 ], [ -1.85337189187691, 46.60448755797659 ], [ -1.855132771474047, 46.608657332491234 ], [ -1.855621444180061, 46.609270028928485 ], [ -1.856146199494296, 46.609926444577304 ], [ -1.923247563460819, 46.674975215445983 ], [ -1.936523463491307, 46.695968147837689 ], [ -1.979363900174877, 46.71971130376371 ], [ -1.999523764044693, 46.734220352915521 ], [ -2.008144302685131, 46.740380196088019 ], [ -2.057357846862538, 46.774990687301624 ], [ -2.061158218331821, 46.777367495300602 ], [ -2.062328150728707, 46.778043324386353 ], [ -2.065968873745116, 46.780065701641654 ], [ -2.071052535900825, 46.782888356682008 ], [ -2.072898535558097, 46.783808334040344 ], [ -2.075282337858853, 46.784887739137965 ], [ -2.095650282264751, 46.794101785163221 ], [ -2.101852125500448, 46.796674811778217 ], [ -2.11629791355492, 46.803436731515539 ], [ -2.121648024327202, 46.806246935373593 ], [ -2.12432886286574, 46.807719309255944 ], [ -2.12868007834419, 46.810342905809001 ], [ -2.139291702188147, 46.817227061222695 ], [ -2.140128929397602, 46.817825072203824 ], [ -2.140853994215495, 46.818652749493388 ], [ -2.141156712526696, 46.819136512705903 ], [ -2.142040537837833, 46.821084370024323 ], [ -2.142567445821357, 46.822685753868299 ], [ -2.143604469889065, 46.826474902791311 ], [ -2.143657134253302, 46.826743176780994 ], [ -2.143832413739234, 46.827637431976441 ], [ -2.144974091776855, 46.834261008969172 ], [ -2.150941412024694, 46.876740243792383 ], [ -2.142523457343163, 46.890856933378984 ], [ -2.126807118164626, 46.892326672957296 ], [ -2.080762566743989, 46.938264317662721 ], [ -2.056956064498965, 46.959282441551565 ], [ -1.969975816151184, 47.023482404291244 ], [ -1.574461705412551, 46.851929262522887 ], [ -1.527641805845776, 46.877355546898279 ], [ -1.565375289748446, 47.014329015795177 ], [ -1.476330729323453, 47.036387941029773 ], [ -1.468577613485874, 46.927004206108592 ], [ -1.373348513111287, 46.958726307024442 ], [ -1.385894871768211, 47.039354433373774 ], [ -1.276818274763711, 47.076202818881406 ], [ -1.111781509859485, 47.005016216978767 ] ] ] } },
{ "type": "Feature", "properties": { "code_geog": "71", "libelle_geog": "Saône-et-Loire", "area": 8514.753, "x": 4.538, "y": 46.645 }, "geometry": { "type": "Polygon", "coordinates": [ [ [ 4.383665707142981, 47.067139631015763 ], [ 4.69674579686903, 46.894416797187397 ], [ 4.908429933120115, 46.961323444485082 ], [ 5.250003145285858, 46.972221208617782 ], [ 5.28832090663863, 46.909298932674744 ], [ 5.479368702637709, 46.847037624288639 ], [ 5.464130655800212, 46.823628586076687 ], [ 5.332158750759894, 46.822392722701608 ], [ 5.344155255751857, 46.788721668473713 ], [ 5.43849878130416, 46.619414825507818 ], [ 5.352183926555264, 46.559781014153273 ], [ 5.342639934506864, 46.512381730752956 ], [ 5.424530444724142, 46.495893044092007 ], [ 5.402519463820634, 46.472660820654482 ], [ 5.304276014939985, 46.441910370439139 ], [ 5.239198889292856, 46.448603653599257 ], [ 5.194271282019008, 46.511668759095862 ], [ 4.946408186637456, 46.522384269767201 ], [ 4.779119095384081, 46.17841119837604 ], [ 4.724319517440128, 46.179580938900067 ], [ 4.686495972084217, 46.256575285020396 ], [ 4.68106880527018, 46.290026439744629 ], [ 4.399791390173256, 46.300255353668014 ], [ 4.389697521111345, 46.214719383633046 ], [ 4.271295422190174, 46.164422356404863 ], [ 3.881918410128117, 46.208502787411874 ], [ 3.890806487765954, 46.279802332752169 ], [ 4.002236661973551, 46.330597888040685 ], [ 4.006615245930516, 46.473381286885015 ], [ 3.73263373455584, 46.538967778370818 ], [ 3.639611137043846, 46.687662838457641 ], [ 3.620102634388456, 46.740254707932635 ], [ 3.731364983216238, 46.757996264007708 ], [ 3.784983867708157, 46.690673424938936 ], [ 4.05759819083516, 46.777361346886174 ], [ 4.115840417243185, 46.862176898231979 ], [ 4.054454133949578, 46.896443087660167 ], [ 4.033427550737592, 47.111009463160492 ], [ 4.205849954098424, 47.165418916570424 ], [ 4.383665707142981, 47.067139631015763 ] ] ] } },
{ "type": "Feature", "properties": { "code_geog": "86", "libelle_geog": "Vienne", "area": 6945.371, "x": 0.47, "y": 46.566 }, "geometry": { "type": "Polygon", "coordinates": [ [ [ 0.307741751434255, 47.038862535211564 ], [ 0.318817846150214, 46.929508232474092 ], [ 0.575146974658506, 46.957546475698571 ], [ 0.706817038764265, 46.973779607877304 ], [ 0.865952598670861, 46.752096999615581 ], [ 0.914676647629974, 46.658242199436174 ], [ 0.948882792810776, 46.578164897089771 ], [ 1.134082498788343, 46.517886210071218 ], [ 1.198547714327487, 46.422536005674793 ], [ 1.192464574258093, 46.384376041184069 ], [ 1.00216539866009, 46.287048188798614 ], [ 0.885292548360368, 46.290373524042735 ], [ 0.777451308246788, 46.21749998301248 ], [ 0.814266441403982, 46.127508834395357 ], [ 0.725111776593851, 46.131034569565209 ], [ 0.569627186703838, 46.066791670786984 ], [ 0.491829503280258, 46.141756764507683 ], [ 0.438364452744833, 46.102766201164009 ], [ 0.433177469174861, 46.055045852785931 ], [ 0.255048593962384, 46.061427764136823 ], [ 0.192018170990267, 46.09835657959642 ], [ 0.196252249272986, 46.165127383612919 ], [ 0.112881080061812, 46.192100542970906 ], [ 0.168511525051357, 46.345617529699673 ], [ 0.098998465838001, 46.363322768760213 ], [ 0.018118944267418, 46.323587487996711 ], [ 0.005478561528589, 46.618690055398481 ], [ 0.016815375794487, 46.838051191889235 ], [ -0.090136667655876, 47.05496653246022 ], [ 0.058218680279679, 47.172321192420121 ], [ 0.307741751434255, 47.038862535211564 ] ] ] } },
{ "type": "Feature", "properties": { "code_geog": "36", "libelle_geog": "Indre", "area": 6816.287, "x": 1.579, "y": 46.782 }, "geometry": { "type": "Polygon", "coordinates": [ [ [ 1.852574633601078, 47.212876126325163 ], [ 1.797586593167228, 47.122166728759424 ], [ 1.839615505727823, 47.103312235941594 ], [ 2.034812231519132, 47.113511893357028 ], [ 2.135305567817049, 46.926487381853413 ], [ 2.071468617315876, 46.7694152767247 ], [ 2.147928644427993, 46.680456368164023 ], [ 2.189984285445394, 46.480524564589629 ], [ 2.162582675022189, 46.428105698439943 ], [ 1.749301990724988, 46.436242886713387 ], [ 1.501653236824424, 46.415643914894488 ], [ 1.406335064585775, 46.352995263305488 ], [ 1.336779206126395, 46.39526392720709 ], [ 1.192464574258093, 46.384376041184069 ], [ 1.198547714327487, 46.422536005674793 ], [ 1.134082498788343, 46.517886210071218 ], [ 0.948882792810776, 46.578164897089771 ], [ 0.914676647629974, 46.658242199436174 ], [ 0.865952598670861, 46.752096999615581 ], [ 1.014438041287841, 46.762074921744386 ], [ 1.046724428604018, 47.016198777500811 ], [ 1.220752952990683, 47.018021359755124 ], [ 1.386397171168861, 47.100460631551591 ], [ 1.321932876444446, 47.190380366383152 ], [ 1.593126539431725, 47.278153290009257 ], [ 1.852574633601078, 47.212876126325163 ] ] ] } },
{ "type": "Feature", "properties": { "code_geog": "39", "libelle_geog": "Jura", "area": 5137.596, "x": 5.688, "y": 46.735 }, "geometry": { "type": "Polygon", "coordinates": [ [ [ 5.566866932158336, 47.263954304793884 ], [ 5.714509518624848, 47.274023722293215 ], [ 5.825243745389108, 47.146818059079727 ], [ 5.805141402790662, 47.052107971185393 ], [ 5.967013000155294, 46.970844881363604 ], [ 6.033963934469894, 46.830470368094353 ], [ 6.103537269491806, 46.84568117804227 ], [ 6.189268103675265, 46.768140258132476 ], [ 6.073901655433741, 46.70523136177723 ], [ 6.054182960867189, 46.620068305519375 ], [ 6.1136119248453, 46.561200085645147 ], [ 6.077101647199139, 46.467095120993974 ], [ 6.080375941468033, 46.436137558404461 ], [ 6.082007459697122, 46.433394927163015 ], [ 6.074873064577641, 46.409959445671525 ], [ 6.074244116045177, 46.409656469840556 ], [ 5.851202715472058, 46.264247143314364 ], [ 5.707152084484105, 46.268624893115231 ], [ 5.68950214131628, 46.316809375594431 ], [ 5.636017761896609, 46.342208821719503 ], [ 5.541657124189241, 46.259130227138442 ], [ 5.46648107338345, 46.265997260631067 ], [ 5.31595673415715, 46.403482646204594 ], [ 5.304276014939985, 46.441910370439139 ], [ 5.402519463820634, 46.472660820654482 ], [ 5.424530444724142, 46.495893044092007 ], [ 5.342639934506864, 46.512381730752956 ], [ 5.352183926555264, 46.559781014153273 ], [ 5.43849878130416, 46.619414825507818 ], [ 5.344155255751857, 46.788721668473713 ], [ 5.332158750759894, 46.822392722701608 ], [ 5.464130655800212, 46.823628586076687 ], [ 5.479368702637709, 46.847037624288639 ], [ 5.28832090663863, 46.909298932674744 ], [ 5.250003145285858, 46.972221208617782 ], [ 5.289720803154939, 47.061736075146108 ], [ 5.389090318140292, 47.092496357054067 ], [ 5.483565803176373, 47.275783957583812 ], [ 5.519362578761418, 47.289097313633462 ], [ 5.566866932158336, 47.263954304793884 ] ] ] } },
{ "type": "Feature", "properties": { "code_geog": "56", "libelle_geog": "Morbihan", "area": 62.875, "x": -3.187, "y": 47.326 }, "geometry": { "type": "Polygon", "coordinates": [ [ [ -3.244147441018439, 47.387660790950534 ], [ -3.243323540561393, 47.3874290505955 ], [ -3.240183320959057, 47.38320126185743 ], [ -3.234080835654873, 47.379437675983887 ], [ -3.137636683501116, 47.329043746944464 ], [ -3.106922433790462, 47.317872785429643 ], [ -3.10382532472367, 47.316756482356361 ], [ -3.101838826894106, 47.316128776631793 ], [ -3.100544133283902, 47.31578403236135 ], [ -3.099932064909908, 47.315632535571915 ], [ -3.110988991210056, 47.288871128391783 ], [ -3.111516526433899, 47.288846205001263 ], [ -3.112505654269161, 47.288799468163624 ], [ -3.113155911613133, 47.288678566456312 ], [ -3.114160587451094, 47.288135134416372 ], [ -3.115461075682944, 47.287893308740742 ], [ -3.115918076302945, 47.287826613756934 ], [ -3.116247778238969, 47.287811023236365 ], [ -3.116473095881153, 47.288070884649763 ], [ -3.116716747860044, 47.28851022242555 ], [ -3.117883586439523, 47.288905895742005 ], [ -3.11821329442817, 47.288890299644258 ], [ -3.118761996207246, 47.289720978779492 ], [ -3.118798675585035, 47.29007993335653 ], [ -3.119151315981239, 47.290288680317964 ], [ -3.11983367772233, 47.290481825429197 ], [ -3.120479351894622, 47.290316013533854 ], [ -3.12124142202788, 47.290640637350776 ], [ -3.121966801397391, 47.290606303514792 ], [ -3.122457644251714, 47.29022237780358 ], [ -3.122905480536633, 47.290065916951733 ], [ -3.123503553631772, 47.290082686054959 ], [ -3.123908387792295, 47.290153689554465 ], [ -3.124224333880917, 47.290003469002627 ], [ -3.125172160226499, 47.289552802200383 ], [ -3.125630835823844, 47.288854779332027 ], [ -3.126744311985872, 47.288080646435077 ], [ -3.127165112189363, 47.28789096724244 ], [ -3.138232253976061, 47.290231206553038 ], [ -3.138230072171776, 47.290241095031099 ], [ -3.138127343799606, 47.291824013374899 ], [ -3.137805295616785, 47.292560692153536 ], [ -3.137809895999744, 47.292605560708104 ], [ -3.138069075880214, 47.292548170242441 ], [ -3.138366589155645, 47.292218437351401 ], [ -3.138570545530364, 47.29162262369092 ], [ -3.138587391286013, 47.290494651421497 ], [ -3.138721521480605, 47.290334636953986 ], [ -3.141621426864339, 47.290947621455331 ], [ -3.145226395802268, 47.291709522001938 ], [ -3.145625044940277, 47.291918684376256 ], [ -3.146344387476384, 47.292470618290139 ], [ -3.14727540696688, 47.293147744194776 ], [ -3.147605132330175, 47.293132063724741 ], [ -3.147907200463548, 47.292847174549777 ], [ -3.14810042522198, 47.29279289717428 ], [ -3.148566647042182, 47.292815809976737 ], [ -3.14886269856321, 47.293117338300753 ], [ -3.149049914463449, 47.293649481125193 ], [ -3.149327530268988, 47.293771536856589 ], [ -3.150330551031114, 47.293859080022173 ], [ -3.151447015460227, 47.29376086606964 ], [ -3.152135511321907, 47.293367399201813 ], [ -3.152262789203155, 47.293316253623054 ], [ -3.152592514247367, 47.293300559882759 ], [ -3.152959148950355, 47.29364380663106 ], [ -3.153600620422501, 47.293478873921899 ], [ -3.153836992984921, 47.293528805847437 ], [ -3.159538403904025, 47.294733001657725 ], [ -3.159710713789166, 47.294855197936883 ], [ -3.159738432433488, 47.295124403493752 ], [ -3.159318378062364, 47.295550211744469 ], [ -3.159223437799407, 47.295915437286538 ], [ -3.159335579361322, 47.296360969539357 ], [ -3.159617851481417, 47.296527868146214 ], [ -3.160399993038342, 47.296400415125326 ], [ -3.161370732854483, 47.296173789946913 ], [ -3.161832368808547, 47.296151780978448 ], [ -3.162105404272475, 47.296228938556112 ], [ -3.16273129240137, 47.29651470939308 ], [ -3.162759027039351, 47.296783914043907 ], [ -3.162118026885998, 47.296994829101038 ], [ -3.1620046165581, 47.297180587728086 ], [ -3.162098295454696, 47.297446647281092 ], [ -3.162310011415902, 47.297571816136184 ], [ -3.163331615363047, 47.29783871571086 ], [ -3.163859215570318, 47.297813554415718 ], [ -3.163878930902877, 47.297361735177688 ], [ -3.164194807569201, 47.297211406276382 ], [ -3.164533800450563, 47.297285412508792 ], [ -3.165922159186155, 47.297895497593913 ], [ -3.166486762234344, 47.298229261860371 ], [ -3.166500639371556, 47.298363863646166 ], [ -3.166347850214, 47.299453264418659 ], [ -3.166464684519527, 47.299943656344105 ], [ -3.166336212239999, 47.300626104506414 ], [ -3.16642529370493, 47.300847293817554 ], [ -3.16670642221856, 47.301645461829729 ], [ -3.167243310942684, 47.30171001869931 ], [ -3.168228000146098, 47.301617938183107 ], [ -3.168200236922018, 47.30134873530799 ], [ -3.167523368996463, 47.300569456504014 ], [ -3.167415776393736, 47.300168799280044 ], [ -3.167533801483651, 47.30002790276135 ], [ -3.168004721837416, 47.300095603677747 ], [ -3.170236696004562, 47.300530111753574 ], [ -3.171065168093396, 47.300851256840808 ], [ -3.171290806899005, 47.301111010293027 ], [ -3.171379909467266, 47.301332194859526 ], [ -3.171794154536119, 47.301492763979397 ], [ -3.172895729208089, 47.30189102990623 ], [ -3.173682549694429, 47.301808353685317 ], [ -3.174450836701404, 47.301546204623072 ], [ -3.175026979747325, 47.300707085658345 ], [ -3.175249093435728, 47.300290676386162 ], [ -3.17543304975813, 47.3001466199674 ], [ -3.176098282876734, 47.299528677577889 ], [ -3.176593453386097, 47.299189389523725 ], [ -3.17749358982825, 47.298920914647674 ], [ -3.178148458926322, 47.298844514317956 ], [ -3.178459666768883, 47.298649279096821 ], [ -3.178794053228071, 47.298678376811885 ], [ -3.179226844690684, 47.299018386666297 ], [ -3.179354620772815, 47.299228699576865 ], [ -3.179386564949709, 47.29928127777967 ], [ -3.17979617945268, 47.299396951845956 ], [ -3.1806581791036, 47.299400807167174 ], [ -3.181247098073687, 47.299327544354043 ], [ -3.181487710115738, 47.299090589593568 ], [ -3.18128623711719, 47.298423901368636 ], [ -3.181098682610031, 47.297891811777113 ], [ -3.181165650229112, 47.297257368497867 ], [ -3.181223340964491, 47.296533191578519 ], [ -3.181360889725962, 47.295940459246566 ], [ -3.181483160873384, 47.295756029105831 ], [ -3.200301669164327, 47.296198574810006 ], [ -3.200850447938782, 47.296629486175242 ], [ -3.201212761355478, 47.296927714824193 ], [ -3.201188706362372, 47.297334673597327 ], [ -3.200928786800413, 47.298023494735681 ], [ -3.200273168213912, 47.298731312373128 ], [ -3.19939176228247, 47.299179427617922 ], [ -3.198105336643965, 47.29955679589203 ], [ -3.197483049689609, 47.299947370741165 ], [ -3.197067910150916, 47.300418181500149 ], [ -3.197119075840624, 47.300911706572393 ], [ -3.19726028364139, 47.300995109782342 ], [ -3.197919801199553, 47.30096346400466 ], [ -3.198758561819865, 47.300742854261188 ], [ -3.198876505947843, 47.300601925918237 ], [ -3.198862547104061, 47.300467328139213 ], [ -3.200102449500953, 47.29964129365213 ], [ -3.201087044158159, 47.299548932531785 ], [ -3.201939735905645, 47.299462897247494 ], [ -3.202764488316217, 47.299107660934624 ], [ -3.203188881458623, 47.298726561076556 ], [ -3.203693185255992, 47.29847688900157 ], [ -3.203967764603997, 47.297983495252062 ], [ -3.204028333411149, 47.297874625107433 ], [ -3.203939100730852, 47.297653464477413 ], [ -3.205273488208993, 47.296462111942354 ], [ -3.205527954408827, 47.296359703495916 ], [ -3.206070602855924, 47.296333624446689 ], [ -3.22491322939127, 47.296772715133351 ], [ -3.235650805734762, 47.301761900807008 ], [ -3.23701630635603, 47.302778096123937 ], [ -3.23788738769569, 47.303502540925173 ], [ -3.244290809504433, 47.3103370791153 ], [ -3.244943052032732, 47.377564868210143 ], [ -3.245040881744022, 47.387633644825165 ], [ -3.244147441018439, 47.387660790950534 ] ] ] } },
{ "type": "Feature", "properties": { "code_geog": "58", "libelle_geog": "Nièvre", "area": 6959.081, "x": 3.512, "y": 47.119 }, "geometry": { "type": "Polygon", "coordinates": [ [ [ 3.329324153900659, 47.480697731956319 ], [ 3.505926162635712, 47.554766784591457 ], [ 3.595294881533362, 47.459374265478637 ], [ 3.8611047074344, 47.427621038563977 ], [ 3.972350199656868, 47.32448051982724 ], [ 4.113975172008667, 47.343076446175829 ], [ 4.187861565776515, 47.251433639500092 ], [ 4.205849954098424, 47.165418916570424 ], [ 4.033427550737592, 47.111009463160492 ], [ 4.054454133949578, 46.896443087660167 ], [ 4.115840417243185, 46.862176898231979 ], [ 4.05759819083516, 46.777361346886174 ], [ 3.784983867708157, 46.690673424938936 ], [ 3.731364983216238, 46.757996264007708 ], [ 3.620102634388456, 46.740254707932635 ], [ 3.479716243874323, 46.651282694212405 ], [ 3.025107471616531, 46.783465956697768 ], [ 3.074917071623648, 46.878363212470489 ], [ 3.003320288383994, 47.264374894999456 ], [ 2.871041237464263, 47.322178991811562 ], [ 2.942116046734039, 47.417024992618245 ], [ 2.858947666199455, 47.517379915958529 ], [ 2.83111143884702, 47.546057572113142 ], [ 2.971917925516408, 47.564413399074589 ], [ 3.099763647449594, 47.568239782726486 ], [ 3.329324153900659, 47.480697731956319 ] ] ] } },
{ "type": "Feature", "properties": { "code_geog": "25", "libelle_geog": "Doubs", "area": 5131.952, "x": 6.362, "y": 47.16 }, "geometry": { "type": "Polygon", "coordinates": [ [ [ 6.794120740315395, 47.537777840473531 ], [ 6.908049313099573, 47.552417717527646 ], [ 6.939444571180095, 47.50825649516846 ], [ 6.907720047944951, 47.466592065898915 ], [ 6.94029688436679, 47.436688139512455 ], [ 6.940645947805517, 47.43651965441699 ], [ 6.903319844300517, 47.392471899228021 ], [ 6.884442794928928, 47.373530329647785 ], [ 6.88406638748894, 47.373004518839139 ], [ 6.882554298105389, 47.367929878883544 ], [ 6.870490762163647, 47.353660262793213 ], [ 6.879476671395897, 47.354817236102633 ], [ 6.879487194476287, 47.353497015328962 ], [ 6.879799514570168, 47.352493594943475 ], [ 6.880328065464033, 47.352472810312882 ], [ 6.880522716526893, 47.35247191235527 ], [ 7.013496988880405, 47.370520406926261 ], [ 7.044050999966471, 47.332410074388257 ], [ 6.942079014348447, 47.288828521114489 ], [ 6.938072852179114, 47.242312625076593 ], [ 6.897171447894569, 47.210468660418492 ], [ 6.708393061321115, 47.088099907107797 ], [ 6.710370816067613, 47.057506214852602 ], [ 6.686145088984675, 47.037313413894516 ], [ 6.671712582433002, 47.026316035997873 ], [ 6.503519665254488, 46.966967886597146 ], [ 6.423858767680017, 46.926922345468164 ], [ 6.463609900459847, 46.864465996922732 ], [ 6.462958208467728, 46.853320809641566 ], [ 6.429062191777404, 46.812301723746884 ], [ 6.459220116027412, 46.789302492978337 ], [ 6.459190601107553, 46.788796430696145 ], [ 6.45910460692236, 46.788529260427048 ], [ 6.452165526292504, 46.778373846881649 ], [ 6.447419170309786, 46.772013110553452 ], [ 6.44515855625005, 46.769149811214099 ], [ 6.386315765427345, 46.735898357208896 ], [ 6.377446321869959, 46.730880133183142 ], [ 6.269900916889416, 46.678495194387637 ], [ 6.196122953191149, 46.627932703354688 ], [ 6.135891376137996, 46.593584849154723 ], [ 6.13033653019131, 46.580903746065999 ], [ 6.11777218526921, 46.571901639126061 ], [ 6.1136119248453, 46.561200085645147 ], [ 6.054182960867189, 46.620068305519375 ], [ 6.073901655433741, 46.70523136177723 ], [ 6.189268103675265, 46.768140258132476 ], [ 6.103537269491806, 46.84568117804227 ], [ 6.033963934469894, 46.830470368094353 ], [ 5.967013000155294, 46.970844881363604 ], [ 5.805141402790662, 47.052107971185393 ], [ 5.825243745389108, 47.146818059079727 ], [ 5.714509518624848, 47.274023722293215 ], [ 5.928950312983109, 47.339037752085432 ], [ 6.005248195905787, 47.327109790534244 ], [ 6.280836969315711, 47.451500305179849 ], [ 6.579740578267572, 47.498143916552891 ], [ 6.583533896842495, 47.545680614534632 ], [ 6.656052762149848, 47.57160881146698 ], [ 6.794120740315395, 47.537777840473531 ] ] ] } },
{ "type": "Feature", "properties": { "code_geog": "18", "libelle_geog": "Cher", "area": 7277.301, "x": 2.497, "y": 47.064 }, "geometry": { "type": "Polygon", "coordinates": [ [ [ 2.606226284823445, 47.556314592399971 ], [ 2.654985331671304, 47.480043603694789 ], [ 2.718133284932499, 47.475091423802709 ], [ 2.816625253617299, 47.498524834809352 ], [ 2.858947666199455, 47.517379915958529 ], [ 2.942116046734039, 47.417024992618245 ], [ 2.871041237464263, 47.322178991811562 ], [ 3.003320288383994, 47.264374894999456 ], [ 3.074917071623648, 46.878363212470489 ], [ 3.025107471616531, 46.783465956697768 ], [ 2.844440993939886, 46.732043751246962 ], [ 2.712965428148279, 46.742072744094969 ], [ 2.573850009718492, 46.599633719217387 ], [ 2.545912827747814, 46.518761567575567 ], [ 2.345924152851415, 46.514192242938556 ], [ 2.29769339079364, 46.461819356272571 ], [ 2.277064690485655, 46.428487549071207 ], [ 2.162582675022189, 46.428105698439943 ], [ 2.189984285445394, 46.480524564589629 ], [ 2.147928644427993, 46.680456368164023 ], [ 2.071468617315876, 46.7694152767247 ], [ 2.135305567817049, 46.926487381853413 ], [ 2.034812231519132, 47.113511893357028 ], [ 1.839615505727823, 47.103312235941594 ], [ 1.797586593167228, 47.122166728759424 ], [ 1.852574633601078, 47.212876126325163 ], [ 2.138743558906402, 47.299424067680768 ], [ 2.117294630807286, 47.408885426881007 ], [ 2.236515157734844, 47.409050520579406 ], [ 2.229317417457554, 47.499498645485097 ], [ 2.109528139593897, 47.58501537817272 ], [ 2.236090983912659, 47.632799829314656 ], [ 2.606226284823445, 47.556314592399971 ] ] ] } },
{ "type": "Feature", "properties": { "code_geog": "37", "libelle_geog": "Indre-et-Loire", "area": 6025.566, "x": 0.695, "y": 47.258 }, "geometry": { "type": "Polygon", "coordinates": [ [ [ 0.847138544313847, 47.685190236799663 ], [ 0.947433545039335, 47.624537081021693 ], [ 1.075978084338509, 47.549824584150926 ], [ 1.074818226463057, 47.302219976011543 ], [ 1.180510405539169, 47.269994796976093 ], [ 1.229076366572181, 47.289518157246185 ], [ 1.321932876444446, 47.190380366383152 ], [ 1.386397171168861, 47.100460631551591 ], [ 1.220752952990683, 47.018021359755124 ], [ 1.046724428604018, 47.016198777500811 ], [ 1.014438041287841, 46.762074921744386 ], [ 0.865952598670861, 46.752096999615581 ], [ 0.706817038764265, 46.973779607877304 ], [ 0.575146974658506, 46.957546475698571 ], [ 0.318817846150214, 46.929508232474092 ], [ 0.307741751434255, 47.038862535211564 ], [ 0.058218680279679, 47.172321192420121 ], [ 0.088298357355314, 47.290417381451661 ], [ 0.188359983672066, 47.37864018579679 ], [ 0.222218762043131, 47.618366157402491 ], [ 0.371787920659738, 47.573371346174568 ], [ 0.586526223661756, 47.676799772559058 ], [ 0.712934593057433, 47.692918562076891 ], [ 0.847138544313847, 47.685190236799663 ] ] ] } },
{ "type": "Feature", "properties": { "code_geog": "90", "libelle_geog": "Territoire de Belfort", "area": 679.475, "x": 6.926, "y": 47.632 }, "geometry": { "type": "Polygon", "coordinates": [ [ [ 6.864294519072323, 47.783007141890742 ], [ 7.043367499828996, 47.728224415083353 ], [ 7.088206130890987, 47.597636190698815 ], [ 7.136670559469552, 47.509792717607787 ], [ 7.13666774691464, 47.509658871556361 ], [ 7.117034740528058, 47.503295340815058 ], [ 7.108270726881256, 47.500453141890311 ], [ 7.028459675492845, 47.501363100162095 ], [ 6.960759371573815, 47.443432856264678 ], [ 6.940817314108928, 47.436721684181251 ], [ 6.940645947805517, 47.43651965441699 ], [ 6.94029688436679, 47.436688139512455 ], [ 6.907720047944951, 47.466592065898915 ], [ 6.939444571180095, 47.50825649516846 ], [ 6.908049313099573, 47.552417717527646 ], [ 6.794120740315395, 47.537777840473531 ], [ 6.739675681339011, 47.730572332221101 ], [ 6.83933296116423, 47.822118516433669 ], [ 6.864294519072323, 47.783007141890742 ] ] ] } },
{ "type": "Feature", "properties": { "code_geog": "49", "libelle_geog": "Maine-et-Loire", "area": 7426.165, "x": -0.565, "y": 47.389 }, "geometry": { "type": "Polygon", "coordinates": [ [ [ -1.079498773400234, 47.77456013309947 ], [ -0.958166656355696, 47.795457133747348 ], [ -0.62575275188712, 47.739129822350868 ], [ -0.390986131870867, 47.762771154319154 ], [ -0.191376800671394, 47.724409227076684 ], [ -0.138018013534755, 47.639827691122612 ], [ 0.089103493365492, 47.601580259370614 ], [ 0.222218762043131, 47.618366157402491 ], [ 0.188359983672066, 47.37864018579679 ], [ 0.088298357355314, 47.290417381451661 ], [ 0.058218680279679, 47.172321192420121 ], [ -0.090136667655876, 47.05496653246022 ], [ -0.187847380680979, 47.057625117976045 ], [ -0.162216947771936, 47.105823092805018 ], [ -0.558397051459022, 47.077477523225895 ], [ -0.548360318290773, 47.020553818943839 ], [ -0.63027851030977, 46.98987838180124 ], [ -0.886382238046018, 46.963910591203188 ], [ -1.111781509859485, 47.005016216978767 ], [ -1.114531677397754, 47.047826910346124 ], [ -1.239165564856792, 47.139340648944099 ], [ -1.190598664497509, 47.25045679560575 ], [ -1.348852439473517, 47.312235014463198 ], [ -1.287850495064471, 47.342762736176567 ], [ -0.939978059625023, 47.386505885875877 ], [ -0.968065381693, 47.500066823454183 ], [ -1.136502298250845, 47.495141116356123 ], [ -1.190351044167029, 47.564994983839128 ], [ -1.03544855601893, 47.564835574470898 ], [ -1.01617104940263, 47.593982990286833 ], [ -1.130520248147114, 47.619214616910213 ], [ -1.253664051498704, 47.772725833265234 ], [ -1.233104479797875, 47.81201244117225 ], [ -1.079498773400234, 47.77456013309947 ] ] ] } },
{ "type": "Feature", "properties": { "code_geog": "44", "libelle_geog": "Loire-Atlantique", "area": 6779.229, "x": -1.683, "y": 47.365 }, "geometry": { "type": "Polygon", "coordinates": [ [ [ -1.253664051498704, 47.772725833265234 ], [ -1.130520248147114, 47.619214616910213 ], [ -1.01617104940263, 47.593982990286833 ], [ -1.03544855601893, 47.564835574470898 ], [ -1.190351044167029, 47.564994983839128 ], [ -1.136502298250845, 47.495141116356123 ], [ -0.968065381693, 47.500066823454183 ], [ -0.939978059625023, 47.386505885875877 ], [ -1.287850495064471, 47.342762736176567 ], [ -1.348852439473517, 47.312235014463198 ], [ -1.190598664497509, 47.25045679560575 ], [ -1.239165564856792, 47.139340648944099 ], [ -1.114531677397754, 47.047826910346124 ], [ -1.111781509859485, 47.005016216978767 ], [ -1.276818274763711, 47.076202818881406 ], [ -1.385894871768211, 47.039354433373774 ], [ -1.373348513111287, 46.958726307024442 ], [ -1.468577613485874, 46.927004206108592 ], [ -1.476330729323453, 47.036387941029773 ], [ -1.565375289748446, 47.014329015795177 ], [ -1.527641805845776, 46.877355546898279 ], [ -1.574461705412551, 46.851929262522887 ], [ -1.969975816151184, 47.023482404291244 ], [ -1.969585594282912, 47.023769931811621 ], [ -1.979527026578776, 47.027495439961996 ], [ -1.979229374629845, 47.027816276705423 ], [ -1.979247428207798, 47.028040842400877 ], [ -1.979520299189661, 47.028976610442932 ], [ -1.996449535356372, 47.052620493703436 ], [ -1.999864559300797, 47.056546044157606 ], [ -2.000648773064219, 47.058093159174042 ], [ -2.001542680540978, 47.059365831790785 ], [ -2.003827320481583, 47.061531997176345 ], [ -2.056433819595052, 47.09534766445141 ], [ -2.082519828965289, 47.102907532075712 ], [ -2.109990746411175, 47.110363154340511 ], [ -2.199151448644268, 47.158828462475462 ], [ -2.168787426206316, 47.262775060352908 ], [ -2.165236071881775, 47.263321939936979 ], [ -2.032575005240822, 47.283664355369346 ], [ -2.032121903003063, 47.288140903368394 ], [ -2.009604011388508, 47.291360978227559 ], [ -2.00952009723854, 47.299386104240419 ], [ -2.009738441883632, 47.307810536642243 ], [ -2.010066761529005, 47.314284816765493 ], [ -2.011500953368367, 47.314816402056458 ], [ -2.014347466584866, 47.315610069442187 ], [ -2.016280710566407, 47.315762417667024 ], [ -2.017793108551647, 47.315860787439611 ], [ -2.018478096052007, 47.315904768428027 ], [ -2.029318589691887, 47.315820262010092 ], [ -2.028696507910816, 47.321958654423291 ], [ -2.188658834897807, 47.306260415810897 ], [ -2.221954629242214, 47.278679052618138 ], [ -2.262712621953785, 47.244864015193841 ], [ -2.330052318417136, 47.250698188860945 ], [ -2.493676359879119, 47.275359516759671 ], [ -2.518039552421107, 47.282437114743416 ], [ -2.549809269579059, 47.333741221730712 ], [ -2.553747701578602, 47.378597031392417 ], [ -2.486590136314442, 47.411340133383113 ], [ -2.466554982911711, 47.436794970830867 ], [ -2.448932444144768, 47.447527205458179 ], [ -2.448930549198998, 47.447650870107424 ], [ -2.106722821461519, 47.529585520762751 ], [ -2.096055757209563, 47.644103282673619 ], [ -1.645731467969337, 47.721850495000503 ], [ -1.484505947028623, 47.836867972465882 ], [ -1.253664051498704, 47.772725833265234 ] ] ] } },
{ "type": "Feature", "properties": { "code_geog": "70", "libelle_geog": "Haute-Saône", "area": 5397.116, "x": 6.091, "y": 47.641 }, "geometry": { "type": "Polygon", "coordinates": [ [ [ 6.587367642614823, 47.945978402609548 ], [ 6.83933296116423, 47.822118516433669 ], [ 6.739675681339011, 47.730572332221101 ], [ 6.794120740315395, 47.537777840473531 ], [ 6.656052762149848, 47.57160881146698 ], [ 6.583533896842495, 47.545680614534632 ], [ 6.579740578267572, 47.498143916552891 ], [ 6.280836969315711, 47.451500305179849 ], [ 6.005248195905787, 47.327109790534244 ], [ 5.928950312983109, 47.339037752085432 ], [ 5.714509518624848, 47.274023722293215 ], [ 5.566866932158336, 47.263954304793884 ], [ 5.519362578761418, 47.289097313633462 ], [ 5.496747742112364, 47.380249935262924 ], [ 5.43055964187104, 47.448743035165606 ], [ 5.46112467037586, 47.490802536803741 ], [ 5.397230128858168, 47.602084638783261 ], [ 5.375860983489277, 47.597880443745481 ], [ 5.387804332063868, 47.683318146301517 ], [ 5.585019837097866, 47.677979075266251 ], [ 5.683912496457886, 47.67994138293561 ], [ 5.723981629140924, 47.755016466867332 ], [ 5.676411621799081, 47.784976014304483 ], [ 5.751571375380949, 47.854265149696595 ], [ 5.807777202786119, 47.847841484329521 ], [ 5.877086617848327, 47.931525297111882 ], [ 5.984848161234883, 47.952035280710547 ], [ 6.155379160623573, 47.956122165900524 ], [ 6.403419263513786, 47.952522310942861 ], [ 6.587367642614823, 47.945978402609548 ] ] ] } },
{ "type": "Feature", "properties": { "code_geog": "21", "libelle_geog": "Côte-d'Or", "area": 8958.888, "x": 4.77, "y": 47.432 }, "geometry": { "type": "Polygon", "coordinates": [ [ [ 4.704445934401593, 48.018285163533626 ], [ 4.817003407916341, 47.99690817960235 ], [ 4.985590373414767, 47.821766497678198 ], [ 4.906033299890058, 47.785443620070822 ], [ 5.029710214177133, 47.715972364645502 ], [ 5.176203009565529, 47.683912074548601 ], [ 5.320390371014618, 47.613609955211395 ], [ 5.375860983489277, 47.597880443745481 ], [ 5.397230128858168, 47.602084638783261 ], [ 5.46112467037586, 47.490802536803741 ], [ 5.43055964187104, 47.448743035165606 ], [ 5.496747742112364, 47.380249935262924 ], [ 5.519362578761418, 47.289097313633462 ], [ 5.483565803176373, 47.275783957583812 ], [ 5.389090318140292, 47.092496357054067 ], [ 5.289720803154939, 47.061736075146108 ], [ 5.250003145285858, 46.972221208617782 ], [ 4.908429933120115, 46.961323444485082 ], [ 4.69674579686903, 46.894416797187397 ], [ 4.383665707142981, 47.067139631015763 ], [ 4.205849954098424, 47.165418916570424 ], [ 4.187861565776515, 47.251433639500092 ], [ 4.113975172008667, 47.343076446175829 ], [ 4.067421570877598, 47.419975383109332 ], [ 4.251954199637997, 47.674216557316178 ], [ 4.26090458994528, 47.726448515273489 ], [ 4.272293093661296, 47.845297862653595 ], [ 4.282518578426902, 47.930830377210604 ], [ 4.577013945854223, 48.025554022538728 ], [ 4.704445934401593, 48.018285163533626 ] ] ] } },
{ "type": "Feature", "properties": { "code_geog": "41", "libelle_geog": "Loir-et-Cher", "area": 6512.142, "x": 1.427, "y": 47.614 }, "geometry": { "type": "Polygon", "coordinates": [ [ [ 1.221673114937937, 47.979770342065095 ], [ 1.335541849708053, 47.956998762759689 ], [ 1.441173010929212, 47.995935908464624 ], [ 1.51924347098439, 47.991747226778571 ], [ 1.612855072951015, 47.887645617062383 ], [ 1.528740868372679, 47.834733029918887 ], [ 1.572462379204136, 47.744581817331508 ], [ 1.699607419756248, 47.735824834228517 ], [ 1.771087322148514, 47.650507698160006 ], [ 2.193680020387121, 47.689878904959286 ], [ 2.236090983912659, 47.632799829314656 ], [ 2.109528139593897, 47.58501537817272 ], [ 2.229317417457554, 47.499498645485097 ], [ 2.236515157734844, 47.409050520579406 ], [ 2.117294630807286, 47.408885426881007 ], [ 2.138743558906402, 47.299424067680768 ], [ 1.852574633601078, 47.212876126325163 ], [ 1.593126539431725, 47.278153290009257 ], [ 1.321932876444446, 47.190380366383152 ], [ 1.229076366572181, 47.289518157246185 ], [ 1.180510405539169, 47.269994796976093 ], [ 1.074818226463057, 47.302219976011543 ], [ 1.075978084338509, 47.549824584150926 ], [ 0.947433545039335, 47.624537081021693 ], [ 0.847138544313847, 47.685190236799663 ], [ 0.712934593057433, 47.692918562076891 ], [ 0.586526223661756, 47.676799772559058 ], [ 0.598901786624549, 47.72936194296156 ], [ 0.764951177986364, 47.84122566802349 ], [ 0.818910298897079, 47.932394058109573 ], [ 0.828316286724875, 48.099127494366641 ], [ 0.998204680783488, 48.124990402616717 ], [ 1.221673114937937, 47.979770342065095 ] ] ] } },
{ "type": "Feature", "properties": { "code_geog": "45", "libelle_geog": "Loiret", "area": 6753.012, "x": 2.347, "y": 47.908 }, "geometry": { "type": "Polygon", "coordinates": [ [ [ 2.420158157399069, 48.246813405552885 ], [ 2.505641690448918, 48.241964782057167 ], [ 2.491146589598487, 48.156321318373564 ], [ 2.796738564736106, 48.126967278377897 ], [ 2.939237128185692, 48.154879582113679 ], [ 3.02874554851341, 48.149416746571134 ], [ 3.125640006929184, 47.972748040747142 ], [ 3.025508122127115, 47.902000821083462 ], [ 3.031148465070579, 47.792514894233086 ], [ 2.931963358036566, 47.76450980894051 ], [ 2.833151570613781, 47.764972035686696 ], [ 2.839712985886036, 47.712596077729266 ], [ 2.951592836118887, 47.631153379358061 ], [ 2.971917925516408, 47.564413399074589 ], [ 2.83111143884702, 47.546057572113142 ], [ 2.858947666199455, 47.517379915958529 ], [ 2.816625253617299, 47.498524834809352 ], [ 2.718133284932499, 47.475091423802709 ], [ 2.654985331671304, 47.480043603694789 ], [ 2.606226284823445, 47.556314592399971 ], [ 2.236090983912659, 47.632799829314656 ], [ 2.193680020387121, 47.689878904959286 ], [ 1.771087322148514, 47.650507698160006 ], [ 1.699607419756248, 47.735824834228517 ], [ 1.572462379204136, 47.744581817331508 ], [ 1.528740868372679, 47.834733029918887 ], [ 1.612855072951015, 47.887645617062383 ], [ 1.51924347098439, 47.991747226778571 ], [ 1.617729204369446, 48.049509686433375 ], [ 1.915319467020086, 48.117591008959479 ], [ 1.985377899229172, 48.270112243192457 ], [ 2.398875501675675, 48.322967083119707 ], [ 2.420158157399069, 48.246813405552885 ] ] ] } },
{ "type": "Feature", "properties": { "code_geog": "56", "libelle_geog": "Morbihan", "area": 6785.215, "x": -2.818, "y": 47.861 }, "geometry": { "type": "Polygon", "coordinates": [ [ [ -3.522270362949321, 48.197696896321744 ], [ -3.135909411113615, 48.161546378363987 ], [ -3.126580383858768, 48.203081863751194 ], [ -3.010529236128449, 48.203859091646677 ], [ -2.647789598116836, 48.123955176769876 ], [ -2.66038244028339, 48.041244732901525 ], [ -2.55400256005859, 48.06856278310574 ], [ -2.501301285246605, 48.162043094250095 ], [ -2.294161130751578, 48.133890992133935 ], [ -2.289746629508642, 48.006275622448072 ], [ -2.09496841137661, 47.954490411319661 ], [ -2.096055757209563, 47.644103282673619 ], [ -2.106722821461519, 47.529585520762751 ], [ -2.448930549198998, 47.447650870107424 ], [ -2.448804610301295, 47.455871689501436 ], [ -2.448238618796806, 47.492785675399972 ], [ -2.430173353718359, 47.494468412406 ], [ -2.431817757230011, 47.497239316013498 ], [ -2.448061896288184, 47.504300904132961 ], [ -2.447951531152341, 47.511489754041136 ], [ -2.46195472742994, 47.510337034861962 ], [ -2.465239867020689, 47.511763911336999 ], [ -2.507764851042172, 47.524502503148874 ], [ -2.511569944866156, 47.525379721105708 ], [ -2.519097838321492, 47.526957009294634 ], [ -2.519967544132051, 47.52701068063697 ], [ -2.66341685870406, 47.518700863935315 ], [ -2.731691954472731, 47.505683759763741 ], [ -2.778307740708524, 47.495927417611831 ], [ -2.78043677373621, 47.495247443922359 ], [ -2.782999020735005, 47.494232784933629 ], [ -2.862632884235873, 47.520985919094187 ], [ -2.916406403199794, 47.545997998881163 ], [ -2.857041984674741, 47.545697217460784 ], [ -2.856988427588456, 47.545069223154968 ], [ -2.843938799424872, 47.538892580387916 ], [ -2.825326274610637, 47.536387923434148 ], [ -2.823859730818075, 47.536363101810316 ], [ -2.822799491376629, 47.536410313068558 ], [ -2.822485591168822, 47.53660457080705 ], [ -2.816663670029197, 47.542452343989758 ], [ -2.816685429831516, 47.542676727911427 ], [ -2.817476934678098, 47.545479890990357 ], [ -2.792048739828435, 47.54533309680442 ], [ -2.775967196829389, 47.545237385110674 ], [ -2.776101776319365, 47.544924860266498 ], [ -2.778544177781283, 47.541256654454216 ], [ -2.778853945598446, 47.541017637215397 ], [ -2.780202470699219, 47.540507416458027 ], [ -2.778274889754817, 47.539150303837083 ], [ -2.774641667440211, 47.538048679619322 ], [ -2.766700071031073, 47.535739640205826 ], [ -2.764446978899899, 47.535838842891657 ], [ -2.76292712935129, 47.535950805225475 ], [ -2.754853527522986, 47.53711703969492 ], [ -2.733722074148245, 47.540927832306558 ], [ -2.72986532987869, 47.542358376338377 ], [ -2.729617333136582, 47.542549485815137 ], [ -2.728995226904909, 47.543703352382238 ], [ -2.728266197840073, 47.545132288595241 ], [ -2.716816684914169, 47.568210257192028 ], [ -2.713137918075837, 47.578764687050963 ], [ -2.699069499190327, 47.601308406339726 ], [ -2.721040301690632, 47.603552052347069 ], [ -2.721395002885341, 47.603702836023082 ], [ -2.777286040989372, 47.618784222896402 ], [ -2.781031612358448, 47.619610613670467 ], [ -2.858224727544699, 47.623076893652375 ], [ -2.859729286749983, 47.622784193022937 ], [ -2.861866754746603, 47.622147634301498 ], [ -2.862442097169477, 47.621896511573873 ], [ -2.909846803618841, 47.592314095611783 ], [ -2.913795274551304, 47.591143835407735 ], [ -2.93855241095125, 47.594888547375412 ], [ -2.945945340739116, 47.607578530358303 ], [ -2.948524835499532, 47.621433984854747 ], [ -2.957721676254502, 47.638773967708921 ], [ -2.963223242509553, 47.64577986117822 ], [ -2.976855338533348, 47.662014616098453 ], [ -2.978672749616758, 47.654854802757427 ], [ -2.965643665388473, 47.588604976004689 ], [ -2.929158737752457, 47.560603582441239 ], [ -2.936273334283238, 47.555094229116236 ], [ -2.937438155128469, 47.55419207013734 ], [ -2.937519148519238, 47.554188385434571 ], [ -2.939046874624859, 47.554479341257192 ], [ -2.968725173430024, 47.560126966686603 ], [ -2.973347448567606, 47.568374204081792 ], [ -2.97153950488889, 47.56827669019065 ], [ -2.968691361313396, 47.567099861083435 ], [ -2.970127729541068, 47.570144343063205 ], [ -2.971244264324761, 47.57198641109089 ], [ -2.97425628775139, 47.576130680066754 ], [ -2.975823781149933, 47.577816830718639 ], [ -2.993509026277841, 47.590753531253704 ], [ -2.998192208158122, 47.590943912110966 ], [ -2.998523823017501, 47.590928659567595 ], [ -2.997096804556043, 47.584683602263112 ], [ -2.996617782134964, 47.583894256475865 ], [ -3.023433726400916, 47.570514668613896 ], [ -3.067345790791131, 47.578830757890742 ], [ -3.1244831870236, 47.58935129587033 ], [ -3.117839103242537, 47.505984575669451 ], [ -3.084799520905966, 47.469882313268833 ], [ -3.132812355186598, 47.47791686527269 ], [ -3.154562439982201, 47.529742259268801 ], [ -3.140430078137184, 47.545863530284109 ], [ -3.153742684341727, 47.598521593952853 ], [ -3.168717981423503, 47.612864349825941 ], [ -3.210638585584675, 47.659918920454977 ], [ -3.282070323806592, 47.684122404284594 ], [ -3.292153961243967, 47.687286277381951 ], [ -3.384218493524186, 47.702628811220301 ], [ -3.386328605477088, 47.701758389750871 ], [ -3.386456635520474, 47.701706994706782 ], [ -3.393367745941241, 47.700993988179199 ], [ -3.512980363576226, 47.750092526734718 ], [ -3.520792116202016, 47.758551802296765 ], [ -3.52171429106123, 47.759632724053105 ], [ -3.524605270313775, 47.763996543337967 ], [ -3.525945850819317, 47.767040510851132 ], [ -3.529089391123234, 47.774277556770066 ], [ -3.524063970045663, 47.793515314741704 ], [ -3.519167553394444, 47.797639765283634 ], [ -3.517990516433423, 47.799096858993771 ], [ -3.516388169026751, 47.805174824498913 ], [ -3.521781939989816, 47.810359849914668 ], [ -3.522941472607568, 47.811158280439805 ], [ -3.53210882152343, 47.814099791496858 ], [ -3.534117008948706, 47.814744013748331 ], [ -3.538272932122537, 47.834059980570288 ], [ -3.537643347144, 47.835624904197736 ], [ -3.537360230644766, 47.836090112542905 ], [ -3.534792420951537, 47.83829383976952 ], [ -3.533382026646261, 47.838860932349434 ], [ -3.530943909764854, 47.840061011116767 ], [ -3.530524434998621, 47.840267473179424 ], [ -3.525198483576231, 47.842970553173572 ], [ -3.523076200469882, 47.844971188613876 ], [ -3.522714413744929, 47.845936324992749 ], [ -3.522611848184894, 47.846461020780964 ], [ -3.403424185220373, 47.860948673913335 ], [ -3.402267171781223, 47.975219356967216 ], [ -3.641135210846703, 47.981518065935596 ], [ -3.751087159769484, 48.108364060641776 ], [ -3.522270362949321, 48.197696896321744 ] ] ] } },
{ "type": "Feature", "properties": { "code_geog": "89", "libelle_geog": "Yonne", "area": 7354.28, "x": 3.554, "y": 47.848 }, "geometry": { "type": "Polygon", "coordinates": [ [ [ 3.424175784420804, 48.360532761337595 ], [ 3.495974367586627, 48.378879957437327 ], [ 3.614799779705234, 48.272977806282263 ], [ 3.56303156738688, 48.192638618795819 ], [ 3.689870812671694, 48.143663004138389 ], [ 3.697839853037189, 48.176880770238661 ], [ 3.733654304120881, 48.185977147983806 ], [ 3.899144149306274, 48.007813569333415 ], [ 3.918129300186413, 47.931411308768418 ], [ 4.282518578426902, 47.930830377210604 ], [ 4.272293093661296, 47.845297862653595 ], [ 4.26090458994528, 47.726448515273489 ], [ 4.251954199637997, 47.674216557316178 ], [ 4.067421570877598, 47.419975383109332 ], [ 4.113975172008667, 47.343076446175829 ], [ 3.972350199656868, 47.32448051982724 ], [ 3.8611047074344, 47.427621038563977 ], [ 3.595294881533362, 47.459374265478637 ], [ 3.505926162635712, 47.554766784591457 ], [ 3.329324153900659, 47.480697731956319 ], [ 3.099763647449594, 47.568239782726486 ], [ 2.971917925516408, 47.564413399074589 ], [ 2.951592836118887, 47.631153379358061 ], [ 2.839712985886036, 47.712596077729266 ], [ 2.833151570613781, 47.764972035686696 ], [ 2.931963358036566, 47.76450980894051 ], [ 3.031148465070579, 47.792514894233086 ], [ 3.025508122127115, 47.902000821083462 ], [ 3.125640006929184, 47.972748040747142 ], [ 3.02874554851341, 48.149416746571134 ], [ 2.939237128185692, 48.154879582113679 ], [ 3.034333202848988, 48.354233026275018 ], [ 3.40633821903443, 48.389517905541773 ], [ 3.424175784420804, 48.360532761337595 ] ] ] } },
{ "type": "Feature", "properties": { "code_geog": "68", "libelle_geog": "Haut-Rhin", "area": 3534.652, "x": 7.273, "y": 47.867 }, "geometry": { "type": "Polygon", "coordinates": [ [ [ 7.508697235328641, 47.506404786276079 ], [ 7.496129069335917, 47.491846493673329 ], [ 7.493457209164784, 47.488750340168231 ], [ 7.466176783123209, 47.485103284908959 ], [ 7.430409415864557, 47.459124601654914 ], [ 7.428940932079706, 47.453350472311669 ], [ 7.424562523806608, 47.449089111164547 ], [ 7.414601743314976, 47.444016322934708 ], [ 7.398050714670561, 47.435583225211253 ], [ 7.397120184191454, 47.4352316360891 ], [ 7.386087843324999, 47.431657547697966 ], [ 7.346626797245846, 47.429401944031518 ], [ 7.195966055508695, 47.435828256905992 ], [ 7.188061596198457, 47.440058651817672 ], [ 7.180723483483455, 47.446839717345426 ], [ 7.184973567602524, 47.493526990700303 ], [ 7.137183790133134, 47.50982606850615 ], [ 7.13666774691464, 47.509658871556361 ], [ 7.136670559469552, 47.509792717607787 ], [ 7.088206130890987, 47.597636190698815 ], [ 7.043367499828996, 47.728224415083353 ], [ 6.864294519072323, 47.783007141890742 ], [ 6.83933296116423, 47.822118516433669 ], [ 6.927714292108596, 47.861583970975545 ], [ 6.940133613131768, 48.004131146547444 ], [ 7.043620686857064, 48.128748922034447 ], [ 7.19644221000111, 48.318005269542944 ], [ 7.472836699268956, 48.220423933786364 ], [ 7.512739500115148, 48.118514234611929 ], [ 7.568996720521929, 48.111246522215374 ], [ 7.569504227434606, 48.111162240191007 ], [ 7.570895484935638, 48.083019950300177 ], [ 7.570166154885206, 48.07611821298643 ], [ 7.569010613110924, 48.035433782042617 ], [ 7.569220200609029, 48.03416265939962 ], [ 7.569617058031944, 48.033423912286565 ], [ 7.57086554247133, 48.03179088163963 ], [ 7.57214071755723, 48.030427015469968 ], [ 7.573546759547048, 48.029305390179253 ], [ 7.574218754248253, 48.015673190458152 ], [ 7.619011966536232, 47.986197278321612 ], [ 7.619138952163526, 47.98595342938814 ], [ 7.620094359669422, 47.983431639416942 ], [ 7.620230515209708, 47.983022311338303 ], [ 7.610230386895415, 47.954324714236634 ], [ 7.610191924137858, 47.954214269696635 ], [ 7.609353191335372, 47.953226831717039 ], [ 7.606475187006746, 47.950607652475007 ], [ 7.564084853364299, 47.88568036414005 ], [ 7.531779623195669, 47.786806612401712 ], [ 7.512623415227889, 47.700364541007794 ], [ 7.512369937994213, 47.697085857669485 ], [ 7.512654772860788, 47.695901406795016 ], [ 7.516151477227491, 47.682745521339754 ], [ 7.511835381737159, 47.670216464458179 ], [ 7.522837876548484, 47.662388683387825 ], [ 7.522857011097222, 47.662366212648379 ], [ 7.534336348886494, 47.652208309970867 ], [ 7.535510121517545, 47.651254385777321 ], [ 7.538942388614772, 47.648847216466606 ], [ 7.541400006468437, 47.647385012778493 ], [ 7.542728364283742, 47.6466494269674 ], [ 7.546031323543105, 47.644968938937296 ], [ 7.549885179047458, 47.643131385710085 ], [ 7.55378671688146, 47.640351859955409 ], [ 7.571590495344514, 47.627662731281283 ], [ 7.591535954714883, 47.604787568035576 ], [ 7.592577507830773, 47.603326903191984 ], [ 7.559138281352253, 47.564738529772448 ], [ 7.537479954805574, 47.55570609487971 ], [ 7.508697235328641, 47.506404786276079 ] ] ] } },
{ "type": "Feature", "properties": { "code_geog": "72", "libelle_geog": "Sarthe", "area": 6233.295, "x": 0.223, "y": 47.996 }, "geometry": { "type": "Polygon", "coordinates": [ [ [ 0.367128264867678, 48.458830379263404 ], [ 0.401018996786724, 48.316593777359024 ], [ 0.638253978459933, 48.263135001330383 ], [ 0.733214881705965, 48.188309148199231 ], [ 0.811348324754294, 48.194109729144316 ], [ 0.828316286724875, 48.099127494366641 ], [ 0.818910298897079, 47.932394058109573 ], [ 0.764951177986364, 47.84122566802349 ], [ 0.598901786624549, 47.72936194296156 ], [ 0.586526223661756, 47.676799772559058 ], [ 0.371787920659738, 47.573371346174568 ], [ 0.222218762043131, 47.618366157402491 ], [ 0.089103493365492, 47.601580259370614 ], [ -0.138018013534755, 47.639827691122612 ], [ -0.191376800671394, 47.724409227076684 ], [ -0.390986131870867, 47.762771154319154 ], [ -0.439150863319367, 47.869863099940055 ], [ -0.296062017113656, 47.981901779033699 ], [ -0.258680869119586, 48.143633605672775 ], [ -0.145545011980902, 48.224345669796627 ], [ -0.144381649674751, 48.337413995560077 ], [ -0.051498925378381, 48.379699478380168 ], [ 0.055396291867835, 48.386574745242058 ], [ 0.096205770564723, 48.434960782770574 ], [ 0.244414366855807, 48.485277367471447 ], [ 0.367128264867678, 48.458830379263404 ] ] ] } },
{ "type": "Feature", "properties": { "code_geog": "88", "libelle_geog": "Vosges", "area": 5833.184, "x": 6.374, "y": 48.2 }, "geometry": { "type": "Polygon", "coordinates": [ [ [ 7.117746399827243, 48.473777356849126 ], [ 7.084214731754502, 48.341652532886151 ], [ 7.176837648463116, 48.337882010178049 ], [ 7.19644221000111, 48.318005269542944 ], [ 7.043620686857064, 48.128748922034447 ], [ 6.940133613131768, 48.004131146547444 ], [ 6.927714292108596, 47.861583970975545 ], [ 6.83933296116423, 47.822118516433669 ], [ 6.587367642614823, 47.945978402609548 ], [ 6.403419263513786, 47.952522310942861 ], [ 6.155379160623573, 47.956122165900524 ], [ 5.984848161234883, 47.952035280710547 ], [ 5.877086617848327, 47.931525297111882 ], [ 5.844553794851423, 47.975385426977674 ], [ 5.797167088005255, 48.010146795957404 ], [ 5.679867895899322, 48.175517304812054 ], [ 5.512469527428974, 48.351617684199653 ], [ 5.411757770029501, 48.340001356932227 ], [ 5.392860603410734, 48.38335157844849 ], [ 5.459089743210171, 48.414953013767146 ], [ 5.764305718843956, 48.487448839076009 ], [ 5.907970494913874, 48.492721106872587 ], [ 5.865470269235347, 48.393974387309434 ], [ 5.949149790667561, 48.362860544666844 ], [ 6.106062528209308, 48.357947159736753 ], [ 6.158761607880615, 48.394362176624085 ], [ 6.540725456916709, 48.429013087312001 ], [ 6.600937428837059, 48.464975785615763 ], [ 6.752879005631144, 48.397436935705088 ], [ 7.06274377823161, 48.499824755738153 ], [ 7.117746399827243, 48.473777356849126 ] ] ] } },
{ "type": "Feature", "properties": { "code_geog": "53", "libelle_geog": "Mayenne", "area": 5168.383, "x": -0.651, "y": 48.152 }, "geometry": { "type": "Polygon", "coordinates": [ [ [ -0.138129791625025, 48.549292338160228 ], [ -0.051498925378381, 48.379699478380168 ], [ -0.144381649674751, 48.337413995560077 ], [ -0.145545011980902, 48.224345669796627 ], [ -0.258680869119586, 48.143633605672775 ], [ -0.296062017113656, 47.981901779033699 ], [ -0.439150863319367, 47.869863099940055 ], [ -0.390986131870867, 47.762771154319154 ], [ -0.62575275188712, 47.739129822350868 ], [ -0.958166656355696, 47.795457133747348 ], [ -1.079498773400234, 47.77456013309947 ], [ -1.233104479797875, 47.81201244117225 ], [ -1.146885016676653, 47.976079107457387 ], [ -1.026494990509956, 47.979602688048324 ], [ -1.08101225294087, 48.273372363598213 ], [ -1.053035676869943, 48.502798801658834 ], [ -0.873893540732301, 48.503037690464332 ], [ -0.7417497672927, 48.449408656990528 ], [ -0.549812672420289, 48.473304329375786 ], [ -0.300938073497843, 48.507688256962616 ], [ -0.261312326215387, 48.575214083918667 ], [ -0.138129791625025, 48.549292338160228 ] ] ] } },
{ "type": "Feature", "properties": { "code_geog": "52", "libelle_geog": "Haute-Marne", "area": 6142.776, "x": 5.227, "y": 48.113 }, "geometry": { "type": "Polygon", "coordinates": [ [ [ 4.997269243309636, 48.616690505285582 ], [ 5.459089743210171, 48.414953013767146 ], [ 5.392860603410734, 48.38335157844849 ], [ 5.411757770029501, 48.340001356932227 ], [ 5.512469527428974, 48.351617684199653 ], [ 5.679867895899322, 48.175517304812054 ], [ 5.797167088005255, 48.010146795957404 ], [ 5.844553794851423, 47.975385426977674 ], [ 5.877086617848327, 47.931525297111882 ], [ 5.807777202786119, 47.847841484329521 ], [ 5.751571375380949, 47.854265149696595 ], [ 5.676411621799081, 47.784976014304483 ], [ 5.723981629140924, 47.755016466867332 ], [ 5.683912496457886, 47.67994138293561 ], [ 5.585019837097866, 47.677979075266251 ], [ 5.387804332063868, 47.683318146301517 ], [ 5.375860983489277, 47.597880443745481 ], [ 5.320390371014618, 47.613609955211395 ], [ 5.176203009565529, 47.683912074548601 ], [ 5.029710214177133, 47.715972364645502 ], [ 4.906033299890058, 47.785443620070822 ], [ 4.985590373414767, 47.821766497678198 ], [ 4.817003407916341, 47.99690817960235 ], [ 4.704445934401593, 48.018285163533626 ], [ 4.657740601352111, 48.085879816916119 ], [ 4.723151241531564, 48.117897591477089 ], [ 4.850799741642909, 48.110472481761541 ], [ 4.833214270777068, 48.33939061578856 ], [ 4.706525305205033, 48.380092157572236 ], [ 4.638250442240865, 48.452848921675709 ], [ 4.66351955981144, 48.538034552078557 ], [ 4.785259387527684, 48.535578365933155 ], [ 4.798471645705748, 48.663827631834991 ], [ 4.993740060292789, 48.688175749611027 ], [ 4.997269243309636, 48.616690505285582 ] ] ] } },
{ "type": "Feature", "properties": { "code_geog": "10", "libelle_geog": "Aube", "area": 5930.001, "x": 4.159, "y": 48.307 }, "geometry": { "type": "Polygon", "coordinates": [ [ [ 4.307908796364696, 48.611122142270702 ], [ 4.534398886342202, 48.535742508518553 ], [ 4.66351955981144, 48.538034552078557 ], [ 4.638250442240865, 48.452848921675709 ], [ 4.706525305205033, 48.380092157572236 ], [ 4.833214270777068, 48.33939061578856 ], [ 4.850799741642909, 48.110472481761541 ], [ 4.723151241531564, 48.117897591477089 ], [ 4.657740601352111, 48.085879816916119 ], [ 4.704445934401593, 48.018285163533626 ], [ 4.577013945854223, 48.025554022538728 ], [ 4.282518578426902, 47.930830377210604 ], [ 3.918129300186413, 47.931411308768418 ], [ 3.899144149306274, 48.007813569333415 ], [ 3.733654304120881, 48.185977147983806 ], [ 3.697839853037189, 48.176880770238661 ], [ 3.689870812671694, 48.143663004138389 ], [ 3.56303156738688, 48.192638618795819 ], [ 3.614799779705234, 48.272977806282263 ], [ 3.495974367586627, 48.378879957437327 ], [ 3.424175784420804, 48.360532761337595 ], [ 3.40633821903443, 48.389517905541773 ], [ 3.40084298167389, 48.470466884251401 ], [ 3.547456410930541, 48.621326383467924 ], [ 3.631549332811859, 48.539545464207087 ], [ 3.860374959677413, 48.522543365275723 ], [ 3.876228600131882, 48.574684473844847 ], [ 4.052329297923407, 48.695992793996496 ], [ 4.304859687183226, 48.720628334735949 ], [ 4.307908796364696, 48.611122142270702 ] ] ] } },
{ "type": "Feature", "properties": { "code_geog": "35", "libelle_geog": "Ille-et-Vilaine", "area": 6923.69, "x": -1.637, "y": 48.155 }, "geometry": { "type": "Polygon", "coordinates": [ [ [ -1.848063549045784, 48.702183385920577 ], [ -1.83807188355968, 48.682934830935238 ], [ -1.838123288342738, 48.682028765443228 ], [ -1.838169780675451, 48.68120923967745 ], [ -1.841783406409183, 48.677686982375356 ], [ -1.854561416056967, 48.670286708411709 ], [ -1.859762343066439, 48.66838338368607 ], [ -1.860816714745922, 48.667976983013432 ], [ -1.86185367926868, 48.667355147516247 ], [ -1.862476856420086, 48.666657946380354 ], [ -1.862999649828657, 48.66555922242668 ], [ -1.871107821989145, 48.647196037662411 ], [ -1.871189802576604, 48.646698024154823 ], [ -1.871252658268829, 48.645795604827562 ], [ -1.867825762606729, 48.638184660864191 ], [ -1.86728649224121, 48.637393629311674 ], [ -1.863221393368369, 48.631956653758223 ], [ -1.86201134890891, 48.630424220501382 ], [ -1.861333219263808, 48.629593076167026 ], [ -1.859314363817375, 48.627459148572406 ], [ -1.857631365552333, 48.625952431056241 ], [ -1.856226683155263, 48.624696893080667 ], [ -1.854482671245038, 48.62327331141654 ], [ -1.852087071141991, 48.621512679225205 ], [ -1.846469486517797, 48.617669401353076 ], [ -1.845827829333663, 48.617286982263558 ], [ -1.843332582420616, 48.615799761706803 ], [ -1.841918396324189, 48.615044974324988 ], [ -1.842147441216056, 48.610996743375793 ], [ -1.829516546605811, 48.611862919185128 ], [ -1.824989559301327, 48.610846760156974 ], [ -1.821250242821451, 48.610086961238359 ], [ -1.813142964297366, 48.608850106551436 ], [ -1.808598965961769, 48.608208138667024 ], [ -1.780463885435773, 48.604635089266615 ], [ -1.756885363659332, 48.603553435274804 ], [ -1.721646258924034, 48.605900860359057 ], [ -1.664734778353645, 48.610079228015479 ], [ -1.663320231213001, 48.61021703293045 ], [ -1.635604945804827, 48.615020373787935 ], [ -1.570229383457755, 48.626519552758651 ], [ -1.551488216752861, 48.624133315731839 ], [ -1.385787193730645, 48.445149635817131 ], [ -1.221107121721146, 48.550250822795384 ], [ -1.053035676869943, 48.502798801658834 ], [ -1.08101225294087, 48.273372363598213 ], [ -1.026494990509956, 47.979602688048324 ], [ -1.146885016676653, 47.976079107457387 ], [ -1.233104479797875, 47.81201244117225 ], [ -1.253664051498704, 47.772725833265234 ], [ -1.484505947028623, 47.836867972465882 ], [ -1.645731467969337, 47.721850495000503 ], [ -2.096055757209563, 47.644103282673619 ], [ -2.09496841137661, 47.954490411319661 ], [ -2.289746629508642, 48.006275622448072 ], [ -2.294161130751578, 48.133890992133935 ], [ -1.96059833998331, 48.306272457404809 ], [ -1.932145783545971, 48.544517230756618 ], [ -2.13082362531699, 48.609311849823861 ], [ -2.069582927078575, 48.638323589497311 ], [ -2.025774344705364, 48.65853267188281 ], [ -1.891560653534404, 48.699275902113968 ], [ -1.855894265255277, 48.704013173350845 ], [ -1.848063549045784, 48.702183385920577 ] ] ] } },
{ "type": "Feature", "properties": { "code_geog": "29", "libelle_geog": "Finistère", "area": 6565.685, "x": -4.051, "y": 48.258 }, "geometry": { "type": "Polygon", "coordinates": [ [ [ -3.981469230129954, 48.726853600937517 ], [ -3.966888086154891, 48.66366615874454 ], [ -3.956133229669934, 48.661012918669542 ], [ -3.94943395034235, 48.653181459277029 ], [ -3.840678254876585, 48.62898019204912 ], [ -3.851895396341268, 48.645282755054502 ], [ -3.856153726376525, 48.655195233206264 ], [ -3.846322419314553, 48.697601480113754 ], [ -3.833631000408669, 48.710569266712966 ], [ -3.830094073044005, 48.71279104921009 ], [ -3.818451124906157, 48.712227708659782 ], [ -3.648359705147683, 48.685416683849709 ], [ -3.650754819241334, 48.679977379924473 ], [ -3.658245562898665, 48.6596031689771 ], [ -3.658209374394833, 48.659289473166339 ], [ -3.657860823189817, 48.659216969905643 ], [ -3.640249322069654, 48.661692274446345 ], [ -3.522270362949321, 48.197696896321744 ], [ -3.751087159769484, 48.108364060641776 ], [ -3.641135210846703, 47.981518065935596 ], [ -3.402267171781223, 47.975219356967216 ], [ -3.403424185220373, 47.860948673913335 ], [ -3.522611848184894, 47.846461020780964 ], [ -3.522073441052357, 47.849215208879073 ], [ -3.522031701305237, 47.84944276904227 ], [ -3.52223956269677, 47.850108704747861 ], [ -3.524321898532155, 47.852574265011114 ], [ -3.524929521142545, 47.85322009200592 ], [ -3.526171599174063, 47.854149648781068 ], [ -3.529337064856271, 47.856109716103362 ], [ -3.530038176482174, 47.856390074778254 ], [ -3.531077397714615, 47.856698500374129 ], [ -3.531825214831158, 47.856796127325367 ], [ -3.534413573865371, 47.856575584050745 ], [ -3.535669447068303, 47.856422128520535 ], [ -3.537636444318343, 47.856638654325714 ], [ -3.539706760252883, 47.856579381568096 ], [ -3.540743910132311, 47.861081475778953 ], [ -3.540783846976983, 47.861440205002225 ], [ -3.540370189566275, 47.866150721105356 ], [ -3.540750231102321, 47.864147474330665 ], [ -3.541148488326281, 47.86290988407503 ], [ -3.541525032980187, 47.862079223154147 ], [ -3.542076486228271, 47.861014273381052 ], [ -3.542369681960654, 47.860638742120322 ], [ -3.542792843304538, 47.859625350063268 ], [ -3.543350854686734, 47.858070799317012 ], [ -3.5420685269253, 47.856730836001624 ], [ -3.54154225438544, 47.856216263072781 ], [ -3.536942051040285, 47.855816886203073 ], [ -3.531796321589365, 47.852919610440679 ], [ -3.531065347515124, 47.852370211400761 ], [ -3.530504347198888, 47.851541694677145 ], [ -3.527511663217397, 47.845862656986924 ], [ -3.527448751359846, 47.845743260461717 ], [ -3.526660064376996, 47.844069425810581 ], [ -3.526773366271386, 47.843883353572316 ], [ -3.528010913092324, 47.842964309748297 ], [ -3.530872729537294, 47.841646507096378 ], [ -3.533618084429656, 47.840382205234143 ], [ -3.537631301409526, 47.837925272462513 ], [ -3.538717123236203, 47.836247157845257 ], [ -3.539046872473108, 47.835599219982988 ], [ -3.539784660279039, 47.833803361318701 ], [ -3.540295941958858, 47.832379670436701 ], [ -3.540509163509125, 47.831286667416315 ], [ -3.5406416363312, 47.822847462567225 ], [ -3.534879587217634, 47.813172381181531 ], [ -3.534798069877565, 47.813041209396047 ], [ -3.534092525058449, 47.812716031324129 ], [ -3.532206028739994, 47.81193230129621 ], [ -3.53128537166439, 47.811549802866743 ], [ -3.530661372146745, 47.811355777333745 ], [ -3.529776088087845, 47.811220005471817 ], [ -3.528144724007369, 47.810988779496455 ], [ -3.523800734666073, 47.809852425997782 ], [ -3.523519553624468, 47.809731297198198 ], [ -3.523433097896055, 47.809555275098262 ], [ -3.520379473669489, 47.799517817508338 ], [ -3.520314876206154, 47.798934853246401 ], [ -3.520802567167756, 47.798504475357561 ], [ -3.521879267329115, 47.797954269596495 ], [ -3.526876192241402, 47.795944042487015 ], [ -3.531048623646945, 47.767820452443004 ], [ -3.531469429256587, 47.767393378808293 ], [ -3.534278916826686, 47.765668161351364 ], [ -3.537229886959554, 47.763855869316309 ], [ -3.611980262949038, 47.768400714089637 ], [ -3.642282128590514, 47.771810751380357 ], [ -3.678369623126798, 47.776188936171351 ], [ -3.680710404196591, 47.776908057289894 ], [ -3.681268032932746, 47.777104723402395 ], [ -3.686368593180901, 47.779591985246682 ], [ -3.733156295258834, 47.803636164845052 ], [ -3.733960385556813, 47.804225674426576 ], [ -3.739566102781573, 47.811059469758248 ], [ -3.741001280767778, 47.813059292031767 ], [ -3.742324586953591, 47.815831686746598 ], [ -3.742930305491764, 47.817604173661266 ], [ -3.744920158124023, 47.826746329116673 ], [ -3.74434418545989, 47.824070245245238 ], [ -3.744255923830789, 47.82272177278476 ], [ -3.744457627251368, 47.819238329480726 ], [ -3.74531456976908, 47.815630449977967 ], [ -3.742351010631632, 47.810823894887982 ], [ -3.740301902724155, 47.809307161829565 ], [ -3.739582946907731, 47.806548311794081 ], [ -3.738410045417584, 47.799257753625341 ], [ -3.741269715170014, 47.797349453801544 ], [ -3.743346764885124, 47.796203606257713 ], [ -3.744620702826193, 47.795640918918373 ], [ -3.755799452757209, 47.791583331533388 ], [ -3.757160347722934, 47.791196357240949 ], [ -3.758915212449146, 47.790743628934187 ], [ -3.760434973668229, 47.790573813398858 ], [ -3.769942925379373, 47.79003021527469 ], [ -3.792265898937221, 47.789928964402144 ], [ -3.792347097811762, 47.789938717709674 ], [ -3.803540118926519, 47.79128260350813 ], [ -3.849735245627304, 47.798130359090194 ], [ -3.89584071629402, 47.833156774647087 ], [ -3.905769852160195, 47.834341351640965 ], [ -3.96457099123057, 47.90514944417702 ], [ -3.984834162144818, 47.904052869530119 ], [ -3.985055302519158, 47.849185098410281 ], [ -4.093674640164716, 47.861272587859908 ], [ -4.097066332606029, 47.862007538809209 ], [ -4.097903698822026, 47.862277125074776 ], [ -4.098408107313243, 47.862565095820734 ], [ -4.115944045357234, 47.87603328944958 ], [ -4.114920002327218, 47.8813688357112 ], [ -4.124431801564859, 47.891129039324433 ], [ -4.137875157382755, 47.899000973339781 ], [ -4.140172653728444, 47.900226949612232 ], [ -4.140217352917297, 47.900323728650932 ], [ -4.140355468392892, 47.90062286722204 ], [ -4.143783770852136, 47.909411100825743 ], [ -4.143722077719745, 47.910001077346486 ], [ -4.143135403275806, 47.913417600452682 ], [ -4.142967927681585, 47.914239045710104 ], [ -4.142483686681734, 47.915213443666623 ], [ -4.138360780734295, 47.921533410954183 ], [ -4.129739472265471, 47.93004264839378 ], [ -4.129305724662538, 47.930337394968291 ], [ -4.117221402378114, 47.930329720329084 ], [ -4.116354589349184, 47.930377666030807 ], [ -4.11538185111345, 47.93065704867854 ], [ -4.113179732043879, 47.931861616638798 ], [ -4.112389665964454, 47.932536927124445 ], [ -4.109161611003241, 47.93578325062542 ], [ -4.108838237783506, 47.936432749453196 ], [ -4.10904929872065, 47.939804847512391 ], [ -4.094036147854444, 47.941670802111076 ], [ -4.084448691627574, 47.950048799637905 ], [ -4.084203719294352, 47.95024273687492 ], [ -4.083670077178589, 47.950272091394567 ], [ -4.078608342593413, 47.949512760991041 ], [ -4.07638650353238, 47.948913020344428 ], [ -4.077783604016032, 47.950460388649013 ], [ -4.082410792091109, 47.954266374099049 ], [ -4.083612746445692, 47.953658889027295 ], [ -4.086202588590686, 47.951215530498757 ], [ -4.086553649859447, 47.950790173879753 ], [ -4.087735870947298, 47.94892048958198 ], [ -4.089380555566298, 47.946438821998591 ], [ -4.090104424057643, 47.945767345079929 ], [ -4.091895445565783, 47.945037084985984 ], [ -4.092234404973082, 47.945063529353583 ], [ -4.0928008011957, 47.945303023222529 ], [ -4.093116578544251, 47.94524953363247 ], [ -4.093195523479033, 47.94523616128582 ], [ -4.093257820656834, 47.944646223095141 ], [ -4.093797934949959, 47.944120189226254 ], [ -4.09422652302121, 47.943780761404128 ], [ -4.094477955245519, 47.943090167416507 ], [ -4.094356561734623, 47.94264569733847 ], [ -4.094657216885315, 47.942358432594219 ], [ -4.095430197333774, 47.942090252218748 ], [ -4.09590252732069, 47.942109333635308 ], [ -4.096613240629514, 47.94243108612563 ], [ -4.097766891323636, 47.943630735499497 ], [ -4.098194432572948, 47.94383274291733 ], [ -4.098538860387716, 47.943903982881949 ], [ -4.09991658004369, 47.944188936281094 ], [ -4.100716936197373, 47.94414479152325 ], [ -4.101150956817731, 47.943850152915161 ], [ -4.101576555494576, 47.943179255438366 ], [ -4.10236536410552, 47.942249200113338 ], [ -4.102815790777629, 47.942088997576896 ], [ -4.103688284612558, 47.942085966551879 ], [ -4.105922044220409, 47.942233369233406 ], [ -4.108538621456789, 47.942765637715418 ], [ -4.108560548414484, 47.942944893547647 ], [ -4.107686151070992, 47.947324368418926 ], [ -4.10634654092192, 47.950646708619978 ], [ -4.104712761185911, 47.950466185222155 ], [ -4.10384012824111, 47.950469223917878 ], [ -4.101244135444255, 47.95065755650333 ], [ -4.09937539729136, 47.951302007134316 ], [ -4.098624199695779, 47.951749469551395 ], [ -4.097127237947458, 47.952689194158005 ], [ -4.096325710366873, 47.953274760158145 ], [ -4.09624930793737, 47.953441388520964 ], [ -4.09621965494579, 47.953506184035412 ], [ -4.093569200818145, 47.961502331574003 ], [ -4.093345023739912, 47.962416987572183 ], [ -4.094269569802348, 47.967238530018705 ], [ -4.095142701660937, 47.969987588405921 ], [ -4.09549172312791, 47.970645092839305 ], [ -4.095719283609292, 47.970858134145317 ], [ -4.096457755738045, 47.971403950789366 ], [ -4.100928252492723, 47.97445100436007 ], [ -4.101473086919232, 47.974511197367001 ], [ -4.111920247341746, 47.97533333511462 ], [ -4.110568950505343, 47.971979134349915 ], [ -4.111071154942325, 47.960717474244447 ], [ -4.112162261229303, 47.946039444554231 ], [ -4.110335662801823, 47.94153845820648 ], [ -4.109765461109983, 47.936877812967701 ], [ -4.109854974640873, 47.936511932708996 ], [ -4.115991258974184, 47.931796395658488 ], [ -4.116436066175223, 47.931591325895596 ], [ -4.116958526186486, 47.931472194119316 ], [ -4.118747883809574, 47.931282971030278 ], [ -4.119081278253454, 47.931264524226435 ], [ -4.128286947638349, 47.931882740359313 ], [ -4.12965971130452, 47.931581077956203 ], [ -4.131061320741115, 47.930420558255776 ], [ -4.145293755844278, 47.915688975921007 ], [ -4.149424923947362, 47.911082748252774 ], [ -4.144166515315377, 47.8988770526026 ], [ -4.139405275991778, 47.896163730691626 ], [ -4.138839194163677, 47.89592445702624 ], [ -4.137329875217851, 47.89510589194753 ], [ -4.121682713333176, 47.884017277753593 ], [ -4.120491421541881, 47.882504123869758 ], [ -4.116166149217918, 47.872366385962536 ], [ -4.119673650684846, 47.864862862991338 ], [ -4.120292029728994, 47.864218390361266 ], [ -4.205415867730339, 47.87359628358184 ], [ -4.177525542665343, 47.805321923312484 ], [ -4.181484861901951, 47.801779208616885 ], [ -4.321144494659735, 47.793872191268626 ], [ -4.362210816460328, 47.795657147492321 ], [ -4.367117525134081, 47.796322313224771 ], [ -4.37231487112024, 47.79769264411734 ], [ -4.373230490832768, 47.798046039203506 ], [ -4.380313754269713, 47.815825872784856 ], [ -4.380334588735954, 47.817043251585822 ], [ -4.379669205226406, 47.820240926431325 ], [ -4.37887477038588, 47.821425903995703 ], [ -4.367285085870444, 47.826200890674443 ], [ -4.361740972936114, 47.828484366672811 ], [ -4.36165191826719, 47.828409885666652 ], [ -4.361452663747733, 47.828240824458 ], [ -4.36138445521491, 47.827703170703337 ], [ -4.361582370175861, 47.827150206404617 ], [ -4.360654957687268, 47.826707116814084 ], [ -4.358929205803533, 47.826309938162467 ], [ -4.358113806738476, 47.826221437715397 ], [ -4.357127222778303, 47.826368431690874 ], [ -4.355072084346316, 47.827073285352334 ], [ -4.351893103042914, 47.82842937322831 ], [ -4.351145786868845, 47.828878482695615 ], [ -4.348601000356025, 47.831010390585732 ], [ -4.347948522090305, 47.831679683732958 ], [ -4.347065438314139, 47.833174561549974 ], [ -4.346583261630567, 47.834725070354217 ], [ -4.336925022388236, 47.83869974015753 ], [ -4.347035169582787, 47.850419214709184 ], [ -4.354693214251393, 47.884365654769944 ], [ -4.358016407884446, 47.894690076365166 ], [ -4.391176555756421, 47.931593573069897 ], [ -4.417666220105323, 47.959082331945282 ], [ -4.421599905016185, 47.96251025540645 ], [ -4.449936365653811, 47.981130544370387 ], [ -4.466181605724571, 47.988070358188082 ], [ -4.472626729928469, 47.995492321160064 ], [ -4.489464162862062, 47.998009292338793 ], [ -4.53450539366448, 48.017212730982983 ], [ -4.54087063211151, 48.011873254537178 ], [ -4.550044605659795, 48.007043221997598 ], [ -4.593888333480519, 48.013559827944668 ], [ -4.596603767756217, 48.015214101958009 ], [ -4.609295457902532, 48.017078272291414 ], [ -4.614963401706116, 48.016696010587474 ], [ -4.615068532253781, 48.01670143135776 ], [ -4.616394107493393, 48.016897910214027 ], [ -4.616826299859784, 48.016961966751019 ], [ -4.619552565653928, 48.017822184511516 ], [ -4.625657715789191, 48.021250284962832 ], [ -4.626384572214265, 48.021658370207604 ], [ -4.626765796310027, 48.021996771590146 ], [ -4.626927439264988, 48.022709380072683 ], [ -4.626963022737396, 48.022978100016523 ], [ -4.626787298291791, 48.023313581649482 ], [ -4.626694467333917, 48.023490647924049 ], [ -4.626838322633945, 48.024068895905842 ], [ -4.627574058712482, 48.025559809176784 ], [ -4.629024927976293, 48.027369211778307 ], [ -4.630204391188749, 48.028653100718145 ], [ -4.631143550454151, 48.029138786115531 ], [ -4.631992218499322, 48.029449300383774 ], [ -4.632465513916507, 48.029466214621266 ], [ -4.63339429599343, 48.029365678914068 ], [ -4.635920936469093, 48.028628118466408 ], [ -4.639883442660713, 48.026540840294835 ], [ -4.639999138393346, 48.02639851009463 ], [ -4.641242045927385, 48.024608942188252 ], [ -4.641651308796789, 48.023636542289978 ], [ -4.641827807979232, 48.023445437281886 ], [ -4.642082949523419, 48.023339916738756 ], [ -4.649245072476869, 48.022550777187519 ], [ -4.655876405548954, 48.022831212993005 ], [ -4.658027989524751, 48.023830967407328 ], [ -4.66220503611233, 48.025386505910809 ], [ -4.665055418313719, 48.026073431794785 ], [ -4.673985845883682, 48.026937359205569 ], [ -4.676825568938186, 48.027037798650284 ], [ -4.679574641093986, 48.026963041539005 ], [ -4.683656233847643, 48.02684599087425 ], [ -4.71652384815432, 48.031691690997384 ], [ -4.723021461175256, 48.033284682032445 ], [ -4.73260342537447, 48.037408447397489 ], [ -4.720761110394712, 48.045027183277227 ], [ -4.707763268647144, 48.053385376139751 ], [ -4.703962074499596, 48.055047151516035 ], [ -4.329903312993952, 48.097480081826447 ], [ -4.323111029753576, 48.095375199976438 ], [ -4.322771302860793, 48.093973153808605 ], [ -4.321932471793295, 48.093007870312867 ], [ -4.320532629481011, 48.092591156693778 ], [ -4.306035615770339, 48.089263673741847 ], [ -4.305088167758295, 48.089227207864433 ], [ -4.303439174606369, 48.089501278524878 ], [ -4.299217364359524, 48.090733446613896 ], [ -4.298064665711463, 48.091204903550796 ], [ -4.297045685540053, 48.091668768541069 ], [ -4.295976786959633, 48.092270817343845 ], [ -4.295536978010414, 48.092521352890572 ], [ -4.285334126141754, 48.103476997817332 ], [ -4.26863855995233, 48.131943426388041 ], [ -4.271723428389325, 48.152163375067737 ], [ -4.272122543799735, 48.154261462224362 ], [ -4.30220625924849, 48.195379640445537 ], [ -4.302530997978034, 48.195812449146921 ], [ -4.315262231017146, 48.203077174243106 ], [ -4.341206123914477, 48.205934399422013 ], [ -4.364999809601412, 48.207713860353991 ], [ -4.372828098026524, 48.209158633231702 ], [ -4.385242650792591, 48.219302018284843 ], [ -4.395989986686437, 48.22044551171507 ], [ -4.410273698187466, 48.222828688024578 ], [ -4.413272213234065, 48.225138029030475 ], [ -4.414075273352422, 48.226129676961882 ], [ -4.416236348554362, 48.227178539445717 ], [ -4.417774602407163, 48.227586359058108 ], [ -4.424534618426877, 48.228686104571921 ], [ -4.427227555421761, 48.228621140435372 ], [ -4.430987241120008, 48.228449463204306 ], [ -4.431456477573872, 48.228422395966824 ], [ -4.432616776042622, 48.227994459056731 ], [ -4.433380650635184, 48.227634508964059 ], [ -4.434903474383196, 48.22583187515071 ], [ -4.435002796549377, 48.225555392311797 ], [ -4.434962267973658, 48.225241854876586 ], [ -4.434653624122319, 48.224943793479376 ], [ -4.434065292033289, 48.224571622822111 ], [ -4.434124093592192, 48.223981602443544 ], [ -4.434570130528595, 48.223775359114676 ], [ -4.434911057779025, 48.223800806083851 ], [ -4.435872602106529, 48.223925802863818 ], [ -4.437125427242077, 48.22421447473392 ], [ -4.438317032112291, 48.224551795135632 ], [ -4.438162285418281, 48.224921733763559 ], [ -4.436508865695161, 48.226235582045284 ], [ -4.435835226628291, 48.226770846120182 ], [ -4.434470537193671, 48.227706990102334 ], [ -4.434097289010097, 48.227954154885992 ], [ -4.433109159906924, 48.228146548825123 ], [ -4.432222784758864, 48.228603813492207 ], [ -4.430303356619663, 48.230474399091179 ], [ -4.429947426502704, 48.23085592372383 ], [ -4.430060753205095, 48.231210385539555 ], [ -4.430407512623511, 48.231280637407643 ], [ -4.430792375791036, 48.231123066101503 ], [ -4.431069690859335, 48.230655822851617 ], [ -4.431699542590332, 48.230303618035933 ], [ -4.432358325678195, 48.230175365036153 ], [ -4.433844689012292, 48.230179855157139 ], [ -4.434963580996265, 48.23047628547998 ], [ -4.437011877040471, 48.231170305813762 ], [ -4.440047608573911, 48.232709771371837 ], [ -4.441404844798351, 48.233305999889225 ], [ -4.44290885457148, 48.233943372733769 ], [ -4.446475450941128, 48.235406891453785 ], [ -4.447393400212479, 48.235714828787899 ], [ -4.464359205315343, 48.238929477675619 ], [ -4.488063036507551, 48.236289728360831 ], [ -4.491193336614875, 48.23543070992686 ], [ -4.494306011064771, 48.234437244517288 ], [ -4.496040040611626, 48.233749619505581 ], [ -4.497744804568393, 48.232838030096616 ], [ -4.500681805823674, 48.230500763432779 ], [ -4.502481774254002, 48.227733280907849 ], [ -4.503022942038551, 48.225670950285235 ], [ -4.502897440448098, 48.225226982778068 ], [ -4.502381492591495, 48.224896033554991 ], [ -4.502571903984486, 48.224514538809771 ], [ -4.543698516881688, 48.174268927494744 ], [ -4.562311160290373, 48.199928109097421 ], [ -4.570986513527663, 48.253587652269388 ], [ -4.582609013223782, 48.252560069308693 ], [ -4.592150614123664, 48.252150629007438 ], [ -4.59595559928574, 48.253225756996514 ], [ -4.604950911574469, 48.258603886313999 ], [ -4.610600040495592, 48.266366398495755 ], [ -4.551685318068595, 48.338324042551633 ], [ -4.551573438372203, 48.338390337548823 ], [ -4.543184139863705, 48.316727372616725 ], [ -4.545882619634923, 48.311518749859907 ], [ -4.546853554002137, 48.309747003484112 ], [ -4.547386973214859, 48.309174214349149 ], [ -4.550387334244841, 48.305965759471675 ], [ -4.55070526076052, 48.305811737917104 ], [ -4.551973530829549, 48.30568323377868 ], [ -4.555005428627819, 48.304052289905854 ], [ -4.555367252502008, 48.300330490974972 ], [ -4.555302343510391, 48.299837878609758 ], [ -4.553577176177282, 48.296599524936987 ], [ -4.552097427160961, 48.294709657214014 ], [ -4.551720600675976, 48.29441585139277 ], [ -4.537155865304353, 48.284961673894024 ], [ -4.535563238816417, 48.284161328028958 ], [ -4.534801644438427, 48.284025375204848 ], [ -4.501634375605986, 48.280943027653919 ], [ -4.394694505896027, 48.274793204338316 ], [ -4.392811219029782, 48.274865038268899 ], [ -4.383531201168015, 48.275233993017252 ], [ -4.380066291199515, 48.275621718611724 ], [ -4.366232767907515, 48.277801763992827 ], [ -4.365120721213677, 48.278090825630436 ], [ -4.364166953817811, 48.278560350254196 ], [ -4.36245530996065, 48.279430777992417 ], [ -4.285887696606236, 48.282168224741994 ], [ -4.286325998441256, 48.28108941393247 ], [ -4.283625781759246, 48.276414198423744 ], [ -4.243877559137366, 48.252255769066473 ], [ -4.203619193332366, 48.245121837385746 ], [ -4.115346008662623, 48.235761021294266 ], [ -4.111433233419697, 48.236336917000123 ], [ -4.107240653007256, 48.247483498933185 ], [ -4.112939447114353, 48.247693822297258 ], [ -4.139240327009372, 48.242032644215392 ], [ -4.237445628568231, 48.253753008086228 ], [ -4.238765151888101, 48.254040030664733 ], [ -4.23969908380713, 48.254483982371283 ], [ -4.263776546068066, 48.279254726436562 ], [ -4.255529489604181, 48.283239729344132 ], [ -4.208878600086662, 48.284870950744775 ], [ -4.279271273748139, 48.354073147305634 ], [ -4.310777963181251, 48.346103364354114 ], [ -4.354491715037187, 48.343406111949037 ], [ -4.366472701957639, 48.335297307149069 ], [ -4.372375855120301, 48.330515957057813 ], [ -4.385150412983178, 48.33039555174738 ], [ -4.427972482479107, 48.359289721192944 ], [ -4.374203419805712, 48.398985289390126 ], [ -4.488860603838938, 48.383248319075641 ], [ -4.628869557313073, 48.352177461353129 ], [ -4.756952807506052, 48.327837652520664 ], [ -4.760908903174395, 48.327659623316485 ], [ -4.76806625545269, 48.328427872571417 ], [ -4.769757723607082, 48.328621721756058 ], [ -4.780448775640337, 48.407134333398048 ], [ -4.78177053961092, 48.434788270867749 ], [ -4.780000772370271, 48.4386462414165 ], [ -4.776420015087193, 48.445912798439117 ], [ -4.768198788538217, 48.462152114607328 ], [ -4.763586637548189, 48.466952600960909 ], [ -4.763275676966924, 48.467160900527617 ], [ -4.760559178097475, 48.468543151633369 ], [ -4.749443009047241, 48.471143750479087 ], [ -4.742602550410212, 48.472249858934738 ], [ -4.738247425918545, 48.471166381404437 ], [ -4.736362909049648, 48.470783019713068 ], [ -4.735886800385212, 48.47077548326665 ], [ -4.731413340734397, 48.471820116037208 ], [ -4.731461367735255, 48.472674760135526 ], [ -4.730077351578802, 48.473479869206798 ], [ -4.728756333014468, 48.473748617899119 ], [ -4.726120438851598, 48.474231540817968 ], [ -4.721108502068316, 48.47481155898992 ], [ -4.718990902904369, 48.474811960649582 ], [ -4.718140547920735, 48.474546932612668 ], [ -4.717682046132421, 48.474168184510297 ], [ -4.717590481095661, 48.473993136177498 ], [ -4.717394558817364, 48.474049992754189 ], [ -4.717179782937057, 48.474469034540824 ], [ -4.7171494786952, 48.475147827806687 ], [ -4.717314431503164, 48.475363617275832 ], [ -4.717816032102007, 48.475559259723617 ], [ -4.718648220702359, 48.475689982558741 ], [ -4.72309070155959, 48.475414975645528 ], [ -4.730395436361418, 48.474724515714158 ], [ -4.732133788050523, 48.47453001532304 ], [ -4.734030893601218, 48.473504547373565 ], [ -4.735334870562791, 48.473110387777702 ], [ -4.735573292736895, 48.473366880090971 ], [ -4.738772793324876, 48.473436639598432 ], [ -4.750354541811981, 48.473255369385384 ], [ -4.754068606570991, 48.472616764399554 ], [ -4.754373546975766, 48.472363722943811 ], [ -4.756331915605332, 48.47039538652843 ], [ -4.758307327873388, 48.470447998733867 ], [ -4.75896932585434, 48.470724087343982 ], [ -4.761543762194453, 48.472184883708209 ], [ -4.764831246823648, 48.475191408448985 ], [ -4.774808566749783, 48.489014957462437 ], [ -4.777513323840511, 48.501785134981631 ], [ -4.773297631914809, 48.512641548750835 ], [ -4.763712995636017, 48.530854286298869 ], [ -4.750769546743882, 48.542689679016398 ], [ -4.749586216113842, 48.54348283344828 ], [ -4.72959585506195, 48.556433174775293 ], [ -4.702919368777876, 48.568884619292739 ], [ -4.702468383785711, 48.569680990651044 ], [ -4.69193624387967, 48.573320914390777 ], [ -4.606436444053638, 48.597689690328757 ], [ -4.529166934104867, 48.595138385057609 ], [ -4.454268125987481, 48.628556632896036 ], [ -4.315671771713866, 48.640003568486691 ], [ -4.31516390434329, 48.640105356756024 ], [ -4.315550270416699, 48.639118222802033 ], [ -4.315181310663316, 48.637830880533734 ], [ -4.314039628909902, 48.636992942912755 ], [ -4.312787825552148, 48.63625140025654 ], [ -4.31090619235466, 48.635373837095734 ], [ -4.310618742514457, 48.635254672174902 ], [ -4.309050051887853, 48.634801538914665 ], [ -4.304831276025309, 48.633739429318574 ], [ -4.302007628505682, 48.633049944335603 ], [ -4.296906137763385, 48.632533271671562 ], [ -4.296635884085513, 48.632548427792173 ], [ -4.295977396992021, 48.632720670992263 ], [ -4.232600445639625, 48.649409174508904 ], [ -4.212426292604871, 48.657076130969358 ], [ -4.215748440943106, 48.659980903818102 ], [ -4.093592431216506, 48.684267704887198 ], [ -4.08690203132968, 48.69284312610975 ], [ -4.079551917981514, 48.692194658602325 ], [ -4.055780947112543, 48.700261835016555 ], [ -4.050547369347245, 48.705116432893156 ], [ -3.989749294099282, 48.72641195067952 ], [ -3.981469230129954, 48.726853600937517 ] ] ] } },
{ "type": "Feature", "properties": { "code_geog": "28", "libelle_geog": "Eure-et-Loir", "area": 5905.404, "x": 1.362, "y": 48.385 }, "geometry": { "type": "Polygon", "coordinates": [ [ [ 1.607714860708501, 48.772743748814065 ], [ 1.602401775356198, 48.639497497796718 ], [ 1.769015807834752, 48.50243371117854 ], [ 1.919860706975723, 48.441207281774474 ], [ 1.977956193569258, 48.312918500599373 ], [ 1.985377899229172, 48.270112243192457 ], [ 1.915319467020086, 48.117591008959479 ], [ 1.617729204369446, 48.049509686433375 ], [ 1.51924347098439, 47.991747226778571 ], [ 1.441173010929212, 47.995935908464624 ], [ 1.335541849708053, 47.956998762759689 ], [ 1.221673114937937, 47.979770342065095 ], [ 0.998204680783488, 48.124990402616717 ], [ 0.828316286724875, 48.099127494366641 ], [ 0.811348324754294, 48.194109729144316 ], [ 0.817778601728617, 48.217991895231798 ], [ 0.758531459078263, 48.293367873298223 ], [ 0.793058161997837, 48.331903501583511 ], [ 0.941383931067984, 48.390865053863891 ], [ 0.959561146284584, 48.514807465587445 ], [ 0.857293334227961, 48.584955456282863 ], [ 0.811769683614046, 48.670030750475043 ], [ 0.889708679084261, 48.70907408277364 ], [ 1.125344464741875, 48.778322383860321 ], [ 1.36303519787169, 48.770990785596275 ], [ 1.48962195939354, 48.952728988011209 ], [ 1.607714860708501, 48.772743748814065 ] ] ] } },
{ "type": "Feature", "properties": { "code_geog": "61", "libelle_geog": "Orne", "area": 6079.517, "x": 0.128, "y": 48.625 }, "geometry": { "type": "Polygon", "coordinates": [ [ [ 0.413103575368822, 48.959254427011544 ], [ 0.40062269208051, 48.906716011373078 ], [ 0.603883687822369, 48.871781011802497 ], [ 0.642105832512534, 48.805718615711434 ], [ 0.751418167066602, 48.764405791185069 ], [ 0.811769683614046, 48.670030750475043 ], [ 0.857293334227961, 48.584955456282863 ], [ 0.959561146284584, 48.514807465587445 ], [ 0.941383931067984, 48.390865053863891 ], [ 0.793058161997837, 48.331903501583511 ], [ 0.758531459078263, 48.293367873298223 ], [ 0.817778601728617, 48.217991895231798 ], [ 0.811348324754294, 48.194109729144316 ], [ 0.733214881705965, 48.188309148199231 ], [ 0.638253978459933, 48.263135001330383 ], [ 0.401018996786724, 48.316593777359024 ], [ 0.367128264867678, 48.458830379263404 ], [ 0.244414366855807, 48.485277367471447 ], [ 0.096205770564723, 48.434960782770574 ], [ 0.055396291867835, 48.386574745242058 ], [ -0.051498925378381, 48.379699478380168 ], [ -0.138129791625025, 48.549292338160228 ], [ -0.261312326215387, 48.575214083918667 ], [ -0.300938073497843, 48.507688256962616 ], [ -0.549812672420289, 48.473304329375786 ], [ -0.7417497672927, 48.449408656990528 ], [ -0.873893540732301, 48.503037690464332 ], [ -0.751585462845258, 48.615810905095323 ], [ -0.734000229263059, 48.682925631923737 ], [ -0.846627182037437, 48.760895895280541 ], [ -0.740751139566557, 48.797011659907525 ], [ -0.619782890722456, 48.823881502714997 ], [ -0.441827979038934, 48.866250499485545 ], [ -0.347904488490628, 48.86364546462697 ], [ -0.179856700032248, 48.819720533157906 ], [ -0.093901168249963, 48.831027607190215 ], [ 0.060577755185733, 48.924498470589867 ], [ 0.355159299614499, 48.963064205840944 ], [ 0.413103575368822, 48.959254427011544 ] ] ] } },
{ "type": "Feature", "properties": { "code_geog": "22", "libelle_geog": "Côtes-d'Armor", "area": 6842.298, "x": -2.853, "y": 48.442 }, "geometry": { "type": "Polygon", "coordinates": [ [ [ -3.030700225080755, 48.792488675538074 ], [ -3.039017304983862, 48.789958442262986 ], [ -3.024893183230944, 48.774984425031064 ], [ -2.893910586201816, 48.683776511343034 ], [ -2.88113350253294, 48.674001766314085 ], [ -2.87691483619304, 48.670773272287995 ], [ -2.687470225902636, 48.496703588190577 ], [ -2.682414242255662, 48.495711491458735 ], [ -2.630797670885787, 48.528223513908969 ], [ -2.617473798880261, 48.544987532845539 ], [ -2.565527705335052, 48.582704017640069 ], [ -2.551369779750885, 48.592683961521914 ], [ -2.326913537650231, 48.673358715886586 ], [ -2.308341652335874, 48.637592310390133 ], [ -2.211158364700407, 48.591445606051053 ], [ -2.20267876819174, 48.58468882838195 ], [ -2.200448446156512, 48.586350110702078 ], [ -2.181704512725972, 48.577427471429061 ], [ -2.180651282071236, 48.577017479921452 ], [ -2.179057883241782, 48.576637104744876 ], [ -2.17597609098508, 48.576304491886177 ], [ -2.17536751080916, 48.576327704921361 ], [ -2.174702967813366, 48.576488113856065 ], [ -2.165188834007457, 48.581640782278519 ], [ -2.158105860891307, 48.58746561373448 ], [ -2.158030746012856, 48.588954138809761 ], [ -2.162770868542538, 48.593030668897804 ], [ -2.162876172360947, 48.593076186932123 ], [ -2.163668331773509, 48.593412980376499 ], [ -2.164280994352381, 48.593434700003165 ], [ -2.13082362531699, 48.609311849823861 ], [ -1.932145783545971, 48.544517230756618 ], [ -1.96059833998331, 48.306272457404809 ], [ -2.294161130751578, 48.133890992133935 ], [ -2.501301285246605, 48.162043094250095 ], [ -2.55400256005859, 48.06856278310574 ], [ -2.66038244028339, 48.041244732901525 ], [ -2.647789598116836, 48.123955176769876 ], [ -3.010529236128449, 48.203859091646677 ], [ -3.126580383858768, 48.203081863751194 ], [ -3.135909411113615, 48.161546378363987 ], [ -3.522270362949321, 48.197696896321744 ], [ -3.640249322069654, 48.661692274446345 ], [ -3.580315103801724, 48.670094675730425 ], [ -3.579925465018695, 48.670258371677114 ], [ -3.578966667714393, 48.670802056152731 ], [ -3.572290485364793, 48.674804146864716 ], [ -3.572040202062928, 48.67499691744753 ], [ -3.571563355750186, 48.675471416664749 ], [ -3.569680627146495, 48.677467315717209 ], [ -3.569085425548265, 48.678218128677756 ], [ -3.566934108633143, 48.681804836526709 ], [ -3.566656837803782, 48.6823595029689 ], [ -3.566494548111212, 48.682728156145764 ], [ -3.566452334377037, 48.682955612961422 ], [ -3.565962683474561, 48.760463138145248 ], [ -3.578030089765089, 48.760961819588623 ], [ -3.581791991380037, 48.768480925875295 ], [ -3.582404939055991, 48.769981849357919 ], [ -3.581471391005612, 48.771243526673302 ], [ -3.56753744125562, 48.790066737770552 ], [ -3.554230467394006, 48.793278047302401 ], [ -3.546002013450673, 48.79577710672379 ], [ -3.54241992811543, 48.797270451964771 ], [ -3.541453309425649, 48.797768965970825 ], [ -3.534622241085963, 48.801775258277125 ], [ -3.53425076406041, 48.802109081794526 ], [ -3.533958846130705, 48.803024814841812 ], [ -3.533604719463958, 48.80580029875204 ], [ -3.53871336155644, 48.823037617828831 ], [ -3.50016340076633, 48.827760628208893 ], [ -3.499475936586752, 48.825138141155762 ], [ -3.439619507178644, 48.798386428380091 ], [ -3.439265335828086, 48.798268473429822 ], [ -3.43468064621567, 48.797644248803486 ], [ -3.433366794523315, 48.797482795929589 ], [ -3.429800370304566, 48.797304572823371 ], [ -3.429257675649076, 48.797330927221992 ], [ -3.396621225457845, 48.800830725449273 ], [ -3.394693408618833, 48.80128425745233 ], [ -3.391972225060973, 48.801965279499946 ], [ -3.390587094786118, 48.802392561559152 ], [ -3.389024149773426, 48.803062705352197 ], [ -3.268631447048062, 48.833981460263146 ], [ -3.256765026719625, 48.840244174174735 ], [ -3.09808072877673, 48.86594855441993 ], [ -3.030700225080755, 48.792488675538074 ] ] ] } },
{ "type": "Feature", "properties": { "code_geog": "77", "libelle_geog": "Seine-et-Marne", "area": 5965.213, "x": 2.94, "y": 48.633 }, "geometry": { "type": "Polygon", "coordinates": [ [ [ 3.152913775757165, 49.090885509707945 ], [ 3.259146184417653, 48.956935421895743 ], [ 3.48050505207624, 48.840845541958799 ], [ 3.406880151361273, 48.765412922668204 ], [ 3.420876279926642, 48.746257342535287 ], [ 3.464025227978626, 48.745856065906779 ], [ 3.547456410930541, 48.621326383467924 ], [ 3.40084298167389, 48.470466884251401 ], [ 3.40633821903443, 48.389517905541773 ], [ 3.034333202848988, 48.354233026275018 ], [ 2.939237128185692, 48.154879582113679 ], [ 2.796738564736106, 48.126967278377897 ], [ 2.491146589598487, 48.156321318373564 ], [ 2.505641690448918, 48.241964782057167 ], [ 2.420158157399069, 48.246813405552885 ], [ 2.398875501675675, 48.322967083119707 ], [ 2.527621041283736, 48.408482036090234 ], [ 2.499148026004976, 48.44659223734368 ], [ 2.564595428299023, 48.693891704938942 ], [ 2.622477453636317, 48.765123839295484 ], [ 2.607476119133684, 48.810488864920366 ], [ 2.579901642349324, 48.893656669796393 ], [ 2.544340858073161, 49.022148313665198 ], [ 2.580795733283798, 49.083904083567589 ], [ 3.000786230784198, 49.087068488456424 ], [ 3.080904245975162, 49.119890362916614 ], [ 3.152913775757165, 49.090885509707945 ] ] ] } },
{ "type": "Feature", "properties": { "code_geog": "67", "libelle_geog": "Bas-Rhin", "area": 4699.485, "x": 7.55, "y": 48.673 }, "geometry": { "type": "Polygon", "coordinates": [ [ [ 7.954503745239653, 49.041797496968151 ], [ 7.9700890215149, 49.036989297408297 ], [ 7.986815920941428, 49.027265689664276 ], [ 8.087432375629318, 48.990597555852702 ], [ 8.140260693604937, 48.978242594942245 ], [ 8.14214330577332, 48.977979703551846 ], [ 8.196314526527152, 48.956273549843011 ], [ 8.171779928553359, 48.919903202509552 ], [ 8.071422380171947, 48.79126990089631 ], [ 8.049544082106946, 48.777111033597883 ], [ 7.973930054322506, 48.760402544632079 ], [ 7.837369275000413, 48.631404835483266 ], [ 7.835060484619808, 48.629292524015483 ], [ 7.834776604472943, 48.628947912604218 ], [ 7.829657635509597, 48.624096106656239 ], [ 7.828780823266571, 48.621668179349406 ], [ 7.804689150404617, 48.592393481316613 ], [ 7.804371705564586, 48.591957598137441 ], [ 7.802874207712441, 48.589467646685087 ], [ 7.802278734469604, 48.588323715378507 ], [ 7.800923777876031, 48.58460164211769 ], [ 7.734072666482845, 48.398742295005029 ], [ 7.733497270150259, 48.397101467352456 ], [ 7.733297762477592, 48.396479778471516 ], [ 7.732366366287438, 48.392962770425022 ], [ 7.732065049525021, 48.391354442561941 ], [ 7.731664879318657, 48.388263690390851 ], [ 7.731429709795951, 48.384804903386524 ], [ 7.731363249429143, 48.383636406755713 ], [ 7.731414598389054, 48.382822989227819 ], [ 7.73168518377883, 48.380332335041544 ], [ 7.731873691475864, 48.378881802442983 ], [ 7.731983509340153, 48.378110762871692 ], [ 7.732521949178206, 48.375463639371993 ], [ 7.732952313161869, 48.37386684091075 ], [ 7.734716452698655, 48.36828872164218 ], [ 7.73617477735736, 48.363897723419136 ], [ 7.718509283713548, 48.314422189480666 ], [ 7.569498252516195, 48.111283046218702 ], [ 7.569504227434606, 48.111162240191007 ], [ 7.568996720521929, 48.111246522215374 ], [ 7.512739500115148, 48.118514234611929 ], [ 7.472836699268956, 48.220423933786364 ], [ 7.19644221000111, 48.318005269542944 ], [ 7.176837648463116, 48.337882010178049 ], [ 7.084214731754502, 48.341652532886151 ], [ 7.117746399827243, 48.473777356849126 ], [ 7.06274377823161, 48.499824755738153 ], [ 7.095665113145407, 48.546168544973739 ], [ 7.179726682778312, 48.523688914170016 ], [ 7.292442932219899, 48.652496358439535 ], [ 7.303778528296694, 48.771193063377488 ], [ 7.194623060230112, 48.837667511360387 ], [ 7.166292609011101, 48.843587436011504 ], [ 7.074079569554594, 48.861594564576059 ], [ 6.955967629593382, 48.913884786406278 ], [ 7.064357661964804, 49.071639558545954 ], [ 7.101359504693369, 49.079696171950026 ], [ 7.117327948026218, 49.017115898857618 ], [ 7.335984105408969, 48.955732497778143 ], [ 7.543542300178333, 48.93254678610343 ], [ 7.635421797418063, 49.052440976380382 ], [ 7.635582822159601, 49.052632477826577 ], [ 7.635929958812169, 49.052483064123159 ], [ 7.643610977890819, 49.052388454803072 ], [ 7.675017970385517, 49.045109120707636 ], [ 7.686225396048332, 49.051854585275692 ], [ 7.818716321805853, 49.050097668747476 ], [ 7.837127399929771, 49.049841898388649 ], [ 7.850311104053914, 49.04400562887605 ], [ 7.851193714410078, 49.043289241959847 ], [ 7.851740218962129, 49.042633418342454 ], [ 7.851965005406773, 49.042172620292305 ], [ 7.852656764313354, 49.039158922643907 ], [ 7.852650099108189, 49.037943113104575 ], [ 7.875173231210137, 49.040098104454238 ], [ 7.905052400684109, 49.045002732447202 ], [ 7.919172073452327, 49.048667619442149 ], [ 7.932872542207665, 49.04846603957273 ], [ 7.954503745239653, 49.041797496968151 ] ] ] } },
{ "type": "Feature", "properties": { "code_geog": "75", "libelle_geog": "Ile-de-France Ouest", "area": 6303.082, "x": 2.082, "y": 48.782 }, "geometry": { "type": "Polygon", "coordinates": [ [ [ 1.739806283768036, 49.177777339624676 ], [ 1.993684971173675, 49.178773710720591 ], [ 2.291085226812427, 49.184012823567045 ], [ 2.580795733283798, 49.083904083567589 ], [ 2.544340858073161, 49.022148313665198 ], [ 2.579901642349324, 48.893656669796393 ], [ 2.607476119133684, 48.810488864920366 ], [ 2.622477453636317, 48.765123839295484 ], [ 2.564595428299023, 48.693891704938942 ], [ 2.499148026004976, 48.44659223734368 ], [ 2.527621041283736, 48.408482036090234 ], [ 2.398875501675675, 48.322967083119707 ], [ 1.985377899229172, 48.270112243192457 ], [ 1.977956193569258, 48.312918500599373 ], [ 1.919860706975723, 48.441207281774474 ], [ 1.769015807834752, 48.50243371117854 ], [ 1.602401775356198, 48.639497497796718 ], [ 1.607714860708501, 48.772743748814065 ], [ 1.48962195939354, 48.952728988011209 ], [ 1.438573642180647, 48.980895236533208 ], [ 1.430013215328533, 49.05693169906592 ], [ 1.603346796536236, 49.081901210278133 ], [ 1.702837394906752, 49.234652947078985 ], [ 1.739806283768036, 49.177777339624676 ] ] ] } },
{ "type": "Feature", "properties": { "code_geog": "51", "libelle_geog": "Marne", "area": 8021.642, "x": 4.235, "y": 48.948 }, "geometry": { "type": "Polygon", "coordinates": [ [ [ 4.213881982597678, 49.388127922660921 ], [ 4.434922211868257, 49.270323054727172 ], [ 4.566706540418674, 49.291732805412629 ], [ 4.629777782810184, 49.238218241927804 ], [ 4.818501038381276, 49.234464222907008 ], [ 4.942360871000635, 49.241352316191431 ], [ 5.004101842644192, 49.030626185070425 ], [ 5.038256816800444, 48.991790400391388 ], [ 4.999203432063958, 48.935554360001973 ], [ 4.904459911483506, 48.918596912103567 ], [ 4.876515215568714, 48.790693239640269 ], [ 5.010046683773272, 48.725887090436366 ], [ 4.993740060292789, 48.688175749611027 ], [ 4.798471645705748, 48.663827631834991 ], [ 4.785259387527684, 48.535578365933155 ], [ 4.66351955981144, 48.538034552078557 ], [ 4.534398886342202, 48.535742508518553 ], [ 4.307908796364696, 48.611122142270702 ], [ 4.304859687183226, 48.720628334735949 ], [ 4.052329297923407, 48.695992793996496 ], [ 3.876228600131882, 48.574684473844847 ], [ 3.860374959677413, 48.522543365275723 ], [ 3.631549332811859, 48.539545464207087 ], [ 3.547456410930541, 48.621326383467924 ], [ 3.464025227978626, 48.745856065906779 ], [ 3.420876279926642, 48.746257342535287 ], [ 3.406880151361273, 48.765412922668204 ], [ 3.48050505207624, 48.840845541958799 ], [ 3.665509009589015, 49.029213287767085 ], [ 3.58642459732588, 49.049091895793481 ], [ 3.596436161433107, 49.163143748206508 ], [ 3.755812172929125, 49.156605673915998 ], [ 3.741711917862084, 49.171038729060307 ], [ 3.636403914724284, 49.31014794376317 ], [ 3.95857591160483, 49.377567712953926 ], [ 4.038334860708375, 49.366958517653849 ], [ 4.039753963069869, 49.409737046295461 ], [ 4.213881982597678, 49.388127922660921 ] ] ] } },
{ "type": "Feature", "properties": { "code_geog": "14", "libelle_geog": "Calvados", "area": 5536.705, "x": -0.363, "y": 49.096 }, "geometry": { "type": "Polygon", "coordinates": [ [ [ -0.828142672031877, 49.358119332587101 ], [ -0.765385507179778, 49.343796047540998 ], [ -0.640030077992656, 49.341743096993042 ], [ -0.623353582296685, 49.340601571643006 ], [ -0.602651927427101, 49.339918411767663 ], [ -0.597903861333488, 49.339901823773026 ], [ -0.590581393792846, 49.340897294742263 ], [ -0.441125805648356, 49.338217152664171 ], [ -0.417824555052989, 49.336021572540488 ], [ -0.229946547552988, 49.266027087959984 ], [ -0.150543429931439, 49.287952889329212 ], [ -0.146805550307392, 49.288378060441417 ], [ -0.144485926796977, 49.288697913024478 ], [ -0.1410756857345, 49.289224492007257 ], [ -0.135825773206381, 49.290054024752919 ], [ -0.131108274791731, 49.290831935115165 ], [ -0.128455051891899, 49.291380792861894 ], [ -0.096463890423273, 49.298046379203683 ], [ -0.04805869201042, 49.311294860331756 ], [ -0.021509905196381, 49.318676637680497 ], [ -0.008483689427667, 49.322452534266461 ], [ -0.004287187103794, 49.323884764547948 ], [ 0.000307501820055, 49.325645894488581 ], [ 0.00428405875495, 49.327390351127434 ], [ 0.011422847591438, 49.330687836456924 ], [ 0.044055204614184, 49.346988814851137 ], [ 0.045665972553943, 49.34788230637853 ], [ 0.0501561928636, 49.350529171506437 ], [ 0.076274878568646, 49.366247270117661 ], [ 0.085960659795049, 49.374447584283871 ], [ 0.098727552390378, 49.384641013339987 ], [ 0.111104956701732, 49.394100010760987 ], [ 0.130558345935851, 49.403067378585412 ], [ 0.13184808973482, 49.403495406096859 ], [ 0.136466523390077, 49.404972829342888 ], [ 0.138573868558245, 49.405604440542064 ], [ 0.196295402817577, 49.41923438548168 ], [ 0.200210856589865, 49.419947750275909 ], [ 0.322666154662307, 49.428732642366747 ], [ 0.322571203994231, 49.428698150568927 ], [ 0.301481233207206, 49.293886393472505 ], [ 0.410286180076908, 49.142382543293024 ], [ 0.413103575368822, 48.959254427011544 ], [ 0.355159299614499, 48.963064205840944 ], [ 0.060577755185733, 48.924498470589867 ], [ -0.093901168249963, 48.831027607190215 ], [ -0.179856700032248, 48.819720533157906 ], [ -0.347904488490628, 48.86364546462697 ], [ -0.441827979038934, 48.866250499485545 ], [ -0.619782890722456, 48.823881502714997 ], [ -0.740751139566557, 48.797011659907525 ], [ -0.846627182037437, 48.760895895280541 ], [ -1.092923090707948, 48.782609801409173 ], [ -1.153651758322644, 48.828457487226629 ], [ -0.863323794454171, 49.031800509984009 ], [ -0.934686685983986, 49.244057679956612 ], [ -1.004778126395729, 49.204047944922323 ], [ -1.139778987375163, 49.266847382705421 ], [ -1.131670151069207, 49.362269007063176 ], [ -1.131639913249976, 49.362431831946935 ], [ -1.130798682455648, 49.362365004653611 ], [ -1.078436429493674, 49.390430188614616 ], [ -0.828142672031877, 49.358119332587101 ] ] ] } },
{ "type": "Feature", "properties": { "code_geog": "27", "libelle_geog": "Eure", "area": 6019.493, "x": 0.99, "y": 49.119 }, "geometry": { "type": "Polygon", "coordinates": [ [ [ 0.887110033145695, 49.317930163354198 ], [ 1.026861818419065, 49.257710674029752 ], [ 1.054849653219142, 49.300816076767703 ], [ 1.250043240875195, 49.355046519374852 ], [ 1.349926842164571, 49.460515445307955 ], [ 1.729860423243364, 49.405974939517385 ], [ 1.782456296633224, 49.258826903881648 ], [ 1.709809342874954, 49.258469290685511 ], [ 1.702837394906752, 49.234652947078985 ], [ 1.603346796536236, 49.081901210278133 ], [ 1.430013215328533, 49.05693169906592 ], [ 1.438573642180647, 48.980895236533208 ], [ 1.48962195939354, 48.952728988011209 ], [ 1.36303519787169, 48.770990785596275 ], [ 1.125344464741875, 48.778322383860321 ], [ 0.889708679084261, 48.70907408277364 ], [ 0.811769683614046, 48.670030750475043 ], [ 0.751418167066602, 48.764405791185069 ], [ 0.642105832512534, 48.805718615711434 ], [ 0.603883687822369, 48.871781011802497 ], [ 0.40062269208051, 48.906716011373078 ], [ 0.413103575368822, 48.959254427011544 ], [ 0.410286180076908, 49.142382543293024 ], [ 0.301481233207206, 49.293886393472505 ], [ 0.322571203994231, 49.428698150568927 ], [ 0.322666154662307, 49.428732642366747 ], [ 0.32311402591904, 49.428895337804072 ], [ 0.47370223728191, 49.48344428168167 ], [ 0.899920735448939, 49.379905286835019 ], [ 0.887110033145695, 49.317930163354198 ] ] ] } },
{ "type": "Feature", "properties": { "code_geog": "57", "libelle_geog": "Moselle", "area": 6240.885, "x": 6.665, "y": 49.027 }, "geometry": { "type": "Polygon", "coordinates": [ [ [ 6.241495121540474, 49.501000180927747 ], [ 6.269481903904786, 49.496096156958458 ], [ 6.289299749680136, 49.484871910336125 ], [ 6.297701591297928, 49.480351084056906 ], [ 6.364957296786863, 49.459566986176988 ], [ 6.369412938803555, 49.459903631042572 ], [ 6.394993478402114, 49.464414437028935 ], [ 6.40376068733087, 49.466034672973848 ], [ 6.408176549084934, 49.467594512737662 ], [ 6.409472357405377, 49.468270287410824 ], [ 6.413987724996665, 49.470656190513637 ], [ 6.472551854001533, 49.460289373151127 ], [ 6.662073293131902, 49.254678355035388 ], [ 6.703012653262117, 49.210001752078654 ], [ 6.717972722747033, 49.193652703297857 ], [ 6.71191933257065, 49.188613419274716 ], [ 6.720838459356859, 49.17589805090519 ], [ 6.721525378660028, 49.175069743400279 ], [ 6.735346423250459, 49.166121742610493 ], [ 6.739065409962953, 49.163735271192763 ], [ 6.811185438955736, 49.158284562966053 ], [ 6.854338371471813, 49.151280893178502 ], [ 6.849179060125869, 49.163785043768549 ], [ 6.859229817089361, 49.17495701731179 ], [ 6.859386326545919, 49.175176104513426 ], [ 6.86150177383291, 49.178786154889742 ], [ 6.862250924387149, 49.181061819482089 ], [ 6.86238428073854, 49.181641771477132 ], [ 6.852328903531962, 49.20019173656533 ], [ 6.852086632735189, 49.200560852270691 ], [ 6.873787782432597, 49.214608632827911 ], [ 6.886656639268576, 49.214897842690192 ], [ 6.971666039974139, 49.202613183463555 ], [ 7.003801739139549, 49.197952012834428 ], [ 7.011810225574047, 49.194709967988217 ], [ 7.011810365385329, 49.194709911117691 ], [ 7.022754108777703, 49.190253675299886 ], [ 7.031132362325333, 49.177927304287756 ], [ 7.042696742882798, 49.145690007700281 ], [ 7.045817423729985, 49.126547130390911 ], [ 7.068099912364326, 49.115585933486315 ], [ 7.264492755068854, 49.123244642220747 ], [ 7.308772355402904, 49.118968051422101 ], [ 7.369617035290766, 49.173144911322616 ], [ 7.377216102167783, 49.174418351455209 ], [ 7.385669546621093, 49.175763823860386 ], [ 7.399040570477332, 49.177707749781042 ], [ 7.489189935319072, 49.153633004008739 ], [ 7.492755236591538, 49.152679008010438 ], [ 7.504520380274756, 49.149529908185521 ], [ 7.506167890752702, 49.122698115972469 ], [ 7.524906896072689, 49.102293094898641 ], [ 7.524702307778754, 49.100260603662853 ], [ 7.528115376087102, 49.098797411002053 ], [ 7.529513847329815, 49.097273577996603 ], [ 7.545924927746409, 49.08814836780374 ], [ 7.549573870207544, 49.086404278803101 ], [ 7.552594553763211, 49.085092740161429 ], [ 7.563716669076237, 49.080527174525024 ], [ 7.615842441453029, 49.061125952422643 ], [ 7.635582822159601, 49.052632477826577 ], [ 7.635421797418063, 49.052440976380382 ], [ 7.543542300178333, 48.93254678610343 ], [ 7.335984105408969, 48.955732497778143 ], [ 7.117327948026218, 49.017115898857618 ], [ 7.101359504693369, 49.079696171950026 ], [ 7.064357661964804, 49.071639558545954 ], [ 6.955967629593382, 48.913884786406278 ], [ 7.074079569554594, 48.861594564576059 ], [ 7.166292609011101, 48.843587436011504 ], [ 7.194623060230112, 48.837667511360387 ], [ 7.303778528296694, 48.771193063377488 ], [ 7.292442932219899, 48.652496358439535 ], [ 7.179726682778312, 48.523688914170016 ], [ 7.095665113145407, 48.546168544973739 ], [ 6.381182775090951, 48.772835091677052 ], [ 6.307574328828164, 48.84676084244397 ], [ 6.319878096612881, 48.9130299864348 ], [ 5.951975954931504, 49.024747739005399 ], [ 5.921127722731158, 49.101849745076159 ], [ 5.980012564688415, 49.11435623255246 ], [ 6.013248273600118, 49.275197427010141 ], [ 5.910160063523022, 49.481677353599565 ], [ 5.982616635391292, 49.451148685588549 ], [ 5.983098329202434, 49.451134107824466 ], [ 6.007468601815969, 49.453130455932111 ], [ 6.011872149417499, 49.451422527886159 ], [ 6.021865872121601, 49.454307452507855 ], [ 6.030271280924533, 49.454993785168242 ], [ 6.098686355600544, 49.464711681864003 ], [ 6.108336555557093, 49.471876341339623 ], [ 6.218480727454152, 49.505027326390547 ], [ 6.241495121540474, 49.501000180927747 ] ] ] } },
{ "type": "Feature", "properties": { "code_geog": "54", "libelle_geog": "Meurthe-et-Moselle", "area": 5235.819, "x": 6.15, "y": 48.791 }, "geometry": { "type": "Polygon", "coordinates": [ [ [ 5.8232838312065, 49.531851281708462 ], [ 5.836607991860322, 49.520035047541 ], [ 5.85118823622256, 49.508336485064653 ], [ 5.864413860825803, 49.500910337240995 ], [ 5.910160063523022, 49.481677353599565 ], [ 6.013248273600118, 49.275197427010141 ], [ 5.980012564688415, 49.11435623255246 ], [ 5.921127722731158, 49.101849745076159 ], [ 5.951975954931504, 49.024747739005399 ], [ 6.319878096612881, 48.9130299864348 ], [ 6.307574328828164, 48.84676084244397 ], [ 6.381182775090951, 48.772835091677052 ], [ 7.095665113145407, 48.546168544973739 ], [ 7.06274377823161, 48.499824755738153 ], [ 6.752879005631144, 48.397436935705088 ], [ 6.600937428837059, 48.464975785615763 ], [ 6.540725456916709, 48.429013087312001 ], [ 6.158761607880615, 48.394362176624085 ], [ 6.106062528209308, 48.357947159736753 ], [ 5.949149790667561, 48.362860544666844 ], [ 5.865470269235347, 48.393974387309434 ], [ 5.907970494913874, 48.492721106872587 ], [ 5.764305718843956, 48.487448839076009 ], [ 5.752182214093276, 48.630669582517648 ], [ 5.742457418829002, 48.921403255994925 ], [ 5.816170393152875, 48.943079807108063 ], [ 5.819182395861062, 49.095338097489694 ], [ 5.748089670061784, 49.116430336989346 ], [ 5.722747472137502, 49.393200480817697 ], [ 5.623611786700527, 49.438777702259763 ], [ 5.476161779236939, 49.414160498534024 ], [ 5.474119123256688, 49.499857713537494 ], [ 5.474288999897409, 49.500461565640798 ], [ 5.474722375454593, 49.499912119483128 ], [ 5.734045658855996, 49.558562024650648 ], [ 5.762077294164203, 49.561012177628896 ], [ 5.8232838312065, 49.531851281708462 ] ] ] } },
{ "type": "Feature", "properties": { "code_geog": "55", "libelle_geog": "Meuse", "area": 6315.983, "x": 5.373, "y": 48.986 }, "geometry": { "type": "Polygon", "coordinates": [ [ [ 5.386411427709059, 49.611593959680036 ], [ 5.447177211030425, 49.534807615606603 ], [ 5.451494694268469, 49.518669539593255 ], [ 5.458953933867091, 49.519895058905959 ], [ 5.474288999897409, 49.500461565640798 ], [ 5.474119123256688, 49.499857713537494 ], [ 5.476161779236939, 49.414160498534024 ], [ 5.623611786700527, 49.438777702259763 ], [ 5.722747472137502, 49.393200480817697 ], [ 5.748089670061784, 49.116430336989346 ], [ 5.819182395861062, 49.095338097489694 ], [ 5.816170393152875, 48.943079807108063 ], [ 5.742457418829002, 48.921403255994925 ], [ 5.752182214093276, 48.630669582517648 ], [ 5.764305718843956, 48.487448839076009 ], [ 5.459089743210171, 48.414953013767146 ], [ 4.997269243309636, 48.616690505285582 ], [ 4.993740060292789, 48.688175749611027 ], [ 5.010046683773272, 48.725887090436366 ], [ 4.876515215568714, 48.790693239640269 ], [ 4.904459911483506, 48.918596912103567 ], [ 4.999203432063958, 48.935554360001973 ], [ 5.038256816800444, 48.991790400391388 ], [ 5.004101842644192, 49.030626185070425 ], [ 4.942360871000635, 49.241352316191431 ], [ 5.053238774035242, 49.276958762418793 ], [ 5.087634088084472, 49.376089036038501 ], [ 5.050750922114334, 49.505365526268015 ], [ 5.121065581852863, 49.589385202906321 ], [ 5.286113130484824, 49.533143556296608 ], [ 5.385803109593944, 49.611538690633367 ], [ 5.386087324299597, 49.611746488962069 ], [ 5.386411427709059, 49.611593959680036 ] ] ] } },
{ "type": "Feature", "properties": { "code_geog": "60", "libelle_geog": "Oise", "area": 5827.866, "x": 2.421, "y": 49.408 }, "geometry": { "type": "Polygon", "coordinates": [ [ [ 1.814234398176428, 49.705858055871744 ], [ 2.048836435845632, 49.692386273539519 ], [ 2.202676352304881, 49.702162278898513 ], [ 2.473617744874896, 49.626106962958495 ], [ 2.641629976682806, 49.578267583896853 ], [ 2.693168352921884, 49.630414011464069 ], [ 2.942706938174916, 49.691216829902608 ], [ 3.104162925288531, 49.709313631848424 ], [ 3.107191513273147, 49.424062475394614 ], [ 3.047625704554111, 49.334088411804139 ], [ 2.945666873921242, 49.325136126104475 ], [ 2.945329210069618, 49.296607940100358 ], [ 3.032314323995862, 49.277116382816942 ], [ 3.045789248139654, 49.200949873840401 ], [ 3.153967207289999, 49.157462685337151 ], [ 3.080904245975162, 49.119890362916614 ], [ 3.000786230784198, 49.087068488456424 ], [ 2.580795733283798, 49.083904083567589 ], [ 2.291085226812427, 49.184012823567045 ], [ 1.993684971173675, 49.178773710720591 ], [ 1.739806283768036, 49.177777339624676 ], [ 1.702837394906752, 49.234652947078985 ], [ 1.709809342874954, 49.258469290685511 ], [ 1.782456296633224, 49.258826903881648 ], [ 1.729860423243364, 49.405974939517385 ], [ 1.77998381618644, 49.487040549539756 ], [ 1.728619214319996, 49.510562565902809 ], [ 1.689471029631018, 49.719516345796386 ], [ 1.78445864565351, 49.748504096308366 ], [ 1.814234398176428, 49.705858055871744 ] ] ] } },
{ "type": "Feature", "properties": { "code_geog": "50", "libelle_geog": "Manche", "area": 5879.236, "x": -1.325, "y": 49.081 }, "geometry": { "type": "Polygon", "coordinates": [ [ [ -1.828504828385232, 49.700415843701784 ], [ -1.827531899380711, 49.698674061340533 ], [ -1.827592624038365, 49.696873383800053 ], [ -1.8278348440334, 49.695597042627234 ], [ -1.826750183339022, 49.693521010642051 ], [ -1.826356951401742, 49.692949993987689 ], [ -1.823751891373242, 49.69092622370529 ], [ -1.823104228974283, 49.690633732418561 ], [ -1.671539377372826, 49.65774693260984 ], [ -1.635969568716074, 49.653670659180264 ], [ -1.619171788559702, 49.64716885297193 ], [ -1.495083714145616, 49.652124630996283 ], [ -1.49609698125811, 49.666205683304135 ], [ -1.489016530595187, 49.6693580093226 ], [ -1.474851586671076, 49.681484545224976 ], [ -1.474526128277603, 49.681764527137375 ], [ -1.471775599020604, 49.686490479680977 ], [ -1.445876179230477, 49.695543620814583 ], [ -1.318674936966624, 49.699451269805621 ], [ -1.283789368691957, 49.693589946989768 ], [ -1.272839849407394, 49.686426697880236 ], [ -1.242901656875606, 49.611309614471452 ], [ -1.243622639688455, 49.61065391944048 ], [ -1.24576232482232, 49.611185323997418 ], [ -1.253394183106136, 49.611309474440588 ], [ -1.29536666663914, 49.583262427190299 ], [ -1.299013259182616, 49.579322520867102 ], [ -1.29952362426063, 49.578722735286043 ], [ -1.302572137922606, 49.574935559431367 ], [ -1.303253178920607, 49.574015918851693 ], [ -1.304674546342268, 49.570682298057875 ], [ -1.305338099923111, 49.568549353109162 ], [ -1.305823839857364, 49.566637552942879 ], [ -1.306532438251431, 49.563199499364941 ], [ -1.308737657888054, 49.55187578773068 ], [ -1.30878459146344, 49.551303222740785 ], [ -1.318518608419381, 49.542422124674388 ], [ -1.316038874520325, 49.53938844858564 ], [ -1.174756434861207, 49.365848934771563 ], [ -1.131639913249976, 49.362431831946935 ], [ -1.131670151069207, 49.362269007063176 ], [ -1.139778987375163, 49.266847382705421 ], [ -1.004778126395729, 49.204047944922323 ], [ -0.934686685983986, 49.244057679956612 ], [ -0.863323794454171, 49.031800509984009 ], [ -1.153651758322644, 48.828457487226629 ], [ -1.092923090707948, 48.782609801409173 ], [ -0.846627182037437, 48.760895895280541 ], [ -0.734000229263059, 48.682925631923737 ], [ -0.751585462845258, 48.615810905095323 ], [ -0.873893540732301, 48.503037690464332 ], [ -1.053035676869943, 48.502798801658834 ], [ -1.221107121721146, 48.550250822795384 ], [ -1.385787193730645, 48.445149635817131 ], [ -1.551488216752861, 48.624133315731839 ], [ -1.51007795261486, 48.618849416846572 ], [ -1.347503364025726, 48.631352195722307 ], [ -1.346496962776281, 48.6315184738461 ], [ -1.345116568787453, 48.632155311950264 ], [ -1.344541924860868, 48.632668110682609 ], [ -1.344619180643196, 48.632800693875915 ], [ -1.36333498149318, 48.647047962173161 ], [ -1.400338384192272, 48.67406281431456 ], [ -1.430236064019157, 48.664877470270355 ], [ -1.451926430108802, 48.673488562793686 ], [ -1.494893964675347, 48.690526438978679 ], [ -1.511735409994013, 48.703707268538459 ], [ -1.54789752290242, 48.733135812219835 ], [ -1.569483553394015, 48.768910817594687 ], [ -1.581916517960453, 48.852273050243333 ], [ -1.563481837758602, 48.921662055221773 ], [ -1.574649750804161, 48.965235263636664 ], [ -1.568630078491508, 48.987075232341056 ], [ -1.607320831664929, 49.209606330173308 ], [ -1.608879896428426, 49.210867985322878 ], [ -1.608874151781781, 49.213980385495503 ], [ -1.603777094590198, 49.21735063998004 ], [ -1.578767179457804, 49.222713097512994 ], [ -1.5767293437686, 49.223004535549855 ], [ -1.574065453876595, 49.223190422184679 ], [ -1.573510651064478, 49.223118562432838 ], [ -1.572946208577957, 49.222936817134958 ], [ -1.568031878527104, 49.220778342203936 ], [ -1.56781958306852, 49.220695300603332 ], [ -1.567340121594506, 49.22071091666524 ], [ -1.56639822008798, 49.22096648154271 ], [ -1.566476929840796, 49.221098854465453 ], [ -1.569212333500176, 49.223483581996426 ], [ -1.58385542891676, 49.232172267520959 ], [ -1.586369618237684, 49.233619305759106 ], [ -1.611839665907595, 49.234726351878699 ], [ -1.614031593743124, 49.233754562235369 ], [ -1.622588803262961, 49.226608374057655 ], [ -1.62419418468603, 49.225160961576094 ], [ -1.822065844916945, 49.412844746541793 ], [ -1.847282513219882, 49.50383972909539 ], [ -1.844490338857281, 49.55198816744285 ], [ -1.838775759923715, 49.5541005981054 ], [ -1.842045544782684, 49.594070054809485 ], [ -1.841482954844634, 49.603743767827766 ], [ -1.842963531208476, 49.612020903113383 ], [ -1.843974728323338, 49.61762202641934 ], [ -1.844993663277267, 49.630052419705123 ], [ -1.848883067810386, 49.631994591702778 ], [ -1.849021756231517, 49.632344030124607 ], [ -1.851557002393176, 49.637967206430986 ], [ -1.854123833858026, 49.64291469837557 ], [ -1.858232599555984, 49.648752970612726 ], [ -1.859411418150464, 49.650285947890225 ], [ -1.86598417300281, 49.654239714507831 ], [ -1.866711774072685, 49.65466410526966 ], [ -1.870581339505801, 49.656903855043296 ], [ -1.871468367626913, 49.657412608869009 ], [ -1.874120143196711, 49.658489475598138 ], [ -1.875047669894792, 49.658816922690001 ], [ -1.895323462879815, 49.665420987045472 ], [ -1.928238126923315, 49.672134469822687 ], [ -1.930149186239811, 49.672511533370766 ], [ -1.939562722568681, 49.677197059577267 ], [ -1.946384584665991, 49.705022090790386 ], [ -1.946897448137589, 49.707657053390719 ], [ -1.945909785490776, 49.71701828796634 ], [ -1.943743010392067, 49.721600623667918 ], [ -1.943448178915374, 49.722185462281089 ], [ -1.828504828385232, 49.700415843701784 ] ] ] } },
{ "type": "Feature", "properties": { "code_geog": "02", "libelle_geog": "Aisne", "area": 7426.618, "x": 3.558, "y": 49.561 }, "geometry": { "type": "Polygon", "coordinates": [ [ [ 4.147641210585415, 49.988183668722215 ], [ 4.14833168121368, 49.988296131390875 ], [ 4.148306214406048, 49.988246845146861 ], [ 4.151412879836275, 49.986906359971591 ], [ 4.152622776423224, 49.984763161704429 ], [ 4.202331268516685, 49.95691064411475 ], [ 4.224901643247432, 49.955152475203874 ], [ 4.227846671075415, 49.953878174655571 ], [ 4.227448748246192, 49.953701618812822 ], [ 4.199606136026349, 49.797266809173202 ], [ 4.249734144342448, 49.763208617234568 ], [ 4.061678650454196, 49.628158313363677 ], [ 4.039753963069869, 49.409737046295461 ], [ 4.038334860708375, 49.366958517653849 ], [ 3.95857591160483, 49.377567712953926 ], [ 3.636403914724284, 49.31014794376317 ], [ 3.741711917862084, 49.171038729060307 ], [ 3.755812172929125, 49.156605673915998 ], [ 3.596436161433107, 49.163143748206508 ], [ 3.58642459732588, 49.049091895793481 ], [ 3.665509009589015, 49.029213287767085 ], [ 3.48050505207624, 48.840845541958799 ], [ 3.259146184417653, 48.956935421895743 ], [ 3.152913775757165, 49.090885509707945 ], [ 3.080904245975162, 49.119890362916614 ], [ 3.153967207289999, 49.157462685337151 ], [ 3.045789248139654, 49.200949873840401 ], [ 3.032314323995862, 49.277116382816942 ], [ 2.945329210069618, 49.296607940100358 ], [ 2.945666873921242, 49.325136126104475 ], [ 3.047625704554111, 49.334088411804139 ], [ 3.107191513273147, 49.424062475394614 ], [ 3.104162925288531, 49.709313631848424 ], [ 3.062087561430947, 49.84265291248019 ], [ 3.189313390850174, 49.979638699115782 ], [ 3.160454554656254, 50.017851443350033 ], [ 3.617939726716566, 50.028159666485877 ], [ 3.685324346091602, 50.065449463017757 ], [ 4.147641210585415, 49.988183668722215 ] ] ] } },
{ "type": "Feature", "properties": { "code_geog": "76", "libelle_geog": "Seine-Maritime", "area": 6250.768, "x": 1.029, "y": 49.656 }, "geometry": { "type": "Polygon", "coordinates": [ [ [ 1.448934917391133, 50.060155503876736 ], [ 1.694584107054978, 49.895389202684875 ], [ 1.78445864565351, 49.748504096308366 ], [ 1.689471029631018, 49.719516345796386 ], [ 1.728619214319996, 49.510562565902809 ], [ 1.77998381618644, 49.487040549539756 ], [ 1.729860423243364, 49.405974939517385 ], [ 1.349926842164571, 49.460515445307955 ], [ 1.250043240875195, 49.355046519374852 ], [ 1.054849653219142, 49.300816076767703 ], [ 1.026861818419065, 49.257710674029752 ], [ 0.887110033145695, 49.317930163354198 ], [ 0.899920735448939, 49.379905286835019 ], [ 0.47370223728191, 49.48344428168167 ], [ 0.32311402591904, 49.428895337804072 ], [ 0.305125316575405, 49.436287875798776 ], [ 0.300794974765743, 49.438066719993273 ], [ 0.256648798881261, 49.456185267613741 ], [ 0.183989341583852, 49.457693293629973 ], [ 0.118040954326638, 49.469627919200477 ], [ 0.072224391709905, 49.504059440552183 ], [ 0.069728906041275, 49.506915573759827 ], [ 0.06826463718545, 49.508820007530723 ], [ 0.067363871810068, 49.510150942446984 ], [ 0.066515506340018, 49.512165780148628 ], [ 0.066424649447545, 49.512658290609515 ], [ 0.066711935260855, 49.514060979462599 ], [ 0.086049133402443, 49.552971049979995 ], [ 0.164642148692888, 49.686047031094787 ], [ 0.165036182992859, 49.686548211720343 ], [ 0.168974203069319, 49.689996700206514 ], [ 0.171315163931771, 49.691934166948236 ], [ 0.187831814782655, 49.702532675538116 ], [ 0.210364008312808, 49.713881230629895 ], [ 0.221173249338746, 49.717133806022971 ], [ 0.222884799205062, 49.717621832393881 ], [ 0.224763933716354, 49.717744435825637 ], [ 0.226150250465153, 49.717723676610156 ], [ 0.228021125454194, 49.717711335268696 ], [ 0.229953798102942, 49.717879707183194 ], [ 0.233536355258974, 49.718355181898907 ], [ 0.312913205788733, 49.739864847832514 ], [ 0.356139347362421, 49.755274499946466 ], [ 0.480457831453067, 49.806570472457516 ], [ 0.508300356017669, 49.819962494522244 ], [ 0.714060603000303, 49.871086237770392 ], [ 0.715254016192138, 49.870698040301093 ], [ 0.718988345806514, 49.869490528564612 ], [ 0.768375308614425, 49.87191593316971 ], [ 0.77052115599258, 49.872168110559421 ], [ 0.782975762790961, 49.874267700945751 ], [ 1.026177978680221, 49.916562291698035 ], [ 1.029652317954784, 49.917183327036334 ], [ 1.066679369114419, 49.925683746064827 ], [ 1.070063553001256, 49.926616939377112 ], [ 1.114996499057512, 49.940095960972201 ], [ 1.143814328098678, 49.949881438442233 ], [ 1.161634095677461, 49.956088462507701 ], [ 1.194945131663496, 49.968014716115924 ], [ 1.202595240165855, 49.971372330184231 ], [ 1.390755821834693, 50.072157548405649 ], [ 1.448934917391133, 50.060155503876736 ] ] ] } },
{ "type": "Feature", "properties": { "code_geog": "08", "libelle_geog": "Ardennes", "area": 5233.625, "x": 4.635, "y": 49.61 }, "geometry": { "type": "Polygon", "coordinates": [ [ [ 4.832585748578563, 50.154027566441854 ], [ 4.86420499988453, 50.152448796083831 ], [ 4.867183816116867, 50.151992363671141 ], [ 4.878718468538725, 50.14632870967904 ], [ 4.845727037056823, 50.064405729116984 ], [ 4.829858317467884, 50.048111160466938 ], [ 4.800051354174338, 49.982441989949876 ], [ 4.805538078958359, 49.964227388198111 ], [ 4.802941534836171, 49.957740519171686 ], [ 4.808254467296953, 49.95520456075495 ], [ 4.856311170414384, 49.795019776291525 ], [ 4.857494348956556, 49.79229103054854 ], [ 4.86024717472148, 49.790437028933589 ], [ 4.861255222827352, 49.789778199920562 ], [ 4.862344136460743, 49.789351265079937 ], [ 4.864135036129801, 49.789089386536567 ], [ 4.876818383560325, 49.788005217608458 ], [ 4.874871900199984, 49.775587599001533 ], [ 4.933797665851302, 49.779096197265261 ], [ 4.943599780509428, 49.792650257589536 ], [ 5.034730095837125, 49.776046531140075 ], [ 5.118396638105411, 49.737113684172968 ], [ 5.1236108003743, 49.728633586589375 ], [ 5.123876192107654, 49.721070507715183 ], [ 5.123796537476748, 49.717334263418891 ], [ 5.126232124802161, 49.712461830783113 ], [ 5.165084203802635, 49.693436255440396 ], [ 5.165896935167624, 49.693105004965432 ], [ 5.16679103306101, 49.692992009200566 ], [ 5.222032318058467, 49.688723385707554 ], [ 5.386087324299597, 49.611746488962069 ], [ 5.385803109593944, 49.611538690633367 ], [ 5.286113130484824, 49.533143556296608 ], [ 5.121065581852863, 49.589385202906321 ], [ 5.050750922114334, 49.505365526268015 ], [ 5.087634088084472, 49.376089036038501 ], [ 5.053238774035242, 49.276958762418793 ], [ 4.942360871000635, 49.241352316191431 ], [ 4.818501038381276, 49.234464222907008 ], [ 4.629777782810184, 49.238218241927804 ], [ 4.566706540418674, 49.291732805412629 ], [ 4.434922211868257, 49.270323054727172 ], [ 4.213881982597678, 49.388127922660921 ], [ 4.039753963069869, 49.409737046295461 ], [ 4.061678650454196, 49.628158313363677 ], [ 4.249734144342448, 49.763208617234568 ], [ 4.199606136026349, 49.797266809173202 ], [ 4.227448748246192, 49.953701618812822 ], [ 4.227846671075415, 49.953878174655571 ], [ 4.228109939212475, 49.953764252892149 ], [ 4.282886731685813, 49.95061584991246 ], [ 4.447549880910831, 49.93757784669986 ], [ 4.512085636831876, 49.947273501916222 ], [ 4.68501585379395, 49.996552406652668 ], [ 4.688433587366723, 50.000849185739128 ], [ 4.686493583501788, 50.025710410538814 ], [ 4.683783910589251, 50.064990578539806 ], [ 4.684335748233919, 50.069066115094522 ], [ 4.692723033296552, 50.083473128784192 ], [ 4.693551667096426, 50.084801954629654 ], [ 4.6936255676426, 50.08489033235734 ], [ 4.70268185691505, 50.095599423405197 ], [ 4.756915889369552, 50.130394189563127 ], [ 4.766385937903582, 50.135814938445712 ], [ 4.824883286204517, 50.160802792510715 ], [ 4.832585748578563, 50.154027566441854 ] ] ] } },
{ "type": "Feature", "properties": { "code_geog": "80", "libelle_geog": "Somme", "area": 6260.935, "x": 2.285, "y": 49.957 }, "geometry": { "type": "Polygon", "coordinates": [ [ [ 1.644026209821334, 50.365442056486636 ], [ 1.829740919931356, 50.356853811487859 ], [ 1.956191486890394, 50.324064058957624 ], [ 2.090310636685176, 50.205660064303927 ], [ 2.15426447212831, 50.195196104232856 ], [ 2.393244281807301, 50.231147021697652 ], [ 2.494383554919676, 50.201949022109773 ], [ 2.439901477446356, 50.147039984724337 ], [ 2.475002635358416, 50.139324988612614 ], [ 2.711183220331628, 50.091324945196526 ], [ 2.844007568204219, 50.081342799472289 ], [ 3.07977110857184, 50.046877515562073 ], [ 3.160454554656254, 50.017851443350033 ], [ 3.189313390850174, 49.979638699115782 ], [ 3.062087561430947, 49.84265291248019 ], [ 3.104162925288531, 49.709313631848424 ], [ 2.942706938174916, 49.691216829902608 ], [ 2.693168352921884, 49.630414011464069 ], [ 2.641629976682806, 49.578267583896853 ], [ 2.473617744874896, 49.626106962958495 ], [ 2.202676352304881, 49.702162278898513 ], [ 2.048836435845632, 49.692386273539519 ], [ 1.814234398176428, 49.705858055871744 ], [ 1.78445864565351, 49.748504096308366 ], [ 1.694584107054978, 49.895389202684875 ], [ 1.448934917391133, 50.060155503876736 ], [ 1.390755821834693, 50.072157548405649 ], [ 1.435127574422024, 50.095822255028303 ], [ 1.442946569210432, 50.100287338407135 ], [ 1.444877077246879, 50.101603080928733 ], [ 1.450124808226624, 50.105555139144045 ], [ 1.453284840783673, 50.108414666936085 ], [ 1.455395518329699, 50.111437088180423 ], [ 1.458226962412795, 50.11717556971459 ], [ 1.59694813800576, 50.185567105440548 ], [ 1.674097715109698, 50.174744981675367 ], [ 1.67465492466568, 50.174882635078895 ], [ 1.675849672092384, 50.175427638229031 ], [ 1.677164349628571, 50.176422058557698 ], [ 1.683922775746082, 50.183288762613472 ], [ 1.677794031508644, 50.194003091820164 ], [ 1.684020076223492, 50.204241544162699 ], [ 1.664663503895077, 50.212372916115768 ], [ 1.663984736123487, 50.213122737250053 ], [ 1.663418140989784, 50.213658136868418 ], [ 1.587666071939078, 50.25523039619106 ], [ 1.577766707186609, 50.256291323552141 ], [ 1.574128202571209, 50.256223853696142 ], [ 1.557349001030208, 50.361799389814124 ], [ 1.557566545950288, 50.364923843474564 ], [ 1.644026209821334, 50.365442056486636 ] ] ] } },
{ "type": "Feature", "properties": { "code_geog": "62", "libelle_geog": "Pas-de-Calais", "area": 6677.123, "x": 2.283, "y": 50.498 }, "geometry": { "type": "Polygon", "coordinates": [ [ [ 2.222201263601793, 50.789906292267858 ], [ 2.394411728606814, 50.770961961326954 ], [ 2.356971089495483, 50.732998418460937 ], [ 2.38683965923033, 50.685521616920013 ], [ 2.677844973917777, 50.623345344193609 ], [ 2.744815823918039, 50.599400776110457 ], [ 2.862242142149372, 50.580510984304148 ], [ 3.011756870652201, 50.479522978542384 ], [ 3.085530752843629, 50.436359124055834 ], [ 2.981011156207208, 50.403706811125986 ], [ 3.023904631533992, 50.279985595519996 ], [ 3.178835597591894, 50.236271047189291 ], [ 3.07977110857184, 50.046877515562073 ], [ 2.844007568204219, 50.081342799472289 ], [ 2.711183220331628, 50.091324945196526 ], [ 2.475002635358416, 50.139324988612614 ], [ 2.439901477446356, 50.147039984724337 ], [ 2.494383554919676, 50.201949022109773 ], [ 2.393244281807301, 50.231147021697652 ], [ 2.15426447212831, 50.195196104232856 ], [ 2.090310636685176, 50.205660064303927 ], [ 1.956191486890394, 50.324064058957624 ], [ 1.829740919931356, 50.356853811487859 ], [ 1.644026209821334, 50.365442056486636 ], [ 1.557566545950288, 50.364923843474564 ], [ 1.576786287850267, 50.639389156422688 ], [ 1.574357943016267, 50.716236632594757 ], [ 1.59141910629898, 50.87058693965195 ], [ 1.611447455459472, 50.880233260439468 ], [ 1.652603059467355, 50.883073604517563 ], [ 1.681143133145364, 50.913745676566883 ], [ 1.714785373350312, 50.929891463332588 ], [ 1.746785463596027, 50.944306162890378 ], [ 1.773250199932759, 50.952603819271708 ], [ 1.781470865132822, 50.954936117329083 ], [ 1.934613323812514, 50.986482217347728 ], [ 2.040405423136709, 51.005514048738782 ], [ 2.086317008312716, 51.01271485178777 ], [ 2.222201263601793, 50.789906292267858 ] ] ] } },
{ "type": "Feature", "properties": { "code_geog": "59", "libelle_geog": "Nord", "area": 5675.148, "x": 3.213, "y": 50.448 }, "geometry": { "type": "Polygon", "coordinates": [ [ [ 2.563026517808196, 51.059367232902666 ], [ 2.57799400475516, 51.025521458312426 ], [ 2.606743692351198, 50.908073153641936 ], [ 2.60607943978633, 50.906545888237552 ], [ 2.605948511509549, 50.858726115768043 ], [ 2.626695905287936, 50.826220659522647 ], [ 2.627498771521513, 50.822921040985264 ], [ 2.628888802542492, 50.822782218375679 ], [ 2.632253120896884, 50.817505968864737 ], [ 2.634146630116007, 50.814577980904929 ], [ 2.635693068277114, 50.812816594064039 ], [ 2.792405829315394, 50.726082560322773 ], [ 2.812008480038864, 50.717604982796686 ], [ 2.880442771366423, 50.69898515955893 ], [ 2.880895221583578, 50.698652114104398 ], [ 2.882819765117114, 50.698337480210348 ], [ 2.901131239589274, 50.693345889841744 ], [ 2.901976390550856, 50.693162646738855 ], [ 2.906203582560601, 50.692380876944959 ], [ 2.906768357736482, 50.692378278630102 ], [ 2.910536984879577, 50.693482055828881 ], [ 2.911248640687277, 50.693972075188448 ], [ 2.924749474171101, 50.703703282317527 ], [ 2.929685201733432, 50.709025455624015 ], [ 2.930634451418575, 50.710455989217316 ], [ 2.931848716849434, 50.717600859638409 ], [ 2.931798468280932, 50.719311966477534 ], [ 2.931598316368083, 50.720299531477387 ], [ 2.938115070347449, 50.742825075863742 ], [ 2.938770121006041, 50.744400411107776 ], [ 2.939413192354829, 50.744980259908267 ], [ 2.952391095529439, 50.752010796671094 ], [ 2.953469327155065, 50.752319344182894 ], [ 2.996088896708582, 50.763941856427572 ], [ 3.09599226716482, 50.785233780234442 ], [ 3.124934941706228, 50.788657508780418 ], [ 3.134534769446504, 50.786910362718992 ], [ 3.239083877666805, 50.685009262000442 ], [ 3.253705121561505, 50.670716893662821 ], [ 3.255881801615134, 50.622633783560978 ], [ 3.27233719053595, 50.587324065958207 ], [ 3.273349578464041, 50.580272592209589 ], [ 3.27451142804997, 50.572177548117253 ], [ 3.281229458745613, 50.525317130654528 ], [ 3.333766834774972, 50.508047685498269 ], [ 3.374566203301073, 50.491885194725981 ], [ 3.376886315167591, 50.491138866739462 ], [ 3.37793904511579, 50.491038009819867 ], [ 3.382069586417678, 50.492139558515625 ], [ 3.399589019626431, 50.48636241251404 ], [ 3.466531958495503, 50.515049676127283 ], [ 3.51731321110006, 50.514187175422492 ], [ 3.536852402815659, 50.510563646625791 ], [ 3.653581394165508, 50.458261261822251 ], [ 3.664467113997838, 50.441239442406435 ], [ 3.673965656847405, 50.410605604695704 ], [ 3.674082161775507, 50.409706941681648 ], [ 3.674136012970805, 50.409125292417286 ], [ 3.67421261110794, 50.401386611559097 ], [ 3.67408411093766, 50.39711858551162 ], [ 3.673627210914507, 50.395775191008184 ], [ 3.672954878286281, 50.394247920148452 ], [ 3.665721855392222, 50.378455378406592 ], [ 3.662813424551211, 50.36581943948233 ], [ 3.676736412451571, 50.332841303434328 ], [ 3.709198708113434, 50.304193328744475 ], [ 3.711078117286181, 50.303227653410765 ], [ 3.714384825560433, 50.303729100521302 ], [ 3.720315459082027, 50.30486508253513 ], [ 3.731210870827653, 50.310183044603519 ], [ 3.732152930863819, 50.311336876817549 ], [ 3.732381437978863, 50.311964788648744 ], [ 3.732735871789017, 50.321714519403834 ], [ 3.735655628557616, 50.34253917691526 ], [ 3.739879801254856, 50.347707633300793 ], [ 3.745930785210582, 50.350429546145556 ], [ 3.747489501273611, 50.350995020359036 ], [ 3.783963433137287, 50.353604310068533 ], [ 3.785029474363963, 50.353634379699912 ], [ 3.83922614799752, 50.354439783239535 ], [ 3.881929321465935, 50.3542559924554 ], [ 3.937935285805918, 50.328542710956995 ], [ 3.992691858134382, 50.353710086446078 ], [ 4.003640677360033, 50.3536506988723 ], [ 4.202483461213927, 50.258292459588525 ], [ 4.124039134415063, 50.135925494155913 ], [ 4.211821795571394, 50.110847661092393 ], [ 4.175808823116315, 50.041412886849479 ], [ 4.141872358350263, 50.025904449279494 ], [ 4.141155557990821, 50.025278611810897 ], [ 4.140965612758827, 50.025081630318361 ], [ 4.139708242975995, 50.023773517597206 ], [ 4.138113739886282, 50.022046094354096 ], [ 4.137000656049201, 50.020529295858957 ], [ 4.136405161766684, 50.019458310203348 ], [ 4.136151597901906, 50.018204934040014 ], [ 4.136186165042182, 50.017216687778067 ], [ 4.13626653585624, 50.015556553174108 ], [ 4.136401788952821, 50.013480304650379 ], [ 4.149429119161124, 49.990419936808799 ], [ 4.14833168121368, 49.988296131390875 ], [ 4.147641210585415, 49.988183668722215 ], [ 3.685324346091602, 50.065449463017757 ], [ 3.617939726716566, 50.028159666485877 ], [ 3.160454554656254, 50.017851443350033 ], [ 3.07977110857184, 50.046877515562073 ], [ 3.178835597591894, 50.236271047189291 ], [ 3.023904631533992, 50.279985595519996 ], [ 2.981011156207208, 50.403706811125986 ], [ 3.085530752843629, 50.436359124055834 ], [ 3.011756870652201, 50.479522978542384 ], [ 2.862242142149372, 50.580510984304148 ], [ 2.744815823918039, 50.599400776110457 ], [ 2.677844973917777, 50.623345344193609 ], [ 2.38683965923033, 50.685521616920013 ], [ 2.356971089495483, 50.732998418460937 ], [ 2.394411728606814, 50.770961961326954 ], [ 2.222201263601793, 50.789906292267858 ], [ 2.086317008312716, 51.01271485178777 ], [ 2.087060050467015, 51.012831235101849 ], [ 2.356381291543113, 51.058924211647792 ], [ 2.366385123120502, 51.052701464703944 ], [ 2.369740196806368, 51.050540190667824 ], [ 2.370166731324285, 51.050360788107419 ], [ 2.381784403741466, 51.048698740090209 ], [ 2.382922146424479, 51.048743150614136 ], [ 2.395965024013528, 51.050396127456821 ], [ 2.400317679981132, 51.051021517470716 ], [ 2.409080675954858, 51.052594527836533 ], [ 2.425484603968068, 51.055685704641938 ], [ 2.482134393410541, 51.069733692225391 ], [ 2.483202238584403, 51.070003616859751 ], [ 2.494195724667989, 51.073134477494371 ], [ 2.547047775429862, 51.088466128073186 ], [ 2.563026517808196, 51.059367232902666 ] ] ] } }
]
}
