{
"type": "FeatureCollection",
"name": "grandesecoregions_wgs84",
"crs": { "type": "name", "properties": { "name": "urn:ogc:def:crs:OGC:1.3:CRS84" } },
"features": [
{ "type": "Feature", "properties": { "code_geog": "K", "libelle_geog": "Corse", "area": 8868.35, "x": 9.111, "y": 42.143 }, "geometry": { "type": "MultiPolygon", "coordinates": [ [ [ [ 9.506167880248043, 42.791216287601351 ], [ 9.449291303088387, 42.646474057832449 ], [ 9.553901655416192, 42.548364126586428 ], [ 9.546202334183894, 42.069828547776943 ], [ 9.4153345460083, 41.94464429055877 ], [ 9.399806603394758, 41.869090463252363 ], [ 9.3997974376557, 41.869085232892438 ], [ 9.416064374555161, 41.738769703349881 ], [ 9.383374138402583, 41.626112107477269 ], [ 9.365047428162386, 41.579491567411957 ], [ 9.268695699925036, 41.518948723732869 ], [ 9.270155978933888, 41.423171050161017 ], [ 9.236605972795774, 41.353649170791122 ], [ 9.093334059151458, 41.377396826351152 ], [ 9.129762197018076, 41.418071305550015 ], [ 9.057315470030868, 41.451466366927676 ], [ 8.78891376372902, 41.554496952992075 ], [ 8.796726713918412, 41.62574898080539 ], [ 8.83471057604647, 41.62339448503419 ], [ 8.917043844832229, 41.675643323018406 ], [ 8.78606045296025, 41.702932595061867 ], [ 8.703639376696808, 41.707979080495569 ], [ 8.694556566381721, 41.742011464105296 ], [ 8.803834142628086, 41.864479826428301 ], [ 8.789997104483687, 41.913172603403609 ], [ 8.620981728681548, 41.889939170815069 ], [ 8.603161852223772, 41.9627574086838 ], [ 8.738312712564863, 42.026378723588095 ], [ 8.720597201593305, 42.099228054442712 ], [ 8.656251211480443, 42.09832411743426 ], [ 8.58218530857782, 42.126663533240979 ], [ 8.580596039615866, 42.232026178055456 ], [ 8.692465817527621, 42.254061546741021 ], [ 8.712707531803687, 42.262412477272363 ], [ 8.633087473208329, 42.300691064608174 ], [ 8.552346819661977, 42.329397684536659 ], [ 8.575144766672985, 42.361554358233136 ], [ 8.575176384582466, 42.361549787357241 ], [ 8.611833172586129, 42.402435641464649 ], [ 8.657783650129344, 42.409273551117124 ], [ 8.694896466621865, 42.512363883509586 ], [ 8.746723251164488, 42.571481705268077 ], [ 8.827657733702727, 42.600078495555699 ], [ 9.072962943863541, 42.647057958678822 ], [ 9.063949731806543, 42.681156713381753 ], [ 9.134533833831078, 42.729360039877221 ], [ 9.237716557688154, 42.722714228208289 ], [ 9.296466897283626, 42.670971886857558 ], [ 9.34144535225137, 42.720722456229389 ], [ 9.342051615693938, 42.993841641486974 ], [ 9.452154912556344, 42.986561912512634 ], [ 9.506167880248043, 42.791216287601351 ] ] ] ] } },
{ "type": "Feature", "properties": { "code_geog": "J", "libelle_geog": "Méditerranée", "area": 35808.248, "x": 4.74, "y": 43.685 }, "geometry": { "type": "MultiPolygon", "coordinates": [ [ [ [ 5.224058734591297, 45.000975168709424 ], [ 5.216635491915893, 44.977567829514513 ], [ 5.188519406150266, 44.926577309240059 ], [ 5.141730943069001, 44.877371525014787 ], [ 5.140762499553138, 44.876361066708931 ], [ 5.137415858358148, 44.87310682697003 ], [ 5.073406531595704, 44.816085072759712 ], [ 5.075239724715547, 44.801360971154025 ], [ 5.053528996057806, 44.689998317007237 ], [ 5.143639591684896, 44.635875034710452 ], [ 5.144485759582983, 44.635682461537641 ], [ 5.159928868971275, 44.631615607185481 ], [ 5.161589450472341, 44.631105021639648 ], [ 5.161955934637657, 44.630924624048305 ], [ 5.162290143936359, 44.63075405335222 ], [ 5.162465407356292, 44.630605562136076 ], [ 5.187050544913737, 44.605312940236253 ], [ 5.189176446426224, 44.602773988970128 ], [ 5.198064586981507, 44.590636879707105 ], [ 5.221457643140098, 44.554738960546572 ], [ 5.22125668919031, 44.55104551031252 ], [ 5.218134732654033, 44.524255655955578 ], [ 5.217070125788684, 44.520098962449914 ], [ 5.217014774429042, 44.519902432421596 ], [ 5.211271233546031, 44.503341572308059 ], [ 5.202725058570743, 44.496176791951022 ], [ 5.181413520104491, 44.488461093543151 ], [ 5.135814939588497, 44.490155214342657 ], [ 5.114373804292496, 44.498789598243313 ], [ 5.091085748010207, 44.502066861563002 ], [ 5.049836771127368, 44.497811787120646 ], [ 5.030514942980572, 44.487273648984271 ], [ 5.010917143793303, 44.444544015586615 ], [ 5.013701357824293, 44.445591855960195 ], [ 5.01613337474729, 44.44570344076552 ], [ 5.016698345029717, 44.445671643378532 ], [ 5.017380332567526, 44.44556499943652 ], [ 5.018718749837703, 44.445316331476278 ], [ 5.019517773765781, 44.445161822402717 ], [ 5.020664220753267, 44.444917825170862 ], [ 5.022127812944271, 44.444450099515876 ], [ 5.02237988674168, 44.444362945929797 ], [ 5.022986016654437, 44.44414114942775 ], [ 5.024395063676217, 44.443557754102443 ], [ 5.025363012978127, 44.443075133221285 ], [ 5.233571694701277, 44.301176051492682 ], [ 5.262920342563031, 44.268487378884949 ], [ 5.263036693124769, 44.268340295112168 ], [ 5.261493015235489, 44.263270661782336 ], [ 5.260434061866207, 44.259843714506708 ], [ 5.252817989706347, 44.25150797596627 ], [ 5.252459029249647, 44.251247610348528 ], [ 5.240090613081128, 44.245404207570964 ], [ 5.231248152693912, 44.242444466253275 ], [ 5.230914410878864, 44.242453303652717 ], [ 5.226535226618606, 44.242632153671821 ], [ 5.22567083113547, 44.242690994549392 ], [ 5.225249514597784, 44.24277411193524 ], [ 5.224978654115295, 44.242862250016138 ], [ 5.224846926035257, 44.243027691890468 ], [ 5.224815986893543, 44.243181472753236 ], [ 5.212849534013539, 44.242435254435229 ], [ 5.196079617983449, 44.238052454602624 ], [ 5.195700783238925, 44.237936396939574 ], [ 5.195099468202381, 44.237727181978116 ], [ 5.190713491693871, 44.236006272423502 ], [ 5.175454961769346, 44.229574481342787 ], [ 5.172423944480194, 44.226378065544282 ], [ 5.172153723091427, 44.225980188196779 ], [ 5.157801859200244, 44.201572761299047 ], [ 5.157595241113298, 44.200264485338188 ], [ 5.157597097827512, 44.199850559838595 ], [ 5.166702509244056, 44.167332764269446 ], [ 5.172664969073458, 44.16259845383275 ], [ 5.173730478518954, 44.162660738497642 ], [ 5.217244891590894, 44.167198462990356 ], [ 5.229815845669994, 44.16980820010621 ], [ 5.307690217506932, 44.16303775672764 ], [ 5.39246840966264, 44.152248006037695 ], [ 5.770191481625891, 44.055699814820315 ], [ 5.771181083003913, 44.056379566771881 ], [ 5.771846878119563, 44.056781542928256 ], [ 5.772456945621241, 44.057149275622372 ], [ 5.781985446165717, 44.062391976376297 ], [ 5.783672989739367, 44.063256539600651 ], [ 5.789046509596686, 44.065867232994414 ], [ 5.803984399498537, 44.070765616869998 ], [ 5.806128223937587, 44.071264351030429 ], [ 5.809255572174481, 44.071821700876164 ], [ 5.810990824938497, 44.071946378466386 ], [ 5.917347134570245, 44.079789351193931 ], [ 5.946305655414204, 44.200118436305019 ], [ 6.011961938786566, 44.190223105240477 ], [ 6.013819611951387, 44.189548460984859 ], [ 6.014963451648672, 44.189131872049373 ], [ 6.015646350292404, 44.188802815654505 ], [ 6.015754601445219, 44.188736158247785 ], [ 6.016506189869657, 44.18825175850511 ], [ 6.017187043620272, 44.187814744774762 ], [ 6.018314563711896, 44.186687562951029 ], [ 6.018989220694042, 44.185944700530634 ], [ 6.019363011024788, 44.185365006711322 ], [ 6.038041496271939, 44.132003684745825 ], [ 6.038626748461714, 44.130156587784668 ], [ 6.04113265168492, 44.121475415809059 ], [ 6.041068840514491, 44.120901512634063 ], [ 6.040854317647952, 44.120296725032091 ], [ 6.036899051347247, 44.116542550668782 ], [ 6.034555875873036, 44.114488796016509 ], [ 6.031823727730183, 44.112196154748126 ], [ 6.031125743906913, 44.111742755176785 ], [ 6.027954857598369, 44.106530582402769 ], [ 6.025378755523752, 44.099741071892311 ], [ 6.025299132894654, 44.099266718456938 ], [ 6.022851178432942, 44.060313155449528 ], [ 6.023608929903318, 44.053699034275411 ], [ 6.03151157888875, 44.044286584937055 ], [ 6.033531951662143, 44.04323695037624 ], [ 6.089290921497362, 44.026883354675789 ], [ 6.090605593844272, 44.026730020332579 ], [ 6.091826796518674, 44.026822916856403 ], [ 6.092376114410429, 44.026866973789012 ], [ 6.092787332277248, 44.026897791063014 ], [ 6.094326739906791, 44.027123694513655 ], [ 6.117894424098658, 44.031123211079276 ], [ 6.12430071619484, 44.032763747663211 ], [ 6.133956255153445, 44.035370784486084 ], [ 6.136770357937413, 44.036550767470366 ], [ 6.13826792715948, 44.037317596525718 ], [ 6.139718717022205, 44.038149048898816 ], [ 6.252095893034197, 43.801217684009572 ], [ 6.253998448793172, 43.788008487608003 ], [ 6.254582464501608, 43.786097324370381 ], [ 6.260845373351043, 43.767204284526414 ], [ 6.260907938828736, 43.767121017439116 ], [ 6.261780115949479, 43.766063412015534 ], [ 6.266556148131241, 43.761831242937319 ], [ 6.267234937548297, 43.761356616063622 ], [ 6.283587544393037, 43.751852022251548 ], [ 6.284540378812348, 43.751322296912427 ], [ 6.32558473988862, 43.729775140488925 ], [ 6.327725969239365, 43.728733225208082 ], [ 6.436322410067748, 43.680140931983438 ], [ 6.474932174340164, 43.669688463796646 ], [ 6.601103974346487, 43.680226385418472 ], [ 6.64130983294134, 43.6842065384498 ], [ 6.645966897223135, 43.685344468491735 ], [ 6.651708504044699, 43.686943078961292 ], [ 6.731650291125343, 43.711570790186919 ], [ 6.796582512806007, 43.746944674529402 ], [ 6.880505692608906, 43.787900285493528 ], [ 6.911745668942205, 43.788089833967376 ], [ 6.949426063519104, 43.789041022394429 ], [ 7.061070551133639, 43.793065997581664 ], [ 7.066210948236607, 43.793706335261135 ], [ 7.081635025764975, 43.798453544581868 ], [ 7.090130306376008, 43.801215297856942 ], [ 7.095012770198277, 43.803261516253052 ], [ 7.12502741737463, 43.818042505036516 ], [ 7.126981359050168, 43.819370145226273 ], [ 7.143919502263414, 43.832823280237271 ], [ 7.14405154905625, 43.833060595699891 ], [ 7.14509193981752, 43.835446163690094 ], [ 7.147774240109654, 43.847377671442231 ], [ 7.150049743284732, 43.846709327410622 ], [ 7.189656454436752, 43.897490336589819 ], [ 7.235703591176857, 43.892224657401016 ], [ 7.357624316481842, 43.880393019419976 ], [ 7.392168839604638, 43.879798248686406 ], [ 7.412947165667864, 43.887233242187882 ], [ 7.414392590798894, 43.887796227660012 ], [ 7.415127718372995, 43.888077132882223 ], [ 7.415217758350519, 43.888108954115992 ], [ 7.512215793217944, 43.929348483646855 ], [ 7.540540291233993, 43.922427009441463 ], [ 7.497414559623289, 43.86915040281982 ], [ 7.51453184263584, 43.81787541352201 ], [ 7.523273794813064, 43.791647210321749 ], [ 7.522577343756311, 43.791374247573643 ], [ 7.447617241064076, 43.762488591758839 ], [ 7.273597964999102, 43.695121118403343 ], [ 7.237405417168238, 43.681051074581312 ], [ 7.141829681683252, 43.637692646441231 ], [ 7.121189370179573, 43.548076995209932 ], [ 6.962622479301152, 43.531175483484851 ], [ 6.932322635143247, 43.480065987264148 ], [ 6.930621301212931, 43.479832404984215 ], [ 6.905866462836904, 43.476428138437065 ], [ 6.870126551567268, 43.424241180307874 ], [ 6.861492243003552, 43.41161505456212 ], [ 6.814576574934344, 43.415492963912726 ], [ 6.744639933163197, 43.4212217059303 ], [ 6.724875135895781, 43.374785287900821 ], [ 6.682844178723376, 43.275784588952042 ], [ 6.677832992612241, 43.263955240292624 ], [ 6.670110677219373, 43.245720014368558 ], [ 6.662532367670445, 43.227811873649529 ], [ 6.641675856404736, 43.178465833172751 ], [ 6.633483559081418, 43.159061394551557 ], [ 6.427452792384931, 43.142194472390969 ], [ 6.329547743716489, 43.089884830174576 ], [ 6.163896292558263, 43.035503594745997 ], [ 6.107717880029981, 43.037496785884223 ], [ 5.897380579726123, 43.11680383294042 ], [ 5.88982801955623, 43.119644459022382 ], [ 5.879215961045798, 43.102494573212155 ], [ 5.846586303984818, 43.049691610966171 ], [ 5.817482996950357, 43.058797505114022 ], [ 5.79563465919204, 43.065620019253942 ], [ 5.804973168592199, 43.112898756473413 ], [ 5.672138059182526, 43.174215425937312 ], [ 5.634016668856521, 43.189664531500519 ], [ 5.63117615040517, 43.190453155792561 ], [ 5.518735991765609, 43.221693273278191 ], [ 5.389658091146876, 43.21289505422709 ], [ 5.322864730499865, 43.208280661470688 ], [ 5.290237599800671, 43.260874924437466 ], [ 5.286763647683679, 43.266464246023148 ], [ 5.250702774974308, 43.324446713291501 ], [ 5.211218645212729, 43.327864360843051 ], [ 5.018443081258962, 43.344348393008403 ], [ 5.01586364828829, 43.344565458064125 ], [ 4.846866883166752, 43.324102487660937 ], [ 4.685980739755037, 43.347421880654217 ], [ 4.596249430625355, 43.360318499019108 ], [ 4.583543589282708, 43.398135279938906 ], [ 4.57085867649053, 43.435843079416671 ], [ 4.471650806486125, 43.45606639277328 ], [ 4.467197012031539, 43.456963544555421 ], [ 4.225743931264547, 43.461469792943284 ], [ 4.131478546571786, 43.486154319776873 ], [ 4.128593251672297, 43.486903421064738 ], [ 4.12895189812123, 43.488066090253426 ], [ 4.143151964042215, 43.534233789814706 ], [ 4.134299404244802, 43.53681766172835 ], [ 4.091309742766811, 43.549354759642462 ], [ 4.017115089843315, 43.553374537237602 ], [ 3.967247739740263, 43.556053080877525 ], [ 3.916026143109042, 43.520281310876122 ], [ 3.794114054107304, 43.434868777319458 ], [ 3.758324998483691, 43.423697734100479 ], [ 3.662638905318616, 43.393755794338517 ], [ 3.589974562571348, 43.336054662419812 ], [ 3.503553668991121, 43.267208018845686 ], [ 3.422234283509466, 43.29046218928233 ], [ 3.399992967655127, 43.296812946707803 ], [ 3.351461985276058, 43.273377771004739 ], [ 3.303331459618544, 43.250106655602181 ], [ 3.236003220347446, 43.217479240941152 ], [ 3.163684350753297, 43.161003100272964 ], [ 3.110734432877956, 43.093670671946484 ], [ 3.106936849619535, 43.088837413456389 ], [ 3.104224611926401, 43.085379883295317 ], [ 3.102453096091882, 43.082221056258909 ], [ 3.056789267998272, 43.000729159162375 ], [ 3.024700676926918, 42.943311762323297 ], [ 3.040361570488349, 42.929259273462193 ], [ 3.056691582574386, 42.914589294258029 ], [ 3.049411762616918, 42.896483775459323 ], [ 3.030029174059548, 42.848222439023679 ], [ 3.030218401766412, 42.844556445747806 ], [ 3.03283134982031, 42.793979611495139 ], [ 3.036661768020493, 42.719677802427732 ], [ 3.043535861726927, 42.585840701604241 ], [ 3.045679354948305, 42.543990058248298 ], [ 3.05312570469163, 42.542216100002484 ], [ 3.148144370346222, 42.519497947425748 ], [ 3.169029838888478, 42.45816190982201 ], [ 3.176095468711505, 42.43738345855278 ], [ 3.178947523280766, 42.428992852497572 ], [ 3.131543071107056, 42.429358380896375 ], [ 3.078376882996318, 42.429743133708854 ], [ 3.063527988288619, 42.429845831729921 ], [ 3.037416884473981, 42.473432838124381 ], [ 3.040431558988258, 42.473691255022842 ], [ 3.031292717171176, 42.484786401525177 ], [ 3.023953441574469, 42.487868993595683 ], [ 3.013328387243497, 42.490361486254393 ], [ 2.930142085986722, 42.500241499903197 ], [ 2.898660219224476, 42.500376668744991 ], [ 2.877780077204804, 42.491003303344158 ], [ 2.876107087572037, 42.484852353100919 ], [ 2.882051816449188, 42.474685042240907 ], [ 2.894882537098485, 42.460988886431025 ], [ 2.905466642641073, 42.461920391866691 ], [ 2.802696133809782, 42.422844500139 ], [ 2.813697227122353, 42.436379633547737 ], [ 2.814820057030774, 42.438798713883607 ], [ 2.815020024047045, 42.439237748767312 ], [ 2.737362485531024, 42.458422479297525 ], [ 2.666969391993265, 42.525142828025253 ], [ 2.660776986264303, 42.541889933298748 ], [ 2.611513410011083, 42.588721307607337 ], [ 2.587239490883869, 42.59784160155791 ], [ 2.496794293718418, 42.628960160997678 ], [ 2.484066317775838, 42.625853468619262 ], [ 2.467200024264363, 42.614327303874759 ], [ 2.445693465636313, 42.602138950263907 ], [ 2.387833145627904, 42.574641939708549 ], [ 2.377574609800508, 42.569914187720059 ], [ 2.366743699999033, 42.568606762298081 ], [ 2.354187795864433, 42.578055848577641 ], [ 2.352781463150362, 42.589495956489934 ], [ 2.376602777408104, 42.645164716622666 ], [ 2.379822777453117, 42.650353980655403 ], [ 2.387913140662876, 42.653726970916303 ], [ 2.505451713201624, 42.691530173917052 ], [ 2.53890202183692, 42.732181766012395 ], [ 2.401246970560527, 42.778246790322406 ], [ 2.333928992693501, 42.813473329612521 ], [ 2.386815792349196, 42.810192535599825 ], [ 2.524740025155086, 42.815374410702297 ], [ 2.530918037250464, 42.815731627181471 ], [ 2.531610992447745, 42.815730367478423 ], [ 2.557918278320874, 42.814565489695021 ], [ 2.558740225804039, 42.814482952053503 ], [ 2.598461078071141, 42.809552014923582 ], [ 2.63368835702626, 42.801178931145252 ], [ 2.654737928972024, 42.796070741218863 ], [ 2.661282874360555, 42.794003276290155 ], [ 2.674550201234141, 42.789794738069482 ], [ 2.681873809622435, 42.787463091447385 ], [ 2.682170877233, 42.786770557760264 ], [ 2.695104560022133, 42.788667962241561 ], [ 2.704448922204325, 42.790944460858768 ], [ 2.714697992440597, 42.794761780172507 ], [ 2.717220111844137, 42.795884506703075 ], [ 2.736556789739092, 42.805082938641135 ], [ 2.755860215410238, 42.814565521903617 ], [ 2.7946334253625, 42.836879106864735 ], [ 2.795123430747191, 42.837263232438012 ], [ 2.797016825620876, 42.840389817181304 ], [ 2.796983682510215, 42.841440856766006 ], [ 2.795635188662184, 42.850554471368035 ], [ 2.792977163434412, 42.85344012430474 ], [ 2.79160254190074, 42.854218444140109 ], [ 2.790749728131202, 42.854132246995498 ], [ 2.785576656891329, 42.852186999798164 ], [ 2.783650076480446, 42.849949542704643 ], [ 2.782703165361574, 42.848255881592834 ], [ 2.777392147485104, 42.844119207712083 ], [ 2.766725458632617, 42.840372225362181 ], [ 2.761802407527155, 42.838954792665419 ], [ 2.758344646975483, 42.838106213941963 ], [ 2.697571800013201, 42.830442461572794 ], [ 2.695740525737492, 42.830313898023284 ], [ 2.695240206773056, 42.830315576760043 ], [ 2.680452142458884, 42.8306785022734 ], [ 2.611930746012512, 42.835726982530886 ], [ 2.520047661998957, 42.844241062993866 ], [ 2.510781284597664, 42.863900179115554 ], [ 2.510478311090957, 42.865068344046016 ], [ 2.510481272465673, 42.866056371379678 ], [ 2.510482753190919, 42.866550385405148 ], [ 2.513491380994556, 42.880135500979996 ], [ 2.514083123625401, 42.881131552209773 ], [ 2.514281481332155, 42.881292904187859 ], [ 2.534503315550029, 42.897219073731591 ], [ 2.537824675039187, 42.89953933470408 ], [ 2.556388335654834, 42.910838760976432 ], [ 2.566831778750637, 42.915182357037629 ], [ 2.567179066970066, 42.915235506029752 ], [ 2.567544830486924, 42.915324544347527 ], [ 2.570226340145354, 42.91598344412008 ], [ 2.570710875529204, 42.916126108214307 ], [ 2.571321472985244, 42.916313407061374 ], [ 2.580966444632752, 42.919489656382815 ], [ 2.586617397217639, 42.921362974182657 ], [ 2.587175623704843, 42.921568271074584 ], [ 2.604368985146466, 42.930320730184576 ], [ 2.605858348549046, 42.931206287723846 ], [ 2.606565867795314, 42.931671609433131 ], [ 2.607149170698443, 42.93223605021975 ], [ 2.60807962060735, 42.933311625184487 ], [ 2.611097614852095, 42.949481968021459 ], [ 2.611366207378615, 42.951709034910238 ], [ 2.611353822302764, 42.951933638968292 ], [ 2.6112657897097, 42.952194368454023 ], [ 2.609753717400389, 42.95647409791848 ], [ 2.604832148202447, 42.965640166807404 ], [ 2.603010112778464, 42.968402494936889 ], [ 2.544272705857637, 43.048744612508941 ], [ 2.543576847715579, 43.049401764350492 ], [ 2.542415098938531, 43.050293381418925 ], [ 2.463573870494017, 43.102180575700054 ], [ 2.463080395809151, 43.10246864759808 ], [ 2.462559942547426, 43.10275674883183 ], [ 2.461934118975504, 43.103080906675451 ], [ 2.461231102839598, 43.103432102611137 ], [ 2.460502099268317, 43.103675514442514 ], [ 2.460293797684842, 43.103738642564878 ], [ 2.458939607845712, 43.104045648389025 ], [ 2.425778454186088, 43.108875692347944 ], [ 2.424889509833078, 43.10891235941029 ], [ 2.414825084814718, 43.109126750944128 ], [ 2.352667107577936, 43.104320261852656 ], [ 2.345430386253799, 43.10275782678427 ], [ 2.342383375566165, 43.100413168989732 ], [ 2.333660743214179, 43.091528012994608 ], [ 2.330590742560275, 43.085230093932964 ], [ 2.327058792338716, 43.075266652340737 ], [ 2.32750372867121, 43.07477258028446 ], [ 2.327596883144488, 43.074664782178658 ], [ 2.328272203729117, 43.074134792095293 ], [ 2.328750199035407, 43.073703605178892 ], [ 2.329757165420562, 43.066992753374109 ], [ 2.328737820420477, 43.066193119134688 ], [ 2.325682394879233, 43.063848064764855 ], [ 2.32537490358642, 43.063623436760736 ], [ 2.323089826572136, 43.063614176808422 ], [ 2.320648945894679, 43.064296595608425 ], [ 2.320166151847016, 43.06444026063695 ], [ 2.319846280354561, 43.064700739260878 ], [ 2.310870945428972, 43.073314401129423 ], [ 2.308959800926923, 43.092189173069229 ], [ 2.310465898988214, 43.103779003210057 ], [ 2.314449737884205, 43.106259539608999 ], [ 2.314617410662869, 43.107050179012191 ], [ 2.314690735030497, 43.107679084360754 ], [ 2.314728441800099, 43.10846071312492 ], [ 2.313281146578197, 43.115288376381891 ], [ 2.311408367682289, 43.118369530009986 ], [ 2.310292739817917, 43.120130167051279 ], [ 2.272564955895783, 43.10032195469477 ], [ 2.21098157533938, 43.025971245112181 ], [ 2.204868415258566, 43.016683974609187 ], [ 2.202730933362808, 43.012459122129222 ], [ 2.202425454532582, 43.011695152311084 ], [ 2.202257095968005, 43.009880303109334 ], [ 2.201953642659956, 42.996252273202749 ], [ 2.202339236076582, 42.995165789240765 ], [ 2.206099188455659, 42.991190899439538 ], [ 2.217407386209589, 42.980029125082524 ], [ 2.221215429047935, 42.97729347975087 ], [ 2.235085706248075, 42.968737800573848 ], [ 2.236841596195195, 42.967715400847105 ], [ 2.289436210129135, 42.93923122792539 ], [ 2.260618297031528, 42.915176965213476 ], [ 2.236741979894199, 42.897030619278063 ], [ 2.192540790297405, 42.880766885297533 ], [ 2.170884030772091, 42.885235493654861 ], [ 2.148854990702129, 42.938815607823543 ], [ 2.172225478511325, 42.961320288209876 ], [ 2.178514953800721, 42.970510400764624 ], [ 2.097412761351281, 43.125247220995561 ], [ 2.10874188044357, 43.134058643673526 ], [ 2.137257675637647, 43.167951278000054 ], [ 2.1793241901808, 43.254313248922102 ], [ 2.179772217781483, 43.25590431100008 ], [ 2.183163968673602, 43.268291095853719 ], [ 2.182906607865567, 43.272091575411572 ], [ 2.182779580453032, 43.27360095342091 ], [ 2.18140191305998, 43.279178966001247 ], [ 2.179905658441758, 43.283049557643267 ], [ 2.179726407842016, 43.283381761114136 ], [ 2.17633503038639, 43.287492138136379 ], [ 2.172944731618088, 43.29148561202399 ], [ 2.172784277758409, 43.291674065105163 ], [ 2.172611470209389, 43.291880470339088 ], [ 2.171945827562009, 43.292786998890136 ], [ 2.171865429119845, 43.292939631189867 ], [ 2.17194492238172, 43.293101494752655 ], [ 2.172183362673195, 43.293173745760591 ], [ 2.172533540299068, 43.293318052391896 ], [ 2.172551966680635, 43.293327066225523 ], [ 2.172626825141518, 43.293390080209079 ], [ 2.172691662377299, 43.293515978302651 ], [ 2.17270839532305, 43.293686731054628 ], [ 2.172702064357765, 43.293749620867928 ], [ 2.172699552563474, 43.293767588312029 ], [ 2.17269458046102, 43.293785551995228 ], [ 2.172648575489476, 43.293956208869005 ], [ 2.172649367852757, 43.294108966028752 ], [ 2.172660156034326, 43.29420782461947 ], [ 2.172675864910886, 43.294306690740747 ], [ 2.172756746934397, 43.294414642127606 ], [ 2.172907774612817, 43.294513714931355 ], [ 2.172931096404555, 43.294531721830175 ], [ 2.173015772521942, 43.294603736239772 ], [ 2.173101396520556, 43.294774594173845 ], [ 2.173084890556618, 43.294954282008518 ], [ 2.173068384489352, 43.295133969868409 ], [ 2.173079070841487, 43.295268770960448 ], [ 2.173142681002914, 43.295394667108752 ], [ 2.173304604079751, 43.295556655630911 ], [ 2.173445486615978, 43.29576354020012 ], [ 2.173473499248836, 43.295862425055901 ], [ 2.173574094755507, 43.296392731993308 ], [ 2.173579810464862, 43.29654549694709 ], [ 2.173580963853559, 43.296572455690473 ], [ 2.17354016190869, 43.296644278955874 ], [ 2.173510483044838, 43.296698147801102 ], [ 2.173267925291326, 43.296769663898424 ], [ 2.1730141824991, 43.298171041648089 ], [ 2.173051703568974, 43.298386755123666 ], [ 2.173239572840486, 43.298512841004531 ], [ 2.173404042411642, 43.298647876637141 ], [ 2.173833200659671, 43.299151727110036 ], [ 2.173792732307866, 43.299538050109923 ], [ 2.173771561811388, 43.299627874827713 ], [ 2.173680727731832, 43.299987164379885 ], [ 2.173562723599128, 43.300382355429306 ], [ 2.172516371231644, 43.302735013282252 ], [ 2.172232333172444, 43.303102992496655 ], [ 2.171997893787406, 43.303336261482059 ], [ 2.171692091446724, 43.303569420288639 ], [ 2.168963038329812, 43.305281462410932 ], [ 2.16888798395811, 43.305281345066938 ], [ 2.168415378440971, 43.305325533626174 ], [ 2.168149347321171, 43.3054149734321 ], [ 2.167545281671984, 43.305809395261875 ], [ 2.166713126477716, 43.306356210371383 ], [ 2.166415926308388, 43.306580382729294 ], [ 2.16626608133515, 43.306903631617551 ], [ 2.166123617321029, 43.307226892120838 ], [ 2.166037993456708, 43.307469371188112 ], [ 2.165939849880559, 43.307783716327165 ], [ 2.161028741098973, 43.32513639225332 ], [ 2.162026401617407, 43.339830033478314 ], [ 2.163383532359756, 43.34741643769329 ], [ 2.16345640352792, 43.347749039308518 ], [ 2.164091157997404, 43.348765486169796 ], [ 2.169694597473164, 43.357329108680425 ], [ 2.171761938982704, 43.359596809574235 ], [ 2.263798649371345, 43.34491674413416 ], [ 2.342479168914859, 43.369222077863974 ], [ 2.440988185865256, 43.370061842163508 ], [ 2.540802425716638, 43.3629641210971 ], [ 2.710414966957131, 43.352517348248199 ], [ 2.712564759090233, 43.352473932727847 ], [ 2.715697930381739, 43.352723566767288 ], [ 2.724349777002621, 43.353968853398499 ], [ 2.728943246934673, 43.354707084929835 ], [ 2.775114494280777, 43.36268878220713 ], [ 2.795518421841363, 43.367663201683087 ], [ 2.798240071956071, 43.368361509795612 ], [ 2.837393665533838, 43.38011181252952 ], [ 2.85800288788578, 43.38632269605376 ], [ 2.85896178998856, 43.386623599478646 ], [ 2.859675754470345, 43.386952641868795 ], [ 3.016134399538716, 43.505752724995617 ], [ 3.018460208592804, 43.505297686953888 ], [ 3.065312580681373, 43.497604151668909 ], [ 3.084014190851325, 43.494861035236596 ], [ 3.086765017101049, 43.494976784160073 ], [ 3.089523180439604, 43.495649639167155 ], [ 3.092189083080655, 43.496529783316625 ], [ 3.094041428490591, 43.497406581486281 ], [ 3.158218009304687, 43.541615898313964 ], [ 3.158130273249635, 43.552285298962872 ], [ 3.155060914182851, 43.564487391767642 ], [ 3.144855125595134, 43.575439770040092 ], [ 3.135876208888303, 43.575632313340648 ], [ 3.131241144526448, 43.576861882386453 ], [ 3.116089365704316, 43.589321877089127 ], [ 3.112294202241259, 43.595056683486284 ], [ 3.106108971402046, 43.625616331999971 ], [ 3.104162567968311, 43.644497072232738 ], [ 3.104470118522739, 43.659640761616942 ], [ 3.117211494489809, 43.663810363791704 ], [ 3.154542302682934, 43.673602444742258 ], [ 3.185552336280287, 43.670109959575193 ], [ 3.189901636119453, 43.666480252251894 ], [ 3.235020474866277, 43.648146815007209 ], [ 3.265127140184416, 43.636207480258904 ], [ 3.265795858878171, 43.636003991732778 ], [ 3.266324315132809, 43.63592754576856 ], [ 3.26706365447805, 43.635957150168956 ], [ 3.28165507312486, 43.638194828690871 ], [ 3.28272764184287, 43.63846411464165 ], [ 3.283892406022401, 43.638993258254018 ], [ 3.329284001210506, 43.661526376861922 ], [ 3.330017632609453, 43.662202815505125 ], [ 3.330528010387813, 43.663070067538818 ], [ 3.330810404316133, 43.664496729657721 ], [ 3.330756411447958, 43.665378149485612 ], [ 3.330285798001678, 43.667081394274028 ], [ 3.320765444706196, 43.686890364911243 ], [ 3.309192130485052, 43.787281399589034 ], [ 3.458516388007161, 43.744658086176479 ], [ 3.462444606011198, 43.743143064513234 ], [ 3.465535518556138, 43.742184992882528 ], [ 3.467265594195737, 43.741951217438462 ], [ 3.468359539369456, 43.74190384895978 ], [ 3.485632077679717, 43.742081829359599 ], [ 3.486744331688767, 43.742204887082018 ], [ 3.487435996926201, 43.742377345904032 ], [ 3.489561413433347, 43.743424558025737 ], [ 3.497163138214383, 43.747227086123168 ], [ 3.498628277987086, 43.748047454702807 ], [ 3.501885736581752, 43.750277951581211 ], [ 3.670058668158357, 43.880511326646179 ], [ 3.669799677642608, 43.881818197832459 ], [ 3.669449891929906, 43.882964344560925 ], [ 3.668614347244213, 43.885662898879559 ], [ 3.666445778396187, 43.892657503287879 ], [ 3.66518058254529, 43.896296371808418 ], [ 3.664546000565497, 43.896915517319236 ], [ 3.660732814166681, 43.900558455095201 ], [ 3.659744543810612, 43.901532532394292 ], [ 3.658823590440409, 43.902568720203426 ], [ 3.658078477400716, 43.903413950538798 ], [ 3.655640488269796, 43.90681521826712 ], [ 3.655504612551492, 43.907176511305643 ], [ 3.655551873933963, 43.908677457424304 ], [ 3.655628102673113, 43.909872354792014 ], [ 3.655928564997204, 43.912476145014629 ], [ 3.650049538456168, 43.914255620236602 ], [ 3.643876109165192, 43.91525608324023 ], [ 3.642154592215527, 43.914926105394493 ], [ 3.644268700085991, 43.913668921304293 ], [ 3.644314085775579, 43.913641402189981 ], [ 3.644696859523137, 43.913358073785489 ], [ 3.644819130821892, 43.913266691723265 ], [ 3.644844828433052, 43.913248400339143 ], [ 3.645169985184867, 43.913001727876015 ], [ 3.645293289723833, 43.912955288575439 ], [ 3.64621030118334, 43.912269915052164 ], [ 3.646203052852127, 43.911955312387143 ], [ 3.645752346623791, 43.911286403087772 ], [ 3.645617661127732, 43.910838467523753 ], [ 3.645726325501452, 43.907456497675547 ], [ 3.645762613085953, 43.906332172302427 ], [ 3.645863326246378, 43.90584544026526 ], [ 3.645874516491036, 43.905791358932028 ], [ 3.646645337598607, 43.903624212922175 ], [ 3.646342857763958, 43.901290174975522 ], [ 3.644459335229887, 43.900494657285705 ], [ 3.643450376095826, 43.899877413198183 ], [ 3.643007027020218, 43.899523098139078 ], [ 3.642454515356136, 43.898963298174351 ], [ 3.642179403481671, 43.898678888007481 ], [ 3.641859347180846, 43.898278133112598 ], [ 3.641767576234274, 43.89818033314689 ], [ 3.641604543284632, 43.898011460016029 ], [ 3.641547573774319, 43.897967188490746 ], [ 3.641414989071166, 43.897878869103295 ], [ 3.640410231924308, 43.897441369226101 ], [ 3.639716251387441, 43.89700013637772 ], [ 3.639398075565218, 43.896680271781911 ], [ 3.639149468038002, 43.896683250176252 ], [ 3.637715771714891, 43.897060056465868 ], [ 3.637161541053113, 43.89729146272947 ], [ 3.63248198779918, 43.899280404476919 ], [ 3.634388297347861, 43.903807143054323 ], [ 3.634778702623942, 43.904566724327822 ], [ 3.635090874465243, 43.904949613605034 ], [ 3.635533762016653, 43.90550177144749 ], [ 3.636586570273864, 43.906622068315464 ], [ 3.637914191159744, 43.908988831651804 ], [ 3.640066848404409, 43.91337769490152 ], [ 3.64019737314364, 43.913645864735443 ], [ 3.640191561886016, 43.91371786350004 ], [ 3.640149632695846, 43.914275816779082 ], [ 3.639973425189324, 43.9147274856442 ], [ 3.639233367609855, 43.916300811175482 ], [ 3.63921611299872, 43.916687637464292 ], [ 3.639575541435505, 43.917771262790481 ], [ 3.641437341888482, 43.921174583106776 ], [ 3.642440558411594, 43.922879862784207 ], [ 3.643346886980739, 43.923723143693678 ], [ 3.688407856547089, 43.965576046276809 ], [ 3.694630226444187, 43.970848585296693 ], [ 3.709853812339223, 43.978857998468108 ], [ 3.710205466146338, 43.979033396119569 ], [ 3.710909625424871, 43.979213335638818 ], [ 3.710953411926486, 43.979221774633174 ], [ 3.721383861390724, 43.980573248272812 ], [ 3.723540309017884, 43.980815552675317 ], [ 3.724037373296, 43.980773253293613 ], [ 3.724171598099576, 43.980762551184192 ], [ 3.72466053299856, 43.980693377418213 ], [ 3.725037795471257, 43.980589658650942 ], [ 3.729820310232637, 43.97925174626841 ], [ 3.732573973145016, 43.978056545619815 ], [ 3.733903528766036, 43.977437046427468 ], [ 3.734769007498868, 43.976985342100612 ], [ 3.735029135030366, 43.976829142312845 ], [ 3.735563879953725, 43.976498571274831 ], [ 3.736046117502421, 43.976159680817013 ], [ 3.736721540349863, 43.975980154734614 ], [ 3.742732675988457, 43.974455020940653 ], [ 3.759448039357501, 43.970767043127303 ], [ 3.819136193169811, 43.967983354091864 ], [ 3.851822111036748, 43.967928932255788 ], [ 3.852513699684046, 43.968045190063933 ], [ 3.852711056962465, 43.968069417213968 ], [ 3.852818042961283, 43.968112886609227 ], [ 3.852960356379803, 43.968173847607098 ], [ 3.853447276811468, 43.968364885658552 ], [ 3.853562975763227, 43.968408232935396 ], [ 3.853719461077672, 43.968486979297595 ], [ 3.854845023096556, 43.969001809453502 ], [ 3.869091612625357, 43.977434468514339 ], [ 3.86948500570313, 43.977707682292134 ], [ 3.869789570687012, 43.977919201693666 ], [ 4.068736920523205, 44.125305734868107 ], [ 4.169651308939646, 44.23061243707329 ], [ 4.181119953154366, 44.246456249836498 ], [ 4.189791664976389, 44.264595128605762 ], [ 4.173265828222043, 44.275712053267661 ], [ 4.142010953600289, 44.309268676490596 ], [ 4.126422749353514, 44.370840820506132 ], [ 4.159139107004419, 44.411759296789882 ], [ 4.246964090217004, 44.479754314106756 ], [ 4.417073386307588, 44.628315204170207 ], [ 4.438064438938432, 44.646701871597656 ], [ 4.440275100530241, 44.648755935151065 ], [ 4.445058876971147, 44.653540772237932 ], [ 4.448837463977022, 44.657552978317106 ], [ 4.480172471187715, 44.698181436885008 ], [ 4.481578797514339, 44.700187449808304 ], [ 4.486167373999078, 44.706846000485434 ], [ 4.488812749701864, 44.710978122913779 ], [ 4.49216975483642, 44.717165672852524 ], [ 4.553389673231684, 44.731490374395754 ], [ 4.654941941503448, 44.748684520103367 ], [ 4.660175136331576, 44.750526965590382 ], [ 4.674287580636089, 44.755888553919988 ], [ 4.688590464480505, 44.76147829871941 ], [ 4.799878042117185, 44.811187524793354 ], [ 4.813592943805059, 44.815443073802051 ], [ 4.84366002722013, 44.844281096984481 ], [ 4.860321426593381, 44.872635970001127 ], [ 4.860939078774604, 44.873701768257511 ], [ 4.886592713016396, 44.936657661735062 ], [ 4.886560228477932, 44.937333374051448 ], [ 4.886184978157431, 44.938826941812742 ], [ 4.885332126836124, 44.940961477171847 ], [ 4.875678650694439, 44.955213647242495 ], [ 4.874463624436534, 44.956366455284609 ], [ 4.873301639966858, 44.957293045357552 ], [ 4.869770140956953, 44.959353818884757 ], [ 4.867482660846044, 44.960621079933361 ], [ 4.864753062001602, 44.962204373904456 ], [ 4.862722687031382, 44.963555655775558 ], [ 4.861378541671652, 44.964666262252216 ], [ 4.860165047353218, 44.965863868608842 ], [ 4.858368616661865, 44.968469666092304 ], [ 4.857242670383725, 44.970205215684018 ], [ 4.854979931340066, 44.973721523406795 ], [ 4.853412031170406, 44.976907007973892 ], [ 4.842807986125146, 45.001932237898956 ], [ 4.839743557750253, 45.013071007213689 ], [ 4.828211287171285, 45.074969565748987 ], [ 4.92142543165866, 45.05897629971976 ], [ 4.951247694212984, 45.057107065480643 ], [ 5.006610145430049, 45.060692897408202 ], [ 5.012061711355082, 45.061137517128408 ], [ 5.01556322572405, 45.061565998577542 ], [ 5.019490165603989, 45.062362096431279 ], [ 5.128471297916822, 45.088123457047374 ], [ 5.239238872561842, 45.067844620085609 ], [ 5.224058734591297, 45.000975168709424 ] ], [ [ 4.999830446106801, 43.508155046055158 ], [ 4.99810347439568, 43.501309493566858 ], [ 4.998022974200436, 43.500906823758839 ], [ 4.99794566905013, 43.499245151897412 ], [ 5.000584236319189, 43.47499997097119 ], [ 5.000850758718445, 43.474094177167174 ], [ 5.002881446614706, 43.471301420260218 ], [ 5.059849670816407, 43.403561987538616 ], [ 5.060803063661798, 43.402863505408575 ], [ 5.062610107040053, 43.40196358971334 ], [ 5.063771201543108, 43.401484623275884 ], [ 5.067186219747084, 43.400687798415433 ], [ 5.070381690446061, 43.400202156182395 ], [ 5.07394716624346, 43.399976777142825 ], [ 5.081653639235522, 43.399699835745452 ], [ 5.129340228859794, 43.399931362468536 ], [ 5.135711355746493, 43.40008979071979 ], [ 5.137257510459424, 43.400184503616728 ], [ 5.139905077177789, 43.401113796906607 ], [ 5.155429255444202, 43.40833429286387 ], [ 5.160184023776178, 43.410961482698468 ], [ 5.164701709257555, 43.413774547329893 ], [ 5.22612782953254, 43.452567792462396 ], [ 5.226581955242719, 43.45300527044342 ], [ 5.226796791921201, 43.45359304529309 ], [ 5.23013005309096, 43.465077612483874 ], [ 5.22998596346856, 43.465890846998896 ], [ 5.229495943718192, 43.46743279892079 ], [ 5.227881750498936, 43.472386260485692 ], [ 5.224837547254764, 43.481065157683666 ], [ 5.224554140417309, 43.481567362643837 ], [ 5.223863973606245, 43.482575070914834 ], [ 5.219097461623044, 43.487738627456174 ], [ 5.218738723228153, 43.487973036056189 ], [ 5.207920181094077, 43.491939573391647 ], [ 5.206442120826569, 43.492023849347859 ], [ 5.20557635140476, 43.492001900464061 ], [ 5.204324747044342, 43.491675438882488 ], [ 5.202310513143297, 43.490919561119718 ], [ 5.192601442937416, 43.487201999037808 ], [ 5.190836010399751, 43.486475305759285 ], [ 5.187096099963039, 43.484541739219438 ], [ 5.114822779493554, 43.503908321487486 ], [ 5.045115706696772, 43.523386056012143 ], [ 5.0337347121625, 43.535721055399101 ], [ 5.032694215465881, 43.537509601351516 ], [ 5.022960303343333, 43.556331115022935 ], [ 5.016885485688912, 43.556257148663157 ], [ 5.014440868751365, 43.555544379991339 ], [ 5.013993865508226, 43.555240709919275 ], [ 5.013276718043633, 43.554449128679849 ], [ 5.012841010300386, 43.553066044686688 ], [ 4.999830446106801, 43.508155046055158 ] ] ] ] } },
{ "type": "Feature", "properties": { "code_geog": "I", "libelle_geog": "Pyrénées", "area": 15560.799, "x": 0.836, "y": 42.892 }, "geometry": { "type": "MultiPolygon", "coordinates": [ [ [ [ 3.040431558988258, 42.473691255022842 ], [ 3.037416884473981, 42.473432838124381 ], [ 3.032090496116218, 42.482311988509949 ], [ 2.935720563388621, 42.473399415739117 ], [ 2.905466642641073, 42.461920391866691 ], [ 2.894882537098485, 42.460988886431025 ], [ 2.882051816449188, 42.474685042240907 ], [ 2.876107087572037, 42.484852353100919 ], [ 2.877780077204804, 42.491003303344158 ], [ 2.898660219224476, 42.500376668744991 ], [ 2.930142085986722, 42.500241499903197 ], [ 3.013328387243497, 42.490361486254393 ], [ 3.023953441574469, 42.487868993595683 ], [ 3.031292717171176, 42.484786401525177 ], [ 3.040431558988258, 42.473691255022842 ] ] ], [ [ [ -0.889405487385972, 43.224018491350222 ], [ -0.881718017902741, 43.228088981650082 ], [ -0.823743018877099, 43.265762594326489 ], [ -0.777511010551733, 43.29713834446892 ], [ -0.760923506334992, 43.276143217910672 ], [ -0.686515748374763, 43.238525845614468 ], [ -0.624396525178868, 43.224691553400447 ], [ -0.450764039757382, 43.269661898962639 ], [ -0.450544231303001, 43.269721545057202 ], [ -0.394849869566795, 43.286184012137028 ], [ -0.394384675608745, 43.286339684442403 ], [ -0.37903327207255, 43.291583609703665 ], [ -0.378938701543828, 43.291639943758213 ], [ -0.378415577645827, 43.292003800758629 ], [ -0.378089014011169, 43.292281774471306 ], [ -0.376779033574804, 43.295371769749792 ], [ -0.305198680155796, 43.292146148551602 ], [ -0.30461998039205, 43.292034494100186 ], [ -0.303955192152636, 43.291844034424194 ], [ -0.262965785790599, 43.279860456567157 ], [ -0.194123933200695, 43.259638954847325 ], [ -0.144262075284913, 43.234263698859088 ], [ -0.116720220514719, 43.208125600334448 ], [ -0.021858783809347, 43.171113245168343 ], [ 0.078729365208387, 43.152037089265704 ], [ 0.119988658932216, 43.145886711448789 ], [ 0.148656970638228, 43.147194232859214 ], [ 0.260068401810942, 43.13662807011012 ], [ 0.260907038603454, 43.135799475277778 ], [ 0.337741394605259, 43.087802769971383 ], [ 0.339232183517864, 43.087066676374853 ], [ 0.341274450719387, 43.086125146471829 ], [ 0.348427218852468, 43.082834084754204 ], [ 0.350810166757128, 43.081745926294921 ], [ 0.35329963042932, 43.080623741723564 ], [ 0.354354024760512, 43.080337698573906 ], [ 0.432959757069214, 43.07288406256751 ], [ 0.616244407691229, 43.064202612634119 ], [ 0.667992510970623, 43.068022277173355 ], [ 0.873618226918277, 43.093005566541812 ], [ 0.754749607584681, 43.156718112957705 ], [ 0.750240067905681, 43.159113809338578 ], [ 0.733977566582648, 43.183657010719884 ], [ 0.730711622829059, 43.192864476260169 ], [ 0.730295905421294, 43.194071464025363 ], [ 0.730017430084981, 43.194894076048044 ], [ 0.729925879157683, 43.195620631171906 ], [ 0.734638195055924, 43.202080615838035 ], [ 0.735230888354711, 43.202853331598739 ], [ 0.735452507183337, 43.203144213028501 ], [ 0.735483182823274, 43.203189604287068 ], [ 0.736147736461177, 43.203720743663339 ], [ 0.736783103179636, 43.204197523492319 ], [ 0.741597075342929, 43.207180848769113 ], [ 0.742620539064994, 43.207798159424648 ], [ 0.743095214142293, 43.208047847078006 ], [ 0.743878570606453, 43.208463873283186 ], [ 0.74487043225265, 43.208981839008338 ], [ 0.745523682527996, 43.209261122782578 ], [ 0.888052212361218, 43.245031846587509 ], [ 0.891249714036624, 43.245811815439282 ], [ 0.891819481313088, 43.245837450746919 ], [ 0.892641430955596, 43.245758630673421 ], [ 0.910050544850324, 43.244005079074 ], [ 0.91052154150916, 43.243948423670645 ], [ 0.911172509472941, 43.243822259973108 ], [ 0.989776751303365, 43.207317908945285 ], [ 1.158293773116165, 43.142804861832587 ], [ 1.158993470361257, 43.142551967397409 ], [ 1.200062455946674, 43.132832538457322 ], [ 1.216397629784437, 43.13152182461679 ], [ 1.221974878371172, 43.133350025851151 ], [ 1.222472540526228, 43.133436063853019 ], [ 1.224925463880933, 43.133793970292253 ], [ 1.225339191880828, 43.133843183942503 ], [ 1.240040742685893, 43.132422082444982 ], [ 1.482800034635359, 43.09435087140173 ], [ 1.598952028274311, 43.063867050072425 ], [ 1.613747466128376, 43.053429551384433 ], [ 1.617759357502825, 43.045793170219511 ], [ 1.620562323151557, 43.038768513617605 ], [ 1.609085538657167, 43.019429706672035 ], [ 1.646723846435621, 43.00170258193068 ], [ 1.669169516665057, 42.989932784907367 ], [ 1.674737041134559, 42.98773049370697 ], [ 1.681508306870934, 42.985840736354426 ], [ 1.709687621557584, 42.979739208683391 ], [ 1.711344363829095, 42.979389573227969 ], [ 1.714922771670081, 42.979078050519185 ], [ 1.729144620222552, 42.978144661857058 ], [ 1.766994353164445, 42.982781744962338 ], [ 1.769446168537968, 42.983423609768273 ], [ 1.961686196457916, 42.964633380428886 ], [ 1.963059477322205, 42.964117173265059 ], [ 1.988505432405703, 42.955669257570015 ], [ 2.020414073929057, 42.94714488406234 ], [ 2.085794057060144, 42.938632105913044 ], [ 2.08690230355778, 42.938499962997234 ], [ 2.110172171175834, 42.937509875245176 ], [ 2.142256016810564, 42.937546202100641 ], [ 2.144072117744815, 42.937738133619419 ], [ 2.148854990702129, 42.938815607823543 ], [ 2.170884030772091, 42.885235493654861 ], [ 2.192540790297405, 42.880766885297533 ], [ 2.236741979894199, 42.897030619278063 ], [ 2.260618297031528, 42.915176965213476 ], [ 2.289436210129135, 42.93923122792539 ], [ 2.236841596195195, 42.967715400847105 ], [ 2.235085706248075, 42.968737800573848 ], [ 2.221215429047935, 42.97729347975087 ], [ 2.217407386209589, 42.980029125082524 ], [ 2.206099188455659, 42.991190899439538 ], [ 2.202339236076582, 42.995165789240765 ], [ 2.201953642659956, 42.996252273202749 ], [ 2.202257095968005, 43.009880303109334 ], [ 2.202425454532582, 43.011695152311084 ], [ 2.202730933362808, 43.012459122129222 ], [ 2.204868415258566, 43.016683974609187 ], [ 2.21098157533938, 43.025971245112181 ], [ 2.272564955895783, 43.10032195469477 ], [ 2.310292739817917, 43.120130167051279 ], [ 2.311407141273791, 43.118369529715331 ], [ 2.313281146578197, 43.115288376381891 ], [ 2.314728441800099, 43.10846071312492 ], [ 2.314690735030497, 43.107679084360754 ], [ 2.314617410662869, 43.107050179012191 ], [ 2.314449737884205, 43.106259539608999 ], [ 2.310465898988214, 43.103779003210057 ], [ 2.308959800926923, 43.092189173069229 ], [ 2.310870945428972, 43.073314401129423 ], [ 2.319846280354561, 43.064700739260878 ], [ 2.320166151847016, 43.06444026063695 ], [ 2.320648945894679, 43.064296595608425 ], [ 2.323089826572136, 43.063614176808422 ], [ 2.325376128829971, 43.063623436895753 ], [ 2.325682394879233, 43.063848064764855 ], [ 2.328737820420477, 43.066193119134688 ], [ 2.329757165420562, 43.066992753374109 ], [ 2.328750199035407, 43.073703605178892 ], [ 2.328272203729117, 43.074134792095293 ], [ 2.327596883144488, 43.074664782178658 ], [ 2.32750372867121, 43.07477258028446 ], [ 2.327058792338716, 43.075266652340737 ], [ 2.330590742560275, 43.085230093932964 ], [ 2.333660743214179, 43.091528012994608 ], [ 2.342383375566165, 43.100413168989732 ], [ 2.345430386253799, 43.10275782678427 ], [ 2.352665881468566, 43.10432026202956 ], [ 2.414825084814718, 43.109126750944128 ], [ 2.424889509833078, 43.10891235941029 ], [ 2.425778454186088, 43.108875692347944 ], [ 2.458939607845712, 43.104045648389025 ], [ 2.460293797684842, 43.103738642564878 ], [ 2.460502099268317, 43.103675514442514 ], [ 2.461231102839598, 43.103432102611137 ], [ 2.461934118975504, 43.103080906675451 ], [ 2.462559942547426, 43.10275674883183 ], [ 2.463080395809151, 43.10246864759808 ], [ 2.463573870494017, 43.102180575700054 ], [ 2.542415098938531, 43.050293381418925 ], [ 2.543576847715579, 43.049401764350492 ], [ 2.544272705857637, 43.048744612508941 ], [ 2.603010112778464, 42.968402494936889 ], [ 2.604832148202447, 42.965640166807404 ], [ 2.609753717400389, 42.95647409791848 ], [ 2.6112657897097, 42.952194368454023 ], [ 2.611353822302764, 42.951933638968292 ], [ 2.611366207378615, 42.951709034910238 ], [ 2.611097614852095, 42.949481968021459 ], [ 2.60807962060735, 42.933311625184487 ], [ 2.607149170698443, 42.93223605021975 ], [ 2.606565867795314, 42.931671609433131 ], [ 2.605858348549046, 42.931206287723846 ], [ 2.604368985146466, 42.930320730184576 ], [ 2.587175623704843, 42.921568271074584 ], [ 2.586617397217639, 42.921362974182657 ], [ 2.580966444632752, 42.919489656382815 ], [ 2.571321472985244, 42.916313407061374 ], [ 2.570710875529204, 42.916126108214307 ], [ 2.570226340145354, 42.91598344412008 ], [ 2.567544830486924, 42.915324544347527 ], [ 2.567179066970066, 42.915235506029752 ], [ 2.566831778750637, 42.915182357037629 ], [ 2.556388335654834, 42.910838760976432 ], [ 2.537824675039187, 42.89953933470408 ], [ 2.534503315550029, 42.897219073731591 ], [ 2.514281481332155, 42.881292904187859 ], [ 2.514083123625401, 42.881131552209773 ], [ 2.513491380994556, 42.880135500979996 ], [ 2.510482753190919, 42.866550385405148 ], [ 2.510481272465673, 42.866056371379678 ], [ 2.510478311090957, 42.865068344046016 ], [ 2.510781284597664, 42.863900179115554 ], [ 2.520047661998957, 42.844241062993866 ], [ 2.611930746012512, 42.835726982530886 ], [ 2.680452142458884, 42.8306785022734 ], [ 2.695240206773056, 42.830315576760043 ], [ 2.695740525737492, 42.830313898023284 ], [ 2.697571800013201, 42.830442461572794 ], [ 2.758344646975483, 42.838106213941963 ], [ 2.761802407527155, 42.838954792665419 ], [ 2.766725458632617, 42.840372225362181 ], [ 2.777392147485104, 42.844119207712083 ], [ 2.782703165361574, 42.848255881592834 ], [ 2.783650076480446, 42.849949542704643 ], [ 2.785576656891329, 42.852186999798164 ], [ 2.790749728131202, 42.854132246995498 ], [ 2.79160254190074, 42.854218444140109 ], [ 2.792977163434412, 42.85344012430474 ], [ 2.795635188662184, 42.850554471368035 ], [ 2.796983682510215, 42.841440856766006 ], [ 2.797016825620876, 42.840389817181304 ], [ 2.795123430747191, 42.837263232438012 ], [ 2.7946334253625, 42.836879106864735 ], [ 2.755860215410238, 42.814565521903617 ], [ 2.736556789739092, 42.805082938641135 ], [ 2.717220111844137, 42.795884506703075 ], [ 2.714697992440597, 42.794761780172507 ], [ 2.704448922204325, 42.790944460858768 ], [ 2.695104560022133, 42.788667962241561 ], [ 2.682170877233, 42.786770557760264 ], [ 2.681873809622435, 42.787463091447385 ], [ 2.674550201234141, 42.789794738069482 ], [ 2.661282874360555, 42.794003276290155 ], [ 2.654737928972024, 42.796070741218863 ], [ 2.63368835702626, 42.801178931145252 ], [ 2.598461078071141, 42.809552014923582 ], [ 2.558740225804039, 42.814482952053503 ], [ 2.557918278320874, 42.814565489695021 ], [ 2.531610992447745, 42.815730367478423 ], [ 2.530918037250464, 42.815731627181471 ], [ 2.524740025155086, 42.815374410702297 ], [ 2.386815792349196, 42.810192535599825 ], [ 2.333930212641143, 42.81347332964971 ], [ 2.401246970560527, 42.778246790322406 ], [ 2.53890202183692, 42.732181766012395 ], [ 2.505451713201624, 42.691530173917052 ], [ 2.387913140662876, 42.653726970916303 ], [ 2.379822777453117, 42.650353980655403 ], [ 2.376602777408104, 42.645164716622666 ], [ 2.352781463150362, 42.589495956489934 ], [ 2.354187795864433, 42.578055848577641 ], [ 2.366743699999033, 42.568606762298081 ], [ 2.377574609800508, 42.569914187720059 ], [ 2.387833145627904, 42.574641939708549 ], [ 2.445693465636313, 42.602138950263907 ], [ 2.467200024264363, 42.614327303874759 ], [ 2.484066317775838, 42.625853468619262 ], [ 2.496794293718418, 42.628960160997678 ], [ 2.587239490883869, 42.59784160155791 ], [ 2.611513410011083, 42.588721307607337 ], [ 2.660776986264303, 42.541889933298748 ], [ 2.666969391993265, 42.525142828025253 ], [ 2.737362485531024, 42.458422479297525 ], [ 2.815020024047045, 42.439237748767312 ], [ 2.814820057030774, 42.438798713883607 ], [ 2.813697227122353, 42.436379633547737 ], [ 2.802696133809782, 42.422844500139 ], [ 2.787682635959071, 42.417118469129875 ], [ 2.780011085511462, 42.41275154954905 ], [ 2.671900562776384, 42.351049633257887 ], [ 2.661337531693287, 42.350238607892507 ], [ 2.497533607148168, 42.337596204584997 ], [ 2.49255464666797, 42.337208631303398 ], [ 2.491057701076945, 42.338512496706592 ], [ 2.415816255330927, 42.403798141121278 ], [ 2.310124112694911, 42.424912832648943 ], [ 2.249115399698335, 42.437044959454489 ], [ 2.108265099838769, 42.375076209957435 ], [ 2.090145567974694, 42.369990186427493 ], [ 2.015903395597763, 42.349116242570801 ], [ 2.005923925579371, 42.346311538157131 ], [ 1.998392990174439, 42.356090945873198 ], [ 1.921902654562952, 42.455266936254183 ], [ 1.77679894268773, 42.481419143868486 ], [ 1.716212759754691, 42.492278742451553 ], [ 1.715755991192964, 42.535034608434231 ], [ 1.733660814986421, 42.546038735814783 ], [ 1.772719977499281, 42.57002204905389 ], [ 1.783012852510147, 42.576334990093876 ], [ 1.786014593377486, 42.578182441482568 ], [ 1.747056715397006, 42.615985255672129 ], [ 1.534117395241838, 42.662107090590737 ], [ 1.483197010012412, 42.657947984478568 ], [ 1.469810894737781, 42.656851906707125 ], [ 1.464160596675186, 42.604530219909506 ], [ 1.438433778209328, 42.604316002696386 ], [ 1.133711577043304, 42.720118719892156 ], [ 1.136876511104426, 42.744513427265055 ], [ 1.139271231167105, 42.762953724313604 ], [ 1.100072717486587, 42.786264696524043 ], [ 1.070614130143194, 42.78524539258153 ], [ 0.893761322180808, 42.778921230106882 ], [ 0.853721018252013, 42.830662866653675 ], [ 0.705891926594451, 42.86056095811297 ], [ 0.678331207508858, 42.866110931617698 ], [ 0.671417898353457, 42.846337338876864 ], [ 0.645875324311791, 42.773195121072661 ], [ 0.636609724280746, 42.746610121451006 ], [ 0.66315961848021, 42.743140600480253 ], [ 0.6689781644505, 42.742369428761336 ], [ 0.669200004310559, 42.734665510627565 ], [ 0.670345237597931, 42.694862890783135 ], [ 0.449991749056451, 42.733965709757008 ], [ 0.328213849150042, 42.712730602660095 ], [ 0.250744153418666, 42.715994357606164 ], [ 0.239369582964145, 42.715429655129945 ], [ 0.10673177678832, 42.708818716799335 ], [ 0.089888398866885, 42.707970649619675 ], [ -0.037055166811215, 42.688829370018325 ], [ -0.057453791913247, 42.685740201451196 ], [ -0.078931490494525, 42.70902894013475 ], [ -0.152066569792087, 42.788170197937298 ], [ -0.211204732968067, 42.809068621732706 ], [ -0.315091988776901, 42.84567480047739 ], [ -0.316113707034599, 42.846035858277958 ], [ -0.31747858117744, 42.844959436989704 ], [ -0.365974716539811, 42.806742994352774 ], [ -0.380471416712372, 42.803427051023498 ], [ -0.402658686636392, 42.798357147478967 ], [ -0.436242281806276, 42.790668232976209 ], [ -0.538706519164088, 42.773692030908933 ], [ -0.569823962574338, 42.790535680315621 ], [ -0.572155731749173, 42.791793282568996 ], [ -0.731422527794068, 42.877711096002713 ], [ -0.825460510379397, 42.941564024229976 ], [ -1.024820140379475, 42.996674870070549 ], [ -1.306512820927726, 43.073751427981449 ], [ -1.349119181607377, 43.029466555825984 ], [ -1.360788170199988, 43.029675672880032 ], [ -1.440033000985255, 43.031055129478418 ], [ -1.48264290855609, 43.086657357270639 ], [ -1.382540811223233, 43.252641658142387 ], [ -1.377059812566692, 43.261700702852558 ], [ -1.400177656198535, 43.26689924439431 ], [ -1.418501416302975, 43.271010203894406 ], [ -1.503874393761026, 43.29011476646977 ], [ -1.505738486462086, 43.293214867979643 ], [ -1.425481915874417, 43.3199108603337 ], [ -1.270926905121029, 43.22816804067584 ], [ -1.21952215324493, 43.220411476575237 ], [ -1.003319749773567, 43.209789440545094 ], [ -0.942282877972544, 43.217291203638901 ], [ -0.889405487385972, 43.224018491350222 ] ], [ [ 2.000045976685028, 42.446790062357245 ], [ 2.005207360907966, 42.447300137662829 ], [ 2.01266915556102, 42.448355717076261 ], [ 2.013029591788527, 42.448940406376835 ], [ 2.01436000729531, 42.451691818158061 ], [ 2.014359509351125, 42.451781599679776 ], [ 2.010566355086333, 42.455819219406585 ], [ 2.001551090551104, 42.45907717692571 ], [ 1.994612022395085, 42.461712615059945 ], [ 1.992159333531111, 42.464308414785698 ], [ 1.987276366098685, 42.469697469175841 ], [ 1.987153742948371, 42.469921527320274 ], [ 1.986599357609688, 42.4713562585383 ], [ 1.986521080615138, 42.474282998984187 ], [ 1.987178629068102, 42.47586539278273 ], [ 1.991407963385873, 42.480557087841227 ], [ 1.995156981074953, 42.484528799221657 ], [ 1.997026430222449, 42.486375425777673 ], [ 1.978443218376844, 42.492033699240508 ], [ 1.962964760911275, 42.478485363959223 ], [ 1.960153898934382, 42.470511442202842 ], [ 1.958844456351966, 42.466726836321968 ], [ 1.957597277442152, 42.462717990961558 ], [ 1.956162794967157, 42.457711873673631 ], [ 1.956408814851179, 42.4571740531443 ], [ 1.957447905269924, 42.455875910556962 ], [ 1.959170915040247, 42.453808059162391 ], [ 1.959780606245985, 42.453271527884844 ], [ 1.960995312845014, 42.452916706418883 ], [ 1.98431203164046, 42.446559347829762 ], [ 1.985403054354681, 42.446562969894259 ], [ 2.000045976685028, 42.446790062357245 ] ] ], [ [ [ -1.708855356040731, 43.33111945588152 ], [ -1.627182945931247, 43.294428419399864 ], [ -1.627190569152432, 43.27798161870453 ], [ -1.622275722759419, 43.279278399577755 ], [ -1.564714018520044, 43.266485027875596 ], [ -1.553931286549094, 43.271374209988586 ], [ -1.564839054837106, 43.245527849440165 ], [ -1.737749454328648, 43.296241859120343 ], [ -1.772407340803801, 43.337888506126639 ], [ -1.732803853825927, 43.301090012282401 ], [ -1.724903581751586, 43.298554502466914 ], [ -1.708855356040731, 43.33111945588152 ] ] ] ] } },
{ "type": "Feature", "properties": { "code_geog": "H", "libelle_geog": "Alpes", "area": 28911.301, "x": 6.303, "y": 44.826 }, "geometry": { "type": "MultiPolygon", "coordinates": [ [ [ [ 6.806654022887238, 46.392967287673827 ], [ 6.866621495963649, 46.285683375739431 ], [ 6.795306538782246, 46.141779354915663 ], [ 6.7924718719158, 46.136042742483738 ], [ 6.891264883086312, 46.082147953030095 ], [ 6.926467281388942, 46.062897328657101 ], [ 6.943282810050736, 46.053693012805873 ], [ 6.943284255939855, 46.053691491930067 ], [ 6.993146756452731, 46.001206284863272 ], [ 7.037616592658804, 45.954293902786262 ], [ 7.05629373196034, 45.934561745934985 ], [ 6.989345025097464, 45.870585981286617 ], [ 6.977999454957918, 45.868251566101286 ], [ 6.917629061518219, 45.85580743918382 ], [ 6.917594808375942, 45.855800367774172 ], [ 6.855917534038356, 45.843047546680381 ], [ 6.818053104875231, 45.835198746688462 ], [ 6.815761724034936, 45.834723292691493 ], [ 6.813778407012279, 45.828584122990058 ], [ 6.80311451896323, 45.795551018505861 ], [ 6.797528689010104, 45.778231803607746 ], [ 6.797787210146353, 45.777639066245541 ], [ 6.801808804840954, 45.768416653330583 ], [ 6.803795683664103, 45.763859105589866 ], [ 6.830949131805599, 45.701494908531565 ], [ 6.837671194614165, 45.686033363888953 ], [ 6.865349800103614, 45.679524719748628 ], [ 6.984426157810968, 45.651428362828483 ], [ 6.986055856242333, 45.625439331795697 ], [ 6.993102844182, 45.512778531514329 ], [ 6.999383334718557, 45.509660806864723 ], [ 7.181569574575712, 45.418914557854947 ], [ 7.178946062892877, 45.41074297662 ], [ 7.125863785219577, 45.244875517071371 ], [ 6.896850249703776, 45.168685644434667 ], [ 6.786568448573242, 45.155985709719801 ], [ 6.774410473672593, 45.154578557703005 ], [ 6.64347435668199, 45.11683521079722 ], [ 6.661028827787887, 45.048044071779721 ], [ 6.66926062589416, 45.015726916977535 ], [ 6.743253886493739, 44.917529563780725 ], [ 6.75314355404198, 44.904375174714403 ], [ 6.754384398839211, 44.902724214070204 ], [ 6.765526622524526, 44.897839442188172 ], [ 6.877868551615322, 44.848478467853766 ], [ 6.909767372941309, 44.83442615072294 ], [ 6.912744812629908, 44.844869403990671 ], [ 6.919174579468209, 44.867408131593855 ], [ 7.023270001381455, 44.829663655375313 ], [ 7.041173281824937, 44.724015164339974 ], [ 7.077937375271294, 44.684297015434112 ], [ 7.003436010017982, 44.687481345244201 ], [ 6.984708539501732, 44.688273813824622 ], [ 6.935755608306005, 44.661728602270699 ], [ 6.9360083127464, 44.615132647927723 ], [ 6.93616912288471, 44.585441134939479 ], [ 6.863178511340291, 44.507442840852079 ], [ 6.914017228852552, 44.449686060449253 ], [ 6.924129393620436, 44.438181094898184 ], [ 6.919555263874408, 44.423757912697475 ], [ 6.900636903086728, 44.364024991756544 ], [ 6.897310308272264, 44.353508349797856 ], [ 7.01943590371031, 44.224424815322806 ], [ 7.258683329866785, 44.150803901408949 ], [ 7.270800911756142, 44.147056118799632 ], [ 7.380699642069279, 44.112982360543235 ], [ 7.453182386333443, 44.127790800049041 ], [ 7.570239815876001, 44.15158833559952 ], [ 7.589794731928441, 44.155549661050372 ], [ 7.677747573863865, 44.17511762282092 ], [ 7.683446424590213, 44.16530162270103 ], [ 7.677612947590433, 44.103597682646964 ], [ 7.715691059349027, 44.07661790744725 ], [ 7.721004971579204, 44.072849736170987 ], [ 7.709901549902384, 44.056496572423683 ], [ 7.700265677785255, 44.042296390765252 ], [ 7.670334985899735, 43.998138139710228 ], [ 7.636586880849692, 43.948256938332548 ], [ 7.580459100520153, 43.950980592562878 ], [ 7.564320295674031, 43.951758336183836 ], [ 7.540535812814573, 43.922426360018918 ], [ 7.512220936665511, 43.929344820332069 ], [ 7.415219629787428, 43.888112204216895 ], [ 7.4151268627496, 43.888076006309859 ], [ 7.414396386775953, 43.887794883468402 ], [ 7.4129419593652, 43.88723569727766 ], [ 7.392168184252442, 43.879799364717904 ], [ 7.357628688933153, 43.880389398569562 ], [ 7.235703474771046, 43.892221244398229 ], [ 7.189656199760372, 43.897492559184009 ], [ 7.150049762104448, 43.846709285146247 ], [ 7.147774758823672, 43.847379858597947 ], [ 7.145091518924531, 43.835442762670965 ], [ 7.144050853178236, 43.83305945843582 ], [ 7.143919770813864, 43.832824351784474 ], [ 7.126981188774237, 43.819367858911178 ], [ 7.125028184243313, 43.818045806097643 ], [ 7.095012727964882, 43.803262601493977 ], [ 7.090130292491337, 43.801213004723031 ], [ 7.081635167073534, 43.798451244672876 ], [ 7.066210254320187, 43.79370519663312 ], [ 7.061070972700858, 43.793067061656579 ], [ 6.94942589915215, 43.789038735011317 ], [ 6.911745621916318, 43.788090918277156 ], [ 6.880505710226899, 43.787900241534985 ], [ 6.796582354626081, 43.746942386091149 ], [ 6.731650568369266, 43.711574109925635 ], [ 6.651708860227207, 43.686947520756149 ], [ 6.645967547061301, 43.685346648095873 ], [ 6.641309455419577, 43.684205383216593 ], [ 6.601103443081654, 43.680225236140885 ], [ 6.474932589708739, 43.669691777308721 ], [ 6.436322971067755, 43.68014198990786 ], [ 6.327725672654842, 43.728730941052653 ], [ 6.325585224428161, 43.729779577804848 ], [ 6.284540549903046, 43.751324495734686 ], [ 6.283587481284227, 43.751848604464243 ], [ 6.267235185148332, 43.761353187909336 ], [ 6.266556628300359, 43.761833431472546 ], [ 6.261780441037356, 43.766067856238173 ], [ 6.260908728418024, 43.767125444847039 ], [ 6.260845698729004, 43.767201978595459 ], [ 6.25458286751129, 43.78609614066994 ], [ 6.25399769018379, 43.788006220842981 ], [ 6.252095908600096, 43.801217639345793 ], [ 6.139719499976578, 44.03815348253589 ], [ 6.138267701052688, 44.037320940251412 ], [ 6.136770518229489, 44.03655522284663 ], [ 6.133956194710865, 44.035369621847927 ], [ 6.124300817084858, 44.032760329151117 ], [ 6.117894127649665, 44.031123180870431 ], [ 6.094326990142425, 44.027122520264783 ], [ 6.092786885827533, 44.026895515749224 ], [ 6.092375438009824, 44.026863581300717 ], [ 6.091826891224751, 44.026821747980016 ], [ 6.090605221835786, 44.026728867551341 ], [ 6.089290853748069, 44.02688444161155 ], [ 6.033531800496319, 44.043239166061589 ], [ 6.031511885319022, 44.0442910352482 ], [ 6.02360903565774, 44.053695615855652 ], [ 6.022850734586269, 44.060310880699369 ], [ 6.025299229211838, 44.099265551381187 ], [ 6.025378393956233, 44.099737670084828 ], [ 6.027954944498746, 44.106531665875735 ], [ 6.031125143564338, 44.111740486564884 ], [ 6.031824126353734, 44.112197227659806 ], [ 6.034556118738213, 44.114489874204665 ], [ 6.036898597533523, 44.116542527364807 ], [ 6.040854404816229, 44.120297808504027 ], [ 6.041069148169425, 44.120905964031238 ], [ 6.041132977054288, 44.121475366050916 ], [ 6.038626294538131, 44.130156564487621 ], [ 6.038041115781954, 44.132004784097724 ], [ 6.019362556724589, 44.185364984231569 ], [ 6.018988932158428, 44.185942422121506 ], [ 6.018314826178841, 44.186684140789332 ], [ 6.017186964651243, 44.187818085135888 ], [ 6.016506266890964, 44.188255093607196 ], [ 6.015754220198734, 44.188737258458012 ], [ 6.015646115198213, 44.188806161274591 ], [ 6.014962914350384, 44.189132977514248 ], [ 6.013819542731827, 44.189549550677739 ], [ 6.011961577506132, 44.190219704098467 ], [ 5.946305285379929, 44.200117285603412 ], [ 5.917347516977451, 44.079792674109768 ], [ 5.810991112952463, 44.071950829498242 ], [ 5.809255689647428, 44.071818282677462 ], [ 5.806128598519311, 44.071267674354722 ], [ 5.803984412028892, 44.0707655768731 ], [ 5.789046503281634, 44.065869443467214 ], [ 5.783673742687783, 44.063260975900704 ], [ 5.781985857541284, 44.062390798841363 ], [ 5.772457289065924, 44.057146975356261 ], [ 5.7718460636698, 44.056778154259909 ], [ 5.771181358431068, 44.056376143739641 ], [ 5.770191825153662, 44.055697514563469 ], [ 5.392468421302546, 44.152247967019981 ], [ 5.307690229207497, 44.163037717718737 ], [ 5.229815857425652, 44.16980816110555 ], [ 5.217244903354643, 44.167198423991081 ], [ 5.173730490311783, 44.162660699503256 ], [ 5.172664980866954, 44.162598414838364 ], [ 5.166702521042708, 44.167332725275685 ], [ 5.157596429143385, 44.199849415551554 ], [ 5.157595253014788, 44.200264448141752 ], [ 5.157802194159876, 44.201576089764195 ], [ 5.172153590381076, 44.225983527926608 ], [ 5.172423811784832, 44.226381405275262 ], [ 5.175455185019801, 44.229575562449952 ], [ 5.190713289309933, 44.236005115209913 ], [ 5.195099152055555, 44.23772377832077 ], [ 5.195701148845345, 44.237934100161596 ], [ 5.196079358629008, 44.238050174172528 ], [ 5.212849148366158, 44.242439725688016 ], [ 5.224816268571898, 44.24318367698141 ], [ 5.22484752021052, 44.243029887861425 ], [ 5.224979092046204, 44.242864450114752 ], [ 5.225249952538507, 44.242776312032753 ], [ 5.225670487855739, 44.242693215293123 ], [ 5.226535878318622, 44.242635472845237 ], [ 5.230914421444861, 44.242453265581915 ], [ 5.23124800701355, 44.242444432320049 ], [ 5.24009085458407, 44.245408662326419 ], [ 5.252458923874172, 44.251245326765833 ], [ 5.252818254850056, 44.251506807250777 ], [ 5.260433956152307, 44.259841430920346 ], [ 5.261492829587316, 44.263272879382555 ], [ 5.263036547405096, 44.268340262119338 ], [ 5.26291972789552, 44.268487358440673 ], [ 5.233571606576984, 44.301177141706184 ], [ 5.025363228964237, 44.443072844226535 ], [ 5.024394755611391, 44.443554353196497 ], [ 5.022985613464908, 44.444145624123173 ], [ 5.022379953966282, 44.444367409104906 ], [ 5.02212819379203, 44.444454555013067 ], [ 5.020664391103117, 44.444921161068962 ], [ 5.019517263214052, 44.445164050201683 ], [ 5.018718342553227, 44.445317431993914 ], [ 5.017379871757726, 44.44556497650504 ], [ 5.016697987560689, 44.44567049316808 ], [ 5.016132650166189, 44.44570117476929 ], [ 5.013701894838304, 44.445596307662107 ], [ 5.010917623929785, 44.444543969689065 ], [ 5.030514638807165, 44.487273623155012 ], [ 5.049837257347537, 44.49781511620543 ], [ 5.091085388705928, 44.502065712460649 ], [ 5.114373333563327, 44.49878620236494 ], [ 5.135815308247144, 44.490152921973809 ], [ 5.181413830080607, 44.48845767763671 ], [ 5.202725596282638, 44.496177869492037 ], [ 5.211271128298662, 44.503339292000405 ], [ 5.217014098401612, 44.519901291958092 ], [ 5.217069763795186, 44.520097813750752 ], [ 5.218135229112169, 44.524258985230773 ], [ 5.221256583494644, 44.551043230858724 ], [ 5.221458181817646, 44.554740038926091 ], [ 5.198064825697633, 44.590641341697385 ], [ 5.189176727570761, 44.602776200034619 ], [ 5.187049982646815, 44.605314048236025 ], [ 5.162465562029558, 44.630602151882471 ], [ 5.162289511959367, 44.630750663297945 ], [ 5.161956642652782, 44.630929074083944 ], [ 5.161590001127338, 44.631109475716933 ], [ 5.159929205636343, 44.631618941831675 ], [ 5.144485758015467, 44.635679055315663 ], [ 5.143639511570096, 44.635879504940249 ], [ 5.053528854269671, 44.690001664617981 ], [ 5.075239481213071, 44.801365448273515 ], [ 5.07340691103189, 44.816086160429819 ], [ 5.137416184416392, 44.873106791705638 ], [ 5.140762656456814, 44.876357660616414 ], [ 5.141731156327443, 44.877369242525546 ], [ 5.1885190998784, 44.926577291034647 ], [ 5.216635011338584, 44.977564441454064 ], [ 5.224058760902755, 45.00097851822045 ], [ 5.239238982703553, 45.067843467731016 ], [ 5.247455510072713, 45.060959194917842 ], [ 5.267665203134364, 45.054737859931713 ], [ 5.268541096068372, 45.054489662810369 ], [ 5.269485122694145, 45.054329670353404 ], [ 5.385827643388675, 45.034627016254547 ], [ 5.386915475714841, 45.034786117375759 ], [ 5.387749291703959, 45.034943200340173 ], [ 5.38871726386031, 45.035231610651124 ], [ 5.396552433482164, 45.038040184596518 ], [ 5.397266960483553, 45.038335520964189 ], [ 5.413926352093842, 45.045575400925841 ], [ 5.429609616255831, 45.053281261421176 ], [ 5.43693689278706, 45.059657156200487 ], [ 5.44914178379119, 45.070540975280856 ], [ 5.45525031899645, 45.077760234026798 ], [ 5.457692474079757, 45.081886618177514 ], [ 5.457316124911594, 45.081888206438357 ], [ 5.453831341680807, 45.081662124938454 ], [ 5.453139212964911, 45.081555544135149 ], [ 5.452488395168501, 45.081420791498608 ], [ 5.448579950115937, 45.080306218617793 ], [ 5.447754768912699, 45.079978281135354 ], [ 5.447405018280928, 45.079745030366162 ], [ 5.445282316883784, 45.078238155686186 ], [ 5.444999931112911, 45.077930991481054 ], [ 5.444819085737182, 45.077692998938609 ], [ 5.44166417718209, 45.075800882190912 ], [ 5.43670639131782, 45.073013867207926 ], [ 5.432985858326481, 45.071092323886141 ], [ 5.432210643548991, 45.070744878505401 ], [ 5.424634199522298, 45.068381517294171 ], [ 5.407581113484131, 45.067468815306519 ], [ 5.407338832964407, 45.067466523341224 ], [ 5.347402575174443, 45.0791022156289 ], [ 5.346859473475944, 45.07944102457347 ], [ 5.346557801441895, 45.079692262055055 ], [ 5.346379237120856, 45.079841137569488 ], [ 5.34586755615438, 45.080350123635263 ], [ 5.345912366066683, 45.080708981419448 ], [ 5.345967434294564, 45.081022551684157 ], [ 5.347071644048416, 45.084818373169739 ], [ 5.347387428840707, 45.085782002752232 ], [ 5.348211473857335, 45.088154128996443 ], [ 5.349871837060427, 45.092240902818638 ], [ 5.350697880275098, 45.094000837488359 ], [ 5.351482767688557, 45.095014728394055 ], [ 5.352170945131843, 45.095797193961538 ], [ 5.37194212773904, 45.117808085863373 ], [ 5.527423326262023, 45.254711810504666 ], [ 5.528446439194291, 45.255573771519884 ], [ 5.54301734466998, 45.267615222727095 ], [ 5.551094513891542, 45.273531419239106 ], [ 5.557080018605311, 45.277175770020676 ], [ 5.563531784175338, 45.280518198628513 ], [ 5.570780632793873, 45.28381911248826 ], [ 5.571861230559604, 45.284237877706261 ], [ 5.596261063864921, 45.292754574259696 ], [ 5.597862193266002, 45.291132049709354 ], [ 5.595845180682, 45.288309987946441 ], [ 5.595729590474619, 45.28805226946492 ], [ 5.596156182143971, 45.273282974267509 ], [ 5.610880721082979, 45.2448946331846 ], [ 5.629076743666176, 45.222253665428326 ], [ 5.64701849640312, 45.208386499631366 ], [ 5.651521502549017, 45.196844723516939 ], [ 5.656272268146258, 45.161246880545399 ], [ 5.643629963784094, 45.106829559422614 ], [ 5.633654685554106, 45.058239236345052 ], [ 5.647573592603806, 45.04693056297026 ], [ 5.666152719125569, 45.042529581585441 ], [ 5.69130848309128, 45.037971510940778 ], [ 5.691767378464175, 45.037921603764275 ], [ 5.693032149310175, 45.03781127399494 ], [ 5.696868711773676, 45.037667986070097 ], [ 5.698254885331375, 45.037688964765699 ], [ 5.703872856734325, 45.037842506756768 ], [ 5.706155968997753, 45.038088221415315 ], [ 5.776898960657269, 45.047754274934768 ], [ 5.77848097319255, 45.047984270202257 ], [ 5.779788942553743, 45.048249769215069 ], [ 5.781437975082829, 45.048792773600056 ], [ 5.782514789499564, 45.04963266573882 ], [ 5.825003000299342, 45.104065792364935 ], [ 5.84256478166319, 45.12782376640692 ], [ 5.862310772788621, 45.155985521958833 ], [ 5.862559330176838, 45.15693210870802 ], [ 5.865002316266481, 45.164742489184277 ], [ 5.865900561717627, 45.167487353737563 ], [ 5.866408494448282, 45.168632801068163 ], [ 5.869992009016793, 45.176055702236589 ], [ 5.886914636216564, 45.208914686682931 ], [ 5.890164575913007, 45.212484781847913 ], [ 6.012009395682753, 45.308474949804243 ], [ 6.169319763699576, 45.463367090758631 ], [ 6.177360821305406, 45.490613819331593 ], [ 6.177200873816584, 45.491087685026805 ], [ 6.176847317478903, 45.492161545471873 ], [ 6.176741779134617, 45.492658308768391 ], [ 6.17664835474878, 45.493168165965557 ], [ 6.176602663044969, 45.494445356420883 ], [ 6.176624342459604, 45.494976025414871 ], [ 6.176628955910822, 45.495088454595759 ], [ 6.176676788399582, 45.495845651878476 ], [ 6.17680761507556, 45.497243998328898 ], [ 6.176891134823062, 45.497754527422245 ], [ 6.17713684684363, 45.499124155919695 ], [ 6.177236057078737, 45.49966454441158 ], [ 6.177624716161137, 45.50124767767511 ], [ 6.177759015455912, 45.501670893951456 ], [ 6.177964758264641, 45.502165961398291 ], [ 6.178159038046489, 45.502588240612972 ], [ 6.178225974592621, 45.502733428973613 ], [ 6.178789753784827, 45.503944626737997 ], [ 6.179067915150685, 45.504513762068612 ], [ 6.179355396072333, 45.504998135202143 ], [ 6.179779674884642, 45.505596019207331 ], [ 6.180277207384847, 45.506188003858753 ], [ 6.181185208732723, 45.507132899111753 ], [ 6.181538791100352, 45.507496775221988 ], [ 6.182240037662416, 45.508185322402547 ], [ 6.187364328051067, 45.512966094518205 ], [ 6.187514311834199, 45.513096031671751 ], [ 6.18770514434091, 45.513260589079295 ], [ 6.187853876449992, 45.513372554741231 ], [ 6.194984936522974, 45.518620880013806 ], [ 6.195306139496874, 45.518816952722581 ], [ 6.229751229946756, 45.539812887889852 ], [ 6.394906657329267, 45.661290539969663 ], [ 6.396825761463861, 45.679021970355521 ], [ 6.383534081818705, 45.678037825489049 ], [ 6.311299053846179, 45.668132667830911 ], [ 6.126618532833391, 45.57766670216121 ], [ 6.120794181656542, 45.574571890446265 ], [ 6.110512640665313, 45.562574336213423 ], [ 6.108599663514059, 45.560310629563105 ], [ 6.101560081324549, 45.550107955723597 ], [ 6.087689052523499, 45.533074345485488 ], [ 6.087438835172191, 45.532786650852898 ], [ 6.086996223339709, 45.532496405263466 ], [ 6.085841849891619, 45.531808978631275 ], [ 6.084944769812107, 45.531348209334084 ], [ 6.083959799082165, 45.530843095806418 ], [ 6.080450653246697, 45.529065945640973 ], [ 6.060135622868663, 45.519541459178569 ], [ 6.045882050027695, 45.515789285420745 ], [ 6.045413365276232, 45.515677628867337 ], [ 6.040281194899412, 45.515141993025622 ], [ 6.039520074589849, 45.515074904874204 ], [ 6.038450362002749, 45.515014658636851 ], [ 6.037408301699294, 45.515068316635862 ], [ 6.034950201664415, 45.515461548334002 ], [ 6.033608414892948, 45.515690581204076 ], [ 6.032137489656033, 45.516729930011749 ], [ 6.032067701136723, 45.516799785165382 ], [ 6.031775790530158, 45.517092010775819 ], [ 5.954587569106011, 45.595514224253108 ], [ 5.954338257885643, 45.595893782218525 ], [ 5.954249931095753, 45.596466267120412 ], [ 5.954227506955487, 45.596613339530016 ], [ 5.946879321197666, 45.646367893532378 ], [ 5.947340355567982, 45.648933262928765 ], [ 5.948268641613799, 45.65265097790283 ], [ 5.949029191827986, 45.654996172903132 ], [ 5.957710701209423, 45.680200960885045 ], [ 5.962110372099581, 45.686761560260919 ], [ 5.964114762811472, 45.689525776554092 ], [ 5.965954808045599, 45.691999206972696 ], [ 5.966395304871287, 45.692503926469733 ], [ 5.966748246492018, 45.692825726883193 ], [ 6.041238898015077, 45.757228020723062 ], [ 6.137459617010287, 45.876176026692022 ], [ 6.137302820731764, 45.875622870258638 ], [ 6.137243812828392, 45.87520151908781 ], [ 6.136663369552659, 45.869834742938217 ], [ 6.136246414955111, 45.86576850928153 ], [ 6.136291690748392, 45.862128015402909 ], [ 6.136429421069318, 45.860276857450124 ], [ 6.138361911629699, 45.845079203135114 ], [ 6.138497135258933, 45.844065808433328 ], [ 6.14218412636057, 45.827835905824607 ], [ 6.14307002760536, 45.826373730755783 ], [ 6.192164743012524, 45.759701069865834 ], [ 6.194835872116699, 45.757627603938168 ], [ 6.195510274765786, 45.757244112083804 ], [ 6.196217391420483, 45.75686849821097 ], [ 6.198147584822541, 45.756009425813005 ], [ 6.20004323368415, 45.755277613656574 ], [ 6.200962745110957, 45.755029768518703 ], [ 6.202705830881496, 45.754645451399661 ], [ 6.20481881385341, 45.754329423509745 ], [ 6.247874435395238, 45.749539958100968 ], [ 6.25109520387048, 45.749382591690022 ], [ 6.253268457361888, 45.749342776489605 ], [ 6.258407161838386, 45.74943350422344 ], [ 6.259303979199978, 45.749582309852109 ], [ 6.259841747116345, 45.749725648571953 ], [ 6.260346300600409, 45.749978241298223 ], [ 6.26081651813695, 45.750358143625888 ], [ 6.261886896423047, 45.752014188809206 ], [ 6.262703192041017, 45.753625069838535 ], [ 6.263321060663163, 45.754855550255456 ], [ 6.263605534736014, 45.755809443167479 ], [ 6.263952115524986, 45.757013384292932 ], [ 6.263912964485064, 45.757546222828957 ], [ 6.263738220400058, 45.759615156233195 ], [ 6.263427387663715, 45.761265478560141 ], [ 6.26274214043728, 45.763406320210109 ], [ 6.221083046275751, 45.845520401290912 ], [ 6.197872381484888, 45.868389004449426 ], [ 6.197125857711098, 45.869324413997916 ], [ 6.179732896953502, 45.901771092638313 ], [ 6.191769129011681, 45.920392541650024 ], [ 6.203526780535769, 45.938310970777714 ], [ 6.215600797910929, 45.956631927522871 ], [ 6.218602544802425, 45.960798227474513 ], [ 6.223174208001913, 45.966432639655707 ], [ 6.225004522487738, 45.968594424677519 ], [ 6.227379701410431, 45.971331890595806 ], [ 6.228332640560978, 45.972379925053815 ], [ 6.235746447909242, 45.980374865276602 ], [ 6.236837315816683, 45.981382034967595 ], [ 6.237348973607241, 45.981796705382827 ], [ 6.239479485896532, 45.983407421016089 ], [ 6.240889034508895, 45.984385500054323 ], [ 6.243784030516479, 45.98629393868854 ], [ 6.246298093983859, 45.987864214164986 ], [ 6.285428364649981, 46.011939062536371 ], [ 6.362963189910174, 46.040816947929933 ], [ 6.402990960314869, 46.052642051967183 ], [ 6.403953053409247, 46.052877636367633 ], [ 6.405073122585649, 46.053062470333387 ], [ 6.41921615133411, 46.055101067263962 ], [ 6.430865795184006, 46.056660872395916 ], [ 6.479379261697371, 46.058565552563053 ], [ 6.504078176555717, 46.058142346574783 ], [ 6.507495175538613, 46.057808841509512 ], [ 6.518960736030355, 46.055654480049213 ], [ 6.520413278919439, 46.055357353946746 ], [ 6.531607926003584, 46.053500031217553 ], [ 6.545135683940393, 46.051302266891582 ], [ 6.556072249569097, 46.050091790272489 ], [ 6.566740849479009, 46.049196626021093 ], [ 6.567406717682344, 46.049189670653647 ], [ 6.568566022666643, 46.049236278073366 ], [ 6.569125001526014, 46.049269363151183 ], [ 6.57356668875379, 46.049562107490161 ], [ 6.574661455209058, 46.049746227741387 ], [ 6.577814352986235, 46.050303467581557 ], [ 6.578697618981668, 46.050648673586032 ], [ 6.57914222872217, 46.050875222575499 ], [ 6.580852484763134, 46.051756937853277 ], [ 6.581209471779426, 46.052031826850289 ], [ 6.582185728683908, 46.052824012238354 ], [ 6.585179113868882, 46.055405323042081 ], [ 6.58662325889533, 46.056918680390638 ], [ 6.590724632129111, 46.06126915071966 ], [ 6.592666045218947, 46.063907979875481 ], [ 6.592991240193046, 46.064427310571077 ], [ 6.593648396668325, 46.0659162226113 ], [ 6.593833577707134, 46.066413804190127 ], [ 6.593952023981448, 46.066895883503697 ], [ 6.593927661555665, 46.06772573782667 ], [ 6.593809485276198, 46.068171694978794 ], [ 6.593665386370907, 46.068627640191089 ], [ 6.588954805017765, 46.07463483229899 ], [ 6.586121376050795, 46.078102348090304 ], [ 6.585085201902819, 46.079231587402433 ], [ 6.584244864390388, 46.080101160774532 ], [ 6.583758299442698, 46.080389776831588 ], [ 6.580608888911545, 46.081859772889537 ], [ 6.579737118622947, 46.082252956353315 ], [ 6.508050113573145, 46.11202636434124 ], [ 6.357154022098311, 46.170651013898741 ], [ 6.35670901782826, 46.170792961843198 ], [ 6.356129250544751, 46.171074830841292 ], [ 6.352183733955213, 46.173052825070727 ], [ 6.351300560667225, 46.173507600807014 ], [ 6.349358290807574, 46.174747687907782 ], [ 6.348325055362589, 46.175432982274806 ], [ 6.3477702462745, 46.17581301534954 ], [ 6.333663965371182, 46.185798670707015 ], [ 6.331001705409187, 46.187712479087821 ], [ 6.329782109807312, 46.18888162556749 ], [ 6.329087275208229, 46.189644862968869 ], [ 6.328205299003687, 46.190820087412135 ], [ 6.328080831316024, 46.191013660824112 ], [ 6.327598618341125, 46.191769383074956 ], [ 6.326749432341705, 46.193105591278893 ], [ 6.326474247098814, 46.193610771625231 ], [ 6.325005191485857, 46.196671450620947 ], [ 6.324727492592412, 46.197564082823895 ], [ 6.3246254371723, 46.19800910126488 ], [ 6.324217500038808, 46.199915283490881 ], [ 6.324124887406736, 46.200423028287624 ], [ 6.323671628092243, 46.207799005525565 ], [ 6.323669850743293, 46.208096350900696 ], [ 6.323947589168609, 46.213347566686508 ], [ 6.324011488382406, 46.213777726063071 ], [ 6.324581080917479, 46.216009793979843 ], [ 6.324782517777796, 46.216723379859012 ], [ 6.326243863243457, 46.220023054362244 ], [ 6.327008077507208, 46.221653686897319 ], [ 6.327869233550397, 46.223388999834128 ], [ 6.328276007863548, 46.224158399673904 ], [ 6.329156490987971, 46.225613758223346 ], [ 6.329613002736384, 46.226264287902396 ], [ 6.330120858963524, 46.226940030096692 ], [ 6.33105981661289, 46.228096028680575 ], [ 6.332023899076998, 46.2292511338879 ], [ 6.333073061765548, 46.23020503830255 ], [ 6.335769006086642, 46.232560155832566 ], [ 6.337334067986925, 46.233820106675758 ], [ 6.337761185179287, 46.234156345635029 ], [ 6.339180979947765, 46.23506106303288 ], [ 6.34339511472477, 46.23729926002958 ], [ 6.351478834561697, 46.241291961098668 ], [ 6.402897916539018, 46.261897998697862 ], [ 6.490780244325999, 46.299737442887107 ], [ 6.574781355366616, 46.34427173863768 ], [ 6.663847205857683, 46.392844958376159 ], [ 6.700489747798193, 46.407922738067491 ], [ 6.700591837747162, 46.408017932696239 ], [ 6.698878888508816, 46.408119809605992 ], [ 6.692688674559611, 46.408087178024537 ], [ 6.689683770713104, 46.407977169676514 ], [ 6.649683542694937, 46.406215034953519 ], [ 6.634317671964236, 46.405446216151461 ], [ 6.468965498009763, 46.387422346265254 ], [ 6.504350967034482, 46.40446963822729 ], [ 6.677649076293891, 46.417044982049063 ], [ 6.806654022887238, 46.392967287673827 ] ] ], [ [ [ 5.659402428103328, 45.278912469466285 ], [ 5.659115787186222, 45.279290185326303 ], [ 5.631840554309346, 45.326758694242145 ], [ 5.631549631339169, 45.327487606986367 ], [ 5.631387075949339, 45.327933603125764 ], [ 5.631217360772049, 45.328406822261911 ], [ 5.630638244008091, 45.330179696501482 ], [ 5.630571301806715, 45.330784932598561 ], [ 5.633058634790758, 45.356237318892276 ], [ 5.63321977372987, 45.356691751006259 ], [ 5.677644087101222, 45.43355216263798 ], [ 5.678143938262751, 45.434284551613473 ], [ 5.679863200518527, 45.436637203641382 ], [ 5.680032885207188, 45.436839218929904 ], [ 5.702435553761377, 45.462422717095649 ], [ 5.703848049490052, 45.464000930261548 ], [ 5.70492755377885, 45.465021892286124 ], [ 5.705894614623566, 45.465785108307088 ], [ 5.707175338661562, 45.466628893465071 ], [ 5.713005239248486, 45.469721392728168 ], [ 5.72358864554724, 45.475268567730701 ], [ 5.728384510856033, 45.485014880876975 ], [ 5.816117409457259, 45.550344969587215 ], [ 5.828170469941576, 45.581007105328531 ], [ 5.836328534315256, 45.569399831561448 ], [ 5.882587207252195, 45.530746591903089 ], [ 5.883155725088073, 45.5307082918563 ], [ 5.884135475649108, 45.530439679537409 ], [ 5.884659543765745, 45.530183273007538 ], [ 5.913809329421825, 45.512314501517984 ], [ 5.965093419715047, 45.469828236447142 ], [ 5.966318587540024, 45.467861165348765 ], [ 5.966456535404553, 45.467379371629242 ], [ 5.966530033068571, 45.466890667457676 ], [ 5.967488710758149, 45.460393312468867 ], [ 5.967661067942306, 45.458487479305241 ], [ 5.967125944139231, 45.448256284886419 ], [ 5.965284394206385, 45.429223966800294 ], [ 5.963668171134121, 45.415596840002642 ], [ 5.906504324003411, 45.316536709235052 ], [ 5.898778013632433, 45.309282887278648 ], [ 5.879804637134576, 45.296434863853797 ], [ 5.864033773912836, 45.286454075221251 ], [ 5.767507690166203, 45.2352925480659 ], [ 5.766862992696526, 45.235042311139999 ], [ 5.765997146310816, 45.234744866162401 ], [ 5.764896087220307, 45.234391637540654 ], [ 5.753843126188248, 45.231904564042829 ], [ 5.753339167317289, 45.231830010044632 ], [ 5.659402428103328, 45.278912469466285 ] ] ], [ [ [ 6.009844215395289, 45.374180534131632 ], [ 6.00932743952486, 45.374251599577917 ], [ 6.008779377144199, 45.374368722659682 ], [ 6.008341059044979, 45.374599303687098 ], [ 6.00821785627327, 45.375053654775073 ], [ 6.008132721814317, 45.375407687362213 ], [ 6.00814999675632, 45.375704311344442 ], [ 6.00839310573333, 45.376443788515836 ], [ 6.008533299457167, 45.37676338078564 ], [ 6.009817872558775, 45.379368778486551 ], [ 6.029676033688127, 45.409594195246335 ], [ 6.03015116114288, 45.410055780889323 ], [ 6.042830807035422, 45.420550546938067 ], [ 6.053161384051293, 45.426340040382037 ], [ 6.053764159830651, 45.42662616795517 ], [ 6.057123407094379, 45.428198348738142 ], [ 6.070731100900113, 45.43818201502512 ], [ 6.0772062010664, 45.437334683729404 ], [ 6.080176874171371, 45.436595599939707 ], [ 6.080555175624488, 45.436384766277833 ], [ 6.080948279833494, 45.43603833884633 ], [ 6.081883934328017, 45.434719022785352 ], [ 6.08224330871073, 45.43419359493717 ], [ 6.082239433433351, 45.43377042526474 ], [ 6.082054862747507, 45.433335309128097 ], [ 6.081756482843499, 45.432777924059749 ], [ 6.075292021756167, 45.423330948495945 ], [ 6.045048477948149, 45.384668552232526 ], [ 6.025667884387114, 45.374360364731274 ], [ 6.014906278862732, 45.374031598627262 ], [ 6.010611405422027, 45.374092205961482 ], [ 6.009844215395289, 45.374180534131632 ] ] ] ] } },
{ "type": "Feature", "properties": { "code_geog": "G", "libelle_geog": "Massif Central", "area": 79077.041, "x": 2.826, "y": 45.347 }, "geometry": { "type": "MultiPolygon", "coordinates": [ [ [ [ 1.705334338381286, 44.011720801342975 ], [ 1.699564222404315, 44.015518372682955 ], [ 1.6915087831485, 44.02244555243842 ], [ 1.691341201898099, 44.023142474110962 ], [ 1.69138967812917, 44.024356527847836 ], [ 1.691600608684801, 44.025529962664628 ], [ 1.691684796417099, 44.025796816185995 ], [ 1.691756219408169, 44.026022011255229 ], [ 1.691985555552368, 44.026742639994971 ], [ 1.69326314636373, 44.029456456189017 ], [ 1.693996516400035, 44.030719514158754 ], [ 1.695587563640877, 44.033282313607167 ], [ 1.697604500012584, 44.035391304827378 ], [ 1.747193714870801, 44.052662871842728 ], [ 1.826229328747443, 44.094010639847802 ], [ 1.857886610594049, 44.11571636517445 ], [ 1.859217741876325, 44.115760418056851 ], [ 1.87767394609053, 44.103454335586484 ], [ 1.883840934849148, 44.072876763556259 ], [ 1.799036297558059, 44.005209166794238 ], [ 1.76759426050395, 43.991827367055535 ], [ 1.766950933042528, 43.99179253210508 ], [ 1.76626063781738, 43.991784418870672 ], [ 1.705334338381286, 44.011720801342975 ] ] ], [ [ [ 3.153422670194092, 46.741025086984621 ], [ 3.154212943394094, 46.740817007692947 ], [ 3.154395261175563, 46.740757223555569 ], [ 3.154766609750202, 46.740594870178455 ], [ 3.17192780114029, 46.733005499117311 ], [ 3.176972026613289, 46.73041336726272 ], [ 3.200828823705922, 46.717817256377977 ], [ 3.211877958298125, 46.710636677176659 ], [ 3.223633895159956, 46.699031874231068 ], [ 3.323923373726359, 46.590352804596655 ], [ 3.323950492500393, 46.590363816761418 ], [ 3.32438007064253, 46.590526551703917 ], [ 3.324836843872783, 46.590614820058235 ], [ 3.329484183088628, 46.591073827826449 ], [ 3.330082666631153, 46.591104607357813 ], [ 3.330847718093292, 46.591055203920753 ], [ 3.332454336487336, 46.590858990401721 ], [ 3.332918876500178, 46.590791951574829 ], [ 3.333453017651669, 46.590695060733594 ], [ 3.333768954318342, 46.590620319368881 ], [ 3.333943919406575, 46.590553557827825 ], [ 3.340400393787565, 46.586463785364408 ], [ 3.357637482897176, 46.573469023230132 ], [ 3.358497505882703, 46.572588555481452 ], [ 3.359194917870386, 46.570740050732844 ], [ 3.359338604912188, 46.570230399187345 ], [ 3.383493949136275, 46.463256243612783 ], [ 3.39141176609126, 46.401096556602859 ], [ 3.396078873585186, 46.363048858097969 ], [ 3.396018463170104, 46.362741247936334 ], [ 3.395863768856105, 46.361887902521609 ], [ 3.395790341391731, 46.360952819211874 ], [ 3.395860012937261, 46.360191857958199 ], [ 3.396124305605824, 46.358997188349043 ], [ 3.396409100708177, 46.358355689610917 ], [ 3.396988468927017, 46.357367275525625 ], [ 3.397923915447534, 46.356355286458403 ], [ 3.39863168568155, 46.355831298418074 ], [ 3.400178651076875, 46.355027267487806 ], [ 3.425513144043827, 46.343650141160282 ], [ 3.433595909217323, 46.340299378544081 ], [ 3.434139042202754, 46.340134418096696 ], [ 3.435335995644949, 46.339978876099586 ], [ 3.43598174692637, 46.339990621009235 ], [ 3.585642519391696, 46.355109494010676 ], [ 3.587168272402687, 46.355304157653691 ], [ 3.58842218113431, 46.355544538759737 ], [ 3.638117997003118, 46.365961391574352 ], [ 3.648376839428552, 46.435235149656151 ], [ 3.748721805737702, 46.411429494452783 ], [ 3.750006921238754, 46.410977100754636 ], [ 3.751110881724149, 46.410562940243643 ], [ 3.757696962050738, 46.407893751224698 ], [ 3.781031902130148, 46.398126482932497 ], [ 3.781804858817624, 46.397785962413657 ], [ 3.781931005156697, 46.39773036735955 ], [ 3.782695368323324, 46.397250473801186 ], [ 3.783095554193949, 46.396770711833746 ], [ 3.792220835394415, 46.383433168974129 ], [ 3.792880105202104, 46.382347151311613 ], [ 3.792950389294522, 46.382058298727479 ], [ 3.791667072210012, 46.376826374972005 ], [ 3.791141551671513, 46.37543609003199 ], [ 3.794978170443068, 46.333462867978085 ], [ 3.826646425571544, 46.255816669886855 ], [ 3.846384740358241, 46.209975100404428 ], [ 3.958485066007688, 45.98295610789534 ], [ 3.958924767381216, 45.982247875149639 ], [ 3.959507383253378, 45.98132611157861 ], [ 3.960397436874493, 45.980053463490904 ], [ 3.960832898260923, 45.979448770296244 ], [ 3.961283524695013, 45.978893350351747 ], [ 3.962297269684333, 45.97793161242695 ], [ 4.042522741836546, 45.947873096233749 ], [ 4.10827693756075, 45.9073837694432 ], [ 4.074470726982826, 45.89551661865044 ], [ 4.029838323844029, 45.911204665429928 ], [ 4.02851464677199, 45.911627261182595 ], [ 4.020322677411366, 45.913437326548163 ], [ 4.014898073305456, 45.914589160931968 ], [ 4.013974178747551, 45.914758155219396 ], [ 4.012647033822997, 45.914836406007979 ], [ 4.011759563453487, 45.914694376988358 ], [ 4.01090741331126, 45.914468577092954 ], [ 4.010026513425052, 45.914092466527798 ], [ 4.009305128547055, 45.913450762714895 ], [ 4.008007584928292, 45.912066199188871 ], [ 4.007551221948275, 45.911209077759331 ], [ 4.005932771871246, 45.907827001937946 ], [ 4.005318470905445, 45.905959840180351 ], [ 4.004613402331935, 45.903331366042806 ], [ 4.004143742520971, 45.899990742225846 ], [ 4.004109052734536, 45.89887539628532 ], [ 4.004140470803645, 45.89778831775633 ], [ 4.004219698829107, 45.896525053323053 ], [ 4.004571306832357, 45.894735819896873 ], [ 4.004985467699218, 45.893150382580366 ], [ 4.005564378446599, 45.891447765924163 ], [ 4.007045762194802, 45.88846291865751 ], [ 4.007995327754074, 45.8872992193862 ], [ 4.03245859340432, 45.858330304256008 ], [ 4.076541322370227, 45.877182847989403 ], [ 4.182109010373303, 45.840711173093887 ], [ 4.183308051912583, 45.840519380976879 ], [ 4.183852027776541, 45.840399081914725 ], [ 4.184330600100189, 45.840248357227146 ], [ 4.185183692549732, 45.839915989517351 ], [ 4.185685874913688, 45.839701875935596 ], [ 4.186486984661666, 45.839164494204887 ], [ 4.210743889792537, 45.822002758374765 ], [ 4.216844866978482, 45.8166857771756 ], [ 4.239125722025169, 45.792703280933239 ], [ 4.263063115820671, 45.814602842865703 ], [ 4.263626138773122, 45.815083663788421 ], [ 4.264082936796886, 45.815448185438058 ], [ 4.264563988806822, 45.815678422292976 ], [ 4.265935915334628, 45.816103734020558 ], [ 4.266628161780774, 45.81627746564039 ], [ 4.268256951345889, 45.816663466464227 ], [ 4.26923275739026, 45.81689418111025 ], [ 4.270717717942076, 45.817146502167262 ], [ 4.271389009206973, 45.817249694508526 ], [ 4.272685086541914, 45.817391621880098 ], [ 4.274617783408135, 45.817474189250454 ], [ 4.276407527040075, 45.817517567517854 ], [ 4.277430129894158, 45.817477419170451 ], [ 4.282647438877908, 45.81701937072625 ], [ 4.28629400122344, 45.8165253346966 ], [ 4.288434467157672, 45.816070838161288 ], [ 4.289069135753183, 45.815934948380857 ], [ 4.289639169877999, 45.81579117835286 ], [ 4.291334401615697, 45.815258864331334 ], [ 4.292414296511722, 45.814818227613166 ], [ 4.293025656925765, 45.814502729640843 ], [ 4.293554011333674, 45.814183048562981 ], [ 4.303864900401461, 45.805924833985678 ], [ 4.305428304342643, 45.804575646458915 ], [ 4.311177249744979, 45.799097540134831 ], [ 4.311877788891203, 45.798429384532042 ], [ 4.285827212593214, 45.872092206378213 ], [ 4.304870640508957, 45.917962738349395 ], [ 4.305182828757495, 45.918263271137384 ], [ 4.307273681758443, 45.919529410232109 ], [ 4.308168062562851, 45.919950242439953 ], [ 4.323725992503864, 45.924453433818854 ], [ 4.32498440682192, 45.924460475098869 ], [ 4.325507163543808, 45.924451245607329 ], [ 4.325958222455704, 45.924420780652689 ], [ 4.326402021452111, 45.924367942765819 ], [ 4.362702834404518, 45.914444209951519 ], [ 4.397738121838803, 46.003178243819868 ], [ 4.405913055342053, 46.032575711790109 ], [ 4.404666617573874, 46.039195596674126 ], [ 4.404297148131403, 46.039742368851357 ], [ 4.403696068257474, 46.039888379378937 ], [ 4.403458847327352, 46.039937723829077 ], [ 4.402924251649931, 46.039983512183056 ], [ 4.402326357151416, 46.040021456441501 ], [ 4.391476043296668, 46.040552514654024 ], [ 4.390590033437448, 46.040532641289616 ], [ 4.389909503029648, 46.04039202307591 ], [ 4.389515990403077, 46.040237180868388 ], [ 4.388999177548661, 46.040003579389371 ], [ 4.388532004604693, 46.039715073182954 ], [ 4.387491325514567, 46.039058987427232 ], [ 4.385427458841936, 46.037629471122642 ], [ 4.385328106339828, 46.037370274793055 ], [ 4.382550174166419, 46.030553678182322 ], [ 4.377573680601594, 46.02292181923638 ], [ 4.377238252622469, 46.022522887662859 ], [ 4.376886753191718, 46.022169245598434 ], [ 4.376600405054782, 46.0218954242671 ], [ 4.376043840329315, 46.021455487507197 ], [ 4.373432952376206, 46.019576659546267 ], [ 4.372384986667234, 46.018839577466984 ], [ 4.371450847725463, 46.018253432376845 ], [ 4.370296821796366, 46.017572244316554 ], [ 4.369068094676462, 46.01700938987161 ], [ 4.368075202828655, 46.016622274980577 ], [ 4.366928136111576, 46.016300925699085 ], [ 4.36549508443461, 46.015930708718884 ], [ 4.341756098669917, 46.011000196350068 ], [ 4.341001691579202, 46.010878605028807 ], [ 4.34030412072612, 46.010809998327858 ], [ 4.339370236916905, 46.010835581304924 ], [ 4.338548401333929, 46.010967166309648 ], [ 4.336166943045613, 46.011630390345211 ], [ 4.265362700680681, 46.106605757108568 ], [ 4.265213285935419, 46.106702803587901 ], [ 4.26498172299644, 46.106855249638926 ], [ 4.252584293367042, 46.117501190359306 ], [ 4.251601019257571, 46.124920055388912 ], [ 4.269917874278456, 46.162910999419474 ], [ 4.286728564034583, 46.184035112270159 ], [ 4.296340537480466, 46.190065420877801 ], [ 4.312914197002055, 46.198914311648501 ], [ 4.32980565004811, 46.199344893900282 ], [ 4.332092223866707, 46.197920878480289 ], [ 4.334498295666539, 46.197396944375356 ], [ 4.336910914421271, 46.197052840496134 ], [ 4.339812644006094, 46.196882278048136 ], [ 4.339936331984855, 46.196875589157521 ], [ 4.344335171385794, 46.196952902260911 ], [ 4.348603528491106, 46.197027863984516 ], [ 4.353466323520784, 46.197362073471844 ], [ 4.35479223625769, 46.197621939853903 ], [ 4.357392767441737, 46.198133542448311 ], [ 4.358828261705248, 46.19949165085059 ], [ 4.360521700752919, 46.201927376554281 ], [ 4.362624076591925, 46.205969006656446 ], [ 4.362659858903626, 46.206038116077799 ], [ 4.376561334687252, 46.235922772767353 ], [ 4.37661970742197, 46.236074721720641 ], [ 4.376743691353851, 46.236398739213975 ], [ 4.377041990982666, 46.237178617456451 ], [ 4.375072818401238, 46.270295838382381 ], [ 4.42052984586167, 46.305679001901851 ], [ 4.420559401351612, 46.305730209622077 ], [ 4.421180251563927, 46.306810066854901 ], [ 4.421241995768561, 46.30700243494254 ], [ 4.421772247137159, 46.308662213246087 ], [ 4.421859698309393, 46.310946640097143 ], [ 4.421480973988117, 46.312398123338554 ], [ 4.420646593480035, 46.315541001575156 ], [ 4.420303448654871, 46.315887059974365 ], [ 4.41863995130789, 46.317562375899094 ], [ 4.414994589861695, 46.319854498194729 ], [ 4.414800617404073, 46.319941302638618 ], [ 4.412860344486162, 46.320795838075966 ], [ 4.410038371822067, 46.321929709109234 ], [ 4.404714826346414, 46.323471387843099 ], [ 4.402939735397503, 46.323550980867651 ], [ 4.402461542872236, 46.323573189010453 ], [ 4.398513552116172, 46.323798007042171 ], [ 4.397043941785368, 46.323883205541527 ], [ 4.396353760271344, 46.323924987523043 ], [ 4.390815112601714, 46.324385403396597 ], [ 4.387791669395123, 46.324800104252283 ], [ 4.384300857511828, 46.325677660421697 ], [ 4.383158522527467, 46.325939021138339 ], [ 4.382114323772528, 46.326176100980675 ], [ 4.38099353830332, 46.326428051016585 ], [ 4.380384882135588, 46.326652766238887 ], [ 4.379161147689301, 46.327104552219858 ], [ 4.379103484308683, 46.327125840238665 ], [ 4.375855852493904, 46.328325003365023 ], [ 4.374345126630387, 46.328790893397937 ], [ 4.372335840440344, 46.329409708117986 ], [ 4.371250967555735, 46.330038914683549 ], [ 4.365494946248651, 46.333381964305168 ], [ 4.354959221460961, 46.341989275265021 ], [ 4.353043573563352, 46.344190056260253 ], [ 4.351472043738119, 46.346321694667772 ], [ 4.350233208046447, 46.34963314583652 ], [ 4.349920519543391, 46.350468933796755 ], [ 4.349769074060779, 46.350876615605642 ], [ 4.348147944105198, 46.356246796126051 ], [ 4.347602211340734, 46.359923923318092 ], [ 4.347521556337302, 46.360467595756866 ], [ 4.347516850152755, 46.362692903818051 ], [ 4.347734773182752, 46.366237253494731 ], [ 4.348208371197316, 46.368454088991683 ], [ 4.349625707497531, 46.371556437442756 ], [ 4.350864256763232, 46.373183707811464 ], [ 4.36752397496509, 46.393613872028233 ], [ 4.369009566257407, 46.394971046304732 ], [ 4.369087111810167, 46.395001158834503 ], [ 4.370684350369523, 46.395602569182081 ], [ 4.373319896428851, 46.396336097852853 ], [ 4.376461360700204, 46.39653173612205 ], [ 4.377066873654757, 46.396570362532636 ], [ 4.38125303061149, 46.396915850972412 ], [ 4.388264071282872, 46.398413958601097 ], [ 4.394534796215179, 46.401007304395229 ], [ 4.418512307376971, 46.419817167720083 ], [ 4.465779555202604, 46.458580721017917 ], [ 4.466271436043492, 46.459417531226784 ], [ 4.467457623426712, 46.461436111954299 ], [ 4.468626274702959, 46.464602537939037 ], [ 4.487442961574391, 46.590262611401201 ], [ 4.487555056040893, 46.593086548279267 ], [ 4.48764814970643, 46.595431583519371 ], [ 4.487223280335478, 46.597905640211955 ], [ 4.481253173442627, 46.606919208700269 ], [ 4.478646944159374, 46.609434219362463 ], [ 4.476822812441715, 46.610305473284491 ], [ 4.476676942361604, 46.610373461131523 ], [ 4.475228851908307, 46.611239882116543 ], [ 4.474289485927878, 46.611801997398388 ], [ 4.474269804247638, 46.611820366460677 ], [ 4.47285875265506, 46.613151816429209 ], [ 4.471432733430328, 46.614623028909811 ], [ 4.471158304812183, 46.615219920307482 ], [ 4.473673259829456, 46.623844415776844 ], [ 4.476525563445094, 46.629744509975779 ], [ 4.497766428054111, 46.656592076107174 ], [ 4.500675248740484, 46.659423761240497 ], [ 4.50517215781678, 46.663730495697081 ], [ 4.507528616306253, 46.665850246622625 ], [ 4.510305195709163, 46.667541197524855 ], [ 4.516299798813288, 46.671035981751629 ], [ 4.526230507908575, 46.676741105568262 ], [ 4.528986363305856, 46.677892007207561 ], [ 4.531993812707823, 46.678795002589254 ], [ 4.53692060227614, 46.679602455762911 ], [ 4.538773988213165, 46.679334976050917 ], [ 4.548909743738117, 46.671230095561818 ], [ 4.540041975300988, 46.61182200175022 ], [ 4.507878172197068, 46.543422737966488 ], [ 4.507118831106586, 46.537791788846356 ], [ 4.507598861769439, 46.53422528114821 ], [ 4.507787539560878, 46.533868423604204 ], [ 4.509026737766053, 46.531533971022853 ], [ 4.511981885611659, 46.52603913456543 ], [ 4.512303944542241, 46.525859726137121 ], [ 4.513420048852398, 46.525239875708188 ], [ 4.519328598840478, 46.524186242736313 ], [ 4.589691044573119, 46.520801892875802 ], [ 4.5849581166956, 46.500590214651602 ], [ 4.582442073147956, 46.499141296109691 ], [ 4.575366123122912, 46.494037890440438 ], [ 4.569337775949454, 46.488828014561115 ], [ 4.567904450222085, 46.486630752097049 ], [ 4.56687792222885, 46.485055536357663 ], [ 4.557660568246192, 46.465941035747413 ], [ 4.557322388549967, 46.464419805345464 ], [ 4.557494068058237, 46.461869314277514 ], [ 4.559003269132978, 46.458208133667043 ], [ 4.591645024943537, 46.379939679064229 ], [ 4.602306493087053, 46.377434555215835 ], [ 4.645026584092623, 46.401294946186987 ], [ 4.683649088433058, 46.43169636294558 ], [ 4.683974800350621, 46.43202267184089 ], [ 4.685997916367302, 46.433218505090181 ], [ 4.697752650391777, 46.439790944123587 ], [ 4.737257812440204, 46.461761153622284 ], [ 4.738061137686283, 46.461683436947816 ], [ 4.739943482784843, 46.450428290485107 ], [ 4.740188643146893, 46.446955428352332 ], [ 4.711192246476503, 46.277753012870939 ], [ 4.710053008952519, 46.273130066228219 ], [ 4.708303811307426, 46.269883541048522 ], [ 4.696538525252534, 46.25091643020243 ], [ 4.627078974030115, 46.166663332859265 ], [ 4.626622891921094, 46.16634853792965 ], [ 4.626003028287535, 46.166028055290695 ], [ 4.625136008671236, 46.165721570673057 ], [ 4.624326644575073, 46.165476919123314 ], [ 4.623654739921091, 46.165382496221831 ], [ 4.62280244192919, 46.165291715357874 ], [ 4.621949169034067, 46.165254952510317 ], [ 4.621070160918617, 46.165299709980886 ], [ 4.579032998219831, 46.170236124338722 ], [ 4.577586515371292, 46.1468271371443 ], [ 4.607933619204291, 46.131343459074458 ], [ 4.609440403228325, 46.130278091348366 ], [ 4.610417896418856, 46.129502372681578 ], [ 4.635423384955014, 46.096827729214162 ], [ 4.635485392708286, 46.096475435904779 ], [ 4.635117799192091, 46.09563683921089 ], [ 4.632909526148284, 46.093827580725268 ], [ 4.632487141214048, 46.093512136760282 ], [ 4.629855290379297, 46.091585418956136 ], [ 4.603495848444097, 46.073089963319426 ], [ 4.581845192319348, 45.977054046561463 ], [ 4.580987692233542, 45.902690622769825 ], [ 4.757984717259472, 45.851928974738854 ], [ 4.758889293087811, 45.851666467481834 ], [ 4.760166768280495, 45.851188893134065 ], [ 4.761295817377603, 45.850741507076137 ], [ 4.762344878077864, 45.850196822640747 ], [ 4.765378202227221, 45.848430150681629 ], [ 4.766464284353305, 45.847650598099818 ], [ 4.767244029355182, 45.846661629485304 ], [ 4.769748498635658, 45.843340070136939 ], [ 4.771350821248237, 45.841154124342403 ], [ 4.771526810629011, 45.840403221763687 ], [ 4.776891144702687, 45.813382610548928 ], [ 4.75463201322, 45.783404310895023 ], [ 4.754416548346873, 45.783093914322627 ], [ 4.754209922012238, 45.782783327176247 ], [ 4.75220983250239, 45.765220468531098 ], [ 4.756450805338782, 45.736740157511662 ], [ 4.756665118292056, 45.736096470379593 ], [ 4.757102127727108, 45.735474983029874 ], [ 4.757684406022197, 45.734832358315963 ], [ 4.758379359276272, 45.73430431124244 ], [ 4.759535893381917, 45.733568274878166 ], [ 4.777470189672498, 45.726032864049159 ], [ 4.790891192640589, 45.720987580396461 ], [ 4.830141356546987, 45.662559901133598 ], [ 4.829866819523442, 45.660162717123164 ], [ 4.829009740980605, 45.656077286142057 ], [ 4.828345979411307, 45.653940788763755 ], [ 4.82814844511548, 45.653333107682457 ], [ 4.796096084983003, 45.576107995989439 ], [ 4.83153693193426, 45.547540977879109 ], [ 4.864441458858336, 45.537351105555665 ], [ 4.866011987783443, 45.536685522988478 ], [ 4.868015863035856, 45.535695073185394 ], [ 4.86969981127397, 45.534711833565474 ], [ 4.870878129060726, 45.53387504318578 ], [ 4.871922282140665, 45.532906266230164 ], [ 4.872524816604236, 45.532082510534352 ], [ 4.872809562601689, 45.531310964834759 ], [ 4.872677477275784, 45.529828790814221 ], [ 4.872301927285047, 45.528622169549166 ], [ 4.871734506088242, 45.527419898229887 ], [ 4.869623848811954, 45.524677421034689 ], [ 4.86847884337915, 45.523443215715623 ], [ 4.864330356856067, 45.519531647791901 ], [ 4.860188617960618, 45.51575480352097 ], [ 4.856649395353827, 45.512755197899729 ], [ 4.84915181887192, 45.506732476589015 ], [ 4.845234493353658, 45.503625154872829 ], [ 4.841915416199444, 45.500999345640373 ], [ 4.841453623270901, 45.50069466666973 ], [ 4.813116776409631, 45.483864747146704 ], [ 4.812006086462514, 45.483349317991149 ], [ 4.801271970968286, 45.479356310917659 ], [ 4.796458701585287, 45.477572258432929 ], [ 4.79223885711016, 45.47617999143911 ], [ 4.789834462315704, 45.475332756387829 ], [ 4.78664536999641, 45.474097657075191 ], [ 4.782276361071784, 45.472213265230046 ], [ 4.781355906210728, 45.471648376022422 ], [ 4.766847272007745, 45.45733912659685 ], [ 4.755810789540787, 45.446238181434865 ], [ 4.741954118062991, 45.418681425088451 ], [ 4.741508566209965, 45.41725097425293 ], [ 4.741430432568118, 45.415452592336671 ], [ 4.741532087474625, 45.413380326980096 ], [ 4.763345824898344, 45.344595619767723 ], [ 4.781913603717111, 45.309826749705209 ], [ 4.811244472486205, 45.201644613934405 ], [ 4.816972207887877, 45.108943539789493 ], [ 4.828211062197366, 45.074972571318874 ], [ 4.839743565492123, 45.013070981839931 ], [ 4.842807993864068, 45.00193221252507 ], [ 4.853412040127161, 44.976906981671682 ], [ 4.854979940295601, 44.9737214971044 ], [ 4.857242679337634, 44.970205189381559 ], [ 4.858368625614889, 44.968469639789753 ], [ 4.860165056304978, 44.965863842306163 ], [ 4.861378550622715, 44.964666235949473 ], [ 4.862722695981573, 44.963555629472658 ], [ 4.864753070950692, 44.962204347601464 ], [ 4.867482669793521, 44.960621053630121 ], [ 4.869770149903169, 44.959353792581361 ], [ 4.873301648911113, 44.957293019053878 ], [ 4.87446363338002, 44.95636642898085 ], [ 4.875678659637234, 44.9552136209387 ], [ 4.885332135772043, 44.940961450867377 ], [ 4.886184987092683, 44.938826915508294 ], [ 4.886560237412736, 44.937333347746858 ], [ 4.886592721951013, 44.936657635430556 ], [ 4.860939087630007, 44.873701740157728 ], [ 4.86032143544898, 44.872635941901343 ], [ 4.84366003607965, 44.844281068886396 ], [ 4.813592952635219, 44.8154430448078 ], [ 4.799878050953774, 44.811187495800226 ], [ 4.688590582596646, 44.761477141736265 ], [ 4.674286957365802, 44.755888537435162 ], [ 4.660175710281458, 44.750529173312501 ], [ 4.654942135168796, 44.748688985340429 ], [ 4.553389163459072, 44.73148923025245 ], [ 4.49216920318412, 44.717163403711517 ], [ 4.488812485306481, 44.710979222149291 ], [ 4.486166923685018, 44.706850477320387 ], [ 4.481578833739079, 44.700184044545431 ], [ 4.480172292623743, 44.698184783730149 ], [ 4.448837187223102, 44.657549578272459 ], [ 4.445058569722787, 44.653540746631585 ], [ 4.440275507289175, 44.648758145117228 ], [ 4.438064561910637, 44.646700713150153 ], [ 4.417073717939645, 44.628319664788151 ], [ 4.246964172884471, 44.479756527384318 ], [ 4.159138377230682, 44.411755900697798 ], [ 4.126422948069828, 44.370841905625909 ], [ 4.14201127292522, 44.309268634347212 ], [ 4.173266340248231, 44.275713131195744 ], [ 4.189791312724638, 44.26459846969064 ], [ 4.181119637182386, 44.24646071452301 ], [ 4.169650955679912, 44.230615777128293 ], [ 4.068737341866638, 44.125309060205836 ], [ 3.869789671898106, 43.977916909106753 ], [ 3.869484359296552, 43.977706524231962 ], [ 3.869091057216884, 43.977436681169671 ], [ 3.854845275107858, 43.96900513474521 ], [ 3.853719377332353, 43.968483565338012 ], [ 3.853563383265245, 43.968411556060794 ], [ 3.853446971989619, 43.968364846744933 ], [ 3.852960147117621, 43.968171559384807 ], [ 3.852817798144962, 43.968115094834104 ], [ 3.852710842141989, 43.968072749008641 ], [ 3.852513927146821, 43.968041771771546 ], [ 3.851821615012381, 43.967933391949515 ], [ 3.819135693332564, 43.96798781365333 ], [ 3.759448426769113, 43.97076362300858 ], [ 3.742732597665178, 43.974451606901638 ], [ 3.736721389916189, 43.975980113509017 ], [ 3.73604565588076, 43.976159643590393 ], [ 3.735563701834244, 43.976497406440217 ], [ 3.735028645729108, 43.976827981473988 ], [ 3.734769534788527, 43.976987540095735 ], [ 3.733903561580886, 43.977438126809652 ], [ 3.732573923054568, 43.978054255174762 ], [ 3.729820370543592, 43.979253950263931 ], [ 3.725037288129364, 43.980594117814121 ], [ 3.724660638831981, 43.980691084981864 ], [ 3.724172152475682, 43.980765872849645 ], [ 3.724037021480952, 43.980777710469894 ], [ 3.723540707750324, 43.980818876326126 ], [ 3.721383527942911, 43.980572085390754 ], [ 3.710953078700325, 43.979220611720315 ], [ 3.710909237802784, 43.979209925494551 ], [ 3.710205370092612, 43.979035602088572 ], [ 3.709853167933139, 43.978856839477103 ], [ 3.694630542797272, 43.970848538190879 ], [ 3.688408355189151, 43.96557712086851 ], [ 3.643346348318657, 43.923719734404926 ], [ 3.642439864360696, 43.922876455358917 ], [ 3.641436751105284, 43.921175670034934 ], [ 3.639575261526907, 43.917772345982165 ], [ 3.639216221209656, 43.916692087689668 ], [ 3.639233786688111, 43.916305257676683 ], [ 3.639973430396557, 43.914727441525208 ], [ 3.640149637902817, 43.914275772660083 ], [ 3.640192033371719, 43.91371781379253 ], [ 3.640197378350553, 43.913645820616424 ], [ 3.640066879377484, 43.913378774365945 ], [ 3.63791419636796, 43.908988787533055 ], [ 3.636586860602681, 43.906620896902432 ], [ 3.635533767226481, 43.905501727328932 ], [ 3.635091448538156, 43.904954058232434 ], [ 3.634778707834258, 43.904566680209349 ], [ 3.63438830255838, 43.903807098935879 ], [ 3.632481993010752, 43.899280360358759 ], [ 3.637161546260884, 43.897291418611061 ], [ 3.637715776922255, 43.89706001234746 ], [ 3.639149473244149, 43.896683206057773 ], [ 3.639398080771224, 43.896680227663445 ], [ 3.639716256593223, 43.897000092259255 ], [ 3.640410237129611, 43.897441325107543 ], [ 3.641414994275743, 43.897878824984709 ], [ 3.641547682132161, 43.897971638657076 ], [ 3.641604548488991, 43.898011415897436 ], [ 3.64176698569651, 43.898181420059835 ], [ 3.641859352385085, 43.898278088993997 ], [ 3.642179408685689, 43.898678843888781 ], [ 3.642454753911375, 43.898959879608263 ], [ 3.643007032223668, 43.899523054020364 ], [ 3.643450381298933, 43.899877369079483 ], [ 3.644459340432283, 43.900494613166941 ], [ 3.646342862965013, 43.901290130856587 ], [ 3.646645342799595, 43.903624168803155 ], [ 3.645874521692876, 43.905791314813001 ], [ 3.645863305570926, 43.905844272570029 ], [ 3.645762618287851, 43.906332128183358 ], [ 3.645726330703543, 43.907456453556549 ], [ 3.645617666330198, 43.910838423404506 ], [ 3.645752351826173, 43.911286358968596 ], [ 3.646203058054191, 43.911955268267917 ], [ 3.646210306385425, 43.912269870932889 ], [ 3.645293320795939, 43.912956368038003 ], [ 3.645169990387873, 43.913001683756782 ], [ 3.644844445205272, 43.91324498921248 ], [ 3.644818462605706, 43.913264407917545 ], [ 3.644696191310813, 43.913355789978858 ], [ 3.644314090979274, 43.913641358070784 ], [ 3.644268083585791, 43.913668884659678 ], [ 3.642154597421023, 43.914926061275366 ], [ 3.643876295641955, 43.915257160836802 ], [ 3.650049543655494, 43.914255576117107 ], [ 3.65592857019179, 43.912476100894928 ], [ 3.655627874235987, 43.909868941826339 ], [ 3.655551179270282, 43.908674050115636 ], [ 3.655503943977522, 43.907174227575091 ], [ 3.655640208721334, 43.906816301492057 ], [ 3.658078611872693, 43.903412780959457 ], [ 3.658823803291035, 43.902570921335659 ], [ 3.659743927432094, 43.901532495837799 ], [ 3.660732431694156, 43.900561787358022 ], [ 3.664545618341046, 43.896918849587152 ], [ 3.665180769363761, 43.896297449354506 ], [ 3.666445446567105, 43.892656339407736 ], [ 3.668614352426481, 43.885662854760014 ], [ 3.669449999786474, 43.882962051430788 ], [ 3.669800072517941, 43.881821520558802 ], [ 3.670059218374316, 43.880514647463201 ], [ 3.501886096490569, 43.750280148432424 ], [ 3.498628683561233, 43.748051898530171 ], [ 3.497162522315835, 43.747227045965822 ], [ 3.489561372003203, 43.743422264270912 ], [ 3.487436155905242, 43.742377297470291 ], [ 3.486744445336168, 43.74220259168483 ], [ 3.485632304591158, 43.742085151375647 ], [ 3.468359786416384, 43.741900428479724 ], [ 3.467265045220528, 43.741954547569634 ], [ 3.465536076471648, 43.742189435201411 ], [ 3.462444964354292, 43.743145261483583 ], [ 3.458516037884539, 43.744655795613788 ], [ 3.309192203230771, 43.787278391849561 ], [ 3.32076544756454, 43.686892398232501 ], [ 3.330285158638623, 43.667077316418805 ], [ 3.330756262910277, 43.665378863678562 ], [ 3.330810705503104, 43.664492622506678 ], [ 3.33052806273388, 43.663071651821149 ], [ 3.330017202106254, 43.662203478347166 ], [ 3.329283802518705, 43.66152933426541 ], [ 3.283892794599304, 43.638989523611542 ], [ 3.282727838588446, 43.638461721009286 ], [ 3.281655005124971, 43.638191317370747 ], [ 3.267063232176908, 43.63595956457722 ], [ 3.266323925312862, 43.635931121239445 ], [ 3.26579586388319, 43.63600604921163 ], [ 3.26512716234444, 43.636207016250076 ], [ 3.23502062956944, 43.648148386760077 ], [ 3.189901914887858, 43.666481588495358 ], [ 3.185552613086667, 43.670111752482526 ], [ 3.154541891141754, 43.673603800670591 ], [ 3.117211661423822, 43.663814242129313 ], [ 3.104470655837169, 43.659643430148634 ], [ 3.104162295297243, 43.644500914092696 ], [ 3.106108614633103, 43.625613545413806 ], [ 3.112293840642046, 43.595052637763715 ], [ 3.116089835850822, 43.58931781371944 ], [ 3.13124164072341, 43.576866095087588 ], [ 3.135875897477768, 43.575633384333095 ], [ 3.14485542974549, 43.575443008001471 ], [ 3.155061145232826, 43.564484016785009 ], [ 3.158130141456827, 43.552284899098439 ], [ 3.158217650017371, 43.541617206992441 ], [ 3.094040896451085, 43.497407613392262 ], [ 3.092189535987243, 43.49652771121611 ], [ 3.089523423905781, 43.495649095522026 ], [ 3.086765310965346, 43.494978106881661 ], [ 3.084014469758519, 43.494859136040489 ], [ 3.065312018693862, 43.497607721709088 ], [ 3.018459918560722, 43.505294172860992 ], [ 3.016134141639348, 43.505753051067174 ], [ 2.859675666624381, 43.386949628213138 ], [ 2.858962182748253, 43.386624649000538 ], [ 2.858002646213193, 43.386319829622451 ], [ 2.837393761371674, 43.380114747961308 ], [ 2.798240404131639, 43.368365442595895 ], [ 2.795518301989601, 43.367667007907045 ], [ 2.775114612516049, 43.362689104334173 ], [ 2.728942940671195, 43.354706058022522 ], [ 2.724349552692666, 43.353972109901747 ], [ 2.715698237983328, 43.352721848427947 ], [ 2.712565178072741, 43.352474918848074 ], [ 2.710414653448155, 43.352513830349459 ], [ 2.540802596664314, 43.362968559946815 ], [ 2.440988497782315, 43.370064034498341 ], [ 2.342479630721747, 43.369220900649509 ], [ 2.263798803346809, 43.344916690323018 ], [ 2.171761790441319, 43.359594508893309 ], [ 2.163816280792652, 43.357670212825916 ], [ 2.160006926382835, 43.357197858673686 ], [ 2.158656089581933, 43.357202367794784 ], [ 2.06652671796834, 43.360307069619573 ], [ 2.025217025128681, 43.378666628711436 ], [ 2.006865635091969, 43.388317227248962 ], [ 1.988672452678819, 43.407538214982623 ], [ 2.026694190335019, 43.442302576740786 ], [ 2.180623059988578, 43.497146215001017 ], [ 2.279885621363017, 43.508503220021076 ], [ 2.345691650286353, 43.495003635676774 ], [ 2.415848619513953, 43.487550851531402 ], [ 2.391155201557304, 43.539874100724312 ], [ 2.352775007186837, 43.576228810116433 ], [ 2.311372755399517, 43.610204158991202 ], [ 2.30231845175721, 43.662827017097463 ], [ 2.30136233780087, 43.669697147691679 ], [ 2.296700316634444, 43.719803052562433 ], [ 2.306325370287484, 43.745653392211729 ], [ 2.353044763005521, 43.894194981571246 ], [ 2.284995990574957, 44.002583022005041 ], [ 2.27524636693872, 44.017064946480431 ], [ 2.274880147677853, 44.017293995900445 ], [ 2.27406055378059, 44.017694726060157 ], [ 2.266549893260396, 44.021185184631079 ], [ 2.228602257335202, 44.036366050428057 ], [ 2.125552020642971, 44.068858919764011 ], [ 2.092011418035185, 44.075988089783515 ], [ 2.087647920096997, 44.07440365810789 ], [ 2.042439220950852, 44.067511669154626 ], [ 1.978705847499178, 44.079483194520648 ], [ 1.968525237125182, 44.084646038945564 ], [ 1.939529863334772, 44.099861552643517 ], [ 1.939268357938206, 44.10001119995249 ], [ 1.939149340996599, 44.10008044676546 ], [ 1.938785088503678, 44.100314009588807 ], [ 1.930720278458618, 44.107380507043516 ], [ 1.877052100754351, 44.226262195030664 ], [ 1.877045310742844, 44.227096159518602 ], [ 1.877481911428851, 44.232224477701457 ], [ 1.877985618241061, 44.232952688315741 ], [ 1.891393620942362, 44.250129906748022 ], [ 1.904108089648451, 44.257837661533202 ], [ 1.916753927316406, 44.263357512246706 ], [ 1.916884891597147, 44.263414215647451 ], [ 1.917640283271969, 44.263740828178854 ], [ 1.948032067608842, 44.276575777489846 ], [ 1.949812355807174, 44.277159835707096 ], [ 1.955344878145802, 44.278134692707283 ], [ 1.955798959989546, 44.278080076319505 ], [ 1.957757524645113, 44.27764740004293 ], [ 1.968272405082266, 44.275165591940478 ], [ 2.049910822036936, 44.379327289712819 ], [ 2.094462339878007, 44.443689831967347 ], [ 2.09552252126684, 44.445278280632998 ], [ 2.097450414601659, 44.44910558698664 ], [ 2.099337780280242, 44.460544122117092 ], [ 2.106647375126394, 44.516295075459695 ], [ 2.101214450563718, 44.590783025444608 ], [ 2.057965639335079, 44.611510768053314 ], [ 2.025051325670248, 44.623051068418398 ], [ 1.97404679389713, 44.655793684649261 ], [ 1.931835929435231, 44.686423496531859 ], [ 1.847057434275499, 44.748426318088875 ], [ 1.842593350448265, 44.769066310173123 ], [ 1.839466747804393, 44.79925546472461 ], [ 1.840484839695752, 44.808110618277041 ], [ 1.840554063173091, 44.808407748078089 ], [ 1.842743045890745, 44.812788901958008 ], [ 1.843132418403659, 44.813501211469791 ], [ 1.843370113169637, 44.813772110233906 ], [ 1.846848298027785, 44.817547320507309 ], [ 1.862259423957331, 44.833885815192595 ], [ 1.862903781382859, 44.834482226029372 ], [ 1.863136151931893, 44.834564174770065 ], [ 1.863343366838654, 44.834538080164037 ], [ 1.863684933173238, 44.834413620835768 ], [ 1.864973579398135, 44.833843484678567 ], [ 1.86526732661232, 44.83367384320789 ], [ 1.879642951299885, 44.836369737371925 ], [ 1.879838864724011, 44.836469489033327 ], [ 1.882248312867486, 44.83932172564667 ], [ 1.901221853986266, 44.862271538841135 ], [ 1.902846869706498, 44.864526602211839 ], [ 1.902903965308167, 44.864706719842005 ], [ 1.903152986708238, 44.881194969737649 ], [ 1.903108984218705, 44.881464638627165 ], [ 1.902821330502431, 44.883172506646218 ], [ 1.876338459052358, 44.940344461641587 ], [ 1.875984533775367, 44.940644317834753 ], [ 1.874894835729027, 44.941567375026246 ], [ 1.874531331190655, 44.941875057340894 ], [ 1.863145622721594, 44.947810774127277 ], [ 1.85397967794545, 44.946182395801621 ], [ 1.795531398744277, 44.945721746633858 ], [ 1.786376682853126, 44.94575189520522 ], [ 1.785953483820137, 44.945799260785414 ], [ 1.77929110577485, 44.946591170537694 ], [ 1.778796429205813, 44.946739342682626 ], [ 1.774849734042587, 44.950544504199641 ], [ 1.744271420809778, 44.992242730683046 ], [ 1.739313983526971, 45.010945327586086 ], [ 1.73601708660069, 45.015928872890633 ], [ 1.710346934065361, 45.038340252143804 ], [ 1.708715348917272, 45.039156341868747 ], [ 1.639743664485876, 45.069075604141162 ], [ 1.626160119932647, 45.074466540332978 ], [ 1.622261601724761, 45.075716607495551 ], [ 1.414192164620203, 45.120067400726448 ], [ 1.385516838806057, 45.105035850034106 ], [ 1.379696303319618, 45.100108840793766 ], [ 1.371316217279908, 45.090548844574755 ], [ 1.359076886837229, 45.080812575094775 ], [ 1.355895195262295, 45.080079418496204 ], [ 1.353777729773968, 45.080044924116237 ], [ 1.34305000694732, 45.080403598224926 ], [ 1.204596360344347, 45.129680271382135 ], [ 1.199909052482405, 45.132792318996735 ], [ 1.165326475910179, 45.147487088905876 ], [ 1.159686664430435, 45.149904834760257 ], [ 1.158881594808322, 45.150323628313799 ], [ 1.158543246180217, 45.150578686449037 ], [ 1.136579421381167, 45.195067587237901 ], [ 1.137546384412778, 45.196360046495123 ], [ 1.137794017971692, 45.196677600692411 ], [ 1.14466988935414, 45.203704845453466 ], [ 1.145957933236657, 45.2042831934777 ], [ 1.146882409769257, 45.204624846461947 ], [ 1.157357773203699, 45.205370773068353 ], [ 1.163686927561743, 45.205062153072042 ], [ 1.166603855616095, 45.205542734902586 ], [ 1.170376326819404, 45.208805423852269 ], [ 1.171290271861976, 45.209640450019791 ], [ 1.172206889557362, 45.211449379135814 ], [ 1.172165390304124, 45.213428199285282 ], [ 1.170298617733191, 45.227274685703378 ], [ 1.169949455205746, 45.228024491480554 ], [ 1.132988429962003, 45.30429906292273 ], [ 1.100983041098292, 45.33712036826261 ], [ 1.006041555361561, 45.402111816179307 ], [ 0.999853449262749, 45.405749230718172 ], [ 0.99894112414584, 45.406090314242405 ], [ 0.951914835101256, 45.421243961848511 ], [ 0.924475888575955, 45.426747287883458 ], [ 0.875443016010204, 45.424557011312963 ], [ 0.873399311224738, 45.424530224607636 ], [ 0.845709264790679, 45.425513265137489 ], [ 0.84460260536657, 45.425712166942688 ], [ 0.841849189339085, 45.426220798460811 ], [ 0.84131931122483, 45.426338541648541 ], [ 0.827084458674512, 45.432895193640583 ], [ 0.826702933670563, 45.433119475467755 ], [ 0.711065358683687, 45.506688828611573 ], [ 0.685848895513694, 45.526336938086921 ], [ 0.671305533319877, 45.559385967793489 ], [ 0.631353509592316, 45.602380736631041 ], [ 0.619503455401235, 45.612504101664122 ], [ 0.619166784259459, 45.612764396323513 ], [ 0.618823111143759, 45.613017833602541 ], [ 0.618446493590902, 45.61324826762322 ], [ 0.617663511858978, 45.613686178647207 ], [ 0.533076243215041, 45.648398045513268 ], [ 0.503272384273884, 45.662996509226083 ], [ 0.499421792282807, 45.666434055454388 ], [ 0.509747578934623, 45.668015734273581 ], [ 0.520315476124939, 45.671103206975744 ], [ 0.524442467840838, 45.672546868255694 ], [ 0.53387672923893, 45.67596565896185 ], [ 0.545904057388059, 45.680855931091379 ], [ 0.546246687702161, 45.681176367515576 ], [ 0.54837011694903, 45.684971818839166 ], [ 0.554178797147407, 45.706382801145779 ], [ 0.554428198172527, 45.707952581416542 ], [ 0.553061001386908, 45.709874615353534 ], [ 0.552690699953933, 45.70996771325629 ], [ 0.524194913827119, 45.791114381161428 ], [ 0.598841772673205, 45.907319483546644 ], [ 0.610115377077195, 45.927533848310638 ], [ 0.631538089352619, 45.967365963494316 ], [ 0.645363060483141, 45.994778300119265 ], [ 0.635312318443372, 46.008557529795432 ], [ 0.601743203089064, 46.033612453876593 ], [ 0.589431207714783, 46.080922268426029 ], [ 0.58945617897867, 46.080924904699046 ], [ 0.581314420569734, 46.099197471699782 ], [ 0.574918818932631, 46.113827358155717 ], [ 0.598767027054905, 46.147223732899008 ], [ 0.633960270256764, 46.182426109016838 ], [ 0.713388444264135, 46.222109257849965 ], [ 0.896746077976434, 46.316707904738749 ], [ 0.977056866250316, 46.372530578573134 ], [ 0.979174841150573, 46.373840437071756 ], [ 0.990530491880651, 46.380767130433647 ], [ 1.002075901504587, 46.382696360637006 ], [ 1.004371926770568, 46.382799816716478 ], [ 1.007890773292735, 46.382546369888708 ], [ 1.027278770386136, 46.378578507902894 ], [ 1.064010361086663, 46.382015165899652 ], [ 1.20312320452449, 46.406296968205332 ], [ 1.219940061923013, 46.409682565939477 ], [ 1.23128607425935, 46.413376949972879 ], [ 1.382238061959215, 46.467066746917887 ], [ 1.391580151462177, 46.472118191330111 ], [ 1.444659681839679, 46.492730616488984 ], [ 1.448656254822118, 46.493852833785482 ], [ 1.970307101605114, 46.570232968121459 ], [ 2.01854996412004, 46.536992823952438 ], [ 2.105560938781649, 46.526575466913307 ], [ 2.243992134857719, 46.536334352413739 ], [ 2.336461055708566, 46.546754861865828 ], [ 2.337581660185358, 46.547006775235459 ], [ 2.338566175281021, 46.547411625429781 ], [ 2.341653492036092, 46.548887027886877 ], [ 2.343506953892852, 46.549885589117665 ], [ 2.344150877724053, 46.550272415542047 ], [ 2.430481032150662, 46.566275806935835 ], [ 2.431770452218311, 46.564205475004947 ], [ 2.431820856160329, 46.564124461751838 ], [ 2.4326313590367, 46.562819246351204 ], [ 2.471816139992705, 46.505728375270941 ], [ 2.471959020907708, 46.505219882414877 ], [ 2.473409004363857, 46.469039389365697 ], [ 2.484616712714079, 46.43148125827485 ], [ 2.52178128718925, 46.367406873979299 ], [ 2.557375608173366, 46.321267581897409 ], [ 2.572622785132972, 46.316437065119764 ], [ 2.612261491685259, 46.308196576797094 ], [ 2.613058352736404, 46.308205887881087 ], [ 2.613343991719217, 46.308209691349134 ], [ 2.62688021217308, 46.308688759619855 ], [ 2.627921060019621, 46.308800808783992 ], [ 2.628796450088153, 46.309077469701435 ], [ 2.629423516462305, 46.309348016132041 ], [ 2.630066549221802, 46.309870434771632 ], [ 2.630296946876519, 46.310162243197077 ], [ 2.630617151533583, 46.310856436050543 ], [ 2.63077992922742, 46.311548786300705 ], [ 2.634856619251241, 46.398393134629785 ], [ 2.630124829342773, 46.428898485189436 ], [ 2.626062978843604, 46.441329206613254 ], [ 2.6246301255164, 46.444475031165737 ], [ 2.62037192834598, 46.450920795956272 ], [ 2.616244823198363, 46.456155983178185 ], [ 2.641508260836279, 46.503255483681819 ], [ 2.641825241029423, 46.503726975123293 ], [ 2.642133868524609, 46.504160251067539 ], [ 2.647165815597579, 46.511018072534242 ], [ 2.648364573303115, 46.512560026040219 ], [ 2.649497696529983, 46.51400767914761 ], [ 2.650568905166866, 46.515160841833108 ], [ 2.651134191169371, 46.515726091399983 ], [ 2.652583297133893, 46.517139103649626 ], [ 2.653346320233407, 46.517802760638055 ], [ 2.653394601044695, 46.517840863537501 ], [ 2.657552255144624, 46.52104114711495 ], [ 2.66226034340362, 46.524658066752458 ], [ 2.720588417969942, 46.590259949693795 ], [ 2.780444604555952, 46.62443143955543 ], [ 2.809514121190879, 46.633239737301793 ], [ 2.818926071587488, 46.633515282839205 ], [ 2.819683654496969, 46.633521078946259 ], [ 2.841498615968481, 46.633170339566014 ], [ 2.879206544942871, 46.614623389436936 ], [ 2.879647462758318, 46.614405365896168 ], [ 2.87973083035208, 46.614011351407953 ], [ 2.87855849335519, 46.607507602419382 ], [ 2.865935470973996, 46.568472610132332 ], [ 2.859253635447178, 46.55321072833236 ], [ 2.858840824793973, 46.552409634391736 ], [ 2.858388348838381, 46.551635711488153 ], [ 2.857446549107595, 46.550151007755332 ], [ 2.857167062011928, 46.549733921828199 ], [ 2.856983499475511, 46.549460350076082 ], [ 2.832228057412411, 46.515422394462462 ], [ 2.740958755440848, 46.493971682567441 ], [ 2.726452300441135, 46.501377255894234 ], [ 2.72568482232137, 46.501663282719413 ], [ 2.724644893907203, 46.501885003889392 ], [ 2.724115678895829, 46.501898050178717 ], [ 2.723948763324247, 46.501900866657252 ], [ 2.723484580000259, 46.501897944325982 ], [ 2.722076335337918, 46.501857729613768 ], [ 2.720794296903266, 46.501700111529082 ], [ 2.719661361209096, 46.501553224370774 ], [ 2.719145824273035, 46.501426748439492 ], [ 2.718555232672006, 46.501280278455432 ], [ 2.717651457439704, 46.500831204604225 ], [ 2.717076933106701, 46.500419262429148 ], [ 2.716774922879072, 46.500199843973633 ], [ 2.716087899301365, 46.499651068011119 ], [ 2.715240213695096, 46.498830663051088 ], [ 2.714713286259229, 46.498114902898365 ], [ 2.714246047947723, 46.49731572054484 ], [ 2.713894489494579, 46.496522901205488 ], [ 2.713689227565436, 46.495925281235493 ], [ 2.713091780696014, 46.493484575839645 ], [ 2.713024331072871, 46.493032700288566 ], [ 2.71297204484552, 46.492418828951315 ], [ 2.713562637159847, 46.473673900563114 ], [ 2.713790882608083, 46.470438724982806 ], [ 2.714494562381962, 46.463483961289235 ], [ 2.721128727033319, 46.419695757377134 ], [ 2.767514140868089, 46.377308595971577 ], [ 2.768188153566608, 46.376959652445457 ], [ 2.768640945113976, 46.376786988626108 ], [ 2.769532102427404, 46.376569918882758 ], [ 2.770242309230544, 46.376483989962104 ], [ 2.804448036298078, 46.374794156359528 ], [ 2.903026826836579, 46.386658401288798 ], [ 2.921353575259516, 46.41647226548848 ], [ 2.950108339923576, 46.452770695742295 ], [ 2.953491780516552, 46.456902360352103 ], [ 2.954614689933038, 46.458124385128272 ], [ 2.955259131732558, 46.458768681910534 ], [ 2.955862464826085, 46.459302983245124 ], [ 2.957516149022926, 46.46060756465122 ], [ 2.960043127512733, 46.462557390014744 ], [ 2.960725569677999, 46.463028252397223 ], [ 2.960855955484385, 46.46311526010259 ], [ 2.962892895372855, 46.464467146798796 ], [ 2.963381566506945, 46.464714129556448 ], [ 2.96454846187509, 46.465272273153872 ], [ 2.965335626531948, 46.465573833351264 ], [ 2.965948613169397, 46.465802124256967 ], [ 3.046561302589663, 46.49429463199391 ], [ 3.197862645611109, 46.521500597818445 ], [ 3.247810370110636, 46.541711766551153 ], [ 3.178288789449673, 46.532943062014681 ], [ 3.16550829045572, 46.531608402594834 ], [ 3.164438420451294, 46.531499213401275 ], [ 3.159210361760966, 46.531048963128299 ], [ 3.158389038482803, 46.531048140414399 ], [ 3.157791792728059, 46.531047946748302 ], [ 3.156845516706873, 46.53118972124598 ], [ 3.155957453428619, 46.531355812023165 ], [ 3.155210397539964, 46.531525381769292 ], [ 3.154513607782721, 46.531840792532812 ], [ 3.154036748733545, 46.532206356425469 ], [ 3.153791883651055, 46.532394807078347 ], [ 3.153493341567388, 46.532698357920502 ], [ 3.15291211524317, 46.533656239488842 ], [ 3.149850126236442, 46.538941564187759 ], [ 3.149468435987243, 46.539628083250641 ], [ 3.149144893010321, 46.54033443041412 ], [ 3.147418359200896, 46.544118849693504 ], [ 3.146197608577818, 46.549206508274871 ], [ 3.146131584453548, 46.549643346595779 ], [ 3.146119776316859, 46.549780639398044 ], [ 3.146081863216605, 46.550244269976034 ], [ 3.146031631789437, 46.551029641716575 ], [ 3.146077907957403, 46.551454435935561 ], [ 3.156174646143138, 46.60791229008538 ], [ 3.156324019636812, 46.608347584624738 ], [ 3.156456974975653, 46.608668281796028 ], [ 3.156494743736488, 46.608737739272776 ], [ 3.156698581027464, 46.609105162578928 ], [ 3.157055468948151, 46.609556959418114 ], [ 3.157521045078018, 46.609965236466486 ], [ 3.158601224297188, 46.610814451511516 ], [ 3.159116490971325, 46.611215616325687 ], [ 3.159981374840461, 46.611479298313434 ], [ 3.160434557399568, 46.611606488533852 ], [ 3.160893453504867, 46.611733635704525 ], [ 3.161643263852599, 46.611887919672498 ], [ 3.162831296764964, 46.612043525995063 ], [ 3.165117259985135, 46.61217091169857 ], [ 3.166239222746701, 46.612167260644526 ], [ 3.168989636886403, 46.612037018928859 ], [ 3.17059320797694, 46.611831871624872 ], [ 3.171382727132126, 46.611648403695675 ], [ 3.172231508850138, 46.611392518157132 ], [ 3.172828566959874, 46.611111478954598 ], [ 3.186832600999594, 46.600074043651951 ], [ 3.192076723660919, 46.592366883606623 ], [ 3.236057733201667, 46.625741746114613 ], [ 3.058147744656069, 46.751344066215587 ], [ 3.049978492834287, 46.757198317785203 ], [ 3.046814576112694, 46.760501880116422 ], [ 3.045204166683599, 46.762491189335854 ], [ 3.041533561668315, 46.767147274309721 ], [ 3.038383146014505, 46.771575123681266 ], [ 3.037548401438539, 46.772839806186596 ], [ 3.03722863616103, 46.773426563144959 ], [ 3.036528856231916, 46.77500530366305 ], [ 3.036153492354283, 46.776357134881586 ], [ 3.032060303433239, 46.794105954802681 ], [ 3.050016490490278, 46.908884736839639 ], [ 3.050302251285109, 46.910637317493538 ], [ 3.050977689726921, 46.912072588145826 ], [ 3.053602790068753, 46.916959421931487 ], [ 3.053804510407271, 46.917318029633044 ], [ 3.066372343681441, 46.938830872110863 ], [ 3.068382173964651, 46.941741999385179 ], [ 3.078996366501155, 46.954395158843617 ], [ 3.067698621650565, 46.902259846638188 ], [ 3.091414336536483, 46.898307440559741 ], [ 3.158190420647272, 46.88491355229376 ], [ 3.138556056909088, 46.857767225058765 ], [ 3.121487277283532, 46.844889328279507 ], [ 3.055628721400819, 46.783697200111149 ], [ 3.05411239906639, 46.782134498293281 ], [ 3.053589742521135, 46.781548473340173 ], [ 3.053187997841151, 46.781067403316371 ], [ 3.049646883631615, 46.776411106779044 ], [ 3.048344092128055, 46.774626574224769 ], [ 3.047360636325537, 46.773220165279596 ], [ 3.047088271116378, 46.772673042919578 ], [ 3.046397708373785, 46.770880188855088 ], [ 3.046153487438783, 46.770168695659031 ], [ 3.046023077257101, 46.769460995205321 ], [ 3.045882445775862, 46.768098830741287 ], [ 3.045779206378637, 46.767028834723121 ], [ 3.045711541920662, 46.765301841450736 ], [ 3.045705096409309, 46.764935256023286 ], [ 3.045907878061489, 46.764050050207047 ], [ 3.04614375653752, 46.763567251978678 ], [ 3.046397728761442, 46.763154067334639 ], [ 3.046779349151177, 46.762616382238626 ], [ 3.047227758640112, 46.762055787914171 ], [ 3.047656739449948, 46.761574036606092 ], [ 3.048213623904651, 46.760988023637644 ], [ 3.048774598563538, 46.760464961037883 ], [ 3.050163476186946, 46.759311449378799 ], [ 3.050592122895396, 46.758993883064001 ], [ 3.051576450888941, 46.758499654127618 ], [ 3.068021178818113, 46.750658351329506 ], [ 3.068940611515432, 46.750288093603331 ], [ 3.069518386702669, 46.750061719480854 ], [ 3.069752755279341, 46.74997024843011 ], [ 3.070268147202913, 46.749789255034671 ], [ 3.070598281529029, 46.749701666758163 ], [ 3.074132060897174, 46.74883772888991 ], [ 3.077535676933078, 46.748273674017703 ], [ 3.07906534254749, 46.74802758874597 ], [ 3.080236475022145, 46.74788502955429 ], [ 3.086435616180114, 46.747230532735315 ], [ 3.11576595972333, 46.744342219502506 ], [ 3.125247632671715, 46.748056025780507 ], [ 3.153422670194092, 46.741025086984621 ] ] ], [ [ [ -0.80249626791725, 46.939224438232813 ], [ -0.801435755625403, 46.938776281589249 ], [ -0.779135898837914, 46.930101895218655 ], [ -0.556136618728432, 46.850187218566219 ], [ -0.555310647029668, 46.849956014367294 ], [ -0.55105409468758, 46.849127192823609 ], [ -0.539395150534608, 46.847008008847119 ], [ -0.511018744270055, 46.842000860980768 ], [ -0.476120540543825, 46.835841936464412 ], [ -0.435656037582315, 46.832967262159599 ], [ -0.362531294322836, 46.799914096734078 ], [ -0.34671064887404, 46.791806649451082 ], [ -0.345680621717399, 46.791173681763446 ], [ -0.344827165495933, 46.790590576167808 ], [ -0.343708923347114, 46.789788626307782 ], [ -0.338411625290798, 46.785699834181685 ], [ -0.335832091725649, 46.78362673162929 ], [ -0.314225732908124, 46.766189292696581 ], [ -0.313519828222035, 46.76549452623086 ], [ -0.312277518859573, 46.762894826376744 ], [ -0.31004755884921, 46.757572474393207 ], [ -0.302360845411987, 46.738234582918594 ], [ -0.298617278954772, 46.725277550628498 ], [ -0.277691101595054, 46.697250236908111 ], [ -0.239207701347484, 46.646807216040564 ], [ -0.238152788917853, 46.645651829310289 ], [ -0.237763074132973, 46.645264557335274 ], [ -0.237246761251173, 46.644826131692447 ], [ -0.236742177345665, 46.644522462622596 ], [ -0.236264316554232, 46.644308204189961 ], [ -0.223625562126638, 46.639227705031523 ], [ -0.183667773280512, 46.623240131693549 ], [ -0.176781423655867, 46.621447853449645 ], [ -0.175385813750245, 46.621127558869695 ], [ -0.171833404110318, 46.620701699708704 ], [ -0.157594079847703, 46.61946588562482 ], [ -0.157328593946022, 46.619489696180516 ], [ -0.146552750857324, 46.620472018020813 ], [ -0.003204381624199, 46.532125702385912 ], [ -0.146315240937812, 46.48283802869755 ], [ -0.146398454547001, 46.483268277838256 ], [ -0.146865621979023, 46.485076354632461 ], [ -0.146923898132584, 46.48526411089054 ], [ -0.147023307403477, 46.485531981204751 ], [ -0.147170671484678, 46.485699788949965 ], [ -0.156897024848568, 46.496747705842353 ], [ -0.157100635476789, 46.496959275907564 ], [ -0.157669748603958, 46.497288851093472 ], [ -0.158136632877831, 46.497485644597226 ], [ -0.160507469076151, 46.498135732646332 ], [ -0.16252837753202, 46.498262377090832 ], [ -0.164619938837189, 46.498198402242629 ], [ -0.196876392025502, 46.496530371730174 ], [ -0.220628327082498, 46.493415382119942 ], [ -0.23586793010181, 46.488642882491519 ], [ -0.394404290861916, 46.521333482044675 ], [ -0.395228779885843, 46.521592762524349 ], [ -0.395621512578906, 46.521727370228625 ], [ -0.413373058319451, 46.52801552450277 ], [ -0.458001771426224, 46.54387113428163 ], [ -0.706577401485083, 46.649996117603038 ], [ -0.798830789014516, 46.706301470122213 ], [ -0.803768926747442, 46.725442952476975 ], [ -0.806683409142482, 46.73589725426497 ], [ -0.80681593642405, 46.736289775527538 ], [ -0.809002888356838, 46.740398347078475 ], [ -0.825664533477112, 46.766670886724491 ], [ -0.859602657736746, 46.80976538517627 ], [ -0.860195705596209, 46.810478133483905 ], [ -0.86056995450448, 46.810845840257258 ], [ -0.860870834821514, 46.811116553200833 ], [ -0.885981112619524, 46.832381819479636 ], [ -0.963887331747867, 46.857885922122165 ], [ -1.008584440609799, 46.869609282541916 ], [ -1.01250954341282, 46.870944292983502 ], [ -1.015251864788884, 46.872331807893794 ], [ -0.982254403655884, 46.94666032677528 ], [ -0.980779832652041, 46.949566350795649 ], [ -0.97736603978328, 46.956175117637315 ], [ -0.974066713250595, 46.962420277020023 ], [ -0.958036074593194, 46.962314531998246 ], [ -0.950272621411175, 46.961996987650835 ], [ -0.946445489717933, 46.961116130389421 ], [ -0.932788878676276, 46.958237698460998 ], [ -0.930861135787165, 46.957914457518108 ], [ -0.927271112043059, 46.957503435280003 ], [ -0.926350534545576, 46.957421577704558 ], [ -0.913747661511155, 46.95675293579221 ], [ -0.912454025314504, 46.956780581494783 ], [ -0.911736228818349, 46.956809914802392 ], [ -0.910495208195803, 46.956899075800997 ], [ -0.907569794821542, 46.957125913260214 ], [ -0.904487757134651, 46.957393116597331 ], [ -0.892167086859184, 46.958974101574 ], [ -0.891349335296459, 46.959105161737142 ], [ -0.886660746840289, 46.960326461322957 ], [ -0.884351228466783, 46.961597839118006 ], [ -0.877714359530214, 46.966492955005315 ], [ -0.877113071881883, 46.968535641932476 ], [ -0.881749726613021, 46.976779165326697 ], [ -0.812969521756157, 46.943745125505821 ], [ -0.812787066353704, 46.943660101332469 ], [ -0.80249626791725, 46.939224438232813 ] ] ], [ [ [ 4.610242365866259, 46.737928992603685 ], [ 4.606376299198264, 46.737675051023167 ], [ 4.68074510358084, 46.835119547942021 ], [ 4.610242365866259, 46.737928992603685 ] ] ], [ [ [ 4.56353695307344, 46.913733508583775 ], [ 4.561718159751191, 46.910560329518816 ], [ 4.559408359303569, 46.907556389842426 ], [ 4.54633743166685, 46.894666862675834 ], [ 4.543314008856945, 46.891991366889293 ], [ 4.540805912434259, 46.890673875403259 ], [ 4.53910952045424, 46.890443228633345 ], [ 4.537364810180556, 46.890897476529958 ], [ 4.52095842035154, 46.900463045381343 ], [ 4.495808853312301, 46.920304495696215 ], [ 4.497865187682152, 46.887488702428065 ], [ 4.509543406675784, 46.860833190333317 ], [ 4.511133223631689, 46.858244820131105 ], [ 4.511349594604368, 46.857896468744556 ], [ 4.513387759523768, 46.855450299839227 ], [ 4.520902815662934, 46.847052111039055 ], [ 4.52805139799264, 46.841029622119912 ], [ 4.53206785253309, 46.838061471869132 ], [ 4.532462306768418, 46.837783911344786 ], [ 4.5360779969533, 46.835250791616325 ], [ 4.536706886507532, 46.834853963410986 ], [ 4.542826507361396, 46.831388241978296 ], [ 4.548305789501792, 46.828654547925908 ], [ 4.549387864929899, 46.828320893486548 ], [ 4.554557697368444, 46.826726873358808 ], [ 4.499438416136174, 46.812395820037239 ], [ 4.312178980522183, 46.772360331208574 ], [ 4.305129354351027, 46.772061122214993 ], [ 4.259263464115335, 46.773158307996049 ], [ 4.258071806246181, 46.773396558806702 ], [ 4.256985041409918, 46.773615038004884 ], [ 4.235555908742849, 46.78322611140463 ], [ 4.235288418457968, 46.783349788864136 ], [ 4.231462242939124, 46.785147795490417 ], [ 4.231264904275902, 46.785241054362984 ], [ 4.229027312935306, 46.786906924071495 ], [ 4.227326705359066, 46.788617872213109 ], [ 4.226411443304732, 46.790894022576964 ], [ 4.207587106216012, 46.846185182930874 ], [ 4.207350769348452, 46.848186818500693 ], [ 4.20745824720638, 46.85128521522104 ], [ 4.20857219190945, 46.853570762617842 ], [ 4.208983536446657, 46.854414446087326 ], [ 4.210876234599572, 46.855960576846329 ], [ 4.213349121176076, 46.856552283195605 ], [ 4.222767614064122, 46.858552910861768 ], [ 4.225776605566051, 46.859133278168365 ], [ 4.229144444669964, 46.859025965286541 ], [ 4.233988308007813, 46.857314791706521 ], [ 4.242666106268075, 46.854594796654474 ], [ 4.248240066288361, 46.85356603835757 ], [ 4.248299562128689, 46.853556046683103 ], [ 4.249432146471666, 46.853496649731369 ], [ 4.251282443172639, 46.85340050361868 ], [ 4.255124499800968, 46.853705203778624 ], [ 4.258060310433962, 46.854391689991481 ], [ 4.259997676214169, 46.854989125799719 ], [ 4.265217030409164, 46.857371662354218 ], [ 4.267437793080945, 46.859489559392408 ], [ 4.268110997066581, 46.861161053675161 ], [ 4.268980764925212, 46.864037364872964 ], [ 4.269080533606403, 46.866820914067006 ], [ 4.268497768368519, 46.869827447205168 ], [ 4.253084719687683, 46.905198225273388 ], [ 4.249714514528177, 46.912876640391829 ], [ 4.245852800900203, 46.91861933132359 ], [ 4.232786258445634, 46.935400794161026 ], [ 4.453851254257758, 46.982465461839361 ], [ 4.473754000237465, 46.979671477094037 ], [ 4.481227865352277, 46.97843421220805 ], [ 4.503228719671148, 46.972607985543803 ], [ 4.506874092480337, 46.97159193542155 ], [ 4.510270348753587, 46.970108000902506 ], [ 4.512621498393531, 46.968529026780608 ], [ 4.513410232665592, 46.96799884567907 ], [ 4.563429940026905, 46.914838078208135 ], [ 4.563440876665939, 46.914725366713384 ], [ 4.56353695307344, 46.913733508583775 ] ] ], [ [ [ 3.508422524746078, 47.034330592561297 ], [ 3.507099071271643, 47.035610406844761 ], [ 3.506177254951475, 47.036564476382125 ], [ 3.502324412174629, 47.041219078953311 ], [ 3.501554615147676, 47.042212054327486 ], [ 3.501200018356786, 47.042892672537327 ], [ 3.453193759152718, 47.137599464206389 ], [ 3.45471220623263, 47.19338659909323 ], [ 3.494141495405203, 47.229694906686767 ], [ 3.49473968567642, 47.229720395044318 ], [ 3.514407478820083, 47.19488880841066 ], [ 3.538484950798517, 47.050345628461223 ], [ 3.53859823074466, 47.049561697851324 ], [ 3.538623418677614, 47.046347221394804 ], [ 3.536033025638177, 47.041709261213086 ], [ 3.535243506760943, 47.040462394471469 ], [ 3.528825905371145, 47.031082126847451 ], [ 3.528257116178756, 47.030503209153643 ], [ 3.527507702086887, 47.02978895319977 ], [ 3.526542347198433, 47.028903732461046 ], [ 3.525780138685042, 47.028389783728805 ], [ 3.525002720847104, 47.027893981440251 ], [ 3.524092151999656, 47.027363560518111 ], [ 3.523293821751759, 47.027036658772722 ], [ 3.522402262211666, 47.026807431942245 ], [ 3.51871435869265, 47.025963683761503 ], [ 3.517889290150541, 47.025951918677713 ], [ 3.517325379239881, 47.026261362483183 ], [ 3.508422524746078, 47.034330592561297 ] ] ], [ [ [ 4.19557636211119, 47.440283880658434 ], [ 4.19569757822675, 47.440313426962724 ], [ 4.197265978576331, 47.440722379560285 ], [ 4.198625318804699, 47.44117291024962 ], [ 4.199751630541568, 47.441548444594474 ], [ 4.200765013151302, 47.44194153063814 ], [ 4.201756786937011, 47.442379943205665 ], [ 4.202562444723163, 47.442900072621477 ], [ 4.215580437943058, 47.455389665800993 ], [ 4.217747276331751, 47.458431651824263 ], [ 4.237665669807578, 47.457184424422138 ], [ 4.304233520612406, 47.436003959639692 ], [ 4.305635739337791, 47.435550492061502 ], [ 4.30567723594897, 47.435529541759585 ], [ 4.306911432178075, 47.434880962433752 ], [ 4.311658413447571, 47.431846600596813 ], [ 4.354972922531633, 47.289905220121135 ], [ 4.344645315756552, 47.158396052315659 ], [ 4.328924995082088, 47.119488472139942 ], [ 4.291947673500275, 47.053704811977788 ], [ 4.26247890831381, 47.046915285492759 ], [ 4.231136189347779, 47.037134651972572 ], [ 4.219582526753975, 47.033230046862016 ], [ 4.193028390793183, 47.010224970827707 ], [ 4.18146786710062, 46.940682601830297 ], [ 4.182622857894025, 46.930324450212815 ], [ 4.075996148929912, 46.908141807132544 ], [ 4.074761289862652, 46.907258421676467 ], [ 4.074412623039522, 46.907007246105877 ], [ 4.071848264204108, 46.905100134257232 ], [ 4.068074840896889, 46.902052664336821 ], [ 4.067146789949713, 46.900851868958647 ], [ 4.064999522258537, 46.896940642254549 ], [ 4.064616115261385, 46.895832851483 ], [ 4.030771347398074, 46.852483679766536 ], [ 3.84759205465423, 46.894836923226109 ], [ 3.847630772381046, 46.895778955882065 ], [ 3.848433470717175, 46.92527055325673 ], [ 3.848226680864369, 46.926676959836769 ], [ 3.847470221278096, 46.930261360260197 ], [ 3.834015888248115, 46.980960757408901 ], [ 3.833513876298948, 46.981878329275617 ], [ 3.832213389389473, 46.983692580976324 ], [ 3.831401643005698, 46.98476263786376 ], [ 3.830102818607064, 46.986108955173243 ], [ 3.828955069482668, 46.987156366940091 ], [ 3.82751491953716, 46.988419009183524 ], [ 3.826585210897214, 46.989182384998017 ], [ 3.804311636606359, 47.00327157760524 ], [ 3.804415525019424, 47.043737268350085 ], [ 3.782926196688264, 47.079392315840117 ], [ 3.723503236390036, 47.185960505530957 ], [ 3.752491144565244, 47.23469871654396 ], [ 3.756199066655897, 47.236232158453504 ], [ 3.757455062057176, 47.236770024402176 ], [ 3.759333324925217, 47.237576868729903 ], [ 3.759970452813022, 47.237908653336639 ], [ 3.760759325639214, 47.238357773444733 ], [ 3.761239098512724, 47.238639759245729 ], [ 3.761662211651238, 47.238902199161409 ], [ 3.76259761870477, 47.239488952215204 ], [ 3.763274462039417, 47.239946186969838 ], [ 3.764223512909743, 47.240640723026658 ], [ 3.764815469233928, 47.241195716807859 ], [ 3.765555982961901, 47.241933308396654 ], [ 3.765839614358114, 47.242258189627783 ], [ 3.766638856649764, 47.243307694570333 ], [ 3.781586503031797, 47.265380265981484 ], [ 3.781960744501487, 47.265962638421939 ], [ 3.782138681489112, 47.266311295054017 ], [ 3.782274856125379, 47.26658175028323 ], [ 3.782377076908145, 47.26687962137126 ], [ 3.782526470881173, 47.267455809068579 ], [ 3.791192548285206, 47.312448762671195 ], [ 3.791204782841338, 47.312837724355447 ], [ 3.791109299057288, 47.314129979486133 ], [ 3.791011334569318, 47.315300807191626 ], [ 3.790896703528369, 47.315767837934565 ], [ 3.781982896634902, 47.326214749964585 ], [ 3.781703607074997, 47.326407174027665 ], [ 3.780885230268284, 47.326849246072271 ], [ 3.780522371652548, 47.327040461658903 ], [ 3.779381171508298, 47.327626003923001 ], [ 3.778877102099386, 47.327733506077344 ], [ 3.780999210239774, 47.339209439466245 ], [ 3.781574764696332, 47.341527920603653 ], [ 3.799466237257981, 47.40839831521928 ], [ 3.799573713182846, 47.408783811969201 ], [ 3.858862460001651, 47.489313054323702 ], [ 3.859978210494728, 47.489748229792518 ], [ 3.869085934332823, 47.492947961692856 ], [ 3.869794355860938, 47.493118530240359 ], [ 3.87004724025537, 47.493142177036425 ], [ 3.981505144827539, 47.501889452648257 ], [ 3.991654833908567, 47.497957475455188 ], [ 3.989631179370088, 47.490096174683046 ], [ 3.989610249139731, 47.489394724894765 ], [ 3.990052944197513, 47.488074885812019 ], [ 3.990530212511476, 47.486907496338986 ], [ 3.991506989536257, 47.486038868474296 ], [ 3.993610205406867, 47.484956213849181 ], [ 3.995514397438158, 47.484011317590159 ], [ 4.072232994536012, 47.452057884834367 ], [ 4.194642548506625, 47.440150400630664 ], [ 4.195124198500813, 47.440176416508613 ], [ 4.19557636211119, 47.440283880658434 ] ] ] ] } },
{ "type": "Feature", "properties": { "code_geog": "F", "libelle_geog": "Sud-Ouest Océanique", "area": 82330.179, "x": 0.196, "y": 44.571 }, "geometry": { "type": "MultiPolygon", "coordinates": [ [ [ [ -1.023280848528502, 46.553630528936473 ], [ -1.020393993587164, 46.553049320511874 ], [ -1.018642755531001, 46.552614676575161 ], [ -1.008124699836017, 46.549655382520228 ], [ -0.844761476898347, 46.501320975902949 ], [ -0.74651695547262, 46.484929373221938 ], [ -0.625424733796718, 46.490083833346873 ], [ -0.474265161720885, 46.471062631219965 ], [ -0.471180067474545, 46.470616715453922 ], [ -0.468573904250095, 46.47015890046201 ], [ -0.465957099800538, 46.469620265613024 ], [ -0.440277555828875, 46.462391231796076 ], [ -0.43504884015426, 46.46041226369212 ], [ -0.435016900661166, 46.468614315143846 ], [ -0.434971425739786, 46.469101558389312 ], [ -0.434889667837118, 46.469490658734813 ], [ -0.418288201172667, 46.477096111739854 ], [ -0.417681262145308, 46.477281861958154 ], [ -0.411674130301442, 46.478417484307784 ], [ -0.411477207475521, 46.478440248715117 ], [ -0.400084001051731, 46.47934520490908 ], [ -0.399885314997548, 46.479358989147968 ], [ -0.397454548534273, 46.479273426344392 ], [ -0.347281127992892, 46.476498833106596 ], [ -0.339954113595027, 46.476023399419155 ], [ -0.296620899759738, 46.464234460039876 ], [ -0.296255645279883, 46.464116893121115 ], [ -0.296171478073953, 46.464046826932382 ], [ -0.296126320169936, 46.463867833851104 ], [ -0.296243736032709, 46.46174965635354 ], [ -0.295890597252107, 46.458121047631145 ], [ -0.294862607921723, 46.450511198886566 ], [ -0.293435569696166, 46.446916448050963 ], [ -0.293308046317409, 46.446730358455632 ], [ -0.291073137860265, 46.443928443458063 ], [ -0.285961484385633, 46.438231289481479 ], [ -0.285324988587728, 46.437534827240121 ], [ -0.284584051442858, 46.437317873109187 ], [ -0.283456836319878, 46.437109822591218 ], [ -0.272946759955708, 46.43565034557291 ], [ -0.187730575840157, 46.447468315424516 ], [ -0.181383981417112, 46.451974855395562 ], [ -0.146315071869892, 46.482838035989566 ], [ -0.003204880109017, 46.532127945047726 ], [ 0.004930218692889, 46.527560457499959 ], [ 0.038316022590088, 46.488672383584202 ], [ 0.038792996191483, 46.488240985544159 ], [ 0.039408256583091, 46.487713370935339 ], [ 0.041265007877881, 46.486454755816531 ], [ 0.115892479932037, 46.439945814512747 ], [ 0.226805529012521, 46.377383982396125 ], [ 0.329510161435585, 46.310784400233189 ], [ 0.408489209278702, 46.21411263083516 ], [ 0.539986921962094, 46.085561526130448 ], [ 0.579709833169191, 46.080967134081831 ], [ 0.589430961299279, 46.08092002471686 ], [ 0.601743289273018, 46.033612466001237 ], [ 0.635312243238178, 46.008557539459403 ], [ 0.645363226628926, 45.994778313411075 ], [ 0.63153793291251, 45.967365972825284 ], [ 0.610115381864662, 45.927533860082804 ], [ 0.598841858601151, 45.907319497472216 ], [ 0.524194999524928, 45.791114396043263 ], [ 0.552690705877511, 45.709967728648735 ], [ 0.553061086907691, 45.709874632011967 ], [ 0.554428364569067, 45.70795259935948 ], [ 0.554178642602907, 45.70638281398719 ], [ 0.548370042024267, 45.68497183294194 ], [ 0.546246612782063, 45.681176381616844 ], [ 0.545903982468267, 45.680855945192548 ], [ 0.533876814701292, 45.675965675634913 ], [ 0.524442392926856, 45.672546882342445 ], [ 0.520315642399039, 45.671103224969173 ], [ 0.509747504023124, 45.668015748350541 ], [ 0.499421637837582, 45.666434068220312 ], [ 0.503272309337536, 45.66299652419805 ], [ 0.53307616830672, 45.648398060505166 ], [ 0.617663606574062, 45.613688445959319 ], [ 0.618446588337459, 45.613250534934473 ], [ 0.61882325588517, 45.613013352703106 ], [ 0.619166879034769, 45.612766663634034 ], [ 0.619503369856745, 45.612501866890973 ], [ 0.631353629682221, 45.602379630734752 ], [ 0.671305445733865, 45.559383733982187 ], [ 0.685849034537899, 45.526332458976533 ], [ 0.711065410772157, 45.506689972143803 ], [ 0.8267028399382, 45.43311724454157 ], [ 0.827084561561701, 45.432897464280416 ], [ 0.841319414683802, 45.42634081227169 ], [ 0.84184908433734, 45.426221941569523 ], [ 0.844602510925225, 45.42570993603541 ], [ 0.845709390575749, 45.42550878773644 ], [ 0.873399434767541, 45.424525747176695 ], [ 0.875443139387815, 45.424552533879741 ], [ 0.924475676101983, 45.426749554386262 ], [ 0.951914731104898, 45.421245105042431 ], [ 0.998941021148888, 45.406091457475796 ], [ 0.999853559184749, 45.405751501178621 ], [ 1.006041454456183, 45.402109585425947 ], [ 1.100982935195186, 45.337118138518733 ], [ 1.132988322815385, 45.304296834128451 ], [ 1.169949553075722, 45.228020016671927 ], [ 1.170298732939451, 45.227276958566847 ], [ 1.172165487969939, 45.213423724494056 ], [ 1.17220698719749, 45.211444905246694 ], [ 1.171290369572707, 45.209635976133896 ], [ 1.170376123862588, 45.208807694264124 ], [ 1.166603953696937, 45.205538261026284 ], [ 1.163687025876667, 45.205057679198987 ], [ 1.157357983320725, 45.205368549535528 ], [ 1.14688220586776, 45.204627116827957 ], [ 1.145957992602433, 45.204284342084144 ], [ 1.144669837917871, 45.203703743713838 ], [ 1.137794228838603, 45.196675377202475 ], [ 1.137546595288341, 45.19635782300589 ], [ 1.136579376107965, 45.195069859295984 ], [ 1.158543344793465, 45.150574213555494 ], [ 1.158881709350507, 45.150325902934362 ], [ 1.159686556454244, 45.149902608791635 ], [ 1.16532637671729, 45.147488236704703 ], [ 1.199909147738369, 45.132787846092548 ], [ 1.204596250610624, 45.129678045471977 ], [ 1.343049891760539, 45.080401373390828 ], [ 1.353777852116166, 45.080047199375905 ], [ 1.355895277882879, 45.080074946444334 ], [ 1.359076949165702, 45.080813725325548 ], [ 1.371316100942644, 45.090546619762442 ], [ 1.379695969872141, 45.100109986701952 ], [ 1.385516842201118, 45.105035874352353 ], [ 1.414192168028674, 45.120067425043935 ], [ 1.62226130100451, 45.075715506294941 ], [ 1.626159689171678, 45.074463189412036 ], [ 1.639744199029742, 45.069071134908903 ], [ 1.708714678786638, 45.039159737432158 ], [ 1.71034660650051, 45.038341400802913 ], [ 1.736017369514729, 45.015932273751076 ], [ 1.739313632604981, 45.010948725010863 ], [ 1.744271787781423, 44.992238261123418 ], [ 1.774850064296556, 44.950543408480755 ], [ 1.778795945257084, 44.946740491605951 ], [ 1.779291435918227, 44.946590074807176 ], [ 1.785952886123997, 44.945795911656887 ], [ 1.786376357387487, 44.945753044949235 ], [ 1.79553176129666, 44.945717277881904 ], [ 1.853979016494476, 44.946185793016376 ], [ 1.863145642857883, 44.947808552453452 ], [ 1.874531332233524, 44.941875084330178 ], [ 1.874894808836914, 44.941570775005296 ], [ 1.875984097061775, 44.940639845526029 ], [ 1.876338618400435, 44.940344489290005 ], [ 1.902821015265404, 44.883172533291201 ], [ 1.903108827129343, 44.881464665893986 ], [ 1.903152671482532, 44.881194996383677 ], [ 1.902903808258828, 44.864706748007727 ], [ 1.902847028837564, 44.864526631620144 ], [ 1.901221696942882, 44.862271567004456 ], [ 1.882248155879017, 44.839321753782784 ], [ 1.879839181773448, 44.836469519128663 ], [ 1.879642794318403, 44.836369765504294 ], [ 1.865267169631171, 44.833673871319867 ], [ 1.864973738421882, 44.833843514141073 ], [ 1.86368461818483, 44.834413648268082 ], [ 1.863343525863594, 44.834538109628923 ], [ 1.863135994947183, 44.83456420287893 ], [ 1.86290409841193, 44.834482256173281 ], [ 1.862259424976981, 44.83388584397958 ], [ 1.846848300294932, 44.817547350199312 ], [ 1.843369799543218, 44.81377213851318 ], [ 1.843132104778544, 44.813501239748341 ], [ 1.842742890212518, 44.812788930942773 ], [ 1.84055406543653, 44.808407777770114 ], [ 1.840484684029347, 44.808110647258516 ], [ 1.839466750066943, 44.799255494416506 ], [ 1.842593668350689, 44.769066341279647 ], [ 1.847057121008964, 44.748426347277231 ], [ 1.931835615292107, 44.686423526854874 ], [ 1.974046794953452, 44.655793716131086 ], [ 2.025051641571654, 44.623051101691523 ], [ 2.057965640433069, 44.611510800433024 ], [ 2.101214137040152, 44.590783058047791 ], [ 2.10664738085187, 44.516293985502536 ], [ 2.099337957345084, 44.46053966112742 ], [ 2.097450415707738, 44.449105622061133 ], [ 2.095522203717519, 44.445279439108162 ], [ 2.09446204654564, 44.443685369983342 ], [ 2.049911148026525, 44.379325078407028 ], [ 1.968272875409952, 44.27516563129312 ], [ 1.957756899852075, 44.277647435642564 ], [ 1.955798953394268, 44.278081238070563 ], [ 1.955344260946732, 44.278133604312245 ], [ 1.94981250553517, 44.27716099801119 ], [ 1.948031732472248, 44.276579186085286 ], [ 1.917639641902459, 44.263743112385981 ], [ 1.916885032240214, 44.263416502855087 ], [ 1.91675411815472, 44.263353055642995 ], [ 1.904108255613062, 44.257836576857834 ], [ 1.891393283789478, 44.25013331602122 ], [ 1.877985813284608, 44.232948231864299 ], [ 1.877481426365679, 44.232226762293578 ], [ 1.877045441782648, 44.227099570675655 ], [ 1.877052250094275, 44.226263358303896 ], [ 1.930719943262156, 44.107383917938108 ], [ 1.938784645303872, 44.100310677662172 ], [ 1.939149357750179, 44.100078240408195 ], [ 1.939268390478913, 44.100006745875518 ], [ 1.939530160423706, 44.099863842863009 ], [ 1.968525557246558, 44.084644957510633 ], [ 1.978705387893211, 44.079482110496421 ], [ 2.04243877191377, 44.067508337720803 ], [ 2.087648247785619, 44.074400328630425 ], [ 2.092011282663541, 44.075983635385938 ], [ 2.125552480958762, 44.068861209728297 ], [ 2.228602255101844, 44.036367216511891 ], [ 2.266550203292083, 44.02118635090612 ], [ 2.274060866449628, 44.017693644681081 ], [ 2.274879841107591, 44.017289542718601 ], [ 2.275246366892613, 44.017064988735839 ], [ 2.284995987434006, 44.002586435672427 ], [ 2.353045073806179, 43.894195025575947 ], [ 2.306324750914424, 43.745652315172194 ], [ 2.296700314206111, 43.719806470953507 ], [ 2.301362028204767, 43.669697196126215 ], [ 2.302318449667423, 43.662830436242729 ], [ 2.311373063096417, 43.610207578972719 ], [ 2.352775161117506, 43.576226613501397 ], [ 2.391155668079634, 43.539877521112032 ], [ 2.415848306372025, 43.487547532834071 ], [ 2.345691803936762, 43.494999193330884 ], [ 2.279885314869118, 43.508501024280662 ], [ 2.180623227694639, 43.497141772894174 ], [ 2.026694191285787, 43.442302628867054 ], [ 1.988672943136307, 43.407533776303765 ], [ 2.006866111030015, 43.388315035123043 ], [ 2.025216730305161, 43.378664434292858 ], [ 2.06652686228962, 43.360309370444888 ], [ 2.158655625331549, 43.357203544208247 ], [ 2.160006623039753, 43.357196788825462 ], [ 2.163816743682451, 43.357670267487791 ], [ 2.171761938982704, 43.359596809574235 ], [ 2.169694597473164, 43.357329108680425 ], [ 2.164091157997404, 43.348765486169796 ], [ 2.16345640352792, 43.347749039308518 ], [ 2.163383532359756, 43.34741643769329 ], [ 2.162026401617407, 43.339830033478314 ], [ 2.161028741098973, 43.32513639225332 ], [ 2.165939849880559, 43.307783716327165 ], [ 2.166037993456708, 43.307469371188112 ], [ 2.166123617321029, 43.307226892120838 ], [ 2.16626608133515, 43.306903631617551 ], [ 2.166415926308388, 43.306580382729294 ], [ 2.166713126477716, 43.306356210371383 ], [ 2.167545281671984, 43.305809395261875 ], [ 2.168149347321171, 43.3054149734321 ], [ 2.168415378440971, 43.305325533626174 ], [ 2.16888798395811, 43.305281345066938 ], [ 2.168963038329812, 43.305281462410932 ], [ 2.171692091446724, 43.303569420288639 ], [ 2.171997893787406, 43.303336261482059 ], [ 2.172232333172444, 43.303102992496655 ], [ 2.172516371231644, 43.302735013282252 ], [ 2.173562723599128, 43.300382355429306 ], [ 2.173680727731832, 43.299987164379885 ], [ 2.173771561811388, 43.299627874827713 ], [ 2.173792732307866, 43.299538050109923 ], [ 2.173833200659671, 43.299151727110036 ], [ 2.173404042411642, 43.298647876637141 ], [ 2.173239572840486, 43.298512841004531 ], [ 2.173051703568974, 43.298386755123666 ], [ 2.1730141824991, 43.298171041648089 ], [ 2.173267925291326, 43.296769663898424 ], [ 2.173510483044838, 43.296698147801102 ], [ 2.17354016190869, 43.296644278955874 ], [ 2.173580963853559, 43.296572455690473 ], [ 2.173579810464862, 43.29654549694709 ], [ 2.173574094755507, 43.296392731993308 ], [ 2.173473499248836, 43.295862425055901 ], [ 2.173445486615978, 43.29576354020012 ], [ 2.173304604079751, 43.295556655630911 ], [ 2.173142681002914, 43.295394667108752 ], [ 2.173079070841487, 43.295268770960448 ], [ 2.173068384489352, 43.295133969868409 ], [ 2.173084890556618, 43.294954282008518 ], [ 2.173101396520556, 43.294774594173845 ], [ 2.173015772521942, 43.294603736239772 ], [ 2.172931096404555, 43.294531721830175 ], [ 2.172907774612817, 43.294513714931355 ], [ 2.172756746934397, 43.294414642127606 ], [ 2.172675864910886, 43.294306690740747 ], [ 2.172660156034326, 43.29420782461947 ], [ 2.172649367852757, 43.294108966028752 ], [ 2.172648575489476, 43.293956208869005 ], [ 2.17269458046102, 43.293785551995228 ], [ 2.172699552563474, 43.293767588312029 ], [ 2.172702064357765, 43.293749620867928 ], [ 2.17270839532305, 43.293686731054628 ], [ 2.172691662377299, 43.293515978302651 ], [ 2.172626825141518, 43.293390080209079 ], [ 2.172551966680635, 43.293327066225523 ], [ 2.172533540299068, 43.293318052391896 ], [ 2.172183362673195, 43.293173745760591 ], [ 2.17194492238172, 43.293101494752655 ], [ 2.171865429119845, 43.292939631189867 ], [ 2.171945827562009, 43.292786998890136 ], [ 2.172611470209389, 43.291880470339088 ], [ 2.172784277758409, 43.291674065105163 ], [ 2.172944731618088, 43.29148561202399 ], [ 2.17633503038639, 43.287492138136379 ], [ 2.179726407842016, 43.283381761114136 ], [ 2.179905658441758, 43.283049557643267 ], [ 2.18140191305998, 43.279178966001247 ], [ 2.182779580453032, 43.27360095342091 ], [ 2.182906607865567, 43.272091575411572 ], [ 2.183163968673602, 43.268291095853719 ], [ 2.179772217781483, 43.25590431100008 ], [ 2.1793241901808, 43.254313248922102 ], [ 2.137257675637647, 43.167951278000054 ], [ 2.10874188044357, 43.134058643673526 ], [ 2.097412761351281, 43.125247220995561 ], [ 2.178514953800721, 42.970510400764624 ], [ 2.172225478511325, 42.961320288209876 ], [ 2.148854990702129, 42.938815607823543 ], [ 2.144072117744815, 42.937738133619419 ], [ 2.142256016810564, 42.937546202100641 ], [ 2.110172171175834, 42.937509875245176 ], [ 2.08690230355778, 42.938499962997234 ], [ 2.085794057060144, 42.938632105913044 ], [ 2.020414073929057, 42.94714488406234 ], [ 1.988505432405703, 42.955669257570015 ], [ 1.963059477322205, 42.964117173265059 ], [ 1.961686196457916, 42.964633380428886 ], [ 1.769446168537968, 42.983423609768273 ], [ 1.766994353164445, 42.982781744962338 ], [ 1.729144620222552, 42.978144661857058 ], [ 1.714922771670081, 42.979078050519185 ], [ 1.711344363829095, 42.979389573227969 ], [ 1.709687621557584, 42.979739208683391 ], [ 1.681508306870934, 42.985840736354426 ], [ 1.674737041134559, 42.98773049370697 ], [ 1.669169516665057, 42.989932784907367 ], [ 1.646723846435621, 43.00170258193068 ], [ 1.609085538657167, 43.019429706672035 ], [ 1.620562323151557, 43.038768513617605 ], [ 1.617759357502825, 43.045793170219511 ], [ 1.613747466128376, 43.053429551384433 ], [ 1.598952028274311, 43.063867050072425 ], [ 1.482800034635359, 43.09435087140173 ], [ 1.240040742685893, 43.132422082444982 ], [ 1.225339191880828, 43.133843183942503 ], [ 1.224925463880933, 43.133793970292253 ], [ 1.222472540526228, 43.133436063853019 ], [ 1.221974878371172, 43.133350025851151 ], [ 1.216397629784437, 43.13152182461679 ], [ 1.200062455946674, 43.132832538457322 ], [ 1.158993470361257, 43.142551967397409 ], [ 1.158293773116165, 43.142804861832587 ], [ 0.989776751303365, 43.207317908945285 ], [ 0.911172509472941, 43.243822259973108 ], [ 0.91052154150916, 43.243948423670645 ], [ 0.910050544850324, 43.244005079074 ], [ 0.892641430955596, 43.245758630673421 ], [ 0.891819481313088, 43.245837450746919 ], [ 0.891249714036624, 43.245811815439282 ], [ 0.888052212361218, 43.245031846587509 ], [ 0.745523682527996, 43.209261122782578 ], [ 0.74487043225265, 43.208981839008338 ], [ 0.743878570606453, 43.208463873283186 ], [ 0.743095214142293, 43.208047847078006 ], [ 0.742620539064994, 43.207798159424648 ], [ 0.741597075342929, 43.207180848769113 ], [ 0.736783103179636, 43.204197523492319 ], [ 0.736147736461177, 43.203720743663339 ], [ 0.735483182823274, 43.203189604287068 ], [ 0.735452507183337, 43.203144213028501 ], [ 0.735230888354711, 43.202853331598739 ], [ 0.734638195055924, 43.202080615838035 ], [ 0.729925879157683, 43.195620631171906 ], [ 0.730017430084981, 43.194894076048044 ], [ 0.730295905421294, 43.194071464025363 ], [ 0.730711622829059, 43.192864476260169 ], [ 0.733977566582648, 43.183657010719884 ], [ 0.750240067905681, 43.159113809338578 ], [ 0.754749607584681, 43.156718112957705 ], [ 0.873618226918277, 43.093005566541812 ], [ 0.667992510970623, 43.068022277173355 ], [ 0.616244407691229, 43.064202612634119 ], [ 0.432959757069214, 43.07288406256751 ], [ 0.354354024760512, 43.080337698573906 ], [ 0.35329963042932, 43.080623741723564 ], [ 0.350810166757128, 43.081745926294921 ], [ 0.348427218852468, 43.082834084754204 ], [ 0.341274450719387, 43.086125146471829 ], [ 0.339232183517864, 43.087066676374853 ], [ 0.337741394605259, 43.087802769971383 ], [ 0.260907038603454, 43.135799475277778 ], [ 0.260068401810942, 43.13662807011012 ], [ 0.148656970638228, 43.147194232859214 ], [ 0.119988658932216, 43.145886711448789 ], [ 0.078729365208387, 43.152037089265704 ], [ -0.021858783809347, 43.171113245168343 ], [ -0.116720220514719, 43.208125600334448 ], [ -0.144262075284913, 43.234263698859088 ], [ -0.194123933200695, 43.259638954847325 ], [ -0.262965785790599, 43.279860456567157 ], [ -0.303955192152636, 43.291844034424194 ], [ -0.30461998039205, 43.292034494100186 ], [ -0.305198680155796, 43.292146148551602 ], [ -0.376779033574804, 43.295371769749792 ], [ -0.378089014011169, 43.292281774471306 ], [ -0.378415577645827, 43.292003800758629 ], [ -0.378938701543828, 43.291639943758213 ], [ -0.37903327207255, 43.291583609703665 ], [ -0.394384675608745, 43.286339684442403 ], [ -0.394849869566795, 43.286184012137028 ], [ -0.450544231303001, 43.269721545057202 ], [ -0.450764039757382, 43.269661898962639 ], [ -0.624396525178868, 43.224691553400447 ], [ -0.686515748374763, 43.238525845614468 ], [ -0.760923506334992, 43.276143217910672 ], [ -0.777511010551733, 43.29713834446892 ], [ -0.823743018877099, 43.265762594326489 ], [ -0.881718017902741, 43.228088981650082 ], [ -0.889405487385972, 43.224018491350222 ], [ -0.942282877972544, 43.217291203638901 ], [ -1.003319749773567, 43.209789440545094 ], [ -1.21952215324493, 43.220411476575237 ], [ -1.270926905121029, 43.22816804067584 ], [ -1.425481915874417, 43.3199108603337 ], [ -1.505738486462086, 43.293214867979643 ], [ -1.503874393761026, 43.29011476646977 ], [ -1.509705704956714, 43.291417661937658 ], [ -1.542386455545957, 43.298709121343137 ], [ -1.553931286549094, 43.271374209988586 ], [ -1.564714018520044, 43.266485027875596 ], [ -1.622275722759419, 43.279278399577755 ], [ -1.627190569152432, 43.27798161870453 ], [ -1.627182945931247, 43.294428419399864 ], [ -1.708855356040731, 43.33111945588152 ], [ -1.724903581751586, 43.298554502466914 ], [ -1.732803853825927, 43.301090012282401 ], [ -1.772407340803801, 43.337888506126639 ], [ -1.778322800746029, 43.344987006343693 ], [ -1.785428979158419, 43.353515413624507 ], [ -1.787693380270499, 43.356227164955278 ], [ -1.763361029522384, 43.380966908473901 ], [ -1.647493412675701, 43.40435704454368 ], [ -1.525869756958637, 43.537339451903797 ], [ -1.442943491903717, 43.66882455424404 ], [ -1.409759860596407, 43.783239411304358 ], [ -1.378651064880543, 43.890090066069313 ], [ -1.313858655121682, 44.111350734217169 ], [ -1.301164063382733, 44.198445188909822 ], [ -1.262107651335783, 44.464730470906972 ], [ -1.267592637090938, 44.550317425173809 ], [ -1.248644906231378, 44.573921460496472 ], [ -1.247895927721587, 44.574855174412143 ], [ -1.233735470522487, 44.592484384702502 ], [ -1.233155164758826, 44.593205448074983 ], [ -1.218821895633067, 44.611036264930171 ], [ -1.181049446886419, 44.657948723893746 ], [ -1.164374685738868, 44.653286025147189 ], [ -1.141860207469061, 44.646978191840851 ], [ -1.119909307016716, 44.640828272272053 ], [ -1.054264250884346, 44.651225304178695 ], [ -1.029648574331015, 44.655104880713573 ], [ -1.019066636281054, 44.656778402947594 ], [ -1.008831374075938, 44.658395341555504 ], [ -1.007521642883686, 44.658597187142959 ], [ -1.010788457779646, 44.660649308898122 ], [ -1.174275157092577, 44.762995044577139 ], [ -1.233742018588996, 44.646726325866034 ], [ -1.241065471469013, 44.642419040438853 ], [ -1.242341511938973, 44.641666293864184 ], [ -1.246297536540145, 44.639340773044687 ], [ -1.259470785840595, 44.63159139374082 ], [ -1.248498807307566, 44.728139548400158 ], [ -1.168665406341939, 45.420839122134069 ], [ -1.153623424118805, 45.456493607586872 ], [ -1.125098579031665, 45.523965115506428 ], [ -1.115596488640699, 45.546411519386176 ], [ -1.100296021405091, 45.552385100335066 ], [ -1.06330626518166, 45.56682539677233 ], [ -1.06260517982471, 45.567098848024095 ], [ -0.827340635236022, 45.369091855361759 ], [ -0.82394456649241, 45.362786901915584 ], [ -0.672586096717942, 45.080031181741901 ], [ -0.665920993548656, 45.089078692928389 ], [ -0.699922402368276, 45.242072456107465 ], [ -0.716199295204466, 45.315015758051679 ], [ -0.742793931697563, 45.403087821367095 ], [ -0.755706510092075, 45.445747247970793 ], [ -0.757617627800248, 45.452059501195606 ], [ -0.774614726563996, 45.462255765404159 ], [ -0.795601563360356, 45.474840707289488 ], [ -0.811608157576992, 45.484429323958707 ], [ -0.876846232711797, 45.523457104904459 ], [ -0.885496926991798, 45.52862831820589 ], [ -0.903361724759758, 45.539294714365489 ], [ -0.935215850305057, 45.558292958098583 ], [ -0.978793293487986, 45.58425652958163 ], [ -1.031646462790363, 45.615697704807651 ], [ -1.074408020976269, 45.630071155575557 ], [ -1.231762328535899, 45.682766562449608 ], [ -1.239926327476452, 45.685496209702485 ], [ -1.253228331293516, 45.785173122355943 ], [ -1.24141158117693, 45.786342957473408 ], [ -1.142180003510266, 45.796108176664092 ], [ -1.111035600212521, 45.799158126320947 ], [ -1.108348500344963, 45.818269020376384 ], [ -1.107463114021383, 45.824563939849547 ], [ -1.104404515360189, 45.846297678873448 ], [ -1.10160500360022, 45.86617727671117 ], [ -1.075231622312194, 45.936141718359849 ], [ -1.07164928595749, 45.945633813829083 ], [ -1.070161618813034, 45.949569149042773 ], [ -1.057230263712841, 45.983792565756097 ], [ -1.048828605630812, 46.006000191889015 ], [ -1.052799903106713, 46.01203144378956 ], [ -1.109560456726522, 46.098114854850088 ], [ -1.13206291421831, 46.132160788957869 ], [ -1.212856271641059, 46.153796349336098 ], [ -1.243723367481233, 46.162045020714132 ], [ -1.126528300245941, 46.261031319416759 ], [ -1.136722830682115, 46.313150613059818 ], [ -1.174067610153786, 46.321555252446224 ], [ -1.192568498125021, 46.325717907037074 ], [ -1.193963207197427, 46.317722135013049 ], [ -1.202585167539832, 46.268207873067105 ], [ -1.396829639741899, 46.341322505359308 ], [ -1.706167031307384, 46.456674834282474 ], [ -1.574887137079841, 46.417707188280716 ], [ -1.572232522224224, 46.420510040573255 ], [ -1.5683447518712, 46.424373144962104 ], [ -1.557050669796733, 46.433471692015999 ], [ -1.554795461705057, 46.435035301034226 ], [ -1.552572678348622, 46.436507670980106 ], [ -1.551299100418108, 46.437244886086916 ], [ -1.549927322386991, 46.438030485680358 ], [ -1.549071079960267, 46.438519186054378 ], [ -1.545518337367386, 46.43996483457596 ], [ -1.545173138842105, 46.440093735189812 ], [ -1.52429640488186, 46.446723395474251 ], [ -1.367716113654629, 46.445415848246697 ], [ -1.291272462708798, 46.466192920045941 ], [ -1.276243299454436, 46.461483991083725 ], [ -1.234021260949406, 46.461116289458374 ], [ -1.253710755144471, 46.470646013640966 ], [ -1.255590977342745, 46.484771516586761 ], [ -1.239688540881555, 46.513435235976807 ], [ -1.230799329048602, 46.521540695006095 ], [ -1.219344721223787, 46.530959403198743 ], [ -1.162768145506299, 46.552994334723174 ], [ -1.154267157709399, 46.555848984910817 ], [ -1.113678458211013, 46.564840076547995 ], [ -1.105412601239478, 46.56500919975251 ], [ -1.102570945262002, 46.564671810138442 ], [ -1.098289187680471, 46.563963554401646 ], [ -1.096632507994111, 46.563554244100899 ], [ -1.096268044334853, 46.563448162900507 ], [ -1.095894952232195, 46.563288308265463 ], [ -1.094205053221434, 46.562312625245056 ], [ -1.07606528536659, 46.563515157016823 ], [ -1.023280848528502, 46.553630528936473 ] ], [ [ 1.767594228719281, 43.991830781521905 ], [ 1.799036320969432, 44.005206961500939 ], [ 1.883841065919866, 44.072880177081252 ], [ 1.877674443503431, 44.103451007353648 ], [ 1.85921711054631, 44.115761579657587 ], [ 1.857887052205474, 44.115719779293784 ], [ 1.826229215481394, 44.094006185101208 ], [ 1.747193416982334, 44.052661787716112 ], [ 1.697603904277438, 44.035389095856544 ], [ 1.695587565655128, 44.033282355876267 ], [ 1.693996518413007, 44.030719556427854 ], [ 1.693263148376069, 44.029456498458089 ], [ 1.691985557563661, 44.026742682264036 ], [ 1.69175575416876, 44.026022050755707 ], [ 1.691684798428131, 44.025796858455053 ], [ 1.691600649075636, 44.025526633584249 ], [ 1.69138968013992, 44.024356570116836 ], [ 1.691341203908806, 44.023142516379941 ], [ 1.691508667802156, 44.022442222441462 ], [ 1.699564653685614, 44.015521789017036 ], [ 1.705334234763286, 44.011716347609259 ], [ 1.766260917267179, 43.991787834969152 ], [ 1.766950790735508, 43.991791450688694 ], [ 1.767594228719281, 43.991830781521905 ] ] ], [ [ [ -1.260241535436491, 45.990462376522068 ], [ -1.256560343137903, 45.990579841318386 ], [ -1.244349760527829, 45.990968610181426 ], [ -1.243567219434084, 45.988624835946403 ], [ -1.198975795866355, 45.854736354150482 ], [ -1.192343172073126, 45.834771667793547 ], [ -1.199236521333594, 45.830799472149018 ], [ -1.24071015403878, 45.806926164854076 ], [ -1.280031749842345, 45.896288241367117 ], [ -1.380463104654143, 45.946740047943472 ], [ -1.405758847425449, 45.959412555760387 ], [ -1.424716013476112, 46.052338951842181 ], [ -1.382225601186897, 46.044975138606077 ], [ -1.357333490420152, 46.02642846214362 ], [ -1.307124741757538, 45.988955803310965 ], [ -1.268541244473813, 45.990197094654832 ], [ -1.260241535436491, 45.990462376522068 ] ] ], [ [ [ -1.428791092867511, 46.233456925425699 ], [ -1.312366683196553, 46.193426410585481 ], [ -1.310094563118238, 46.191275059731822 ], [ -1.292480288198702, 46.174648196959431 ], [ -1.270170705368929, 46.153566595833666 ], [ -1.267469840854318, 46.151013885188789 ], [ -1.304465437155519, 46.138137163602885 ], [ -1.319371935999271, 46.144662933908265 ], [ -1.447579431157027, 46.200673680531906 ], [ -1.505448049356977, 46.194677928073276 ], [ -1.531174566421355, 46.191999266286082 ], [ -1.560123350447645, 46.24363028243787 ], [ -1.502298109134007, 46.260226009088285 ], [ -1.484250082081097, 46.243298734680486 ], [ -1.486088871754111, 46.24206564905213 ], [ -1.516436282450627, 46.221741790772953 ], [ -1.49040296654601, 46.210924505211118 ], [ -1.445962661196953, 46.227182528518142 ], [ -1.428791092867511, 46.233456925425699 ] ] ], [ [ [ -1.970307387088744, 47.058742084349156 ], [ -1.96853863010296, 47.06017782961991 ], [ -1.964546679841569, 47.063633838062081 ], [ -1.966020886839418, 47.060100969248616 ], [ -1.967573837027322, 47.05909679844838 ], [ -1.969484754633239, 47.057871967674792 ], [ -1.970402327907133, 47.057576293577149 ], [ -1.97126893318164, 47.057417666324604 ], [ -1.979495887416076, 47.056505223716776 ], [ -1.980273210357135, 47.056007516081486 ], [ -1.955535972966594, 47.041104784941808 ], [ -1.944312502546275, 47.035487376465639 ], [ -1.917887392206517, 47.024883499621289 ], [ -1.901719800275642, 47.024625593032226 ], [ -1.887591036234562, 47.0247408783097 ], [ -1.882146305341614, 47.024661789937262 ], [ -1.880033987952815, 47.024388033264451 ], [ -1.819191904764358, 46.988418361190412 ], [ -1.827149487765958, 46.972049097817106 ], [ -1.838089523673988, 46.966462305453618 ], [ -1.927629055969684, 46.929472354911944 ], [ -1.94097344957219, 46.932587918128348 ], [ -1.942764406248389, 46.932863427415604 ], [ -1.963401279943349, 46.933226253231531 ], [ -1.978293500277628, 46.932279129765625 ], [ -1.985609911844435, 46.931273637548081 ], [ -1.992326395564915, 46.930236271186772 ], [ -2.028285669005223, 46.923556298633606 ], [ -2.031946089192714, 46.922768070692662 ], [ -2.045611613827682, 46.919218792388051 ], [ -2.052457283877363, 46.915667979885725 ], [ -2.05302639236263, 46.91490732607987 ], [ -2.052558393056692, 46.913168234470454 ], [ -2.052249086822445, 46.912116860559983 ], [ -2.049402433554619, 46.906279044085167 ], [ -2.0322902348843, 46.879938180788535 ], [ -2.031704895047505, 46.879509999980073 ], [ -2.03117896647437, 46.879214704466264 ], [ -2.030686964524625, 46.878981184668326 ], [ -1.920201005652368, 46.833976533581023 ], [ -1.925352304591373, 46.713810209054408 ], [ -1.934177466812421, 46.696073111636224 ], [ -1.890053724026419, 46.646009205991732 ], [ -1.867239208420596, 46.637410689133169 ], [ -1.866853335265555, 46.637208688857491 ], [ -1.860663898279891, 46.632373383245913 ], [ -1.860174582169361, 46.631949932187595 ], [ -1.851179019501325, 46.622424379766869 ], [ -1.835820335575472, 46.605923856036675 ], [ -1.811986063801672, 46.565315292700546 ], [ -1.811121899322566, 46.556454542179495 ], [ -1.80783387870435, 46.519032301125492 ], [ -1.807127746229037, 46.517580491927333 ], [ -1.803122491857805, 46.509464767949986 ], [ -1.802895529479399, 46.509004543420112 ], [ -1.802520207174689, 46.508378541057638 ], [ -1.800237297402058, 46.504641652443787 ], [ -1.799293101551559, 46.503108374713406 ], [ -1.799038885380744, 46.50282031317245 ], [ -1.798858705893554, 46.502664698474149 ], [ -1.792993333518839, 46.504454502251392 ], [ -1.791692630968962, 46.504799040190449 ], [ -1.789014273780086, 46.505454824556075 ], [ -1.788425232579596, 46.50558430597129 ], [ -1.784020359966682, 46.506014292606217 ], [ -1.782357717836325, 46.50597542924254 ], [ -1.781060034180146, 46.505914317254494 ], [ -1.78041562085573, 46.505847558515939 ], [ -1.774589538858956, 46.504364620752128 ], [ -1.77400557167604, 46.504079420679673 ], [ -1.764570960863019, 46.497023598187134 ], [ -1.733331888714941, 46.466740920937752 ], [ -1.748943632993758, 46.472523053798511 ], [ -1.795974009331912, 46.489913272927694 ], [ -1.796862536440216, 46.49024134143216 ], [ -1.811110425603097, 46.495506417210592 ], [ -1.924105490454864, 46.674897916278688 ], [ -1.937381756147694, 46.695890065386159 ], [ -1.980224022225503, 46.719632081589374 ], [ -2.155333199449096, 46.816288682689368 ], [ -2.16088751900344, 46.882843262784064 ], [ -2.057822716864249, 46.959198583417837 ], [ -1.970450528534816, 47.023689434246762 ], [ -1.980391803601806, 47.027415452677488 ], [ -2.236952308123832, 47.123074423465866 ], [ -2.199470888490125, 47.258088278413275 ], [ -2.169663334907749, 47.262689953663021 ], [ -2.166111660663199, 47.263234151012369 ], [ -2.157522898120691, 47.237376369215021 ], [ -2.153984629315829, 47.21652928677296 ], [ -2.143885857502435, 47.159941072675075 ], [ -2.14388040421506, 47.159923264143401 ], [ -2.14289146234812, 47.15733972961241 ], [ -2.142691760030107, 47.156878960950323 ], [ -2.142490930316276, 47.156436256716162 ], [ -2.141955355016805, 47.155592100544162 ], [ -2.136051621414422, 47.146982510112089 ], [ -2.135475767623123, 47.146302081889594 ], [ -2.108723880111236, 47.11805537549909 ], [ -2.106347531513739, 47.116155934613737 ], [ -2.097753044458728, 47.112433052300808 ], [ -2.083984540196617, 47.108638296764482 ], [ -2.079827977485107, 47.10763571383886 ], [ -2.040474873915699, 47.095346338522759 ], [ -1.990213003820173, 47.070094064907288 ], [ -1.983636933219848, 47.064611388813773 ], [ -1.981000203311439, 47.062404046547186 ], [ -1.976862484374443, 47.059054741894641 ], [ -1.971872866705954, 47.05868338422831 ], [ -1.970307387088744, 47.058742084349156 ] ] ], [ [ [ -2.149771156303343, 46.923045016594884 ], [ -2.158567425843631, 46.909039504198311 ], [ -2.162495268304167, 46.902784786578977 ], [ -2.206248877947067, 46.93231812317147 ], [ -2.248519293303265, 46.960796400608487 ], [ -2.263435269471417, 46.960198933092975 ], [ -2.269807678471276, 46.959943087877683 ], [ -2.278290336968548, 46.972551851236688 ], [ -2.300234800772116, 47.00513668270488 ], [ -2.313925785762266, 47.025436140291575 ], [ -2.296519294540789, 47.026139993582596 ], [ -2.251964802861333, 47.027929517835425 ], [ -2.237194080927318, 47.028518943597618 ], [ -2.228364902727053, 47.018020760908442 ], [ -2.208653518246027, 46.994553864385722 ], [ -2.228717708585474, 46.979140774667286 ], [ -2.148786223102704, 46.927652139368199 ], [ -2.147425560766208, 46.926777262791283 ], [ -2.149771156303343, 46.923045016594884 ] ] ], [ [ [ -2.307211729971848, 47.289087004418455 ], [ -2.22283343749955, 47.278594121846993 ], [ -2.263591826714572, 47.244779748500022 ], [ -2.268059689562157, 47.241069044798749 ], [ -2.330934046102183, 47.250606353611211 ], [ -2.494565223939166, 47.275273058020218 ], [ -2.51659259618868, 47.278566100175794 ], [ -2.518929074666536, 47.282343191953558 ], [ -2.550701345357801, 47.333653953494711 ], [ -2.574206884905757, 47.371537802900313 ], [ -2.46744604003329, 47.436703129887761 ], [ -2.4498225319946, 47.44743656680366 ], [ -2.449694223558596, 47.455777617626396 ], [ -2.431614652030697, 47.471600091774341 ], [ -2.430704580742212, 47.471781756215421 ], [ -2.39185282221989, 47.43023850212542 ], [ -2.391626163046595, 47.42986929330381 ], [ -2.391240860712591, 47.429119083270628 ], [ -2.391099611818538, 47.428530111772218 ], [ -2.399079395484088, 47.407144097909253 ], [ -2.399616492037659, 47.405779397166548 ], [ -2.399964279774069, 47.405152373211536 ], [ -2.400751247831647, 47.404209976026991 ], [ -2.404774813499527, 47.401738105154394 ], [ -2.405585504421274, 47.401317360981317 ], [ -2.407181371811588, 47.400756256890411 ], [ -2.42155194124448, 47.394560469663595 ], [ -2.455799052259075, 47.378285072701701 ], [ -2.459730728674792, 47.376373633615465 ], [ -2.459521306839913, 47.375859634270086 ], [ -2.453547672178006, 47.364671317991593 ], [ -2.446885971324654, 47.352673143920036 ], [ -2.43655861613762, 47.339086947372536 ], [ -2.430123404979895, 47.330791518668299 ], [ -2.429235342122944, 47.329782805307723 ], [ -2.426242890481273, 47.327130648142386 ], [ -2.412140303570998, 47.316645158513438 ], [ -2.408383442692034, 47.314871146992026 ], [ -2.355781748401212, 47.291302983318708 ], [ -2.320884343923557, 47.283129084931545 ], [ -2.31590594831016, 47.283366028478902 ], [ -2.307211729971848, 47.289087004418455 ] ] ] ] } },
{ "type": "Feature", "properties": { "code_geog": "E", "libelle_geog": "Jura", "area": 9523.264, "x": 5.984, "y": 46.637 }, "geometry": { "type": "MultiPolygon", "coordinates": [ [ [ [ 5.728384510856039, 45.485014880876996 ], [ 5.723588645547248, 45.475268567730772 ], [ 5.748469932050964, 45.543929958487581 ], [ 5.728384510856039, 45.485014880876996 ] ] ], [ [ [ 5.816117409457264, 45.550344969587186 ], [ 5.799549709486289, 45.584071544879237 ], [ 5.795690452283762, 45.596284518661193 ], [ 5.783345173853146, 45.767754217292882 ], [ 5.783290038951569, 45.776704007980427 ], [ 5.78533545689023, 45.798256850265851 ], [ 5.787616307832637, 45.808805989440287 ], [ 5.788258796343886, 45.809217487394228 ], [ 5.808492862156159, 45.816846460314039 ], [ 5.812411382487465, 45.815724684753796 ], [ 5.813230986588383, 45.81497160254748 ], [ 5.814095956594653, 45.813489386333508 ], [ 5.815902188057675, 45.808460684030422 ], [ 5.843157513054432, 45.743533027060217 ], [ 5.851722362527462, 45.731009201542683 ], [ 5.854084782616541, 45.727326813880453 ], [ 5.8555744158671, 45.724217553655961 ], [ 5.859496610562078, 45.712450710611762 ], [ 5.860050196678445, 45.710280444241896 ], [ 5.860592114023014, 45.707928608466716 ], [ 5.861859357986998, 45.702036596194425 ], [ 5.862121230147978, 45.698692925854139 ], [ 5.862134210896469, 45.694841605883617 ], [ 5.843889275387919, 45.619003408593798 ], [ 5.836328534315257, 45.569399831561419 ], [ 5.82817046994158, 45.581007105328446 ], [ 5.816117409457264, 45.550344969587186 ] ] ], [ [ [ 5.896391152657029, 45.707694267279479 ], [ 5.869960371752327, 45.759138404703847 ], [ 5.859392510563082, 45.790278192500729 ], [ 5.852988008074697, 45.810764619066767 ], [ 5.850812517097116, 45.82420489182001 ], [ 5.848168301266501, 45.916748783072094 ], [ 5.848216811987593, 45.919428303442821 ], [ 5.848289839197861, 45.922377436951713 ], [ 5.848611689304025, 45.931019486602544 ], [ 5.85183996176438, 45.94070290113067 ], [ 5.85884633298586, 45.957747843017522 ], [ 5.860476137285247, 45.961456922670877 ], [ 5.862643213570422, 45.964502279061733 ], [ 5.867133482581087, 45.970304982913376 ], [ 5.869273956422854, 45.971578139281128 ], [ 5.870664267685473, 45.972231971555011 ], [ 5.872605577368386, 45.971989121641855 ], [ 5.873680818323943, 45.971803753170462 ], [ 5.874119541354516, 45.970516400986597 ], [ 5.873721950986527, 45.969073366356469 ], [ 5.871601961639453, 45.965197883648415 ], [ 5.88749274430054, 45.958117909704747 ], [ 5.900529590048809, 45.767298495321647 ], [ 5.903965196643804, 45.765046522865923 ], [ 5.907167316836929, 45.762761434423396 ], [ 5.909588344380982, 45.760015944566582 ], [ 5.910963737435701, 45.757182409678485 ], [ 5.915597114257539, 45.747614299703272 ], [ 5.91646375037931, 45.744958634355527 ], [ 5.918652125798135, 45.737772919060347 ], [ 5.918596771687215, 45.736036150178819 ], [ 5.91759510128225, 45.715327036006272 ], [ 5.910219835358848, 45.709295541573859 ], [ 5.907314630863786, 45.707286292159452 ], [ 5.902944593813439, 45.70596987442859 ], [ 5.901770620613192, 45.70588591676475 ], [ 5.899067271653687, 45.706244747588102 ], [ 5.896391152657029, 45.707694267279479 ] ] ], [ [ [ 6.11614997035125, 46.001280622025995 ], [ 6.059388349123127, 45.932351114985472 ], [ 6.048127063329543, 45.918795468578161 ], [ 6.042129458934411, 45.911931851082699 ], [ 6.029258161391724, 45.903382163963137 ], [ 6.027349336157194, 45.903249731374054 ], [ 6.026609894551879, 45.904717426695136 ], [ 6.025770452614926, 45.90802195665372 ], [ 6.046075677052956, 45.955505870119069 ], [ 6.056079843395048, 45.966099517393786 ], [ 6.057740915592062, 45.966668864197594 ], [ 6.065206807337393, 45.969504022849904 ], [ 6.066998280819114, 45.970342015437176 ], [ 6.073181030663712, 45.97485771787214 ], [ 6.094395674821612, 45.992098461486698 ], [ 6.101561038747402, 46.006762670299608 ], [ 6.100649954735217, 46.009797176857035 ], [ 6.098317732182848, 46.011708680665727 ], [ 6.097724619643066, 46.012040581098802 ], [ 6.095817189312802, 46.011987158611397 ], [ 6.101131672322905, 46.018429208374947 ], [ 6.110230106008856, 46.017188716629228 ], [ 6.116861589181132, 46.009423775574071 ], [ 6.116967948266413, 46.004478381687548 ], [ 6.11614997035125, 46.001280622025995 ] ] ], [ [ [ 6.106104193817923, 46.033865890301236 ], [ 6.101905065546938, 46.03835350493658 ], [ 6.094017777031645, 46.050220720320901 ], [ 6.09044759161692, 46.057902095889311 ], [ 6.089826951210782, 46.060232254966785 ], [ 6.090022325439588, 46.063078685307367 ], [ 6.090547999948736, 46.06410274410888 ], [ 6.111149617111184, 46.086420388643816 ], [ 6.116954546801288, 46.092249101834824 ], [ 6.181999169769409, 46.148955959465006 ], [ 6.191080347268336, 46.155756743810358 ], [ 6.23416682380331, 46.175084643380636 ], [ 6.223245215303174, 46.160413506195923 ], [ 6.181710846717549, 46.10804968597408 ], [ 6.120873172148532, 46.035884633797593 ], [ 6.120091811837856, 46.035163639953254 ], [ 6.114454981479917, 46.031922240975646 ], [ 6.112406532428868, 46.031209672769201 ], [ 6.111111249829625, 46.030811502469994 ], [ 6.108479578723467, 46.031854311574278 ], [ 6.106104193817923, 46.033865890301236 ] ] ], [ [ [ 6.878954580978961, 47.354784205605391 ], [ 7.011914569563722, 47.371815694023276 ], [ 7.012980132029771, 47.370487829297318 ], [ 7.043535743220104, 47.332378009093446 ], [ 6.941560086413813, 47.288796427575051 ], [ 6.937554217479684, 47.242280981594199 ], [ 6.937058168804363, 47.23651526380052 ], [ 6.896651484007421, 47.210437154503481 ], [ 6.707866742593736, 47.088068811535592 ], [ 6.709844877733767, 47.057475453637473 ], [ 6.710956794281006, 47.040263380437636 ], [ 6.671185407924342, 47.026285431476495 ], [ 6.502986370719356, 46.966937147455283 ], [ 6.423322700365728, 46.926891674538979 ], [ 6.463076035030284, 46.864436208540525 ], [ 6.466798805338573, 46.858579289996683 ], [ 6.462424427853708, 46.853291143747128 ], [ 6.428527471414046, 46.812272364778927 ], [ 6.458686820395271, 46.789273537774712 ], [ 6.467891641902833, 46.782248643303809 ], [ 6.444624901219251, 46.769121021875691 ], [ 6.385780105423692, 46.735869677983779 ], [ 6.37691036030691, 46.730851469920566 ], [ 6.195580837227208, 46.627904401427031 ], [ 6.135347222392713, 46.593556671836737 ], [ 6.12979228341663, 46.580875695662627 ], [ 6.11888834190193, 46.555965749297066 ], [ 6.081462779886834, 46.433368461412705 ], [ 6.074244115804238, 46.409656469686041 ], [ 6.119204248360507, 46.390587695050279 ], [ 6.117209301116406, 46.389728607741063 ], [ 6.116848958729944, 46.389542446076533 ], [ 6.116651897344431, 46.389422905208065 ], [ 6.062552688074587, 46.353480811042857 ], [ 6.035968938649462, 46.334994885660386 ], [ 5.923602455375185, 46.214460834794686 ], [ 5.923105041586755, 46.213999263667191 ], [ 5.919175171702615, 46.210314066614266 ], [ 5.892637605423199, 46.184519821252941 ], [ 5.891311834725381, 46.18310249421075 ], [ 5.890110258409648, 46.181600196083508 ], [ 5.88919855484257, 46.179197170544221 ], [ 5.888478574163218, 46.166629157432588 ], [ 5.88842451177683, 46.161677462208296 ], [ 5.888761589612169, 46.159388310572425 ], [ 5.894893506673978, 46.145307911032432 ], [ 5.899704245338294, 46.130079679097094 ], [ 5.900573475197684, 46.12443759364993 ], [ 5.901811650157473, 46.119463047560743 ], [ 5.916857130632401, 46.084755538077857 ], [ 5.919356887038124, 46.083181995151349 ], [ 5.935748000264058, 46.073196997855391 ], [ 5.943859010378649, 46.070900438469678 ], [ 5.931532087544842, 46.062509355479925 ], [ 5.907423461121415, 46.081794172265063 ], [ 5.896804055375496, 46.095577569696339 ], [ 5.877439528469405, 46.126855406895409 ], [ 5.87729128923732, 46.137503041249943 ], [ 5.872444398799334, 46.123983566353274 ], [ 5.871979485626349, 46.122791301243062 ], [ 5.871722979288933, 46.122204926845441 ], [ 5.871205907741544, 46.121419564950578 ], [ 5.870873867858877, 46.120916606960854 ], [ 5.870462185091947, 46.120371109186436 ], [ 5.86985928805468, 46.119822584682566 ], [ 5.869329065010526, 46.119433893862833 ], [ 5.868493434055302, 46.119153816203742 ], [ 5.867993255117451, 46.119079392245851 ], [ 5.862920606401698, 46.12139929514759 ], [ 5.862382223200895, 46.121686279512275 ], [ 5.861818957409628, 46.122127139974921 ], [ 5.859781824317691, 46.124190022040693 ], [ 5.847031418401285, 46.141319967987215 ], [ 5.844712742849499, 46.146129090548371 ], [ 5.843889318099983, 46.153431443283942 ], [ 5.84376841823309, 46.154524912897905 ], [ 5.843721188531682, 46.15507574043118 ], [ 5.843472436780115, 46.158100446532906 ], [ 5.843427623161704, 46.159155531350024 ], [ 5.843425081138519, 46.159380758642854 ], [ 5.843438360420271, 46.159650524862336 ], [ 5.84355638540965, 46.160151196319525 ], [ 5.845122082492459, 46.166262685386442 ], [ 5.848951607670086, 46.177230135262811 ], [ 5.851170590854148, 46.182420688615906 ], [ 5.851988508296522, 46.18428652588716 ], [ 5.852254330447204, 46.184827628742035 ], [ 5.85342359145283, 46.186799614901233 ], [ 5.86235516836047, 46.200543962256639 ], [ 5.86856106771235, 46.209941860489359 ], [ 5.869007874505921, 46.210531320386558 ], [ 5.870057881743538, 46.211633303855777 ], [ 5.871141302660449, 46.212662186593249 ], [ 5.872389482972918, 46.21366790032684 ], [ 5.858622763749865, 46.223076198882588 ], [ 5.80749197845563, 46.213668644038272 ], [ 5.807025855305982, 46.213529841362607 ], [ 5.806402876093432, 46.213206725459479 ], [ 5.805881292796687, 46.212871492201842 ], [ 5.803186650000634, 46.211053857794127 ], [ 5.802550774947701, 46.210578019824034 ], [ 5.802053660110002, 46.21005290062508 ], [ 5.768091306983496, 46.164141875271234 ], [ 5.748837317702296, 46.059639991903424 ], [ 5.747992370433901, 46.04329367733375 ], [ 5.74787479392427, 46.039956222400292 ], [ 5.747961277087114, 46.03873787587689 ], [ 5.74805282604217, 46.037717495229444 ], [ 5.748257587843254, 46.03659463093593 ], [ 5.748638963567991, 46.03481803387573 ], [ 5.748831863761007, 46.03401071649499 ], [ 5.749240207070656, 46.032809647648492 ], [ 5.749577859695851, 46.03183585141084 ], [ 5.749862081867572, 46.031106817154026 ], [ 5.750297687361697, 46.030175081064868 ], [ 5.752086105806758, 46.02641070124637 ], [ 5.756738324796324, 46.02162290566762 ], [ 5.756869162328922, 46.02149286128666 ], [ 5.758867571018195, 46.019703185713652 ], [ 5.759234225200453, 46.019403883283758 ], [ 5.759593424302714, 46.019230882351124 ], [ 5.760133712830476, 46.019124426403607 ], [ 5.761527112014815, 46.019082115624848 ], [ 5.763050479051689, 46.018702635741406 ], [ 5.766071409536395, 46.017494122278215 ], [ 5.767108492856418, 46.017039318527345 ], [ 5.76741831042097, 46.016813760741641 ], [ 5.768337751222528, 46.016119375514755 ], [ 5.768613936041718, 46.015885832197839 ], [ 5.768866978180323, 46.015643987056066 ], [ 5.769093010594262, 46.015357935924108 ], [ 5.769303078764774, 46.015036348221152 ], [ 5.787216164221676, 45.979115637196834 ], [ 5.78742522359278, 45.978640945034513 ], [ 5.787552856597772, 45.978321841001964 ], [ 5.787648018744495, 45.978012736831836 ], [ 5.794463349784515, 45.952732191842728 ], [ 5.795501896595449, 45.928430223873697 ], [ 5.785066839105907, 45.870196522127941 ], [ 5.784488182826972, 45.867872839549882 ], [ 5.784411429848742, 45.867677072215628 ], [ 5.784285779489518, 45.867446782037867 ], [ 5.784068785056203, 45.867237302984613 ], [ 5.783822279353801, 45.867019722732856 ], [ 5.783452969124282, 45.86670684592999 ], [ 5.783260359548753, 45.866577667335058 ], [ 5.782355489090381, 45.866101091076473 ], [ 5.781918662090311, 45.86588033313673 ], [ 5.781268679626776, 45.865729141385714 ], [ 5.77161244834259, 45.864394534232346 ], [ 5.771040582971716, 45.864357968866841 ], [ 5.769160395452015, 45.864244274317421 ], [ 5.768007739957344, 45.86423442604876 ], [ 5.767449780130445, 45.864278466733225 ], [ 5.766949229190978, 45.864338764147249 ], [ 5.766118987341708, 45.864499168411115 ], [ 5.765616173502757, 45.864613561083047 ], [ 5.765237188404535, 45.864724176021099 ], [ 5.764012377874947, 45.865274819580243 ], [ 5.763358907681528, 45.865582906241087 ], [ 5.741428624780475, 45.877217444091357 ], [ 5.734988061221191, 45.88269829686682 ], [ 5.730225766413438, 45.913090649228408 ], [ 5.730252697972507, 45.914854865792442 ], [ 5.73065525577682, 45.916004405072201 ], [ 5.731852122887871, 45.918768944228944 ], [ 5.733322531815524, 45.92176836365234 ], [ 5.734172900634764, 45.924390251984299 ], [ 5.734423536493243, 45.925220178219639 ], [ 5.734800735051265, 45.926829743361587 ], [ 5.734962958626509, 45.927833438173543 ], [ 5.735255700920992, 45.930994461560005 ], [ 5.735277941848537, 45.935100201495828 ], [ 5.734997540579446, 45.93654951105205 ], [ 5.734846277979944, 45.937310520465978 ], [ 5.724521336703258, 45.984448971074414 ], [ 5.724064887141862, 45.986245735042417 ], [ 5.723640026599553, 45.987483220540938 ], [ 5.723111541478748, 45.988246538491119 ], [ 5.722885631018583, 45.988523484161291 ], [ 5.721023546067683, 45.990650623913858 ], [ 5.720474213590531, 45.99123444853317 ], [ 5.717023203737382, 45.994597898232506 ], [ 5.7160596541526, 45.995419251189993 ], [ 5.714965192616246, 45.99622650818084 ], [ 5.709879115219112, 45.999539652049272 ], [ 5.708595296417353, 46.000343503001915 ], [ 5.707088553450936, 46.001081961831119 ], [ 5.705550883668113, 46.001830328749598 ], [ 5.703096233763534, 46.002876214842516 ], [ 5.701586911959657, 46.003443574786139 ], [ 5.676424342549663, 46.012818636035533 ], [ 5.66670294268139, 46.01108002794372 ], [ 5.639773860778465, 45.915619352599016 ], [ 5.639469446218123, 45.914313583736465 ], [ 5.638971544741811, 45.911347603486966 ], [ 5.636693682209218, 45.894341346438068 ], [ 5.636690796446412, 45.893918206678265 ], [ 5.636710387643748, 45.89116217150827 ], [ 5.636845340111325, 45.880757706195475 ], [ 5.636985040495099, 45.880213321788766 ], [ 5.63717244648181, 45.879631518368669 ], [ 5.637516564984113, 45.878774973042439 ], [ 5.637710895051988, 45.878317919035418 ], [ 5.649153575289698, 45.886290708805475 ], [ 5.655427987973472, 45.887565021546791 ], [ 5.708151438385066, 45.861219816042983 ], [ 5.711388019119423, 45.859468379263099 ], [ 5.721229940940391, 45.852418696998967 ], [ 5.727165492668388, 45.845775910872085 ], [ 5.7605924912648, 45.781313328073693 ], [ 5.761094945640221, 45.738599735914448 ], [ 5.760313310045534, 45.726040557553056 ], [ 5.759089594105431, 45.720286686960819 ], [ 5.727533571280508, 45.581600238577138 ], [ 5.700153881467759, 45.608452979981791 ], [ 5.692878997682625, 45.641833921938911 ], [ 5.693877425782504, 45.642187724638667 ], [ 5.694931544433937, 45.642813937529205 ], [ 5.697094679361056, 45.646887817714344 ], [ 5.705857733992697, 45.664671236555414 ], [ 5.717756470195354, 45.696773933757029 ], [ 5.718153950532371, 45.698150696018367 ], [ 5.731325094783958, 45.766735905698248 ], [ 5.727763253138137, 45.770977330097516 ], [ 5.705372422351283, 45.791002687136391 ], [ 5.679359165879371, 45.808120279312647 ], [ 5.54107124429783, 45.746058862945276 ], [ 5.538994233476052, 45.746307239342627 ], [ 5.537724628702398, 45.746424498984567 ], [ 5.534476819794153, 45.746291991249912 ], [ 5.53376671304991, 45.746258199261895 ], [ 5.533063382806358, 45.746161180916701 ], [ 5.532156306196588, 45.746015935413098 ], [ 5.437444244733482, 45.724344873052111 ], [ 5.396902276267195, 45.711538786025407 ], [ 5.281340334601453, 45.661037877514019 ], [ 5.187071942966409, 45.701609940691576 ], [ 5.252781794322248, 45.740100173425652 ], [ 5.323489235259068, 45.834007798225997 ], [ 5.343117623560554, 45.864321112493442 ], [ 5.410720855309735, 46.034411484572423 ], [ 5.410794399138515, 46.034742621917935 ], [ 5.410937501980742, 46.035909219164473 ], [ 5.411348598827046, 46.046576554894585 ], [ 5.382507830555684, 46.074441875752171 ], [ 5.37245482793945, 46.080889162585855 ], [ 5.340499749866248, 46.080843438620803 ], [ 5.328875463628534, 46.072652800469626 ], [ 5.324040240936503, 46.084161218983951 ], [ 5.321215873726868, 46.19178224119289 ], [ 5.356502521088638, 46.344861813975228 ], [ 5.356221148433412, 46.345238450330378 ], [ 5.35478143123969, 46.347482637708794 ], [ 5.353709718942996, 46.34925783612394 ], [ 5.353000904587221, 46.350456150517005 ], [ 5.352576482062465, 46.351331775939343 ], [ 5.348373709788581, 46.361716466732283 ], [ 5.347679058334904, 46.363733687768004 ], [ 5.346838335596611, 46.366520078984628 ], [ 5.346402898281004, 46.368170272201048 ], [ 5.346306298713544, 46.369289273678895 ], [ 5.346290945868721, 46.370892312433014 ], [ 5.349350107565686, 46.442132744815517 ], [ 5.349527274051705, 46.445605660470669 ], [ 5.349962009223873, 46.447293552359945 ], [ 5.39448703254784, 46.532915886075038 ], [ 5.39487851627858, 46.53365492576328 ], [ 5.395956961370151, 46.535426685560736 ], [ 5.399884680738491, 46.541817235927631 ], [ 5.401324834174326, 46.543835826653172 ], [ 5.407150312318472, 46.549047358769243 ], [ 5.409088999925416, 46.550599984386821 ], [ 5.410899345161015, 46.551872427072247 ], [ 5.411255254477253, 46.552121676468531 ], [ 5.411644098810156, 46.552347526333762 ], [ 5.413656979677865, 46.553420879748472 ], [ 5.482048329646028, 46.597200739148306 ], [ 5.486587016689109, 46.613615765900626 ], [ 5.487442537569532, 46.62229674241955 ], [ 5.514068264272824, 46.653736370070817 ], [ 5.567959341139851, 46.726519535313081 ], [ 5.58649758216617, 46.786547546482062 ], [ 5.585457941927909, 46.785867996549364 ], [ 5.574955810384631, 46.779757075704147 ], [ 5.568847833523495, 46.777129560579169 ], [ 5.551055947107916, 46.769977537430833 ], [ 5.541375764521098, 46.766210922350403 ], [ 5.540173752749205, 46.766228848461978 ], [ 5.537984927196066, 46.766744856020289 ], [ 5.537613549584166, 46.766987107101421 ], [ 5.536767973158215, 46.767920182636566 ], [ 5.536268359099246, 46.768555441994515 ], [ 5.536382751958221, 46.770402568905496 ], [ 5.536459937248391, 46.77086186549721 ], [ 5.54410322922728, 46.795577680136446 ], [ 5.54591437428104, 46.798874137544487 ], [ 5.55298034393064, 46.807033730358441 ], [ 5.571213490244734, 46.827199987807582 ], [ 5.587251827339484, 46.840555810617261 ], [ 5.588838005677629, 46.841440447871797 ], [ 5.589684142101157, 46.841844109502695 ], [ 5.693741537390435, 46.866081670596721 ], [ 5.782880909453075, 46.940877448765839 ], [ 5.793506975811007, 46.968583366484104 ], [ 5.793555656748957, 46.969583697889519 ], [ 5.792805875308011, 46.978386066730891 ], [ 5.827037758109534, 47.142594527821906 ], [ 5.865613531360742, 47.151783271140275 ], [ 5.86986304920491, 47.152832609348685 ], [ 5.870664769604517, 47.153042136415266 ], [ 5.927250919754227, 47.178118057757338 ], [ 5.929558057908062, 47.179225805376781 ], [ 5.942371355302337, 47.185534384438839 ], [ 5.943649266117789, 47.18626883525635 ], [ 5.945029558358389, 47.187162160382712 ], [ 5.946754273554197, 47.188350857212008 ], [ 5.958132738701085, 47.197053103868527 ], [ 6.013012366351423, 47.228996077556864 ], [ 6.088672034593646, 47.266698013256821 ], [ 6.093003861352514, 47.259208371690903 ], [ 6.075518084242206, 47.224779988778927 ], [ 6.07451263352628, 47.223893996086375 ], [ 6.0732122753408, 47.222783402326925 ], [ 6.067522784786818, 47.218347683139179 ], [ 6.064947260400745, 47.216431720198209 ], [ 6.056529176050427, 47.211129100947318 ], [ 6.049311188074586, 47.207588404426616 ], [ 6.047864487834339, 47.20695055842949 ], [ 6.044359646120178, 47.205550393552429 ], [ 6.043139965663507, 47.205076296595308 ], [ 6.039081558625062, 47.203585710190396 ], [ 6.03567266559331, 47.202551443304252 ], [ 6.033002721425251, 47.201763552494057 ], [ 6.030382077781236, 47.200910982973063 ], [ 6.028592161971842, 47.200247883444241 ], [ 6.024717215831325, 47.19847176392355 ], [ 6.022242889546104, 47.197209084727582 ], [ 6.019634165778538, 47.195707500442985 ], [ 6.017218386435774, 47.194235721413271 ], [ 6.015786656464261, 47.193335855154757 ], [ 6.007788964605793, 47.188124557525569 ], [ 5.983848096397042, 47.172098698407609 ], [ 5.982273423266212, 47.170851760528961 ], [ 5.980057069314689, 47.169039747039996 ], [ 5.979725941270334, 47.168563927015732 ], [ 5.969593036795431, 47.149450307175876 ], [ 5.969006183597187, 47.148217067726264 ], [ 5.968633092778073, 47.147301278315545 ], [ 5.963737645461784, 47.114693816149376 ], [ 5.964711092709785, 47.10717056082791 ], [ 5.965857278386525, 47.106017729638253 ], [ 5.979398226034735, 47.093225115349121 ], [ 5.980422522103056, 47.092616312721297 ], [ 5.981066052455311, 47.092577913665259 ], [ 5.981968184915904, 47.092585349438757 ], [ 5.984275703819931, 47.092656286836416 ], [ 5.997078952708123, 47.093186149448599 ], [ 6.001332443045809, 47.093969295490389 ], [ 6.002655330367371, 47.094404444959928 ], [ 6.005278964131963, 47.095275406329478 ], [ 6.006554988134324, 47.095928145468037 ], [ 6.122292311660575, 47.172144061741442 ], [ 6.144641075850242, 47.189356944803343 ], [ 6.146483292241211, 47.190773077804295 ], [ 6.153344860549229, 47.194103499856453 ], [ 6.164808795891325, 47.199325190990635 ], [ 6.165985669609913, 47.199844487028962 ], [ 6.166556712860545, 47.200068683375427 ], [ 6.16711136330505, 47.200248390059585 ], [ 6.169201219856578, 47.200737306930314 ], [ 6.188959800887647, 47.204951054631152 ], [ 6.189420827702354, 47.204998689982091 ], [ 6.190209163829679, 47.205026374197708 ], [ 6.202694228298224, 47.203347350200353 ], [ 6.203162698498491, 47.203223556313148 ], [ 6.2035730144282, 47.203083698503676 ], [ 6.203765574956102, 47.203005185146104 ], [ 6.204107373738235, 47.202831598020055 ], [ 6.204682501466714, 47.202515080652432 ], [ 6.204992509133495, 47.202324544489898 ], [ 6.205559255129933, 47.201675060391025 ], [ 6.205922243372673, 47.20078923626037 ], [ 6.205928429059537, 47.200554857495135 ], [ 6.221560834615373, 47.197173840587695 ], [ 6.246911244112648, 47.207322757562515 ], [ 6.305280680034755, 47.242562991876376 ], [ 6.324931247080372, 47.256539737108625 ], [ 6.356526602029902, 47.289976882680079 ], [ 6.366627604918683, 47.306513246457058 ], [ 6.379028579478844, 47.324967990986806 ], [ 6.388380142450258, 47.331197641126643 ], [ 6.400209607567475, 47.33794296452789 ], [ 6.401321726879432, 47.338507335486639 ], [ 6.447039742117654, 47.359633980996612 ], [ 6.453417931796487, 47.360947275780561 ], [ 6.596086277727587, 47.377757985285491 ], [ 6.659684885649638, 47.392171642248798 ], [ 6.69947936666674, 47.403298707662593 ], [ 6.747312256309969, 47.419025512005305 ], [ 6.766979806818258, 47.428923066940854 ], [ 6.761645630453329, 47.397522499275674 ], [ 6.76156272220431, 47.397003128422412 ], [ 6.761562763937583, 47.396723836523535 ], [ 6.762512558165541, 47.386966363098978 ], [ 6.762820880115633, 47.384747255965976 ], [ 6.765232453076484, 47.378294247836799 ], [ 6.765427376210062, 47.377836308212423 ], [ 6.765612742405135, 47.377522885440911 ], [ 6.766092989750046, 47.377026984416432 ], [ 6.766507164429257, 47.376713802093043 ], [ 6.767170989833573, 47.376472135546095 ], [ 6.767524396543584, 47.376395524260374 ], [ 6.767945184189139, 47.37645147107937 ], [ 6.768524253061399, 47.376636490576132 ], [ 6.769675659119168, 47.377114893203398 ], [ 6.770228753049326, 47.377436042922852 ], [ 6.857316011119078, 47.44172790547151 ], [ 6.912053679406339, 47.483438284990569 ], [ 7.089514216997634, 47.517351336268042 ], [ 7.116520757988113, 47.503261960691113 ], [ 7.107756418511781, 47.500419750156318 ], [ 7.071429700302716, 47.488628931144497 ], [ 6.990988740819595, 47.453737024370859 ], [ 6.960239676917729, 47.443399339421887 ], [ 6.940296882596366, 47.436688140257637 ], [ 6.902798344737818, 47.392438617264467 ], [ 6.882032200409784, 47.367896734191334 ], [ 6.869968322202004, 47.353627202274893 ], [ 6.878954580978961, 47.354784205605391 ] ] ], [ [ [ 7.338497064388599, 47.504694674600557 ], [ 7.429908502160416, 47.459093024958001 ], [ 7.428440013563527, 47.453318944107345 ], [ 7.424061469709705, 47.44905760436933 ], [ 7.414100336272948, 47.443984820431474 ], [ 7.397548721874205, 47.435551731037009 ], [ 7.382336137291657, 47.42779641927315 ], [ 7.346122788424889, 47.429370282376567 ], [ 7.195455910750924, 47.435795866664925 ], [ 7.187551091560287, 47.440026187606591 ], [ 7.338497064388599, 47.504694674600557 ] ] ], [ [ [ 7.492958560879368, 47.488718759552135 ], [ 7.465677066263853, 47.485071619170995 ], [ 7.495630499489204, 47.491814896442186 ], [ 7.492958560879368, 47.488718759552135 ] ] ] ] } },
{ "type": "Feature", "properties": { "code_geog": "D", "libelle_geog": "Vosges", "area": 9331.735, "x": 6.956, "y": 48.315 }, "geometry": { "type": "MultiPolygon", "coordinates": [ [ [ [ 7.635421795379101, 49.052440976743611 ], [ 7.643103135388581, 49.052346400954043 ], [ 7.685719332451271, 49.051812722168691 ], [ 7.818215799807032, 49.050056391832442 ], [ 7.836627648022977, 49.049800702368074 ], [ 7.918675754132129, 49.048626784168249 ], [ 7.932376796858605, 49.048425262851957 ], [ 7.954008968182283, 49.0417568456579 ], [ 7.956287658047188, 49.000863385272908 ], [ 7.955619002241177, 48.997597457353997 ], [ 7.955114783437852, 48.995920690100718 ], [ 7.949823964867027, 48.988939806656369 ], [ 7.937251116479292, 48.974275902054231 ], [ 7.926711357639745, 48.962900768984341 ], [ 7.922768363519154, 48.958876005636 ], [ 7.92129736541564, 48.957386322001021 ], [ 7.917670225478664, 48.954101145479633 ], [ 7.916571732991986, 48.953366519707004 ], [ 7.849215416415978, 48.910003723817304 ], [ 7.834676148749878, 48.911439535904151 ], [ 7.8335960845928, 48.91159751433554 ], [ 7.833120861110904, 48.911691526029223 ], [ 7.832898312030119, 48.911735583545791 ], [ 7.832537880397298, 48.911808527864643 ], [ 7.80588189214163, 48.915975061866938 ], [ 7.773549387165538, 48.917557037552932 ], [ 7.772509220627651, 48.917487412974175 ], [ 7.771481023763779, 48.917360929961568 ], [ 7.719468500462447, 48.908397843553161 ], [ 7.702393319510573, 48.903934895280372 ], [ 7.701594346377449, 48.903666880017227 ], [ 7.700838953737705, 48.903349603800443 ], [ 7.630818902680685, 48.871408078511969 ], [ 7.630330959653583, 48.8711347851631 ], [ 7.629881765855791, 48.870814727364625 ], [ 7.623883110774506, 48.86548314666878 ], [ 7.623266348040333, 48.864925052639357 ], [ 7.622720526694351, 48.864334528427619 ], [ 7.622253813823371, 48.863724723643948 ], [ 7.619245981413238, 48.856514761751605 ], [ 7.618614892795283, 48.854777264404909 ], [ 7.618529934849123, 48.854513055755419 ], [ 7.618523896091686, 48.854294885252827 ], [ 7.618528552063335, 48.853411915647875 ], [ 7.618737160006638, 48.852713555508295 ], [ 7.618819281903543, 48.852439674527723 ], [ 7.61906240429488, 48.852079824597432 ], [ 7.627880175905221, 48.845524211805028 ], [ 7.632572525866077, 48.844973034220416 ], [ 7.642052974116893, 48.844016723150958 ], [ 7.650743647808117, 48.843313384676705 ], [ 7.651240119078198, 48.84309752237445 ], [ 7.652006530507613, 48.842295323770394 ], [ 7.653723971299439, 48.824796673278037 ], [ 7.639271975940804, 48.733150356735102 ], [ 7.637105476928494, 48.727828362051177 ], [ 7.635581790284441, 48.724531630122044 ], [ 7.629812987863693, 48.713246601674811 ], [ 7.61734932890971, 48.701239385670533 ], [ 7.616856968034761, 48.700855912925618 ], [ 7.609805725420246, 48.69600764158865 ], [ 7.609531902896803, 48.695882434737868 ], [ 7.609220131976991, 48.695810715651973 ], [ 7.608889039643346, 48.695791655718416 ], [ 7.604264722708211, 48.695607564525531 ], [ 7.603250786291533, 48.695623328915481 ], [ 7.56443487945328, 48.670245584952468 ], [ 7.511457186082772, 48.635208469497499 ], [ 7.499849004332875, 48.618096821069528 ], [ 7.498589554778022, 48.615039297181418 ], [ 7.496842806324148, 48.610036887619145 ], [ 7.496067402226569, 48.606985257090727 ], [ 7.487912993731512, 48.541439391127575 ], [ 7.477434198543425, 48.428327721983905 ], [ 7.45878811761144, 48.315374985998659 ], [ 7.427924815489255, 48.254371550812628 ], [ 7.393148428583646, 48.234061694662962 ], [ 7.306423337032245, 48.118330799186872 ], [ 7.305954680385588, 48.117296488346824 ], [ 7.305574525606599, 48.115472296818439 ], [ 7.302567070468625, 48.100291602005903 ], [ 7.302502477558405, 48.097399835331274 ], [ 7.306414739726548, 48.094062410400667 ], [ 7.308042910911382, 48.09121595354604 ], [ 7.312129434662849, 48.083793753010511 ], [ 7.311731184121735, 48.031971556299602 ], [ 7.299291642136723, 47.97245534298839 ], [ 7.182473479794822, 47.818655764713803 ], [ 7.182012334271815, 47.818395605822438 ], [ 7.174647103185385, 47.815045497189693 ], [ 7.173072322168618, 47.814428302192333 ], [ 7.165962401335434, 47.812378121337424 ], [ 7.16260247642988, 47.811591462979457 ], [ 7.134491227111651, 47.807267024290688 ], [ 7.129918627090807, 47.807331289542823 ], [ 7.125969187225562, 47.807556730873635 ], [ 7.1205850622451, 47.809850215655018 ], [ 7.101500764843068, 47.807009939015209 ], [ 7.110809148475401, 47.796994859689804 ], [ 7.090460592650931, 47.756486022072224 ], [ 7.018468858394118, 47.756402794980893 ], [ 6.969441241160214, 47.73653844302136 ], [ 6.847281333038048, 47.743473612564777 ], [ 6.826730700694791, 47.741434866103646 ], [ 6.785015672549033, 47.638344625877743 ], [ 6.775840320102536, 47.63193009610842 ], [ 6.774687028065317, 47.631127351087784 ], [ 6.770902083371144, 47.628524265046266 ], [ 6.765925015821201, 47.625353947374485 ], [ 6.722990784394923, 47.603239398009791 ], [ 6.702356288664426, 47.593921055348289 ], [ 6.630851603392615, 47.563294776532075 ], [ 6.628872698386444, 47.562789240359656 ], [ 6.628419066214921, 47.562806021285077 ], [ 6.62667668107976, 47.563210509128872 ], [ 6.615172118229514, 47.570918160888752 ], [ 6.518968526275049, 47.543663010808238 ], [ 6.571326530437028, 47.636882287546634 ], [ 6.59601177883712, 47.649919001559596 ], [ 6.597102453710999, 47.650511795311388 ], [ 6.599788798432742, 47.652153973853629 ], [ 6.601243942114068, 47.65305087426848 ], [ 6.614065163821674, 47.661569209121694 ], [ 6.617166833892942, 47.664389227741481 ], [ 6.587036152241645, 47.743953661639765 ], [ 6.586418082961959, 47.745300247137905 ], [ 6.583122943941514, 47.751889697890896 ], [ 6.581463318039548, 47.75391821424833 ], [ 6.433556803255478, 47.833898049201629 ], [ 6.431409720728301, 47.83306162077676 ], [ 6.392390379277924, 47.817499124564968 ], [ 6.371870492051062, 47.811258861368714 ], [ 6.249401121640087, 47.788380330366579 ], [ 6.234842668761184, 47.786295070161408 ], [ 6.23413563919167, 47.786242176397025 ], [ 6.233807820870878, 47.786439986065027 ], [ 6.232850149025968, 47.787077570450322 ], [ 6.232524621261856, 47.787329327631504 ], [ 6.231093113110812, 47.788462232725905 ], [ 6.229558148922017, 47.790255912942023 ], [ 6.227221931542152, 47.793069075692209 ], [ 6.224967603996854, 47.796124823504215 ], [ 6.226429189435816, 47.801476570216558 ], [ 6.226474987417792, 47.801520065086414 ], [ 6.228437054261433, 47.802620678184319 ], [ 6.23803507612876, 47.807844488245543 ], [ 6.24067754139155, 47.809181023002246 ], [ 6.337223834888297, 47.849961238469412 ], [ 6.376243114903217, 47.891571467364756 ], [ 6.341299724090442, 47.913161841570556 ], [ 6.28600217471113, 47.915606965904551 ], [ 6.237353612882359, 47.902857075837211 ], [ 6.234363592078527, 47.902135252971476 ], [ 6.232811369128746, 47.902013707230431 ], [ 6.230739749654471, 47.902112051202394 ], [ 6.228611442605279, 47.902327049875481 ], [ 6.226335504971198, 47.902560431461055 ], [ 6.222378078495518, 47.903543031323181 ], [ 6.148951624847392, 47.931314312245341 ], [ 6.077056613731167, 47.956111132011358 ], [ 6.021530248065241, 47.9513266880735 ], [ 5.968001216672442, 47.934708117815688 ], [ 5.884081543296854, 47.925419982331533 ], [ 5.882591102461903, 47.925501217839106 ], [ 5.88041472995934, 47.925727012913683 ], [ 5.849349388411098, 47.929390102422971 ], [ 5.769944793270334, 47.941855709331904 ], [ 5.768854643773029, 47.942641591193251 ], [ 5.754752903582443, 47.954439206206779 ], [ 5.754664234902513, 47.956406347339701 ], [ 5.755747864541719, 47.958485494796783 ], [ 5.757248698454839, 47.961184777875246 ], [ 5.759167485965897, 47.964333133645368 ], [ 5.761337304831585, 47.96770589623587 ], [ 5.762673858996381, 47.969505286450243 ], [ 5.826521285416707, 48.04765016525851 ], [ 5.8914150914316, 48.097903319199474 ], [ 5.915192489762177, 48.112691912990542 ], [ 6.023065521853488, 48.164663234960926 ], [ 6.054356182944069, 48.163345860700161 ], [ 6.054499504759366, 48.163255804781123 ], [ 6.056621506503131, 48.160776085296447 ], [ 6.06289724350333, 48.14666001981977 ], [ 6.065290811600031, 48.140165550391615 ], [ 6.065602523066222, 48.139120409008889 ], [ 6.10694028214056, 48.127919587643575 ], [ 6.191203491622672, 48.122395141651644 ], [ 6.274729564477195, 48.145440035102908 ], [ 6.509044476979732, 48.199768395236468 ], [ 6.597498910300093, 48.218810359904523 ], [ 6.659990148754615, 48.237982447994007 ], [ 6.665060908959306, 48.256553275857257 ], [ 6.666067599132447, 48.278639000733463 ], [ 6.665808840301051, 48.279150542053173 ], [ 6.660487383752275, 48.286547804070501 ], [ 6.655848406870494, 48.291785578389423 ], [ 6.629656672011592, 48.35700569013806 ], [ 6.611095597708271, 48.408993570872425 ], [ 6.632431484919131, 48.441426591398297 ], [ 6.702043313233383, 48.482778033800663 ], [ 6.761532978474427, 48.489570893578083 ], [ 6.816929831443907, 48.499335064003049 ], [ 6.872900009120592, 48.552233810843603 ], [ 6.89547472175455, 48.577400331145931 ], [ 6.895464294242688, 48.577475020003938 ], [ 6.890156840600638, 48.603600729100371 ], [ 6.889325662175477, 48.605478571574238 ], [ 7.08174560827489, 48.690879756324478 ], [ 7.082084780953381, 48.691019269661929 ], [ 7.087739334817263, 48.693062132983897 ], [ 7.088512744497145, 48.69329229224504 ], [ 7.091378473177398, 48.693393553772474 ], [ 7.091868853634539, 48.693391902297051 ], [ 7.116871859134513, 48.68790209509276 ], [ 7.117765911250235, 48.687289712304519 ], [ 7.121316191952615, 48.685696654270593 ], [ 7.124286178203591, 48.684487125965717 ], [ 7.124907697180834, 48.684498050113369 ], [ 7.127223984045666, 48.685115912355577 ], [ 7.130288690883834, 48.686613020026222 ], [ 7.132043539731375, 48.68809098959332 ], [ 7.134055978257441, 48.689549509344317 ], [ 7.135849574227947, 48.690818736317361 ], [ 7.139573482291087, 48.692883298439341 ], [ 7.140252308129843, 48.693089944227829 ], [ 7.141700552609515, 48.693526570351906 ], [ 7.141992062071268, 48.693442715383938 ], [ 7.142104800901349, 48.693393120057095 ], [ 7.143072720057101, 48.692579428484777 ], [ 7.155964208030457, 48.691777057711306 ], [ 7.157197621168343, 48.693122781772381 ], [ 7.161434762959871, 48.694769589182798 ], [ 7.161808930218625, 48.694889449198648 ], [ 7.162508324684911, 48.695014085308138 ], [ 7.16333988462207, 48.695115327335031 ], [ 7.164693413702353, 48.695060231632965 ], [ 7.166649191510068, 48.694962582649296 ], [ 7.167205629077687, 48.695552298090703 ], [ 7.167788245711114, 48.696203983749811 ], [ 7.167983570846345, 48.696430171690885 ], [ 7.16801126235197, 48.6964628144976 ], [ 7.168043606073042, 48.69649977056234 ], [ 7.168077852416094, 48.696538900502446 ], [ 7.168142540093476, 48.696612812581385 ], [ 7.168175939548155, 48.696651976997217 ], [ 7.168207436466011, 48.696688967519549 ], [ 7.168389447024476, 48.696899937530667 ], [ 7.168834541949442, 48.697343338864023 ], [ 7.169137127409611, 48.697643953574158 ], [ 7.169665547915558, 48.697721482473611 ], [ 7.170014666410427, 48.697763539947751 ], [ 7.170272954663476, 48.697798041346189 ], [ 7.170382199442656, 48.697811600085345 ], [ 7.170497373661674, 48.697824917055527 ], [ 7.170554113738587, 48.697831610023059 ], [ 7.170613394994536, 48.697838199388897 ], [ 7.170670982155706, 48.697844857775728 ], [ 7.170728569331609, 48.69785151613452 ], [ 7.17078615652226, 48.697858174465445 ], [ 7.170833370436646, 48.697863004194502 ], [ 7.17089709567181, 48.697871663677923 ], [ 7.171266115746089, 48.697917409129992 ], [ 7.172001960020026, 48.698067522528611 ], [ 7.172409836746279, 48.698192730640052 ], [ 7.172485188275497, 48.698216675035248 ], [ 7.17336591508775, 48.698498208059462 ], [ 7.174848020634522, 48.699275277473674 ], [ 7.177173536867601, 48.700279073852116 ], [ 7.179644526408748, 48.700844617751656 ], [ 7.181448221511187, 48.701293281182849 ], [ 7.183477556821642, 48.702228008327026 ], [ 7.185841969346602, 48.709705103225133 ], [ 7.185750588793641, 48.71113172372258 ], [ 7.203314471876666, 48.727541255115476 ], [ 7.212982796518526, 48.731638178604214 ], [ 7.246170469371146, 48.744787273396256 ], [ 7.253458573212723, 48.743846206234217 ], [ 7.286152141785755, 48.767308036501717 ], [ 7.257045702739148, 48.792841709274448 ], [ 7.256503605290106, 48.793350455089744 ], [ 7.256093051289698, 48.793961817940925 ], [ 7.232735103482998, 48.832100073566934 ], [ 7.185353116889544, 48.912118927382451 ], [ 7.185042299955996, 48.912647067110257 ], [ 7.18451400021959, 48.913697293003189 ], [ 7.182356943140684, 48.918845368973379 ], [ 7.182379993989032, 48.9189547312941 ], [ 7.187492861179575, 48.939107028231284 ], [ 7.187564302819326, 48.939340474286801 ], [ 7.188267041069345, 48.941486323863202 ], [ 7.190606527342945, 48.948490671670193 ], [ 7.191539981540636, 48.951043531082128 ], [ 7.192742698146562, 48.954269708569718 ], [ 7.193395247379613, 48.95526731690547 ], [ 7.265456815720313, 49.029668511984148 ], [ 7.441973678905434, 49.143038734013203 ], [ 7.488674612784683, 49.153589787558168 ], [ 7.492240072612039, 49.152635811941465 ], [ 7.50400573861515, 49.149486778531738 ], [ 7.528491427255271, 49.142928314460278 ], [ 7.524393593356121, 49.10225027617485 ], [ 7.524189018431043, 49.100217794352609 ], [ 7.527602243013046, 49.098754624102909 ], [ 7.615333352380288, 49.061083733958057 ], [ 7.635421795379101, 49.052440976743611 ] ] ], [ [ [ 6.655267344563642, 49.253881393931024 ], [ 6.661522394104401, 49.254630868740243 ], [ 6.702463955224847, 49.209954657976404 ], [ 6.717424829410342, 49.193605754099281 ], [ 6.739193765589069, 49.169794829390611 ], [ 6.810641813673964, 49.158238216113766 ], [ 6.85379661861334, 49.151234781799161 ], [ 6.848636956427222, 49.163738849753429 ], [ 6.823811240230524, 49.223812383377471 ], [ 6.88611553793377, 49.214851591951899 ], [ 6.971128616734763, 49.20256738563053 ], [ 6.884911853624822, 49.154585527193149 ], [ 6.831162301898472, 49.132279685626045 ], [ 6.762029021185616, 49.107452250714367 ], [ 6.7611667516414, 49.107268156498442 ], [ 6.720570439379681, 49.099259467051809 ], [ 6.715780978407308, 49.098408994470198 ], [ 6.711543077897554, 49.097808144448933 ], [ 6.70797410916667, 49.09740768516113 ], [ 6.651289848219257, 49.093562758276427 ], [ 6.649074598796528, 49.094038630616851 ], [ 6.64481529892968, 49.095011077111472 ], [ 6.639972179432206, 49.096625312588849 ], [ 6.629286089636104, 49.10216579002725 ], [ 6.628921401221525, 49.102538837261733 ], [ 6.615570317397892, 49.185533906461181 ], [ 6.617325768095437, 49.219240999571291 ], [ 6.62400453391144, 49.229493943630295 ], [ 6.646470449903869, 49.25886760000683 ], [ 6.649703495278207, 49.257995607520655 ], [ 6.655267344563642, 49.253881393931024 ] ] ] ] } },
{ "type": "Feature", "properties": { "code_geog": "C", "libelle_geog": "Grand Est semi-continental", "area": 70494.251, "x": 5.526, "y": 47.748 }, "geometry": { "type": "MultiPolygon", "coordinates": [ [ [ [ 4.895837575704844, 49.91296391270059 ], [ 4.876186101615276, 49.787948482891402 ], [ 4.874240081609282, 49.775528167799131 ], [ 4.933168126235682, 49.779034384542953 ], [ 4.942970858583823, 49.792588307562291 ], [ 4.956882915591406, 49.81181160804551 ], [ 5.034104670602257, 49.775988229476617 ], [ 5.117775014374662, 49.737052839124814 ], [ 5.221416029036881, 49.688666725965746 ], [ 5.385802894935194, 49.611535101290535 ], [ 5.446572239132824, 49.534753536913009 ], [ 5.458350575445408, 49.519842441337993 ], [ 5.474118957036471, 49.4998550215658 ], [ 5.733452939078687, 49.558505098806798 ], [ 5.755990810074127, 49.56356881594251 ], [ 5.761485457256613, 49.560958838538696 ], [ 5.822694113191321, 49.531795335160417 ], [ 5.90465741534566, 49.492652675831224 ], [ 6.006888535067682, 49.453076231518587 ], [ 6.011291687155706, 49.451368361906361 ], [ 6.02128572537285, 49.454255480564754 ], [ 6.205328731873556, 49.50717654216519 ], [ 6.217908169958088, 49.504973806100125 ], [ 6.240923804542621, 49.500948447421443 ], [ 6.268911302496289, 49.496046062224245 ], [ 6.413423659264974, 49.470604479451573 ], [ 6.471991015145369, 49.460243727036449 ], [ 6.661521526107037, 49.254627838937616 ], [ 6.655267510416469, 49.253881355568325 ], [ 6.649703318505834, 49.257995581483101 ], [ 6.646470273130151, 49.258867573964544 ], [ 6.624004357249977, 49.22949391755418 ], [ 6.617325591547208, 49.219240974382267 ], [ 6.61556996988166, 49.185533887379115 ], [ 6.628921225141544, 49.102538812984307 ], [ 6.629286255169925, 49.102165753489523 ], [ 6.639971832580444, 49.096625294473249 ], [ 6.644815635210466, 49.095011034399469 ], [ 6.649074251959054, 49.094038612527605 ], [ 6.651290013709983, 49.093562721708047 ], [ 6.707974445410715, 49.097407642271783 ], [ 6.71154290179495, 49.09780812029291 ], [ 6.715780802300664, 49.098408970320484 ], [ 6.720570434053675, 49.099259436648502 ], [ 6.761167087905389, 49.107268113460051 ], [ 6.762028674218697, 49.107452232952674 ], [ 6.831162638188736, 49.132279641494975 ], [ 6.884912019065751, 49.154585489406891 ], [ 6.971127894682635, 49.202564051015187 ], [ 7.003265624483499, 49.19790548866839 ], [ 7.01127542415416, 49.194668011768897 ], [ 7.094362579581544, 49.160972155682543 ], [ 7.135570332465705, 49.135508155695653 ], [ 7.263969252959494, 49.123203651746373 ], [ 7.308249699163185, 49.118922391155124 ], [ 7.369096850632967, 49.173100539205699 ], [ 7.379830946066784, 49.182642726621033 ], [ 7.3985219714161, 49.177667427752638 ], [ 7.4886740898916, 49.153589171651866 ], [ 7.441973500769408, 49.143038709198883 ], [ 7.265456979202991, 49.029668474621879 ], [ 7.193395151050153, 48.9552717930586 ], [ 7.192743412633897, 48.954271900723271 ], [ 7.191540655622718, 48.951043473915099 ], [ 7.190606309983217, 48.948488399830048 ], [ 7.188266733956263, 48.941488557640035 ], [ 7.187564766426624, 48.939338174712375 ], [ 7.18749251392249, 48.939107012652919 ], [ 7.182380367285703, 48.918956937415523 ], [ 7.182358036850253, 48.918849796810413 ], [ 7.184513903284123, 48.91370177020179 ], [ 7.185041912963253, 48.912644803013379 ], [ 7.185353280227091, 48.912118891920066 ], [ 7.232734926854232, 48.832100052023023 ], [ 7.256092703795336, 48.793961804410699 ], [ 7.256503597221746, 48.793350427506674 ], [ 7.257045524961275, 48.792841688719221 ], [ 7.286152135062712, 48.767308008863559 ], [ 7.253458905694591, 48.743846165444928 ], [ 7.246170122292909, 48.744787260733602 ], [ 7.212982449536186, 48.731638165844501 ], [ 7.203314124924042, 48.72754124232749 ], [ 7.185750919763827, 48.711131683177108 ], [ 7.185842300307598, 48.709705062679369 ], [ 7.183477887736904, 48.702227967787621 ], [ 7.181447874738945, 48.70129326833073 ], [ 7.179644179639959, 48.70084460489425 ], [ 7.177173867775324, 48.700279033330233 ], [ 7.174847843292473, 48.699275257691269 ], [ 7.173366076574362, 48.698498174457086 ], [ 7.172485727875796, 48.69821887741471 ], [ 7.172410037519397, 48.698194946834953 ], [ 7.172002290917817, 48.698067482021081 ], [ 7.171265938410029, 48.697917389342166 ], [ 7.170896879114911, 48.697869394092486 ], [ 7.170833701334026, 48.697862963690234 ], [ 7.170785431737263, 48.697855925595391 ], [ 7.170729030426122, 48.697849218928162 ], [ 7.170671273841712, 48.697842567474616 ], [ 7.170613517272075, 48.697835915992925 ], [ 7.17055440542962, 48.697829319722302 ], [ 7.17049664888963, 48.697822668183676 ], [ 7.170382491141194, 48.697809309784901 ], [ 7.170272399312418, 48.697795785568466 ], [ 7.170014788714095, 48.697761256552276 ], [ 7.169665539991499, 48.697721455779877 ], [ 7.169137288896342, 48.697643919977395 ], [ 7.16883432548478, 48.697341069273911 ], [ 7.168389269692981, 48.696899917738556 ], [ 7.16820797586949, 48.696691169920882 ], [ 7.168176179237523, 48.696656443001956 ], [ 7.168142193355711, 48.696612799690463 ], [ 7.168078600317821, 48.696543345803669 ], [ 7.168043259336115, 48.696499757671013 ], [ 7.168011462931057, 48.696465030702868 ], [ 7.167983732330056, 48.696430138095721 ], [ 7.167788576600288, 48.696203943253941 ], [ 7.16720562115523, 48.695552271396672 ], [ 7.166648844783722, 48.694962569753919 ], [ 7.164693575183968, 48.695060198042249 ], [ 7.163339707298594, 48.695115307535374 ], [ 7.162508655570646, 48.695014044826948 ], [ 7.161808752896494, 48.694889429396717 ], [ 7.161434416236109, 48.694769576272215 ], [ 7.157197952046115, 48.693122741305913 ], [ 7.155964538900667, 48.691777017248228 ], [ 7.143072881544975, 48.692579394923371 ], [ 7.142104792992102, 48.693393093361323 ], [ 7.141992392962886, 48.693442674959911 ], [ 7.14170088350194, 48.693526529928647 ], [ 7.14025263902059, 48.693089903808577 ], [ 7.139573813181121, 48.692883258022 ], [ 7.13584922753685, 48.690818723331979 ], [ 7.134056309130512, 48.689549468942239 ], [ 7.132043362443748, 48.68809096974686 ], [ 7.130288513601886, 48.686613000177083 ], [ 7.127223637394754, 48.685115899344943 ], [ 7.124907689281746, 48.684498023416275 ], [ 7.12428650905207, 48.684487085590746 ], [ 7.121316014677212, 48.685696634408032 ], [ 7.11776590335432, 48.687289685607105 ], [ 7.116871512467617, 48.687902082051977 ], [ 7.091869184564787, 48.693391862012724 ], [ 7.091378295887204, 48.693393533865333 ], [ 7.088512567208405, 48.693292272333672 ], [ 7.087739326935918, 48.693062106284572 ], [ 7.082084773075317, 48.691019242962184 ], [ 7.081745600396953, 48.690879729624591 ], [ 6.889325539414251, 48.605483053220794 ], [ 6.890157901900702, 48.60360516521726 ], [ 6.89546414482693, 48.577477251672882 ], [ 6.89547544486358, 48.577404780325708 ], [ 6.872900482194069, 48.552231516358312 ], [ 6.816930884482861, 48.499339502002293 ], [ 6.761532443222973, 48.489568638269233 ], [ 6.702043980971579, 48.482777985713227 ], [ 6.632431662109541, 48.4414288124553 ], [ 6.611096294524038, 48.408998024974906 ], [ 6.629657032962375, 48.357010156553294 ], [ 6.655848584695198, 48.291787801425357 ], [ 6.660487208447983, 48.28654778890094 ], [ 6.665808647778459, 48.279148276318288 ], [ 6.666067794597996, 48.278643474346282 ], [ 6.665061423227905, 48.256555487455351 ], [ 6.659990662627698, 48.237984659639764 ], [ 6.597498217208459, 48.218808113138927 ], [ 6.50904447003757, 48.199768375673514 ], [ 6.274729221756375, 48.145437776894632 ], [ 6.19120331098321, 48.122399630107211 ], [ 6.106939940021811, 48.127919579732136 ], [ 6.065603170353254, 48.139124870572964 ], [ 6.065291291130179, 48.14017001728385 ], [ 6.062897555125148, 48.146664492030609 ], [ 6.056621985484795, 48.160780552169768 ], [ 6.054499312311088, 48.163260292911666 ], [ 6.054356008421167, 48.163345847322113 ], [ 6.023065169199954, 48.164665477554983 ], [ 5.915193001036791, 48.112689628138867 ], [ 5.89141474960232, 48.097903311558149 ], [ 5.826522246340635, 48.047654619274802 ], [ 5.76267380978627, 47.96950977146173 ], [ 5.761336818129837, 47.967703643044644 ], [ 5.759168272591972, 47.964337595103949 ], [ 5.757248648849844, 47.961189263802758 ], [ 5.755748170869628, 47.958487719980582 ], [ 5.754664417405778, 47.956404075461556 ], [ 5.754752897185214, 47.954439190191302 ], [ 5.768854157039971, 47.942639338901877 ], [ 5.76994491190396, 47.941860190402608 ], [ 5.849349698513043, 47.929392327394169 ], [ 5.880414556446933, 47.925727001970579 ], [ 5.882590443958488, 47.925498971071946 ], [ 5.88408105181021, 47.925417730501664 ], [ 5.968000554421441, 47.934705871541595 ], [ 6.021530084709282, 47.951324425422392 ], [ 6.077056925555302, 47.956115606457942 ], [ 6.148951621895049, 47.931312045243743 ], [ 6.222378734994955, 47.90354749533153 ], [ 6.226335330129107, 47.902560421075663 ], [ 6.228612266587669, 47.902331508288214 ], [ 6.230740239871708, 47.902116520733344 ], [ 6.232810694700525, 47.90201146247496 ], [ 6.234364082602494, 47.902139722487107 ], [ 6.237353770851465, 47.902859305403503 ], [ 6.286002666901782, 47.915604681955585 ], [ 6.34129938549481, 47.91316408815532 ], [ 6.376243779461584, 47.891573679430181 ], [ 6.337223663318782, 47.849963479395718 ], [ 6.240677532610861, 47.809183259147268 ], [ 6.238035399482771, 47.807848964431251 ], [ 6.228437378279366, 47.802622903208899 ], [ 6.226474314604031, 47.801517821080388 ], [ 6.22642968320111, 47.80147428728705 ], [ 6.22496775953776, 47.796129305309776 ], [ 6.227222087264855, 47.793073557501309 ], [ 6.229557973056892, 47.790258154671541 ], [ 6.231093273329007, 47.788459960896731 ], [ 6.232525445183891, 47.787331535953498 ], [ 6.23285014123767, 47.787077555402711 ], [ 6.233808145015441, 47.78644221109198 ], [ 6.234135464798056, 47.786242166920971 ], [ 6.234842491898362, 47.786299563119861 ], [ 6.249400947852518, 47.788378069698851 ], [ 6.371870993409471, 47.81126333140147 ], [ 6.392390549055143, 47.817503606090789 ], [ 6.431409712876819, 47.833061605742806 ], [ 6.433556788186077, 47.833895783008096 ], [ 6.581464168200961, 47.753922672297826 ], [ 6.583122934799318, 47.751889683813225 ], [ 6.586418087516647, 47.745302484301817 ], [ 6.587036489689128, 47.743955886653694 ], [ 6.617166824829259, 47.664389214564004 ], [ 6.614064475223824, 47.661566969078855 ], [ 6.60124391875497, 47.653048609756482 ], [ 6.599788471326398, 47.652156224197306 ], [ 6.597102639044397, 47.650516278714363 ], [ 6.59601208797775, 47.649916724865889 ], [ 6.571327364917305, 47.636884495450133 ], [ 6.518968694003618, 47.543665244885126 ], [ 6.615172772809469, 47.570918124143262 ], [ 6.626676868674053, 47.563214993547767 ], [ 6.628419404389305, 47.562808248150965 ], [ 6.628873202441493, 47.562791461088274 ], [ 6.630851594415345, 47.5632947642532 ], [ 6.702355947764742, 47.593921055556734 ], [ 6.722990794759675, 47.603241636203919 ], [ 6.765925547393288, 47.625358417883845 ], [ 6.770902283293061, 47.628528748203998 ], [ 6.774687394374428, 47.631131827889966 ], [ 6.775840686514326, 47.631934572905479 ], [ 6.785015708948327, 47.638349115300102 ], [ 6.826731025539389, 47.741434838259742 ], [ 6.847281374629043, 47.743478099958985 ], [ 6.969441535942336, 47.73653616360064 ], [ 7.018469048858778, 47.756405024439559 ], [ 7.09046078614403, 47.75648825141225 ], [ 7.110809139023404, 47.796994843858776 ], [ 7.101500054837555, 47.807007699302837 ], [ 7.120584517969648, 47.809847969224528 ], [ 7.125969141115378, 47.807554463985291 ], [ 7.12991841424533, 47.807329029506491 ], [ 7.134491051085131, 47.807267015318914 ], [ 7.162603171473842, 47.811593670605639 ], [ 7.165963134885324, 47.812382579983243 ], [ 7.173072851103389, 47.814430516665411 ], [ 7.174647837503661, 47.815049955775144 ], [ 7.182012119157986, 47.818393345893796 ], [ 7.182473431255369, 47.818653497860524 ], [ 7.299292221938432, 47.972459805722487 ], [ 7.31173062781833, 48.031969308390742 ], [ 7.312130518857835, 48.083798192282295 ], [ 7.308043068448665, 48.091215927039791 ], [ 7.306414182909293, 48.094060161647775 ], [ 7.302502089673697, 48.097397579411357 ], [ 7.302567318185345, 48.100296076747803 ], [ 7.30557561124139, 48.115476736013207 ], [ 7.305955051430155, 48.117298705311427 ], [ 7.306424210685317, 48.118332994844174 ], [ 7.393148684476611, 48.234066167059652 ], [ 7.427924756770249, 48.25436927917886 ], [ 7.458788883820135, 48.315379435170847 ], [ 7.477434137214662, 48.4283254479408 ], [ 7.487912816985804, 48.541439373604753 ], [ 7.496066833836313, 48.606983003600121 ], [ 7.496842513398042, 48.61003912640227 ], [ 7.498589991592092, 48.615043756276158 ], [ 7.499849334554066, 48.618096780543148 ], [ 7.511457401124791, 48.635210686100407 ], [ 7.564434815123436, 48.670243308598756 ], [ 7.603250270114108, 48.695623324817547 ], [ 7.604264995291728, 48.695605273190125 ], [ 7.608889486495812, 48.695796113236092 ], [ 7.609220065656307, 48.695808439366971 ], [ 7.609532630307448, 48.695884627569939 ], [ 7.609806394647049, 48.696007584798473 ], [ 7.616857129239765, 48.700855878720603 ], [ 7.617349320755506, 48.70123935900714 ], [ 7.629813775362485, 48.713251043037445 ], [ 7.635582519102775, 48.724533821849491 ], [ 7.637105917585927, 48.727826062230065 ], [ 7.639271688270743, 48.733152593865292 ], [ 7.653723683652274, 48.824798909385166 ], [ 7.652006752135775, 48.842297537069328 ], [ 7.651239940882176, 48.843097501512659 ], [ 7.650743929524005, 48.84331784731625 ], [ 7.642054104201558, 48.844021147925382 ], [ 7.632572237195391, 48.844975270239978 ], [ 7.62788039651772, 48.845526425143035 ], [ 7.619061886376457, 48.852079818775273 ], [ 7.618818992598359, 48.852441910500431 ], [ 7.618737719968347, 48.852715753763654 ], [ 7.61852865480652, 48.853409630313465 ], [ 7.618523149538902, 48.854292637635183 ], [ 7.618531063155777, 48.854517480715273 ], [ 7.618614655815093, 48.854774994159278 ], [ 7.619246423864468, 48.856512461334304 ], [ 7.622254432978241, 48.863729171180239 ], [ 7.622720806112851, 48.864338991057103 ], [ 7.623266908325887, 48.864927250851593 ], [ 7.623883671092283, 48.865485344877108 ], [ 7.629881358305295, 48.87081246383341 ], [ 7.630330781277978, 48.871134763373796 ], [ 7.63081912343709, 48.871410290901238 ], [ 7.700839008971454, 48.903351823599856 ], [ 7.701594741662465, 48.903669084493444 ], [ 7.702393437261235, 48.903939364280149 ], [ 7.719469639828889, 48.908402266399733 ], [ 7.771481082039603, 48.91736314970165 ], [ 7.772509723569518, 48.917487360287751 ], [ 7.773549039886293, 48.917557023680494 ], [ 7.805878721242416, 48.915977429978504 ], [ 7.832541748392593, 48.911812824111287 ], [ 7.832902315706979, 48.91173311673581 ], [ 7.833117078429605, 48.911696175446906 ], [ 7.83359910258243, 48.911601849795254 ], [ 7.834675766523611, 48.911444028354637 ], [ 7.849215646661853, 48.910005935723227 ], [ 7.916575128418693, 48.953366330073159 ], [ 7.917666573252615, 48.954099033553447 ], [ 7.921291644878545, 48.957388811811192 ], [ 7.92276604603204, 48.958878335990647 ], [ 7.926717306201908, 48.962900459337249 ], [ 7.937254999099436, 48.974280193715089 ], [ 7.949824201030606, 48.9889420172589 ], [ 7.95511453211368, 48.995918418059013 ], [ 7.955625805920587, 48.997597105265513 ], [ 7.956282541841096, 49.000863594802958 ], [ 7.954008251742863, 49.04175533792781 ], [ 7.969599272628381, 49.03694845598789 ], [ 8.205676257875691, 48.963761195651415 ], [ 8.171292828636439, 48.919859936180714 ], [ 8.070939487029122, 48.791231483386511 ], [ 8.062166619907346, 48.779966400921381 ], [ 8.049057383178242, 48.777074221639275 ], [ 7.97343565244087, 48.760359108997918 ], [ 7.836867738201398, 48.631363345782887 ], [ 7.834283403816242, 48.628906216205507 ], [ 7.829163618187461, 48.624061628940069 ], [ 7.828282067325866, 48.62163350074659 ], [ 7.735678113610132, 48.363858453689602 ], [ 7.718012342976381, 48.314389320004373 ], [ 7.568997077682175, 48.11125011130256 ], [ 7.570394340546931, 48.082979750442867 ], [ 7.573047241195257, 48.029273683873996 ], [ 7.57371807426631, 48.015634733137809 ], [ 7.618513009111432, 47.986158181067481 ], [ 7.620405284672488, 47.984919004828392 ], [ 7.619732051471219, 47.982984577939988 ], [ 7.609731885135607, 47.954287772590988 ], [ 7.609694402508442, 47.954181306425255 ], [ 7.515651781788514, 47.682714701250731 ], [ 7.511335401992901, 47.670179721191104 ], [ 7.522338391917049, 47.662352059940631 ], [ 7.549387365445436, 47.643095644438461 ], [ 7.553288799789271, 47.640315412114553 ], [ 7.571094201214634, 47.627633506140732 ], [ 7.597100076448378, 47.60907822752273 ], [ 7.592081661776058, 47.603292895360468 ], [ 7.558642119184439, 47.564706615127747 ], [ 7.508199553322362, 47.506374027296552 ], [ 7.495631401815461, 47.491817673179469 ], [ 7.465676891593747, 47.485071614287989 ], [ 7.492958384658484, 47.488718656524121 ], [ 7.48585563407688, 47.4804892921495 ], [ 7.424062084124947, 47.449058652703862 ], [ 7.428440003184042, 47.453318932846038 ], [ 7.429908210066039, 47.459095278643147 ], [ 7.338497055258387, 47.504694662376551 ], [ 7.187551413380569, 47.440026162400052 ], [ 7.195455411174218, 47.435792282772027 ], [ 7.179272730687228, 47.436470689135639 ], [ 7.180212352997395, 47.446804231117341 ], [ 7.18446274999761, 47.493497598003238 ], [ 7.13667023437857, 47.509789127272477 ], [ 7.11652024919683, 47.503259761274364 ], [ 7.089515271729917, 47.51735578597463 ], [ 6.91205367045493, 47.483438273631009 ], [ 6.857316167720796, 47.441727888543141 ], [ 6.770229074834049, 47.377436020671524 ], [ 6.769675815633719, 47.377114877291113 ], [ 6.768524574842049, 47.376636468329536 ], [ 6.767945505968892, 47.376451448834409 ], [ 6.767524387790084, 47.376395514685456 ], [ 6.767171311613818, 47.376472113303301 ], [ 6.766506990408244, 47.376713798851029 ], [ 6.766092650459457, 47.377026987506156 ], [ 6.765612568381543, 47.377522882197567 ], [ 6.765427697999222, 47.377836285974482 ], [ 6.765232279050453, 47.378294244592865 ], [ 6.762820540701209, 47.38474725814801 ], [ 6.762512549336745, 47.38696635262562 ], [ 6.761563085767672, 47.396723813398374 ], [ 6.761562382711916, 47.397003130600751 ], [ 6.761645290957594, 47.397522501454283 ], [ 6.766979797981612, 47.428923056468044 ], [ 6.747312080754687, 47.419025507886779 ], [ 6.699479521882621, 47.403298690997211 ], [ 6.659685040918388, 47.392171626534832 ], [ 6.596086598263831, 47.377757963567291 ], [ 6.453417592592617, 47.360947277953436 ], [ 6.447039402921898, 47.359633983150829 ], [ 6.401321883457206, 47.338507320970962 ], [ 6.40020959895466, 47.33794295582355 ], [ 6.388380464179961, 47.331197620835532 ], [ 6.379028240568466, 47.324967993839941 ], [ 6.366627266124655, 47.306513249273912 ], [ 6.356526428385985, 47.289976879719809 ], [ 6.324930908667556, 47.256539740701577 ], [ 6.305280836424497, 47.242562978388712 ], [ 6.24691140047982, 47.207322745052259 ], [ 6.22156115573297, 47.197173822556977 ], [ 6.205928750202679, 47.200554839507959 ], [ 6.205921905369491, 47.20078924040309 ], [ 6.205559081910838, 47.201675059000678 ], [ 6.204992830287548, 47.202324526505322 ], [ 6.204682822622028, 47.202515062668745 ], [ 6.204107035721951, 47.202831602157438 ], [ 6.203765401732663, 47.203005183753042 ], [ 6.203572841204528, 47.203083697110308 ], [ 6.203162690069126, 47.203223549390742 ], [ 6.202694549459185, 47.203347332222251 ], [ 6.190209155401691, 47.205026367274307 ], [ 6.189420819274461, 47.204998683058676 ], [ 6.188960122062882, 47.204951036691199 ], [ 6.169200881850913, 47.200737310965344 ], [ 6.167111025302275, 47.200248394088547 ], [ 6.166556374858812, 47.200068687402677 ], [ 6.165985331609551, 47.199844491054598 ], [ 6.164809117040862, 47.199325173117948 ], [ 6.153344852127733, 47.194103492930367 ], [ 6.146482954296647, 47.190773081772775 ], [ 6.144640902672526, 47.189356943321478 ], [ 6.1222921385391, 47.172144060226046 ], [ 6.006555144355179, 47.095928135080534 ], [ 6.005278791384912, 47.095275406435526 ], [ 6.002655651065317, 47.094404429335555 ], [ 6.001332270302947, 47.093969295590512 ], [ 5.997078779967695, 47.093186149542284 ], [ 5.984275366604065, 47.092656292126797 ], [ 5.981968176654653, 47.092585344297206 ], [ 5.981065715239605, 47.092577918946276 ], [ 5.98042218488708, 47.092616318000402 ], [ 5.979398053294181, 47.093225115416352 ], [ 5.965857105543996, 47.106017728786398 ], [ 5.964711084387153, 47.107170554786514 ], [ 5.963737308044599, 47.114693820480902 ], [ 5.968632919802459, 47.147301277467953 ], [ 5.969006504565839, 47.14821705129723 ], [ 5.969593028465584, 47.149450301134941 ], [ 5.979726097646921, 47.168563915766207 ], [ 5.980056896268669, 47.169039746209556 ], [ 5.982273250153152, 47.170851758803209 ], [ 5.983847758558918, 47.172098701899465 ], [ 6.007788791436139, 47.188124555838243 ], [ 6.015786318494311, 47.193335858740141 ], [ 6.01721821324606, 47.194235719740057 ], [ 6.01963415737414, 47.195707493507101 ], [ 6.022242551552172, 47.197209088331896 ], [ 6.024717042627734, 47.19847176226164 ], [ 6.028591988762344, 47.20024788178803 ], [ 6.030381904569552, 47.200910981319666 ], [ 6.033002877825552, 47.201763540273838 ], [ 6.035672327566611, 47.202551446947886 ], [ 6.039081715029274, 47.20358569796192 ], [ 6.043139957254525, 47.205076289661207 ], [ 6.044359472893048, 47.205550391919999 ], [ 6.047864644246328, 47.206950546189105 ], [ 6.049311014840766, 47.207588402801598 ], [ 6.056529497306583, 47.211129083376235 ], [ 6.064947581685919, 47.216431702603749 ], [ 6.06752244666258, 47.218347686876193 ], [ 6.073211937188945, 47.222783406080616 ], [ 6.074512295367542, 47.223893999843774 ], [ 6.075518075826015, 47.22477998184722 ], [ 6.093004182822168, 47.259208353120009 ], [ 6.088672191107913, 47.266698000062839 ], [ 6.013012193049388, 47.22899607587734 ], [ 5.958132400703946, 47.197053107284916 ], [ 5.946754100385832, 47.188350855432894 ], [ 5.94502938519391, 47.187162158601076 ], [ 5.943649587261628, 47.186268817999526 ], [ 5.942371676442111, 47.18553436718561 ], [ 5.929558379014169, 47.179225788159194 ], [ 5.927250746619535, 47.178118055949049 ], [ 5.870664761285322, 47.153042130367147 ], [ 5.869862876213099, 47.15283260835281 ], [ 5.865613193702536, 47.151783275184172 ], [ 5.827038243732767, 47.142594506797295 ], [ 5.792806156050579, 46.978390557126183 ], [ 5.793555937508209, 46.969588188292008 ], [ 5.793506987388869, 46.968581111302278 ], [ 5.782881229414063, 46.940877435550853 ], [ 5.693741856985082, 46.866081658528849 ], [ 5.589684105982072, 46.841846359769008 ], [ 5.588838025895011, 46.8414381944566 ], [ 5.587252146860549, 46.840555799745268 ], [ 5.571213511192991, 46.827197734389607 ], [ 5.552980603932187, 46.807038223273658 ], [ 5.545914396274512, 46.798871884119791 ], [ 5.544103488488188, 46.795582173979696 ], [ 5.536459899012321, 46.770864116673501 ], [ 5.536383010455882, 46.770407062785509 ], [ 5.536268024135096, 46.768555450466941 ], [ 5.536767638198031, 46.767920191110491 ], [ 5.537613868733254, 46.766987097266643 ], [ 5.537984622510468, 46.766742612640321 ], [ 5.540174041717858, 46.766231090478286 ], [ 5.54137602341419, 46.766215416222174 ], [ 5.551055612137294, 46.769977545946531 ], [ 5.568847498511259, 46.777129569147 ], [ 5.57495547535712, 46.77975708428982 ], [ 5.58545790572425, 46.785870247735829 ], [ 5.5864978449125, 46.786552040235577 ], [ 5.567959064486327, 46.726515041017983 ], [ 5.51406828769163, 46.653734119299131 ], [ 5.487442268183175, 46.622292248766541 ], [ 5.48658730272981, 46.613618009898346 ], [ 5.482048289428322, 46.597202993057536 ], [ 5.413657297745036, 46.553420872956281 ], [ 5.411644055699187, 46.552349780228141 ], [ 5.411254991804499, 46.552117183501686 ], [ 5.410899302019492, 46.551874680966449 ], [ 5.4090886664411, 46.550599995184058 ], [ 5.407150269023381, 46.54904961266265 ], [ 5.401324572415182, 46.543831334558789 ], [ 5.39988499879013, 46.541817230072908 ], [ 5.395956700096111, 46.535422193450366 ], [ 5.394878255102359, 46.533650433649662 ], [ 5.394487060977803, 46.532913637097778 ], [ 5.349961752226612, 46.447289061011311 ], [ 5.34952722854833, 46.445607916159197 ], [ 5.349349850643405, 46.442128253463963 ], [ 5.346291100675456, 46.370892312830307 ], [ 5.346306453515739, 46.369289274076202 ], [ 5.346403215422804, 46.368170268293689 ], [ 5.346838652728784, 46.366520075075961 ], [ 5.347679375450783, 46.363733683857106 ], [ 5.348374026892593, 46.361716462819388 ], [ 5.352576312279322, 46.351331785854008 ], [ 5.353001059385775, 46.35045615180421 ], [ 5.353709549166555, 46.349257846040302 ], [ 5.354781261468997, 46.347482647626805 ], [ 5.356220815098254, 46.345238464603725 ], [ 5.356502836845713, 46.344861810973171 ], [ 5.321215865058378, 46.1917822486243 ], [ 5.324040070882193, 46.084161232486295 ], [ 5.328875617837154, 46.072652805385914 ], [ 5.34049974260861, 46.080843447817394 ], [ 5.372454497711082, 46.080889180468155 ], [ 5.382508146242277, 46.074441876238971 ], [ 5.411348430202155, 46.046576568493258 ], [ 5.410937817495931, 46.035909220470835 ], [ 5.410794714646963, 46.034742623224709 ], [ 5.410720525424725, 46.034411503465641 ], [ 5.343117616479625, 45.864321124387146 ], [ 5.323489549759103, 45.834007802473963 ], [ 5.252781466338395, 45.740100195452854 ], [ 5.187071936012354, 45.701609955272446 ], [ 5.281340646973364, 45.661037884610472 ], [ 5.396902588890161, 45.7115387919009 ], [ 5.437444076122543, 45.724344892118559 ], [ 5.532156297992294, 45.74601594915287 ], [ 5.533063695587803, 45.746161185513891 ], [ 5.533766383860057, 45.746258222146565 ], [ 5.534476972083481, 45.746292000416524 ], [ 5.537724299513265, 45.746424521880733 ], [ 5.538994546258821, 45.746307243923262 ], [ 5.541071236095822, 45.746058876685716 ], [ 5.679358836325559, 45.808120301725523 ], [ 5.705372408235914, 45.790999138687688 ], [ 5.727762814179755, 45.770973300971882 ], [ 5.731325271667295, 45.766732289302631 ], [ 5.71815352954324, 45.698151583096312 ], [ 5.717756821406742, 45.696776785837059 ], [ 5.70585745315381, 45.66467248226504 ], [ 5.697095218432239, 45.64689002572009 ], [ 5.694931204333875, 45.642812738388216 ], [ 5.69387762284881, 45.642186976740604 ], [ 5.692878929477137, 45.641829703460445 ], [ 5.700154257359599, 45.608455966359308 ], [ 5.727533836062249, 45.581596910477302 ], [ 5.759089750391933, 45.72028682267262 ], [ 5.760312898385093, 45.726039830791308 ], [ 5.761094362216385, 45.738596251593329 ], [ 5.760592081191304, 45.781314431116321 ], [ 5.727165785518075, 45.845778942184964 ], [ 5.721230102260881, 45.85241449934577 ], [ 5.711387519857317, 45.85946419966907 ], [ 5.70815070977578, 45.86121823588315 ], [ 5.655428579279646, 45.887567954095331 ], [ 5.649153230436911, 45.886294116480919 ], [ 5.637710716780187, 45.878319048962325 ], [ 5.637516394519699, 45.878774989750916 ], [ 5.637172115140488, 45.879631539796904 ], [ 5.636985352653622, 45.880213324336459 ], [ 5.636845330518009, 45.880757718183162 ], [ 5.636710378048591, 45.891162183495872 ], [ 5.636690465018604, 45.893918228105044 ], [ 5.636693994448053, 45.894341348986551 ], [ 5.638971213155477, 45.911347624021637 ], [ 5.639469758516713, 45.91431358537843 ], [ 5.639774173084403, 45.915619354240093 ], [ 5.666703255477836, 46.011080028611218 ], [ 5.676424655356188, 46.012818636676094 ], [ 5.701587224712946, 46.003443575356883 ], [ 5.703096546513553, 46.002876215409081 ], [ 5.705550712730925, 46.001830343763544 ], [ 5.707088866190766, 46.00108196238665 ], [ 5.708595286708083, 46.000343513198018 ], [ 5.709879266730186, 45.99953965742128 ], [ 5.714964860489291, 45.996226528040552 ], [ 5.716059805652847, 45.99541925655376 ], [ 5.71702335523546, 45.994597903594951 ], [ 5.720474526274254, 45.991234449051568 ], [ 5.72102369755523, 45.990650629270895 ], [ 5.722885621314002, 45.98852349435861 ], [ 5.723111370588682, 45.98824655353161 ], [ 5.723640339261962, 45.987483221050546 ], [ 5.724065038617548, 45.986245740395368 ], [ 5.724521004651216, 45.984448990962242 ], [ 5.734846107307587, 45.937310536423013 ], [ 5.734997691974631, 45.936549517289151 ], [ 5.735278254268046, 45.935100202872007 ], [ 5.735256013317158, 45.930994462936326 ], [ 5.734963271004672, 45.927833439550604 ], [ 5.734800403407411, 45.926829764178493 ], [ 5.734423204859055, 45.925220199035451 ], [ 5.734173051996313, 45.924390258222481 ], [ 5.733322844159074, 45.921768365033934 ], [ 5.731851952272349, 45.918768960181431 ], [ 5.730655085169587, 45.91600442102294 ], [ 5.73025236639938, 45.914854886595876 ], [ 5.730225756779265, 45.913090660325203 ], [ 5.734987729899757, 45.882698318582975 ], [ 5.741428615210603, 45.877217456087898 ], [ 5.763358737296518, 45.865582923140131 ], [ 5.764012368312089, 45.865274831578681 ], [ 5.765237339661297, 45.864724183116316 ], [ 5.765615842302569, 45.864613582889348 ], [ 5.766119138598004, 45.864499175505166 ], [ 5.76694954126491, 45.864338766334413 ], [ 5.767449770568521, 45.864278478731968 ], [ 5.768007730395528, 45.864234438047575 ], [ 5.769160707525498, 45.864244276498418 ], [ 5.77104073422817, 45.864357975954249 ], [ 5.771612760416945, 45.8643945364066 ], [ 5.781268670067654, 45.865729153385651 ], [ 5.781918813352439, 45.865880340209472 ], [ 5.782355479531346, 45.866101103076474 ], [ 5.783260671636008, 45.866577669476946 ], [ 5.783453120388907, 45.866706853000736 ], [ 5.783822108970647, 45.867019739662865 ], [ 5.78406909714725, 45.867237305124313 ], [ 5.78428593075628, 45.86744678910744 ], [ 5.784411259463759, 45.867677089146575 ], [ 5.784488012441364, 45.867872856480901 ], [ 5.785067151213811, 45.870196524264834 ], [ 5.795501564965104, 45.928430244869261 ], [ 5.794463662249254, 45.952732192155949 ], [ 5.787648170203561, 45.978012742099352 ], [ 5.787552685756473, 45.978321856140099 ], [ 5.787425536205171, 45.978640945367253 ], [ 5.78721647683681, 45.979115637530157 ], [ 5.76930290774746, 46.015036362432831 ], [ 5.769093000837233, 46.015357945226619 ], [ 5.768866645898849, 46.015644006175656 ], [ 5.76861424881028, 46.015885831683867 ], [ 5.768338063992446, 46.016119375001558 ], [ 5.76741862319487, 46.016813760231088 ], [ 5.767108321832291, 46.017039332735763 ], [ 5.766071722314159, 46.017494121771264 ], [ 5.763050308021363, 46.018702649943634 ], [ 5.761526779709925, 46.019082134722851 ], [ 5.760133380524894, 46.019124445497503 ], [ 5.75959325326981, 46.019230896548166 ], [ 5.75923437671505, 46.019403887690558 ], [ 5.758867883808623, 46.019703185226724 ], [ 5.756868830007811, 46.021492880370921 ], [ 5.75673863759773, 46.021622905186589 ], [ 5.752086418635616, 46.026410700778243 ], [ 5.750298000211984, 46.030175080601694 ], [ 5.74986223341381, 46.031106821573466 ], [ 5.749578011244151, 46.031835855830664 ], [ 5.749240519936072, 46.032809647188252 ], [ 5.748831853997166, 46.034010725795795 ], [ 5.748639115124416, 46.034818038296791 ], [ 5.748257255427492, 46.036594649994946 ], [ 5.748053138935596, 46.037717494772501 ], [ 5.747961589986451, 46.038737875420217 ], [ 5.747874622823598, 46.03995623657957 ], [ 5.747992199322757, 46.043293691513178 ], [ 5.748837146540354, 46.059640006084209 ], [ 5.768091620488077, 46.164141872961054 ], [ 5.802053973819846, 46.210052897321937 ], [ 5.802550441319654, 46.210578036346519 ], [ 5.803186478206453, 46.211053869360782 ], [ 5.805880959155677, 46.212871508734132 ], [ 5.806403027978448, 46.213206727106602 ], [ 5.807025521661239, 46.213529857898308 ], [ 5.807492292185842, 46.213668640720087 ], [ 5.858623077531009, 46.223076195422721 ], [ 5.872389796699167, 46.213667896828838 ], [ 5.871141454545846, 46.212662188153566 ], [ 5.870057709961796, 46.211633315524026 ], [ 5.869008188214336, 46.210531316897935 ], [ 5.868561381417354, 46.209941857001994 ], [ 5.862354996611995, 46.200543973913149 ], [ 5.853423581563604, 46.186799622413481 ], [ 5.85225399704956, 46.184827646309799 ], [ 5.85198833665489, 46.184286538426683 ], [ 5.851170580965447, 46.182420696127913 ], [ 5.848951274317812, 46.177230152820819 ], [ 5.845121749205886, 46.166262702933132 ], [ 5.843556052159831, 46.160151213861624 ], [ 5.843438350534634, 46.159650532373718 ], [ 5.843424909573185, 46.159380771169374 ], [ 5.843427289917958, 46.159155548891697 ], [ 5.843472265218845, 46.158100459059561 ], [ 5.843721178646941, 46.155075747942604 ], [ 5.843768731679187, 46.154524910378015 ], [ 5.843888984891252, 46.153431460827044 ], [ 5.844713056247373, 46.14612908802583 ], [ 5.847031570145396, 46.141319970478577 ], [ 5.859781491350319, 46.124190040529328 ], [ 5.861819109159163, 46.122127143345196 ], [ 5.862382536515738, 46.121686277839565 ], [ 5.862920919714929, 46.121399293473409 ], [ 5.867992922184004, 46.119079410758708 ], [ 5.868493747355493, 46.1191538145141 ], [ 5.869329055193891, 46.119433902275219 ], [ 5.869859278237999, 46.119822593095044 ], [ 5.870462013713388, 46.120371122652806 ], [ 5.870874181169058, 46.120916605264568 ], [ 5.871205897924811, 46.121419573363234 ], [ 5.87172296947212, 46.122204935258125 ], [ 5.871979798947221, 46.122791299543721 ], [ 5.872444227409893, 46.123983579822585 ], [ 5.877291603877076, 46.137503038596627 ], [ 5.877439311055325, 46.126853191902612 ], [ 5.896804030289773, 46.095578535951624 ], [ 5.90742376587005, 46.081796876207981 ], [ 5.931531197047666, 46.06250564980828 ], [ 5.943858585539382, 46.070902550546947 ], [ 5.93574748128513, 46.073196937849914 ], [ 5.919356872510432, 46.083184024734159 ], [ 5.916857215253055, 46.084758371477449 ], [ 5.901812319047907, 46.119467145000115 ], [ 5.900573649891691, 46.124441640940461 ], [ 5.899704485920555, 46.130079931790291 ], [ 5.894893336457729, 46.145307923596405 ], [ 5.888761903083964, 46.15938830792782 ], [ 5.88842482526182, 46.161677459564615 ], [ 5.888478725979596, 46.1666291598683 ], [ 5.889198221491211, 46.17919718822079 ], [ 5.890110572008923, 46.181600193435116 ], [ 5.891311824842127, 46.183102501726331 ], [ 5.892637272040536, 46.184519838939643 ], [ 5.919174838111912, 46.210314083480434 ], [ 5.923105355311588, 46.213999260028629 ], [ 5.923602769102621, 46.214460831154767 ], [ 6.035969252941406, 46.334994879911768 ], [ 6.062553002470457, 46.353480805220592 ], [ 6.11665204954226, 46.389422903742918 ], [ 6.116849110928166, 46.389542444611166 ], [ 6.117209615653436, 46.389728600868736 ], [ 6.119203906283484, 46.390589924963386 ], [ 6.16793893932933, 46.36988634853126 ], [ 6.171070330733624, 46.368546527449034 ], [ 6.17030113191898, 46.367086253461487 ], [ 6.170113524928944, 46.366732285387918 ], [ 6.169575953304899, 46.365714565124151 ], [ 6.099703905442993, 46.232727768170051 ], [ 5.973651358398151, 46.214052182713147 ], [ 5.967919775879071, 46.213200496130533 ], [ 5.969269380604739, 46.207050705452353 ], [ 5.983701162163707, 46.14120700836412 ], [ 6.133044750747458, 46.140809982613419 ], [ 6.141363163074875, 46.140782415023835 ], [ 6.147161430731582, 46.146234773249518 ], [ 6.185420010866004, 46.182185392825438 ], [ 6.296167343325744, 46.226682724342616 ], [ 6.305587926189761, 46.230460584196344 ], [ 6.306191254267271, 46.238745230288785 ], [ 6.30733035554424, 46.254380018723595 ], [ 6.308359381280321, 46.268496243777975 ], [ 6.265846846328333, 46.250917675983857 ], [ 6.258570814574087, 46.255385781337836 ], [ 6.232941709049418, 46.271115831754862 ], [ 6.245656793139281, 46.298927155817516 ], [ 6.24697500959885, 46.301809314368683 ], [ 6.249824389225201, 46.308034670094891 ], [ 6.273747785469585, 46.360264813205752 ], [ 6.303132736611872, 46.365934471728885 ], [ 6.336603648385042, 46.372371652329974 ], [ 6.375694298572154, 46.342383807411807 ], [ 6.468965883838946, 46.387421804266964 ], [ 6.634317660489669, 46.405446219289004 ], [ 6.649683531221082, 46.406215038092562 ], [ 6.689683759241222, 46.407977172819592 ], [ 6.692688663087814, 46.408087181167929 ], [ 6.698878877037433, 46.408119812750066 ], [ 6.700591501614962, 46.408017948320641 ], [ 6.700490060987291, 46.407922728731776 ], [ 6.663846869808782, 46.392844973891833 ], [ 6.574781343971482, 46.344271742667559 ], [ 6.49078039503385, 46.299737441866689 ], [ 6.402897581426141, 46.261898016137003 ], [ 6.351478661431506, 46.24129197264444 ], [ 6.343394941605547, 46.237299271563053 ], [ 6.339181292400724, 46.235061057388762 ], [ 6.337760850216108, 46.234156362881542 ], [ 6.33733373302565, 46.233820123921006 ], [ 6.335769156677379, 46.232560155916708 ], [ 6.333072888666647, 46.230205049820192 ], [ 6.33202421149738, 46.229251128263506 ], [ 6.331059481684783, 46.228096045907229 ], [ 6.330120685874427, 46.226940041609865 ], [ 6.329612991479467, 46.226264293704702 ], [ 6.329156479731194, 46.225613764025603 ], [ 6.328276320320933, 46.224158394958444 ], [ 6.327869546003401, 46.223388995119812 ], [ 6.327007904500005, 46.221653699304248 ], [ 6.326243528429214, 46.220023072473239 ], [ 6.324782182983298, 46.216723397965723 ], [ 6.324580746127287, 46.21600981208595 ], [ 6.324011315399439, 46.213777738465488 ], [ 6.323947416187058, 46.21334757908884 ], [ 6.323669839555191, 46.208096357601036 ], [ 6.323671455128139, 46.207799017927435 ], [ 6.324124714466111, 46.200423040690168 ], [ 6.324217327099843, 46.199915295893589 ], [ 6.324625425986415, 46.198009107965269 ], [ 6.324727804897895, 46.197564078118155 ], [ 6.32500501855738, 46.196671463024799 ], [ 6.326474074180294, 46.193610784031364 ], [ 6.326749744621475, 46.193105586567675 ], [ 6.327598930613203, 46.191769378361386 ], [ 6.328080658406147, 46.191013673232696 ], [ 6.328205287819676, 46.190820094112887 ], [ 6.329086940581187, 46.189644881088256 ], [ 6.329782098623924, 46.188881632268412 ], [ 6.331001370794625, 46.187712497212928 ], [ 6.333664115898794, 46.185798671692439 ], [ 6.347770558453578, 46.175813010580178 ], [ 6.348324882506657, 46.175432994714321 ], [ 6.349358602980453, 46.174747683134136 ], [ 6.351300711161177, 46.173507601768982 ], [ 6.35218404611816, 46.173052820289264 ], [ 6.356129562695952, 46.171074826048873 ], [ 6.356709168314864, 46.170792962798082 ], [ 6.357153849259476, 46.170651026351756 ], [ 6.508050424150163, 46.112026360075902 ], [ 6.579736783516426, 46.082252976160611 ], [ 6.580608715183612, 46.081859786630773 ], [ 6.583758609834002, 46.080389772358139 ], [ 6.584245013409646, 46.080101162373637 ], [ 6.585085028184373, 46.079231601150575 ], [ 6.58612104104188, 46.078102368814996 ], [ 6.588954631384775, 46.074634846951504 ], [ 6.593665212758282, 46.068627654850793 ], [ 6.593809634333227, 46.06817169746369 ], [ 6.593927649278755, 46.067725746399049 ], [ 6.593952334365278, 46.066895879900599 ], [ 6.593833242772662, 46.066413824937619 ], [ 6.593648223064279, 46.065916237271004 ], [ 6.592991227916684, 46.064427319143327 ], [ 6.592666032942701, 46.063907988447696 ], [ 6.590724942481257, 46.061269147125437 ], [ 6.586622924016282, 46.056918701116778 ], [ 6.585178778998482, 46.055405343763923 ], [ 6.582185555118296, 46.052824026880423 ], [ 6.581209136928175, 46.052031847560386 ], [ 6.580852633774826, 46.051756940355226 ], [ 6.579142055161927, 46.050875237212836 ], [ 6.578697445422103, 46.050648688222722 ], [ 6.577814018144289, 46.050303488281607 ], [ 6.57466128165123, 46.049746242371903 ], [ 6.573566515196288, 46.049562122118985 ], [ 6.569124827968281, 46.049269377773136 ], [ 6.568565849108814, 46.04923629269453 ], [ 6.567406705405419, 46.049189679223176 ], [ 6.566740837201987, 46.049196634590565 ], [ 6.556072398575122, 46.050091792807116 ], [ 6.545135510369759, 46.051302281476694 ], [ 6.531608236315442, 46.053500027785894 ], [ 6.520413105329321, 46.055357368493759 ], [ 6.518960562438941, 46.055654494594016 ], [ 6.507494840624267, 46.057808862000932 ], [ 6.504077841638027, 46.05814236705605 ], [ 6.479378926767958, 46.058565572971027 ], [ 6.430866106810469, 46.056660869194332 ], [ 6.41921581769409, 46.055101087446744 ], [ 6.405073434193088, 46.053062467202999 ], [ 6.403953365015722, 46.052877633240342 ], [ 6.402991271920039, 46.052642048842536 ], [ 6.362962856336508, 46.040816967946427 ], [ 6.285428353691835, 46.011939071928495 ], [ 6.246298405293044, 45.987864212371434 ], [ 6.243784019556262, 45.986293948076593 ], [ 6.240889023548593, 45.984385509442127 ], [ 6.239479313813943, 45.983407435984965 ], [ 6.237348801529162, 45.981796720348385 ], [ 6.23683730485635, 45.981382044355023 ], [ 6.235746114785516, 45.980374886714166 ], [ 6.228332468573853, 45.972379940904219 ], [ 6.227379529426363, 45.971331906444753 ], [ 6.225004511591679, 45.968594434962348 ], [ 6.223174358179917, 45.966432644382472 ], [ 6.218602694964597, 45.960798232207424 ], [ 6.215600464923533, 45.956631948900935 ], [ 6.203527091628465, 45.938310970000863 ], [ 6.191768957240203, 45.920392558343224 ], [ 6.179733207902284, 45.901771092825783 ], [ 6.197125846892746, 45.869324425178611 ], [ 6.197872370666867, 45.868389015630193 ], [ 6.22108271280544, 45.845520424526526 ], [ 6.262742449448649, 45.763406322010347 ], [ 6.263427375724708, 45.761265491589029 ], [ 6.263738047997082, 45.759615174877837 ], [ 6.26391327346352, 45.757546224625962 ], [ 6.263952424500467, 45.757013386089817 ], [ 6.263605201891625, 45.755809467427468 ], [ 6.263320888274948, 45.754855568899529 ], [ 6.262702859209503, 45.75362509409581 ], [ 6.261886563600871, 45.752014213064136 ], [ 6.260816185324345, 45.7503581678776 ], [ 6.260346449099658, 45.749978248715927 ], [ 6.259842056050767, 45.749725650380192 ], [ 6.259304288133636, 45.749582311661754 ], [ 6.258407149900775, 45.749433517251795 ], [ 6.253268124552092, 45.749342800718949 ], [ 6.251095191931126, 45.749382604717574 ], [ 6.247874263018462, 45.749539976721273 ], [ 6.20481864144709, 45.754329442063934 ], [ 6.202706139841587, 45.754645453365065 ], [ 6.200962572701158, 45.755029787066981 ], [ 6.200043221731398, 45.755277626678733 ], [ 6.19814773332963, 45.756009433312968 ], [ 6.196217379466471, 45.756868511232781 ], [ 6.195510262811537, 45.757244125105423 ], [ 6.194835860162262, 45.757627616959795 ], [ 6.192164410113277, 45.759701093914018 ], [ 6.143069856175316, 45.826373748273092 ], [ 6.142184276277269, 45.82783591245645 ], [ 6.138496963772162, 45.844065825943687 ], [ 6.138362222319643, 45.845079204335491 ], [ 6.136429249531321, 45.860276874957492 ], [ 6.136291840758028, 45.862128022042725 ], [ 6.136246082550308, 45.86576853132356 ], [ 6.136663037123355, 45.869834764981498 ], [ 6.137243641181782, 45.875201535697826 ], [ 6.137302488267735, 45.875622892303753 ], [ 6.137459445360701, 45.876176043302351 ], [ 6.041239208267104, 45.757228023090356 ], [ 5.966748630572229, 45.692826854631363 ], [ 5.966395849240084, 45.692505049028341 ], [ 5.965954969928476, 45.691996964589414 ], [ 5.964115072797131, 45.689525780931923 ], [ 5.962110916324304, 45.686762682839188 ], [ 5.957711553291761, 45.680204325067898 ], [ 5.949029895663229, 45.654997290373174 ], [ 5.948268778313487, 45.652653239418896 ], [ 5.94734072601474, 45.648936642663436 ], [ 5.946879557330869, 45.646366774575668 ], [ 5.954228050189681, 45.596614463027862 ], [ 5.954250621712774, 45.596469637352769 ], [ 5.954338346324607, 45.59589041742052 ], [ 5.954588124958939, 45.595513095841355 ], [ 6.03177560958825, 45.517094284538373 ], [ 6.032066984587314, 45.51679644772323 ], [ 6.032138192252457, 45.516731048769671 ], [ 6.033608478390951, 45.515691721099024 ], [ 6.034949484958207, 45.515458210911355 ], [ 6.037408760101982, 45.515070569238333 ], [ 6.03845057618984, 45.515018045115276 ], [ 6.039520072034987, 45.515072669593195 ], [ 6.04028152097851, 45.515137495272214 ], [ 6.045413908350421, 45.515678752845133 ], [ 6.045882517665355, 45.515789286107925 ], [ 6.06013498033039, 45.519539245194203 ], [ 6.080450725203238, 45.529064833622726 ], [ 6.083959162791446, 45.530838630063258 ], [ 6.084944445780299, 45.531345984767022 ], [ 6.085842310408141, 45.531811231042546 ], [ 6.086995822912652, 45.532493057437463 ], [ 6.087438511031492, 45.532784426292338 ], [ 6.087688804691938, 45.533073244189637 ], [ 6.101560472626941, 45.550106832919575 ], [ 6.108599338359254, 45.56030840505175 ], [ 6.11051230291006, 45.562576615519859 ], [ 6.120793618872049, 45.574568547226292 ], [ 6.126618758210927, 45.57766783569852 ], [ 6.31129911925762, 45.668129301889984 ], [ 6.383534710849646, 45.678037816281602 ], [ 6.396826318547541, 45.679025341908194 ], [ 6.394907534511534, 45.661293900814385 ], [ 6.229751296129248, 45.539816279576122 ], [ 6.195306127845346, 45.518816969337827 ], [ 6.194984924871331, 45.518620896629095 ], [ 6.187853864797388, 45.513372571355731 ], [ 6.187705132688206, 45.513260605693766 ], [ 6.187514300181539, 45.513096048286229 ], [ 6.187364316398416, 45.512966111132684 ], [ 6.18224026063375, 45.508188708594979 ], [ 6.181538466675216, 45.507492299063166 ], [ 6.181185672929167, 45.507135151117154 ], [ 6.180276641761198, 45.506184661883587 ], [ 6.179779819540236, 45.505598282208865 ], [ 6.179355221241839, 45.505000409193812 ], [ 6.179067821903543, 45.50451490737084 ], [ 6.178790136258286, 45.503948007440179 ], [ 6.178226601847983, 45.502733423613968 ], [ 6.178159101018486, 45.502591632302661 ], [ 6.177964267434679, 45.502165994490397 ], [ 6.177759326759285, 45.501668647698153 ], [ 6.177625180163012, 45.50124992969247 ], [ 6.177235413611211, 45.499660079231404 ], [ 6.177136597382278, 45.499123054830541 ], [ 6.176891524286926, 45.497753405265897 ], [ 6.176807365691698, 45.497242898137955 ], [ 6.17667670228412, 45.495842294317946 ], [ 6.17662934536121, 45.49508733244091 ], [ 6.176624405391222, 45.494979417998444 ], [ 6.176602885678094, 45.494448743513168 ], [ 6.176648343159485, 45.493168183477351 ], [ 6.176742402789119, 45.492660556192646 ], [ 6.176847305889882, 45.492161562983682 ], [ 6.177200305065408, 45.491086595821919 ], [ 6.177360731632712, 45.490612713651451 ], [ 6.169319678081219, 45.463363733216411 ], [ 6.012009384258843, 45.308474969993974 ], [ 5.890164405659465, 45.212484808903064 ], [ 5.886914307062164, 45.208914718809694 ], [ 5.869991838864961, 45.176055729260604 ], [ 5.86640880070836, 45.168632812944985 ], [ 5.865900709177573, 45.167487370662244 ], [ 5.865002146203942, 45.164742517099178 ], [ 5.862559160136954, 45.156932136619126 ], [ 5.862310761512727, 45.155985544828248 ], [ 5.842564770384891, 45.127823789274096 ], [ 5.825002989074963, 45.104065816128767 ], [ 5.782515095254217, 45.049632680542345 ], [ 5.781438122369665, 45.048792793332098 ], [ 5.779788931376902, 45.048249793872515 ], [ 5.778480803554201, 45.047984299780943 ], [ 5.77689926640016, 45.047754289753755 ], [ 5.706155957790413, 45.038088246065236 ], [ 5.703873162403258, 45.037842521777044 ], [ 5.698255032559248, 45.037688984608231 ], [ 5.696868383684747, 45.037668020328475 ], [ 5.693031979657586, 45.03781130344278 ], [ 5.691767525690359, 45.037921623615397 ], [ 5.691308313437251, 45.037971540385911 ], [ 5.666152549444383, 45.042529610992226 ], [ 5.647573739838077, 45.046930582880087 ], [ 5.633654674310622, 45.05823926098784 ], [ 5.643629635201341, 45.106829592625509 ], [ 5.656271939195897, 45.161246912887499 ], [ 5.651521492395653, 45.19684474542845 ], [ 5.647018804105679, 45.208386512075144 ], [ 5.629076892470456, 45.222253682629898 ], [ 5.610880392776949, 45.244894663558135 ], [ 5.596156171901993, 45.273282995275714 ], [ 5.595729580229734, 45.288052290473139 ], [ 5.595845488763433, 45.288309999633363 ], [ 5.597862183021366, 45.291132070717701 ], [ 5.596261053619422, 45.292754595267915 ], [ 5.571860901999422, 45.284237907964943 ], [ 5.570780463387911, 45.283819138118879 ], [ 5.563531773919652, 45.280518219633713 ], [ 5.557079849213376, 45.277175795630512 ], [ 5.551094503632465, 45.273531440243111 ], [ 5.543017652625398, 45.267615234560033 ], [ 5.528446747079736, 45.255573783393132 ], [ 5.527423315997462, 45.254711831506398 ], [ 5.37194195889457, 45.117808113886788 ], [ 5.352170617711812, 45.095797226266768 ], [ 5.351482598902893, 45.095014756386099 ], [ 5.350698187374407, 45.094000852549286 ], [ 5.3498721441498, 45.092240917881881 ], [ 5.348211146479946, 45.088154161289829 ], [ 5.34738773589379, 45.08578201782224 ], [ 5.347071316689926, 45.084818405459735 ], [ 5.345967741369624, 45.081022567656973 ], [ 5.345912673139939, 45.080708997392485 ], [ 5.345867863225637, 45.080350139608385 ], [ 5.346379068427279, 45.07984116645251 ], [ 5.34655779133579, 45.079692286634248 ], [ 5.346859304783799, 45.079441053457202 ], [ 5.347402565068831, 45.079102240208179 ], [ 5.407338664339965, 45.067466552316837 ], [ 5.407581420501993, 45.067468831108762 ], [ 5.424634030904028, 45.06838154629606 ], [ 5.432210950591899, 45.070744894239482 ], [ 5.432986165371537, 45.071092339618076 ], [ 5.436706222691882, 45.07301389622819 ], [ 5.441664008550276, 45.075800911218721 ], [ 5.444818917051058, 45.077693027072392 ], [ 5.444999921000365, 45.077931015170343 ], [ 5.445282623921526, 45.078238170485221 ], [ 5.447404849589876, 45.079745058503939 ], [ 5.447754600221205, 45.079978309273628 ], [ 5.448579781423788, 45.080306246757338 ], [ 5.452488385058547, 45.0814208151887 ], [ 5.45313888568738, 45.08155557673804 ], [ 5.453831014403089, 45.081662157543406 ], [ 5.45731643197268, 45.08188822120416 ], [ 5.457692463971958, 45.081886641868053 ], [ 5.455250308888356, 45.077760257717124 ], [ 5.449141773732054, 45.070540999869358 ], [ 5.436936882724521, 45.05965718078771 ], [ 5.429609606191183, 45.05328128600776 ], [ 5.413925776774145, 45.045570940187659 ], [ 5.397266950407345, 45.03833554554771 ], [ 5.396552423405717, 45.038040209179975 ], [ 5.388717253780849, 45.035231635233849 ], [ 5.387749281624104, 45.03494322492282 ], [ 5.386915465634748, 45.034786141958321 ], [ 5.385827633308078, 45.034627040836973 ], [ 5.269485112558689, 45.054329694925428 ], [ 5.268541085932446, 45.05448968738235 ], [ 5.267665192998042, 45.054737884503488 ], [ 5.247455499926323, 45.060959219487827 ], [ 5.239238872561842, 45.067844620085609 ], [ 5.128471297916822, 45.088123457047374 ], [ 5.019490165603989, 45.062362096431279 ], [ 5.01556322572405, 45.061565998577542 ], [ 5.012061711355082, 45.061137517128408 ], [ 5.006610145430049, 45.060692897408202 ], [ 4.951247694212984, 45.057107065480643 ], [ 4.92142543165866, 45.05897629971976 ], [ 4.828211287171285, 45.074969565748987 ], [ 4.816972200082192, 45.108943564263392 ], [ 4.811244464584934, 45.201644636610439 ], [ 4.781913595709089, 45.309826770581537 ], [ 4.763345816878282, 45.344595640642893 ], [ 4.74153207935826, 45.41338034605571 ], [ 4.741430424451424, 45.415452611412221 ], [ 4.741508558093036, 45.417250993328572 ], [ 4.741954109945974, 45.418681444164093 ], [ 4.755810781424515, 45.446238200511608 ], [ 4.766847263893628, 45.457339145674503 ], [ 4.781355898059842, 45.47164839420202 ], [ 4.782276352921081, 45.47221328340968 ], [ 4.786645361846897, 45.474097675255152 ], [ 4.789834454166977, 45.475332774567995 ], [ 4.792238848962182, 45.476180009619505 ], [ 4.7964586934385, 45.477572276613593 ], [ 4.801271962822776, 45.479356329098657 ], [ 4.812006078319921, 45.483349336172935 ], [ 4.813116768267382, 45.483864765328626 ], [ 4.841453615135469, 45.500694684853848 ], [ 4.841915408064156, 45.50099936382454 ], [ 4.845234485219056, 45.503625173057252 ], [ 4.849151810738085, 45.506732494773658 ], [ 4.856650077942741, 45.512756325630242 ], [ 4.860188609829126, 45.51575482170643 ], [ 4.864330348684268, 45.519531665078489 ], [ 4.868478835208091, 45.523443233002538 ], [ 4.869623840641017, 45.52467743832171 ], [ 4.871734497917573, 45.527419915517079 ], [ 4.872301919114368, 45.528622186836365 ], [ 4.872677469105052, 45.529828808101492 ], [ 4.872809554430744, 45.531310982122051 ], [ 4.872524808433075, 45.532082527821586 ], [ 4.871922273969282, 45.532906283517377 ], [ 4.870878120888822, 45.533875060472951 ], [ 4.869699803101603, 45.534711850852482 ], [ 4.868015854862749, 45.535695090472345 ], [ 4.866011979609588, 45.536685540275229 ], [ 4.864441450683957, 45.537351122842345 ], [ 4.831536923748042, 45.547540995163388 ], [ 4.7960967084804, 45.576111374700275 ], [ 4.82814875866222, 45.653333116013215 ], [ 4.828345651856657, 45.653940811348534 ], [ 4.829009573695935, 45.656077305164239 ], [ 4.829866972815129, 45.660162729014964 ], [ 4.83014102894188, 45.662559923723677 ], [ 4.790891025105439, 45.720987598462692 ], [ 4.777470182607002, 45.726032878604471 ], [ 4.759536046823207, 45.733568285967031 ], [ 4.758379512719341, 45.734304322332918 ], [ 4.757684238434009, 45.734832376332648 ], [ 4.757101960136785, 45.735475001045629 ], [ 4.756665271739775, 45.73609648147238 ], [ 4.756450637744416, 45.736740175526577 ], [ 4.75220950417502, 45.76522048909527 ], [ 4.754209593580757, 45.782783347746339 ], [ 4.754416219913597, 45.783093934893216 ], [ 4.754631845443225, 45.783404328008068 ], [ 4.776890816096901, 45.813382631185391 ], [ 4.771527125115263, 45.84040322755542 ], [ 4.771350492434365, 45.841154144063538 ], [ 4.769748652305884, 45.84334007941353 ], [ 4.767243861349364, 45.846661645718022 ], [ 4.766464598880536, 45.847650603905684 ], [ 4.765378516758751, 45.848430156490515 ], [ 4.762344710059742, 45.850196838866196 ], [ 4.761295810212344, 45.850741519832205 ], [ 4.760166600258769, 45.85118890935621 ], [ 4.758889285921825, 45.851666480237697 ], [ 4.757985031810287, 45.851928980568452 ], [ 4.580987525252945, 45.902690637799381 ], [ 4.581845025075571, 45.977054060693106 ], [ 4.603496003911578, 46.073089970099424 ], [ 4.629855284293594, 46.091585428080464 ], [ 4.632487296705467, 46.093512142601014 ], [ 4.63290935848503, 46.093827593134037 ], [ 4.635117469940717, 46.095636854910381 ], [ 4.635485225037471, 46.096475448317364 ], [ 4.63542370204269, 46.096827731763035 ], [ 4.610417566956459, 46.129502388309113 ], [ 4.609440073760883, 46.13027810697303 ], [ 4.607933451420232, 46.131343471446172 ], [ 4.57758618575806, 46.146827151776833 ], [ 4.579032668465754, 46.170236138975497 ], [ 4.621070478365526, 46.165299711670649 ], [ 4.6219494864807, 46.16525495419765 ], [ 4.622802112216688, 46.165291730122206 ], [ 4.623654410208306, 46.165382510988685 ], [ 4.624326800232855, 46.165476924075996 ], [ 4.625136326120681, 46.165721572351465 ], [ 4.62600286036328, 46.16602806678997 ], [ 4.626622562203304, 46.16634855270518 ], [ 4.627078806104173, 46.166663344360124 ], [ 4.696538519082294, 46.250916437531743 ], [ 4.708303771536225, 46.269879047644608 ], [ 4.710053391150176, 46.273127814255446 ], [ 4.711191882224837, 46.277748526261114 ], [ 4.740188212131868, 46.446953191684855 ], [ 4.739943277553313, 46.450423798766046 ], [ 4.738061583190569, 46.46167893059102 ], [ 4.737257544054491, 46.461758912613192 ], [ 4.697752611290698, 46.439786448948738 ], [ 4.685997975442601, 46.433216258135126 ], [ 4.683975541475933, 46.432024911269991 ], [ 4.683649016644274, 46.431698619161153 ], [ 4.645026157354273, 46.401292709154141 ], [ 4.60230658045568, 46.377436809044397 ], [ 4.591644994691243, 46.379935184740887 ], [ 4.559003588142482, 46.458208131933795 ], [ 4.557493877835475, 46.461864821345685 ], [ 4.557322035647701, 46.464415315590344 ], [ 4.557660469940535, 46.465938791144467 ], [ 4.566878241358922, 46.485055533702869 ], [ 4.567904514206195, 46.486628504315384 ], [ 4.569338235680905, 46.488823508885133 ], [ 4.575366256853219, 46.494033391145919 ], [ 4.582441741210567, 46.499141306259617 ], [ 4.58495841243849, 46.500585712132718 ], [ 4.58969068862569, 46.520797403242298 ], [ 4.51932801471963, 46.524184007451915 ], [ 4.513420622606216, 46.525242118416656 ], [ 4.512304337886526, 46.525857471247114 ], [ 4.511981537328022, 46.5260346437693 ], [ 4.509026659813296, 46.531536225281087 ], [ 4.507787028678316, 46.53386393590381 ], [ 4.507599435341612, 46.534227522984786 ], [ 4.507118663093758, 46.537791794748102 ], [ 4.507878728777395, 46.543420479990132 ], [ 4.54004178723132, 46.611817507030089 ], [ 4.548909809925939, 46.671227845112718 ], [ 4.610242128219527, 46.737931247424889 ], [ 4.680744509209826, 46.835117309090684 ], [ 4.554557549396696, 46.826731375355457 ], [ 4.549388371653047, 46.828325382816494 ], [ 4.548305528266786, 46.828652302061528 ], [ 4.54282591875661, 46.831386002413097 ], [ 4.536706789528666, 46.834851714376271 ], [ 4.536077827870433, 46.835250793963311 ], [ 4.532463048267872, 46.837786146222399 ], [ 4.532067774953718, 46.838063722448638 ], [ 4.528051720358778, 46.841029615052626 ], [ 4.520903465748386, 46.847052097744061 ], [ 4.513387663444276, 46.855448049894349 ], [ 4.51134935222069, 46.857898721512434 ], [ 4.51113370994249, 46.858244809102217 ], [ 4.509542819095986, 46.860830949710518 ], [ 4.497864870805591, 46.887493206489061 ], [ 4.495808700100155, 46.920308995733713 ], [ 4.520958998196318, 46.900465282530568 ], [ 4.537364732709642, 46.890899726190568 ], [ 4.539109187189496, 46.890443233235438 ], [ 4.540805487201703, 46.890671631801894 ], [ 4.543314495465646, 46.891991355723853 ], [ 4.546337518549717, 46.894669109180612 ], [ 4.559408846049533, 46.907556378608788 ], [ 4.561718247301173, 46.91056257600443 ], [ 4.563536854795132, 46.913731258707806 ], [ 4.563441270523454, 46.914723107283635 ], [ 4.56343035574509, 46.914840318321119 ], [ 4.513410555721634, 46.967998836854555 ], [ 4.512622058954163, 46.968526763541156 ], [ 4.510270926865579, 46.970110237172548 ], [ 4.506874432711371, 46.971596426111688 ], [ 4.503228640618967, 46.972610234242261 ], [ 4.481227606118797, 46.978431964462565 ], [ 4.473754069806009, 46.97966922321951 ], [ 4.453851994414306, 46.982467695358643 ], [ 4.23278592039384, 46.93540529649745 ], [ 4.182623336273871, 46.930328940104722 ], [ 4.181467524723584, 46.940687104009392 ], [ 4.193028144741345, 47.010222721543002 ], [ 4.219582601453111, 47.033232291704458 ], [ 4.231136593407975, 47.037136891386623 ], [ 4.262478572016327, 47.046919786899728 ], [ 4.291948081043859, 47.053702551745445 ], [ 4.328924661595082, 47.119488473410101 ], [ 4.344644981994251, 47.158396052732037 ], [ 4.354973253184389, 47.289909706338861 ], [ 4.311658574788246, 47.431846588848288 ], [ 4.306912007459998, 47.43487869420359 ], [ 4.30567756296312, 47.435529527203812 ], [ 4.305635817698121, 47.435548232284908 ], [ 4.304233681967283, 47.436003947901533 ], [ 4.237665825829715, 47.457188911627455 ], [ 4.217747934983535, 47.458431632137177 ], [ 4.215580433648768, 47.455389656873166 ], [ 4.202562266371101, 47.442904565233853 ], [ 4.201757366772462, 47.442377675506087 ], [ 4.200764756069443, 47.441943775145106 ], [ 4.199752210453253, 47.441546176904225 ], [ 4.198625305810706, 47.441177400196345 ], [ 4.197265974286254, 47.440722370631697 ], [ 4.195697486620941, 47.440315668801503 ], [ 4.195576942186677, 47.440281612988031 ], [ 4.195123853850038, 47.440180911771655 ], [ 4.194642788218824, 47.440152637155059 ], [ 4.072232585641776, 47.452055632684775 ], [ 3.995514228678131, 47.484011311007336 ], [ 3.993609870786278, 47.484956208733522 ], [ 3.991506654909155, 47.48603886335259 ], [ 3.990530209550994, 47.48690748648476 ], [ 3.990052775397463, 47.488074878321939 ], [ 3.989610577866968, 47.489394710313398 ], [ 3.989631010563677, 47.49009616719237 ], [ 3.991655162688104, 47.497957460868086 ], [ 3.981505307751063, 47.5018894404419 ], [ 3.870047569038041, 47.493142162794108 ], [ 3.869794684643536, 47.493118515998674 ], [ 3.869086263114591, 47.492947947453246 ], [ 3.859977875857401, 47.489748224291276 ], [ 3.858862457065471, 47.489313044466101 ], [ 3.799573379108944, 47.408783808092153 ], [ 3.799466068786504, 47.408398309250188 ], [ 3.781575031849367, 47.341525660872577 ], [ 3.780998937392577, 47.339211684873895 ], [ 3.778877203946725, 47.32773124840422 ], [ 3.778742772165239, 47.326770264925351 ], [ 3.778672837659085, 47.326483238680929 ], [ 3.778514827575239, 47.325972390004111 ], [ 3.778353977693476, 47.325650509838624 ], [ 3.778174501167555, 47.325373845787858 ], [ 3.777795623815576, 47.324964714417192 ], [ 3.777500126229047, 47.324752473080103 ], [ 3.758907890111602, 47.314744289837712 ], [ 3.758664199827146, 47.314684309808705 ], [ 3.758297996923144, 47.314643829520307 ], [ 3.757970258704992, 47.314656856094793 ], [ 3.72351055993608, 47.316937696975629 ], [ 3.723122661275309, 47.316978336303713 ], [ 3.722700841811974, 47.317037374461016 ], [ 3.722532562959246, 47.317129359114382 ], [ 3.71787140524069, 47.320342988003034 ], [ 3.717683106977504, 47.320480188006819 ], [ 3.717034767855973, 47.321144690316942 ], [ 3.716867515276444, 47.321533545614493 ], [ 3.716832528416197, 47.321920821872624 ], [ 3.716895905264542, 47.322171973276305 ], [ 3.717081828773526, 47.322403668242643 ], [ 3.7171882503444, 47.322528351622474 ], [ 3.717386635525242, 47.322678926921384 ], [ 3.637819456520819, 47.364805571145595 ], [ 3.637432449431095, 47.364953864635048 ], [ 3.636995564438689, 47.365174688641275 ], [ 3.636601912290348, 47.3654310110037 ], [ 3.624166681438142, 47.374377485845919 ], [ 3.623796491813816, 47.374678483222873 ], [ 3.615215224377073, 47.384165766412252 ], [ 3.614904227740333, 47.384565038777531 ], [ 3.614308358388111, 47.385570207656009 ], [ 3.61416260224712, 47.386066613441137 ], [ 3.613853751478882, 47.388660958196802 ], [ 3.613436049603356, 47.393352636036127 ], [ 3.613413974300762, 47.393703734722926 ], [ 3.613404498477065, 47.394027705571425 ], [ 3.613512801693378, 47.394512310823217 ], [ 3.613726254528413, 47.395238655957044 ], [ 3.613868570845415, 47.395704893033844 ], [ 3.613995492337596, 47.396081336888855 ], [ 3.614196839348721, 47.396411978082043 ], [ 3.614483110323928, 47.396858633449995 ], [ 3.61471868695822, 47.397179899701911 ], [ 3.615142971129528, 47.397580048692355 ], [ 3.61573899638815, 47.398014284392254 ], [ 3.616057483287926, 47.398145710251377 ], [ 3.616494754762275, 47.398257829926457 ], [ 3.61695279037401, 47.398351725837891 ], [ 3.617498713108191, 47.3984086627636 ], [ 3.617996735299622, 47.398457130876864 ], [ 3.618457021557201, 47.398479025715453 ], [ 3.618870759461963, 47.398438460165487 ], [ 3.619189096976587, 47.398452927467417 ], [ 3.619467668535075, 47.398521812126354 ], [ 3.620151462275338, 47.398802116329556 ], [ 3.620267514473395, 47.398944770548304 ], [ 3.620396759513548, 47.399195233807305 ], [ 3.62042971333711, 47.399518734688364 ], [ 3.620430930119069, 47.399734631978433 ], [ 3.620431227865561, 47.400022509690515 ], [ 3.620360426951079, 47.400329168089932 ], [ 3.62026183449664, 47.400582156778817 ], [ 3.612820747089019, 47.412395500547554 ], [ 3.612450269438923, 47.412975340069011 ], [ 3.611357589299299, 47.41466966281471 ], [ 3.611154931975851, 47.414896798134613 ], [ 3.610893186251323, 47.414980643625633 ], [ 3.610564759301403, 47.415047229420999 ], [ 3.610236798062204, 47.415077824300958 ], [ 3.609809674330537, 47.415118504379038 ], [ 3.609497865030914, 47.415103938572749 ], [ 3.60909291394688, 47.415018425403581 ], [ 3.606018971363534, 47.414053571735977 ], [ 3.605691566979133, 47.413940208355491 ], [ 3.605472385666686, 47.413807666259153 ], [ 3.605210848199491, 47.41362161036789 ], [ 3.603423308471731, 47.41218378696302 ], [ 3.603153925326138, 47.411889857758482 ], [ 3.602694281957558, 47.411229162980227 ], [ 3.602362132287839, 47.410746997499309 ], [ 3.527842329829005, 47.260813100507413 ], [ 3.527877003722345, 47.260173988739282 ], [ 3.527805861151854, 47.259589947398005 ], [ 3.527696926651773, 47.258970309477832 ], [ 3.527482584243201, 47.258126844626965 ], [ 3.527210960573405, 47.257203000798938 ], [ 3.526876332896888, 47.256297798566017 ], [ 3.526331541517353, 47.255448739614359 ], [ 3.502716862217522, 47.236212079710135 ], [ 3.501989537621936, 47.235688626322599 ], [ 3.501251124242942, 47.235201266521791 ], [ 3.500038000779989, 47.234628721155573 ], [ 3.498905009770591, 47.234217294605209 ], [ 3.496425691702642, 47.233360565662501 ], [ 3.49527259949013, 47.23299428857095 ], [ 3.494082548056052, 47.232628370632099 ], [ 3.493038392328754, 47.232350944769337 ], [ 3.492118414331527, 47.232135242601302 ], [ 3.491062466840282, 47.231983868806033 ], [ 3.490260013278484, 47.232072859457652 ], [ 3.489607233330668, 47.232304294590044 ], [ 3.488645896938011, 47.232682750191849 ], [ 3.487763523872347, 47.233294320469241 ], [ 3.486905673591073, 47.233941625521709 ], [ 3.486341358822224, 47.234603994141004 ], [ 3.484895750964932, 47.236363708859599 ], [ 3.478700475864012, 47.243973231243125 ], [ 3.47777759961148, 47.245115913942996 ], [ 3.47717875203778, 47.245904525332826 ], [ 3.476718177252751, 47.246610799780321 ], [ 3.458001210885093, 47.286351252481907 ], [ 3.457556262576608, 47.287327174178529 ], [ 3.455661400139553, 47.292248538172778 ], [ 3.45486732384346, 47.295377946211325 ], [ 3.451265600973875, 47.314817709596255 ], [ 3.451206762412131, 47.315295078007082 ], [ 3.448738477199996, 47.357286029925689 ], [ 3.452216711026581, 47.385014451943164 ], [ 3.454342870180316, 47.409391098163425 ], [ 3.45495223218922, 47.416465029420394 ], [ 3.454897753926273, 47.455678567519868 ], [ 3.454800725417858, 47.456048331430289 ], [ 3.454618260277825, 47.456391931647957 ], [ 3.454372133499771, 47.456799115880678 ], [ 3.454212415803417, 47.456962579971808 ], [ 3.453964036413379, 47.457135894081006 ], [ 3.453564667088155, 47.457319658076088 ], [ 3.396491178864539, 47.482431569924714 ], [ 3.380152722426581, 47.486537753657558 ], [ 3.370236166811341, 47.488425639898537 ], [ 3.370103476310161, 47.48842682195113 ], [ 3.333014450090221, 47.48155485351225 ], [ 3.304362957939864, 47.487698434688163 ], [ 3.125052440543194, 47.361508884102626 ], [ 3.116983730077751, 47.354843800625694 ], [ 3.107281815679014, 47.345751209722366 ], [ 3.107049624862898, 47.345527863552391 ], [ 3.106937865460091, 47.345303715362945 ], [ 3.093888164140933, 47.302246289004948 ], [ 3.09362722061777, 47.301375404769118 ], [ 3.093340194579781, 47.300342765940613 ], [ 3.092343104220267, 47.296598033894547 ], [ 3.091854964913197, 47.293866494294683 ], [ 3.091835681909707, 47.293155950133219 ], [ 3.091950386278245, 47.292570472110938 ], [ 3.092232738756535, 47.291965906623496 ], [ 3.092581875039639, 47.291315924465607 ], [ 3.093312563779035, 47.290159677613971 ], [ 3.101892969325108, 47.277185137359801 ], [ 3.102736928898391, 47.276028072963079 ], [ 3.103557931131214, 47.275024084221926 ], [ 3.104270819742509, 47.274317671781638 ], [ 3.105387530951686, 47.273752503549126 ], [ 3.106296898135907, 47.273476574074635 ], [ 3.107014594270953, 47.273291874187471 ], [ 3.108019723848527, 47.273150231129165 ], [ 3.109066443246277, 47.27314323985285 ], [ 3.109741918470686, 47.273147719066209 ], [ 3.110505942027409, 47.273151601423834 ], [ 3.112552844806882, 47.273209844009827 ], [ 3.113729866559994, 47.273255910997946 ], [ 3.118321154007351, 47.273314906418371 ], [ 3.126457932618479, 47.272962718030385 ], [ 3.127104590688901, 47.272895325235503 ], [ 3.127975387998608, 47.272790410518205 ], [ 3.128795694864313, 47.272667843461626 ], [ 3.129078107946948, 47.272548960214529 ], [ 3.129368705349406, 47.272358052699055 ], [ 3.129577495473839, 47.272176701706243 ], [ 3.130375504494562, 47.271442553007525 ], [ 3.139881245833962, 47.242463778257388 ], [ 3.140040899081101, 47.241922906260754 ], [ 3.140236955502111, 47.240815030812584 ], [ 3.140281595957069, 47.239564271792148 ], [ 3.140060763556717, 47.238315359398243 ], [ 3.139745416898351, 47.237193048036559 ], [ 3.096913691955031, 47.177883988099246 ], [ 3.09631591475857, 47.177132249490384 ], [ 3.093803715458431, 47.174413935419224 ], [ 3.08002859458834, 47.159830793722122 ], [ 3.07918924044764, 47.158936583365758 ], [ 3.078622105569706, 47.158364478198571 ], [ 3.074690332184391, 47.1545213505023 ], [ 3.073823745943615, 47.153744225557794 ], [ 3.073180650733539, 47.153298525716849 ], [ 3.065342792455438, 47.147932619193973 ], [ 3.06448814137083, 47.147434230707113 ], [ 3.028435521960385, 47.12657812491809 ], [ 2.950141880538161, 47.281706467558898 ], [ 2.977318234363326, 47.305460651468728 ], [ 2.982084693300577, 47.310840546978177 ], [ 2.98894010612796, 47.334172743517925 ], [ 2.989714113579371, 47.33719989292937 ], [ 2.989867349291637, 47.338044613323618 ], [ 2.990001949858546, 47.338988389929831 ], [ 2.990095973003692, 47.33996837754551 ], [ 2.990092083153729, 47.340733023774902 ], [ 2.990055541051161, 47.341749730274756 ], [ 2.98965129337143, 47.343434183866407 ], [ 2.989163962128862, 47.345361983580254 ], [ 2.989019322119306, 47.346307332902036 ], [ 2.989032719048682, 47.349140857517774 ], [ 2.989165862635179, 47.350723323703185 ], [ 2.989298361131127, 47.35214387279526 ], [ 2.990296728401424, 47.359964351938757 ], [ 2.990793416789304, 47.362255403256846 ], [ 2.991100414820006, 47.363324134171641 ], [ 2.991499433447379, 47.364554262646628 ], [ 2.993424070198794, 47.37044440848738 ], [ 2.993934082202843, 47.371538964256942 ], [ 2.994326036381751, 47.372292359636866 ], [ 3.019244962642393, 47.416180826429425 ], [ 3.019618938613205, 47.416718345226499 ], [ 3.02033194002478, 47.417649659370497 ], [ 3.02089429129538, 47.41809610888216 ], [ 3.066688307415188, 47.454643657379087 ], [ 3.067079721759887, 47.454947032619785 ], [ 3.067685757752978, 47.455330011464753 ], [ 3.068125756922858, 47.455597095753035 ], [ 3.068667041677395, 47.455899520264808 ], [ 3.06924558856262, 47.456210702167951 ], [ 3.069922773124671, 47.456557238728479 ], [ 3.070653137327381, 47.456912430073871 ], [ 3.072480544981977, 47.45766544959266 ], [ 3.073058015854506, 47.457895661784057 ], [ 3.075164121864786, 47.458655864520445 ], [ 3.089756847976412, 47.462438997121986 ], [ 3.091288013439152, 47.462752875494296 ], [ 3.092882656747093, 47.462958376397879 ], [ 3.094953336589682, 47.46315174889105 ], [ 3.095709983841843, 47.463191776085097 ], [ 3.096454182775513, 47.463195898723633 ], [ 3.09747254714953, 47.463171232636988 ], [ 3.098929410967155, 47.463107695387095 ], [ 3.099233180262847, 47.463015745630415 ], [ 3.099761007836373, 47.462823372871583 ], [ 3.100223069642676, 47.462577458854703 ], [ 3.103207875466858, 47.461307423204701 ], [ 3.106891787171169, 47.459870752679741 ], [ 3.1080998634744, 47.459394966788601 ], [ 3.109528461842099, 47.458944684671302 ], [ 3.110969624756453, 47.458539277440735 ], [ 3.112206250722367, 47.458207182675032 ], [ 3.113299615590287, 47.457965987333438 ], [ 3.114831124108328, 47.457847777109713 ], [ 3.115962235554202, 47.457831186517211 ], [ 3.116450274489401, 47.45782790599123 ], [ 3.117031278418667, 47.457832993221615 ], [ 3.117747817515931, 47.457855155437336 ], [ 3.118448838341824, 47.45790440384426 ], [ 3.120828811448102, 47.458212167672166 ], [ 3.123084015620742, 47.458601686956086 ], [ 3.127175567607798, 47.459392445521047 ], [ 3.127784055732466, 47.459550212404139 ], [ 3.128553956883344, 47.459769841447283 ], [ 3.129551465055989, 47.460131834980729 ], [ 3.162586973228767, 47.480554582415465 ], [ 3.163101810372701, 47.480982690978102 ], [ 3.163459048924698, 47.481429911077747 ], [ 3.283699758231901, 47.62736633945439 ], [ 3.451397991351058, 47.741555331067893 ], [ 3.578624044793153, 47.796352032119103 ], [ 3.579319918451378, 47.796425576207348 ], [ 3.580135551601789, 47.796425882378408 ], [ 3.580830228805817, 47.796391493686365 ], [ 3.581577231307463, 47.796311569060904 ], [ 3.581874906067585, 47.796254424679312 ], [ 3.582382238516209, 47.796087104956101 ], [ 3.658317392852204, 47.806054543453463 ], [ 3.682339273448272, 47.834518425522887 ], [ 3.763908104892691, 47.895604816370671 ], [ 3.85495942801788, 47.906456795546312 ], [ 3.890258390413388, 47.911300060819222 ], [ 4.148060591710347, 47.997579066799112 ], [ 4.165649794538845, 48.006372744904041 ], [ 4.167350357962933, 48.011536321136958 ], [ 4.178197028282651, 48.035427952164717 ], [ 4.209461976849569, 48.072270522618176 ], [ 4.299352530914747, 48.147608183590783 ], [ 4.308308693911795, 48.149167185130381 ], [ 4.311264625869464, 48.149567267717892 ], [ 4.315367033640459, 48.149714106398569 ], [ 4.453228069879931, 48.178748562068712 ], [ 4.457703544870329, 48.179837225402046 ], [ 4.458850162266231, 48.180221301472251 ], [ 4.463359826137297, 48.18174989083267 ], [ 4.486848283269022, 48.193465836445085 ], [ 4.488631658309665, 48.194701501424845 ], [ 4.492687935870176, 48.198342122068034 ], [ 4.493778448363938, 48.199473479589237 ], [ 4.496906076356302, 48.203778630476329 ], [ 4.498596933777372, 48.206185195315989 ], [ 4.518011125528693, 48.235590979455857 ], [ 4.528920443963427, 48.266339426725011 ], [ 4.546348154062764, 48.28061209338923 ], [ 4.565874948746589, 48.292953633725553 ], [ 4.57402280861672, 48.297971110058576 ], [ 4.574982723731117, 48.298510546040333 ], [ 4.601709921765765, 48.306760561329035 ], [ 4.603542684509009, 48.307300975530858 ], [ 4.605572327593933, 48.30774762281979 ], [ 4.702983219050155, 48.326367017507906 ], [ 4.732174553260364, 48.324203147023539 ], [ 4.734022247879386, 48.323904716621897 ], [ 4.921739771457847, 48.375925113679934 ], [ 5.055117545560028, 48.434548039009599 ], [ 5.061705137655327, 48.434810011107878 ], [ 5.065794537248866, 48.43517435521796 ], [ 5.067945246901847, 48.435457473269928 ], [ 5.077920956447681, 48.437862078134188 ], [ 5.109187190272083, 48.462518236527082 ], [ 5.110497571929105, 48.463863820998746 ], [ 5.111588530860988, 48.465304501202382 ], [ 5.11315689572273, 48.467480595598182 ], [ 5.113569161077635, 48.468136587677613 ], [ 5.126924391294374, 48.489411564413295 ], [ 5.128912791583943, 48.50060906841771 ], [ 5.121105347210231, 48.574635256516039 ], [ 5.089921023398718, 48.592940300600318 ], [ 5.088504233511949, 48.593072162898082 ], [ 5.070881570087103, 48.595746875802568 ], [ 5.006392159898581, 48.611401779964886 ], [ 5.004056171008608, 48.612137948449913 ], [ 5.002130710408593, 48.612945785317322 ], [ 5.0006793998806, 48.613742932039486 ], [ 4.999311857767087, 48.614852977235671 ], [ 4.996372349816279, 48.618120933534655 ], [ 4.995551197886435, 48.619308607579391 ], [ 4.994656375500105, 48.621712145087187 ], [ 4.992803857551207, 48.658287630094286 ], [ 5.03641845577173, 48.739731671163675 ], [ 5.111815927220688, 48.822156448047835 ], [ 5.13266166579797, 48.843935906891204 ], [ 5.133166591677526, 48.844607532182671 ], [ 5.134775155273129, 48.969533095030037 ], [ 5.132371184062246, 48.976153771838014 ], [ 5.131820942275444, 48.97724572364848 ], [ 5.13144500589505, 48.977973902488252 ], [ 5.13118911885683, 48.978294620076724 ], [ 5.117036225697354, 48.994451152337987 ], [ 5.116343135826352, 48.994979832327942 ], [ 5.115892452278522, 48.995188146108873 ], [ 5.110831443366403, 48.997338009805738 ], [ 5.110363375094071, 48.997528721188104 ], [ 5.099573854058066, 49.000512363204884 ], [ 5.065468301827588, 49.003778178221026 ], [ 4.939775405847115, 49.019575726649549 ], [ 4.935618444373341, 49.020178709711132 ], [ 4.934257789339002, 49.020415092386465 ], [ 4.927957043956755, 49.022107354297738 ], [ 4.927353134514493, 49.022659912912204 ], [ 4.924615243754264, 49.027556417028656 ], [ 4.910550556100055, 49.053969618623618 ], [ 4.893692920392615, 49.086814210411639 ], [ 4.890605903221192, 49.094027505625519 ], [ 4.838354384651225, 49.216419896256568 ], [ 4.830124697368709, 49.317552538704035 ], [ 4.695420972992818, 49.452463770149613 ], [ 4.685473433787186, 49.460961564738639 ], [ 4.657576275057412, 49.480660614459445 ], [ 4.766260805622213, 49.513675557203364 ], [ 4.693265962752307, 49.529446371120208 ], [ 4.692349409632113, 49.529688903658723 ], [ 4.636657305570148, 49.546972634467046 ], [ 4.604015771278839, 49.575920447952335 ], [ 4.538327535259637, 49.6169912832721 ], [ 4.477461021657549, 49.627265696972614 ], [ 4.417162431010633, 49.634768042003031 ], [ 4.352922118758036, 49.644605545554974 ], [ 4.299952710102271, 49.69113872471334 ], [ 4.252757206601244, 49.841772544514711 ], [ 4.248727922299878, 49.856754174901624 ], [ 4.249650623619783, 49.862038654899258 ], [ 4.253792976716944, 49.885109021880439 ], [ 4.224724374837094, 49.876887913703349 ], [ 4.223077742472444, 49.876482368485753 ], [ 4.221608473377854, 49.876136920528964 ], [ 4.220626783086375, 49.875972507227956 ], [ 4.198628639232227, 49.876877033764359 ], [ 4.197796173004559, 49.876952640656476 ], [ 4.196912238219577, 49.877064953000534 ], [ 4.195675124668005, 49.877362277156742 ], [ 4.011284820535597, 49.933275174102832 ], [ 4.010353640385773, 49.933683092250199 ], [ 4.009501887687303, 49.934179711496334 ], [ 4.008687457572063, 49.934711731687472 ], [ 4.008190524196086, 49.935041830413411 ], [ 4.007496723201595, 49.935688925306053 ], [ 4.006760226280002, 49.936561098977279 ], [ 4.005569014901405, 49.938499126558497 ], [ 3.980769191064997, 49.993575709055804 ], [ 3.979721374434548, 49.997774154893065 ], [ 3.979431535679577, 49.999618795896964 ], [ 3.979418403846211, 50.002995142653823 ], [ 3.98428776747395, 50.011019656812117 ], [ 3.986411682452204, 50.013729570679381 ], [ 3.986987876975714, 50.014350311767828 ], [ 3.987278068774347, 50.014660652854353 ], [ 4.028903067110957, 50.020914514917223 ], [ 4.120725202235122, 50.028837143096801 ], [ 4.126533864439124, 50.028689229184401 ], [ 4.130536348640756, 50.028235369977025 ], [ 4.134297349982489, 50.027695142943479 ], [ 4.139120098365429, 50.026402816956839 ], [ 4.141206189795128, 50.025842205156835 ], [ 4.17514393193547, 50.041345735567404 ], [ 4.148763597808946, 49.990359842973881 ], [ 4.147641274143974, 49.988185464508199 ], [ 4.150747976187544, 49.986846196749944 ], [ 4.22424069222193, 49.955090325775551 ], [ 4.227448780699879, 49.953702516919648 ], [ 4.282227516941712, 49.95055003840109 ], [ 4.455271471876838, 49.940442625192418 ], [ 4.678910226690605, 49.998148775841614 ], [ 4.68308943799443, 50.088379034460246 ], [ 4.756274836207859, 50.130335239082626 ], [ 4.765744173974165, 50.135751045069817 ], [ 4.827528846362812, 50.17107494499794 ], [ 4.866547331690096, 50.151937004812886 ], [ 4.878081760929214, 50.146264796075009 ], [ 4.845090979821691, 50.064350700019034 ], [ 4.80490045933837, 49.964163871734087 ], [ 4.802304189608028, 49.957677503145675 ], [ 4.807617509686678, 49.955144671343078 ], [ 4.895837575704844, 49.91296391270059 ] ], [ [ 6.009327746773003, 45.37425160836559 ], [ 6.009844363270321, 45.374180548170337 ], [ 6.010611553296985, 45.374092219999199 ], [ 6.014905948622749, 45.37403162843848 ], [ 6.025667554151055, 45.374360394574317 ], [ 6.045048307060681, 45.384668576830229 ], [ 6.075292329226379, 45.42333095620338 ], [ 6.08175631176294, 45.432777947815396 ], [ 6.08205501073797, 45.433335322172702 ], [ 6.082239262349925, 45.433770449021118 ], [ 6.082243616242299, 45.434193602625463 ], [ 6.081883922781875, 45.43471904118568 ], [ 6.080948587375124, 45.43603834653819 ], [ 6.080555004532344, 45.436384790031667 ], [ 6.080176543532447, 45.436595629046046 ], [ 6.077206189518097, 45.437334702129313 ], [ 6.070731408452249, 45.43818202274511 ], [ 6.057123555065235, 45.428198361815781 ], [ 6.053763988757175, 45.4266261916679 ], [ 6.053161532016245, 45.426340053464898 ], [ 6.042830635975966, 45.420550570633992 ], [ 6.030150830636233, 45.410055809847378 ], [ 6.029676341075642, 45.409594203079415 ], [ 6.009818020447634, 45.379368792525298 ], [ 6.008533447338692, 45.376763394826121 ], [ 6.008393412993454, 45.376443797306067 ], [ 6.00815014463494, 45.375704325385435 ], [ 6.008133029068673, 45.37540769615309 ], [ 6.008218163525726, 45.375053663565801 ], [ 6.00834136629486, 45.374599312477464 ], [ 6.008779684392926, 45.374368731448804 ], [ 6.009327746773003, 45.37425160836559 ] ], [ [ 5.799549372338203, 45.584073692243123 ], [ 5.81611809240223, 45.550348341495351 ], [ 5.728384557778066, 45.485013392785966 ], [ 5.748470536170965, 45.543932310129037 ], [ 5.723588709812012, 45.475271872269595 ], [ 5.713005388525021, 45.469721406223336 ], [ 5.707175647595158, 45.466628902147995 ], [ 5.705894444558798, 45.465785131448094 ], [ 5.704927862703125, 45.465021900975287 ], [ 5.703848358408496, 45.464000938953717 ], [ 5.702435543360559, 45.462422735418144 ], [ 5.680032555637374, 45.43683924681261 ], [ 5.679863030532519, 45.436637226742668 ], [ 5.678143927859186, 45.434284569933602 ], [ 5.677644395845515, 45.433552171402582 ], [ 5.633220082145899, 45.356691761691138 ], [ 5.633058943204177, 45.356237329577539 ], [ 5.630570972949339, 45.330784962132078 ], [ 5.630638392995703, 45.330179711903817 ], [ 5.631217191204422, 45.328406847086029 ], [ 5.631386906383244, 45.327933627950181 ], [ 5.631549302501886, 45.327487636522754 ], [ 5.6318403847471, 45.326758719067136 ], [ 5.659115458703153, 45.27929021584243 ], [ 5.659402736145844, 45.278912480977276 ], [ 5.753338996938075, 45.231830036890415 ], [ 5.753843114796918, 45.231904586002933 ], [ 5.764895916783327, 45.23439166350542 ], [ 5.765997134868183, 45.234744887225119 ], [ 5.76686298125424, 45.235042332202816 ], [ 5.767507996716924, 45.235292559316846 ], [ 5.864033603305208, 45.286454100439641 ], [ 5.879804307341944, 45.296434894162992 ], [ 5.898778002167118, 45.309282907456769 ], [ 5.906504153322661, 45.316536734518721 ], [ 5.96366815955268, 45.415596858390629 ], [ 5.965284382622587, 45.429223985188536 ], [ 5.967125772961828, 45.448256308466512 ], [ 5.967660737054656, 45.458487507179846 ], [ 5.967489018360064, 45.460393319574614 ], [ 5.966529702130089, 45.466890695328949 ], [ 5.966456843045191, 45.467379378737874 ], [ 5.966318256595605, 45.467861193219399 ], [ 5.965093248411005, 45.469828259125549 ], [ 5.913809477525493, 45.512314513887127 ], [ 5.884659373462584, 45.530183294623548 ], [ 5.88413536204375, 45.5304430764212 ], [ 5.883155554782725, 45.530708313469972 ], [ 5.882587691834579, 45.530744341362777 ], [ 5.836328898825297, 45.569403213368233 ], [ 5.84388967854063, 45.619002382849146 ], [ 5.862133785934012, 45.694841953358498 ], [ 5.8621210555206, 45.698696781271465 ], [ 5.861859446008432, 45.702037107651037 ], [ 5.860591607390611, 45.707930653368599 ], [ 5.860050465762882, 45.710280129593706 ], [ 5.859496488758067, 45.712449892219666 ], [ 5.855574801647487, 45.724217353334026 ], [ 5.854085299090007, 45.7273260024837 ], [ 5.851722042432018, 45.731011356722384 ], [ 5.843157437973298, 45.743536066107552 ], [ 5.815902352269737, 45.808458925558753 ], [ 5.814095797585992, 45.813485938519023 ], [ 5.813230380128336, 45.814971624916602 ], [ 5.812411399300133, 45.815726416004004 ], [ 5.808492358130688, 45.816847207139702 ], [ 5.788259320471949, 45.809221628199758 ], [ 5.787616591640842, 45.808809113711924 ], [ 5.785335308351944, 45.798252780779372 ], [ 5.783289699914018, 45.776702644168374 ], [ 5.783345372874099, 45.767758603098109 ], [ 5.795690619502128, 45.596287000722853 ], [ 5.799549372338203, 45.584073692243123 ] ], [ [ 5.896390408338056, 45.707691424343317 ], [ 5.899066976992636, 45.706246530207174 ], [ 5.901770931149023, 45.705881403945909 ], [ 5.902945097267597, 45.705970145703255 ], [ 5.907314929742833, 45.707290027303181 ], [ 5.910220395091788, 45.70929584704826 ], [ 5.917595622007982, 45.715328716105709 ], [ 5.918596453217149, 45.73603757969579 ], [ 5.918651645641782, 45.737773979089702 ], [ 5.916463321047527, 45.744958579607868 ], [ 5.915596901760561, 45.74761597619662 ], [ 5.910963899309651, 45.757183930140044 ], [ 5.909588799177841, 45.760019577518342 ], [ 5.907167859233782, 45.762762396119854 ], [ 5.903965255308181, 45.76504367871474 ], [ 5.900528903413434, 45.767296260228385 ], [ 5.887492213628474, 45.958114164595386 ], [ 5.871601557049886, 45.96519737759867 ], [ 5.873721957905211, 45.969075453733318 ], [ 5.874119588923024, 45.97051293757994 ], [ 5.873681258802695, 45.971805554054086 ], [ 5.872605792526299, 45.971992414691421 ], [ 5.870664561522233, 45.972233442924626 ], [ 5.869273631083002, 45.971574596618062 ], [ 5.867133249640345, 45.970308803345425 ], [ 5.862643495662982, 45.964505478152923 ], [ 5.860476717011497, 45.961457222445034 ], [ 5.858845909608259, 45.95774374775155 ], [ 5.851840246378282, 45.940707318636363 ], [ 5.848611901105962, 45.93101868297709 ], [ 5.84828914969447, 45.92237412629769 ], [ 5.848216813544715, 45.919431470750432 ], [ 5.848168903654801, 45.916749223576353 ], [ 5.850812929446926, 45.824203988253153 ], [ 5.852988457973383, 45.810762352641689 ], [ 5.859392918636556, 45.790280662592103 ], [ 5.869960307905092, 45.759139773793471 ], [ 5.896390408338056, 45.707691424343317 ] ], [ [ 6.04607546834523, 45.955506697523262 ], [ 6.025770561534133, 45.908023345529443 ], [ 6.026609948005539, 45.904717358292046 ], [ 6.027349920086007, 45.903252005345081 ], [ 6.0292574763003, 45.903378561215895 ], [ 6.04212912755945, 45.911935234162961 ], [ 6.048127912273497, 45.918798954173944 ], [ 6.059388880007948, 45.932351804476731 ], [ 6.11614994136298, 46.001284844732844 ], [ 6.116967859731057, 46.004482040733969 ], [ 6.11686176080938, 46.009421618866696 ], [ 6.110230903307899, 46.017191898345743 ], [ 6.101131857936373, 46.018432827597913 ], [ 6.095817725109298, 46.011989821294748 ], [ 6.097724285943522, 46.012043325026134 ], [ 6.09831788599748, 46.011708266604806 ], [ 6.100650081218774, 46.009792944631684 ], [ 6.101561123076674, 46.006763107036868 ], [ 6.094394923753789, 45.992095294377705 ], [ 6.073181108919866, 45.97485854302694 ], [ 6.066998389248869, 45.97034374029753 ], [ 6.065206343125041, 45.969502364708553 ], [ 6.057740339177466, 45.966668840005241 ], [ 6.056079589467553, 45.966102207155494 ], [ 6.04607546834523, 45.955506697523262 ] ], [ [ 6.114455288324065, 46.03192153442982 ], [ 6.120091614270424, 46.03516439239111 ], [ 6.120873513400244, 46.035885771688378 ], [ 6.181711425601462, 46.108051673188527 ], [ 6.223245112147278, 46.160416499493479 ], [ 6.234166715111125, 46.175083884145579 ], [ 6.191080698342661, 46.155752849474517 ], [ 6.181998978789396, 46.148955069691937 ], [ 6.116954220054226, 46.092250180149399 ], [ 6.111148954672116, 46.086418500335995 ], [ 6.090548428557542, 46.064100958130574 ], [ 6.090023056380532, 46.063082604353603 ], [ 6.089827520621479, 46.060233821296379 ], [ 6.090447393759037, 46.057898346462885 ], [ 6.094017462267932, 46.050222446682064 ], [ 6.101904859366585, 46.038349100058738 ], [ 6.106104652129014, 46.033867305340848 ], [ 6.108479732523065, 46.031851327715415 ], [ 6.111110578055088, 46.030808531822515 ], [ 6.112406648723078, 46.031206504602643 ], [ 6.114455288324065, 46.03192153442982 ] ] ] ] } },
{ "type": "Feature", "properties": { "code_geog": "B", "libelle_geog": "Centre Nord semi-océanique", "area": 150204.642, "x": 2.157, "y": 48.452 }, "geometry": { "type": "MultiPolygon", "coordinates": [ [ [ [ 2.910013467066226, 50.693696448957489 ], [ 2.933110750323928, 50.750550123619433 ], [ 2.995364763210434, 50.763867516816084 ], [ 3.095270835980303, 50.785162130856826 ], [ 3.128317343322416, 50.792184253624548 ], [ 3.133815231245101, 50.786839742212983 ], [ 3.238370746617631, 50.684941738562529 ], [ 3.252992997510044, 50.670643816743947 ], [ 3.260718270976198, 50.663087326248842 ], [ 3.271626362498616, 50.587256893651912 ], [ 3.272638814604373, 50.580206834365114 ], [ 3.27380178096625, 50.572105908082989 ], [ 3.280520363653121, 50.525249697571674 ], [ 3.33305997685016, 50.507977957988004 ], [ 3.381365852020222, 50.49207392495893 ], [ 3.398885552352633, 50.486298429536205 ], [ 3.465830180561168, 50.514980590977899 ], [ 3.496627267454899, 50.528153221168672 ], [ 3.536154215062584, 50.51049437618142 ], [ 3.652888343208593, 50.458193157328587 ], [ 3.702699808623914, 50.43580908790581 ], [ 3.881248171188013, 50.35419248051889 ], [ 3.937256744301846, 50.328479439338338 ], [ 3.992015845358175, 50.353647726138412 ], [ 3.997535319308823, 50.356176081560292 ], [ 4.002964454549026, 50.353589493790913 ], [ 4.201817019679519, 50.258229933449755 ], [ 4.123371004804698, 50.13586005199555 ], [ 4.211157927073637, 50.110789055934234 ], [ 4.17514393193547, 50.041345735567404 ], [ 4.141206189795128, 50.025842205156835 ], [ 4.139120098365429, 50.026402816956839 ], [ 4.134297349982489, 50.027695142943479 ], [ 4.130536348640756, 50.028235369977025 ], [ 4.126533864439124, 50.028689229184401 ], [ 4.120725202235122, 50.028837143096801 ], [ 4.028903067110957, 50.020914514917223 ], [ 3.987278068774347, 50.014660652854353 ], [ 3.986987876975714, 50.014350311767828 ], [ 3.986411682452204, 50.013729570679381 ], [ 3.98428776747395, 50.011019656812117 ], [ 3.979418403846211, 50.002995142653823 ], [ 3.979431535679577, 49.999618795896964 ], [ 3.979721374434548, 49.997774154893065 ], [ 3.980769191064997, 49.993575709055804 ], [ 4.005569014901405, 49.938499126558497 ], [ 4.006760226280002, 49.936561098977279 ], [ 4.007496723201595, 49.935688925306053 ], [ 4.008190524196086, 49.935041830413411 ], [ 4.008687457572063, 49.934711731687472 ], [ 4.009501887687303, 49.934179711496334 ], [ 4.010353640385773, 49.933683092250199 ], [ 4.011284820535597, 49.933275174102832 ], [ 4.195675124668005, 49.877362277156742 ], [ 4.196912238219577, 49.877064953000534 ], [ 4.197796173004559, 49.876952640656476 ], [ 4.198628639232227, 49.876877033764359 ], [ 4.220626783086375, 49.875972507227956 ], [ 4.221608473377854, 49.876136920528964 ], [ 4.223077742472444, 49.876482368485753 ], [ 4.224724374837094, 49.876887913703349 ], [ 4.253792976716944, 49.885109021880439 ], [ 4.249650623619783, 49.862038654899258 ], [ 4.248727922299878, 49.856754174901624 ], [ 4.252757206601244, 49.841772544514711 ], [ 4.299952710102271, 49.69113872471334 ], [ 4.352922118758036, 49.644605545554974 ], [ 4.417162431010633, 49.634768042003031 ], [ 4.477461021657549, 49.627265696972614 ], [ 4.538327535259637, 49.6169912832721 ], [ 4.604015771278839, 49.575920447952335 ], [ 4.636657305570148, 49.546972634467046 ], [ 4.692349409632113, 49.529688903658723 ], [ 4.693265962752307, 49.529446371120208 ], [ 4.766260805622213, 49.513675557203364 ], [ 4.657576275057412, 49.480660614459445 ], [ 4.685473433787186, 49.460961564738639 ], [ 4.695420972992818, 49.452463770149613 ], [ 4.830124697368709, 49.317552538704035 ], [ 4.838354384651225, 49.216419896256568 ], [ 4.890605903221192, 49.094027505625519 ], [ 4.893692920392615, 49.086814210411639 ], [ 4.910550556100055, 49.053969618623618 ], [ 4.924615243754264, 49.027556417028656 ], [ 4.927353134514493, 49.022659912912204 ], [ 4.927957043956755, 49.022107354297738 ], [ 4.934257789339002, 49.020415092386465 ], [ 4.935618444373341, 49.020178709711132 ], [ 4.939775405847115, 49.019575726649549 ], [ 5.065468301827588, 49.003778178221026 ], [ 5.099573854058066, 49.000512363204884 ], [ 5.110363375094071, 48.997528721188104 ], [ 5.110831443366403, 48.997338009805738 ], [ 5.115892452278522, 48.995188146108873 ], [ 5.116343135826352, 48.994979832327942 ], [ 5.117036225697354, 48.994451152337987 ], [ 5.13118911885683, 48.978294620076724 ], [ 5.13144500589505, 48.977973902488252 ], [ 5.131820942275444, 48.97724572364848 ], [ 5.132371184062246, 48.976153771838014 ], [ 5.134775155273129, 48.969533095030037 ], [ 5.133166591677526, 48.844607532182671 ], [ 5.13266166579797, 48.843935906891204 ], [ 5.111815927220688, 48.822156448047835 ], [ 5.03641845577173, 48.739731671163675 ], [ 4.992803857551207, 48.658287630094286 ], [ 4.994656375500105, 48.621712145087187 ], [ 4.995551197886435, 48.619308607579391 ], [ 4.996372349816279, 48.618120933534655 ], [ 4.999311857767087, 48.614852977235671 ], [ 5.0006793998806, 48.613742932039486 ], [ 5.002130710408593, 48.612945785317322 ], [ 5.004056171008608, 48.612137948449913 ], [ 5.006392159898581, 48.611401779964886 ], [ 5.070881570087103, 48.595746875802568 ], [ 5.088504233511949, 48.593072162898082 ], [ 5.089921023398718, 48.592940300600318 ], [ 5.121105347210231, 48.574635256516039 ], [ 5.128912791583943, 48.50060906841771 ], [ 5.126924391294374, 48.489411564413295 ], [ 5.113569161077635, 48.468136587677613 ], [ 5.11315689572273, 48.467480595598182 ], [ 5.111588530860988, 48.465304501202382 ], [ 5.110497571929105, 48.463863820998746 ], [ 5.109187190272083, 48.462518236527082 ], [ 5.077920956447681, 48.437862078134188 ], [ 5.067945246901847, 48.435457473269928 ], [ 5.065794537248866, 48.43517435521796 ], [ 5.061705137655327, 48.434810011107878 ], [ 5.055117545560028, 48.434548039009599 ], [ 4.921739771457847, 48.375925113679934 ], [ 4.734022247879386, 48.323904716621897 ], [ 4.732174553260364, 48.324203147023539 ], [ 4.702983219050155, 48.326367017507906 ], [ 4.605572327593933, 48.30774762281979 ], [ 4.603542684509009, 48.307300975530858 ], [ 4.601709921765765, 48.306760561329035 ], [ 4.574982723731117, 48.298510546040333 ], [ 4.57402280861672, 48.297971110058576 ], [ 4.565874948746589, 48.292953633725553 ], [ 4.546348154062764, 48.28061209338923 ], [ 4.528920443963427, 48.266339426725011 ], [ 4.518011125528693, 48.235590979455857 ], [ 4.498596933777372, 48.206185195315989 ], [ 4.496906076356302, 48.203778630476329 ], [ 4.493778448363938, 48.199473479589237 ], [ 4.492687935870176, 48.198342122068034 ], [ 4.488631658309665, 48.194701501424845 ], [ 4.486848283269022, 48.193465836445085 ], [ 4.463359826137297, 48.18174989083267 ], [ 4.458850162266231, 48.180221301472251 ], [ 4.457703544870329, 48.179837225402046 ], [ 4.453228069879931, 48.178748562068712 ], [ 4.315367033640459, 48.149714106398569 ], [ 4.311264625869464, 48.149567267717892 ], [ 4.308308693911795, 48.149167185130381 ], [ 4.299352530914747, 48.147608183590783 ], [ 4.209461976849569, 48.072270522618176 ], [ 4.178197028282651, 48.035427952164717 ], [ 4.167350357962933, 48.011536321136958 ], [ 4.165649794538845, 48.006372744904041 ], [ 4.148060591710347, 47.997579066799112 ], [ 3.890258390413388, 47.911300060819222 ], [ 3.85495942801788, 47.906456795546312 ], [ 3.763908104892691, 47.895604816370671 ], [ 3.682339273448272, 47.834518425522887 ], [ 3.658317392852204, 47.806054543453463 ], [ 3.582382238516209, 47.796087104956101 ], [ 3.581874906067585, 47.796254424679312 ], [ 3.581577231307463, 47.796311569060904 ], [ 3.580830228805817, 47.796391493686365 ], [ 3.580135551601789, 47.796425882378408 ], [ 3.579319918451378, 47.796425576207348 ], [ 3.578624044793153, 47.796352032119103 ], [ 3.451397991351058, 47.741555331067893 ], [ 3.283699758231901, 47.62736633945439 ], [ 3.163459048924698, 47.481429911077747 ], [ 3.163101810372701, 47.480982690978102 ], [ 3.162586973228767, 47.480554582415465 ], [ 3.129551465055989, 47.460131834980729 ], [ 3.128553956883344, 47.459769841447283 ], [ 3.127784055732466, 47.459550212404139 ], [ 3.127175567607798, 47.459392445521047 ], [ 3.123084015620742, 47.458601686956086 ], [ 3.120828811448102, 47.458212167672166 ], [ 3.118448838341824, 47.45790440384426 ], [ 3.117747817515931, 47.457855155437336 ], [ 3.117031278418667, 47.457832993221615 ], [ 3.116450274489401, 47.45782790599123 ], [ 3.115962235554202, 47.457831186517211 ], [ 3.114831124108328, 47.457847777109713 ], [ 3.113299615590287, 47.457965987333438 ], [ 3.112206250722367, 47.458207182675032 ], [ 3.110969624756453, 47.458539277440735 ], [ 3.109528461842099, 47.458944684671302 ], [ 3.1080998634744, 47.459394966788601 ], [ 3.106891787171169, 47.459870752679741 ], [ 3.103207875466858, 47.461307423204701 ], [ 3.100223069642676, 47.462577458854703 ], [ 3.099761007836373, 47.462823372871583 ], [ 3.099233180262847, 47.463015745630415 ], [ 3.098929410967155, 47.463107695387095 ], [ 3.09747254714953, 47.463171232636988 ], [ 3.096454182775513, 47.463195898723633 ], [ 3.095709983841843, 47.463191776085097 ], [ 3.094953336589682, 47.46315174889105 ], [ 3.092882656747093, 47.462958376397879 ], [ 3.091288013439152, 47.462752875494296 ], [ 3.089756847976412, 47.462438997121986 ], [ 3.075164121864786, 47.458655864520445 ], [ 3.073058015854506, 47.457895661784057 ], [ 3.072480544981977, 47.45766544959266 ], [ 3.070653137327381, 47.456912430073871 ], [ 3.069922773124671, 47.456557238728479 ], [ 3.06924558856262, 47.456210702167951 ], [ 3.068667041677395, 47.455899520264808 ], [ 3.068125756922858, 47.455597095753035 ], [ 3.067685757752978, 47.455330011464753 ], [ 3.067079721759887, 47.454947032619785 ], [ 3.066688307415188, 47.454643657379087 ], [ 3.02089429129538, 47.41809610888216 ], [ 3.02033194002478, 47.417649659370497 ], [ 3.019618938613205, 47.416718345226499 ], [ 3.019244962642393, 47.416180826429425 ], [ 2.994326036381751, 47.372292359636866 ], [ 2.993934082202843, 47.371538964256942 ], [ 2.993424070198794, 47.37044440848738 ], [ 2.991499433447379, 47.364554262646628 ], [ 2.991100414820006, 47.363324134171641 ], [ 2.990793416789304, 47.362255403256846 ], [ 2.990296728401424, 47.359964351938757 ], [ 2.989298361131127, 47.35214387279526 ], [ 2.989165862635179, 47.350723323703185 ], [ 2.989032719048682, 47.349140857517774 ], [ 2.989019322119306, 47.346307332902036 ], [ 2.989163962128862, 47.345361983580254 ], [ 2.98965129337143, 47.343434183866407 ], [ 2.990055541051161, 47.341749730274756 ], [ 2.990092083153729, 47.340733023774902 ], [ 2.990095973003692, 47.33996837754551 ], [ 2.990001949858546, 47.338988389929831 ], [ 2.989867349291637, 47.338044613323618 ], [ 2.989714113579371, 47.33719989292937 ], [ 2.98894010612796, 47.334172743517925 ], [ 2.982084693300577, 47.310840546978177 ], [ 2.977318234363326, 47.305460651468728 ], [ 2.950141880538161, 47.281706467558898 ], [ 3.028435521960385, 47.12657812491809 ], [ 3.06448814137083, 47.147434230707113 ], [ 3.065342792455438, 47.147932619193973 ], [ 3.073180650733539, 47.153298525716849 ], [ 3.073823745943615, 47.153744225557794 ], [ 3.074690332184391, 47.1545213505023 ], [ 3.078622105569706, 47.158364478198571 ], [ 3.07918924044764, 47.158936583365758 ], [ 3.08002859458834, 47.159830793722122 ], [ 3.093803715458431, 47.174413935419224 ], [ 3.09631591475857, 47.177132249490384 ], [ 3.096913691955031, 47.177883988099246 ], [ 3.139745416898351, 47.237193048036559 ], [ 3.140060763556717, 47.238315359398243 ], [ 3.140281595957069, 47.239564271792148 ], [ 3.140236955502111, 47.240815030812584 ], [ 3.140040899081101, 47.241922906260754 ], [ 3.139881245833962, 47.242463778257388 ], [ 3.130375504494562, 47.271442553007525 ], [ 3.129577495473839, 47.272176701706243 ], [ 3.129368705349406, 47.272358052699055 ], [ 3.129078107946948, 47.272548960214529 ], [ 3.128795694864313, 47.272667843461626 ], [ 3.127975387998608, 47.272790410518205 ], [ 3.127104590688901, 47.272895325235503 ], [ 3.126457932618479, 47.272962718030385 ], [ 3.118321154007351, 47.273314906418371 ], [ 3.113729866559994, 47.273255910997946 ], [ 3.112552844806882, 47.273209844009827 ], [ 3.110505942027409, 47.273151601423834 ], [ 3.109741918470686, 47.273147719066209 ], [ 3.109066443246277, 47.27314323985285 ], [ 3.108019723848527, 47.273150231129165 ], [ 3.107014594270953, 47.273291874187471 ], [ 3.106296898135907, 47.273476574074635 ], [ 3.105387530951686, 47.273752503549126 ], [ 3.104270819742509, 47.274317671781638 ], [ 3.103557931131214, 47.275024084221926 ], [ 3.102736928898391, 47.276028072963079 ], [ 3.101892969325108, 47.277185137359801 ], [ 3.093312563779035, 47.290159677613971 ], [ 3.092581875039639, 47.291315924465607 ], [ 3.092232738756535, 47.291965906623496 ], [ 3.091950386278245, 47.292570472110938 ], [ 3.091835681909707, 47.293155950133219 ], [ 3.091854964913197, 47.293866494294683 ], [ 3.092343104220267, 47.296598033894547 ], [ 3.093340194579781, 47.300342765940613 ], [ 3.09362722061777, 47.301375404769118 ], [ 3.093888164140933, 47.302246289004948 ], [ 3.106937865460091, 47.345303715362945 ], [ 3.107049624862898, 47.345527863552391 ], [ 3.107281815679014, 47.345751209722366 ], [ 3.116983730077751, 47.354843800625694 ], [ 3.125052440543194, 47.361508884102626 ], [ 3.304362957939864, 47.487698434688163 ], [ 3.333014450090221, 47.48155485351225 ], [ 3.370103476310161, 47.48842682195113 ], [ 3.370236166811341, 47.488425639898537 ], [ 3.380152722426581, 47.486537753657558 ], [ 3.396491178864539, 47.482431569924714 ], [ 3.453564667088155, 47.457319658076088 ], [ 3.453964036413379, 47.457135894081006 ], [ 3.454212415803417, 47.456962579971808 ], [ 3.454372133499771, 47.456799115880678 ], [ 3.454618260277825, 47.456391931647957 ], [ 3.454800725417858, 47.456048331430289 ], [ 3.454897753926273, 47.455678567519868 ], [ 3.45495223218922, 47.416465029420394 ], [ 3.454342870180316, 47.409391098163425 ], [ 3.452216711026581, 47.385014451943164 ], [ 3.448738477199996, 47.357286029925689 ], [ 3.451206762412131, 47.315295078007082 ], [ 3.451265600973875, 47.314817709596255 ], [ 3.45486732384346, 47.295377946211325 ], [ 3.455661400139553, 47.292248538172778 ], [ 3.457556262576608, 47.287327174178529 ], [ 3.458001210885093, 47.286351252481907 ], [ 3.476718177252751, 47.246610799780321 ], [ 3.47717875203778, 47.245904525332826 ], [ 3.47777759961148, 47.245115913942996 ], [ 3.478700475864012, 47.243973231243125 ], [ 3.484895750964932, 47.236363708859599 ], [ 3.486341358822224, 47.234603994141004 ], [ 3.486905673591073, 47.233941625521709 ], [ 3.487763523872347, 47.233294320469241 ], [ 3.488645896938011, 47.232682750191849 ], [ 3.489607233330668, 47.232304294590044 ], [ 3.490260013278484, 47.232072859457652 ], [ 3.491062466840282, 47.231983868806033 ], [ 3.492118414331527, 47.232135242601302 ], [ 3.493038392328754, 47.232350944769337 ], [ 3.494082548056052, 47.232628370632099 ], [ 3.49527259949013, 47.23299428857095 ], [ 3.496425691702642, 47.233360565662501 ], [ 3.498905009770591, 47.234217294605209 ], [ 3.500038000779989, 47.234628721155573 ], [ 3.501251124242942, 47.235201266521791 ], [ 3.501989537621936, 47.235688626322599 ], [ 3.502716862217522, 47.236212079710135 ], [ 3.526331541517353, 47.255448739614359 ], [ 3.526876332896888, 47.256297798566017 ], [ 3.527210960573405, 47.257203000798938 ], [ 3.527482584243201, 47.258126844626965 ], [ 3.527696926651773, 47.258970309477832 ], [ 3.527805861151854, 47.259589947398005 ], [ 3.527877003722345, 47.260173988739282 ], [ 3.527842329829005, 47.260813100507413 ], [ 3.602362132287839, 47.410746997499309 ], [ 3.602694281957558, 47.411229162980227 ], [ 3.603153925326138, 47.411889857758482 ], [ 3.603423308471731, 47.41218378696302 ], [ 3.605210848199491, 47.41362161036789 ], [ 3.605472385666686, 47.413807666259153 ], [ 3.605691566979133, 47.413940208355491 ], [ 3.606018971363534, 47.414053571735977 ], [ 3.60909291394688, 47.415018425403581 ], [ 3.609497865030914, 47.415103938572749 ], [ 3.609809674330537, 47.415118504379038 ], [ 3.610236798062204, 47.415077824300958 ], [ 3.610564759301403, 47.415047229420999 ], [ 3.610893186251323, 47.414980643625633 ], [ 3.611154931975851, 47.414896798134613 ], [ 3.611357589299299, 47.41466966281471 ], [ 3.612450269438923, 47.412975340069011 ], [ 3.612820747089019, 47.412395500547554 ], [ 3.62026183449664, 47.400582156778817 ], [ 3.620360426951079, 47.400329168089932 ], [ 3.620431227865561, 47.400022509690515 ], [ 3.620430930119069, 47.399734631978433 ], [ 3.62042971333711, 47.399518734688364 ], [ 3.620396759513548, 47.399195233807305 ], [ 3.620267514473395, 47.398944770548304 ], [ 3.620151462275338, 47.398802116329556 ], [ 3.619467668535075, 47.398521812126354 ], [ 3.619189096976587, 47.398452927467417 ], [ 3.618870759461963, 47.398438460165487 ], [ 3.618457021557201, 47.398479025715453 ], [ 3.617996735299622, 47.398457130876864 ], [ 3.617498713108191, 47.3984086627636 ], [ 3.61695279037401, 47.398351725837891 ], [ 3.616494754762275, 47.398257829926457 ], [ 3.616057483287926, 47.398145710251377 ], [ 3.61573899638815, 47.398014284392254 ], [ 3.615142971129528, 47.397580048692355 ], [ 3.61471868695822, 47.397179899701911 ], [ 3.614483110323928, 47.396858633449995 ], [ 3.614196839348721, 47.396411978082043 ], [ 3.613995492337596, 47.396081336888855 ], [ 3.613868570845415, 47.395704893033844 ], [ 3.613726254528413, 47.395238655957044 ], [ 3.613512801693378, 47.394512310823217 ], [ 3.613404498477065, 47.394027705571425 ], [ 3.613413974300762, 47.393703734722926 ], [ 3.613436049603356, 47.393352636036127 ], [ 3.613853751478882, 47.388660958196802 ], [ 3.61416260224712, 47.386066613441137 ], [ 3.614308358388111, 47.385570207656009 ], [ 3.614904227740333, 47.384565038777531 ], [ 3.615215224377073, 47.384165766412252 ], [ 3.623796491813816, 47.374678483222873 ], [ 3.624166681438142, 47.374377485845919 ], [ 3.636601912290348, 47.3654310110037 ], [ 3.636995564438689, 47.365174688641275 ], [ 3.637432449431095, 47.364953864635048 ], [ 3.637819456520819, 47.364805571145595 ], [ 3.717386635525242, 47.322678926921384 ], [ 3.7171882503444, 47.322528351622474 ], [ 3.717081828773526, 47.322403668242643 ], [ 3.716895905264542, 47.322171973276305 ], [ 3.716832528416197, 47.321920821872624 ], [ 3.716867515276444, 47.321533545614493 ], [ 3.717034767855973, 47.321144690316942 ], [ 3.717683106977504, 47.320480188006819 ], [ 3.71787140524069, 47.320342988003034 ], [ 3.722532562959246, 47.317129359114382 ], [ 3.722700841811974, 47.317037374461016 ], [ 3.723122661275309, 47.316978336303713 ], [ 3.72351055993608, 47.316937696975629 ], [ 3.757970258704992, 47.314656856094793 ], [ 3.758297996923144, 47.314643829520307 ], [ 3.758664199827146, 47.314684309808705 ], [ 3.758907890111602, 47.314744289837712 ], [ 3.777500126229047, 47.324752473080103 ], [ 3.777795623815576, 47.324964714417192 ], [ 3.778174501167555, 47.325373845787858 ], [ 3.778353977693476, 47.325650509838624 ], [ 3.778514827575239, 47.325972390004111 ], [ 3.778672837659085, 47.326483238680929 ], [ 3.778742772165239, 47.326770264925351 ], [ 3.778877203946725, 47.32773124840422 ], [ 3.77938116866846, 47.327625996760993 ], [ 3.780521994230964, 47.327044957587695 ], [ 3.780885949567536, 47.326851479098153 ], [ 3.781703665016041, 47.326409415314046 ], [ 3.781982954587474, 47.326216991251002 ], [ 3.790896370060972, 47.315767834931783 ], [ 3.791011931816105, 47.315298543259594 ], [ 3.791109730978603, 47.314127717632438 ], [ 3.791204345253184, 47.312839971886909 ], [ 3.791192502470219, 47.31245325449693 ], [ 3.782526754730264, 47.267460297720788 ], [ 3.782377508841459, 47.266877360414867 ], [ 3.782274357827599, 47.266581750222052 ], [ 3.782138904568423, 47.266313535216604 ], [ 3.78196030693275, 47.265964886852004 ], [ 3.781586456474982, 47.265384758771347 ], [ 3.766638973948022, 47.243312185340379 ], [ 3.765839341393233, 47.24226043596979 ], [ 3.765555755059279, 47.241931055658625 ], [ 3.764816066785758, 47.241193453856802 ], [ 3.764224065297086, 47.240642959159111 ], [ 3.763274069161019, 47.239943936265938 ], [ 3.762597570576761, 47.239493445033673 ], [ 3.761662373919464, 47.238902190860387 ], [ 3.761239200958393, 47.238637502422698 ], [ 3.760758767802807, 47.238355524767599 ], [ 3.759970060088523, 47.237906402620027 ], [ 3.759333936817282, 47.237581353412239 ], [ 3.757454999588152, 47.236767769612889 ], [ 3.756199123455366, 47.236234400717073 ], [ 3.752491412436565, 47.234696457701389 ], [ 3.723502738865451, 47.185960506115556 ], [ 3.782925760728998, 47.079394566193919 ], [ 3.804414966134406, 47.04373502247725 ], [ 3.804311693949748, 47.003273823601795 ], [ 3.826584940539574, 46.989184635252244 ], [ 3.827514360287357, 46.988416764292509 ], [ 3.828954736860969, 46.987156368561187 ], [ 3.830102423571852, 46.986106708157848 ], [ 3.831402421111008, 46.98476712394573 ], [ 3.832214105041465, 46.983694818414051 ], [ 3.83351387228101, 46.981878326628596 ], [ 3.834015618242635, 46.980963007684927 ], [ 3.847470936879148, 46.930263598528974 ], [ 3.848226803091367, 46.926681455409032 ], [ 3.84843424940709, 46.925275040182093 ], [ 3.847630503396386, 46.895781207131236 ], [ 3.847592214686887, 46.894836919318209 ], [ 4.030771250187648, 46.85248592993517 ], [ 4.064616203177458, 46.895830598725567 ], [ 4.064999682281038, 46.896940638043276 ], [ 4.067146877768208, 46.900849616201604 ], [ 4.068074272550533, 46.902050421484354 ], [ 4.071848515874002, 46.905097879016978 ], [ 4.074412764098577, 46.907011741437273 ], [ 4.074760793724882, 46.907258427394595 ], [ 4.0759959082898, 46.908139559347148 ], [ 4.182623336273871, 46.930328940104722 ], [ 4.23278592039384, 46.93540529649745 ], [ 4.245852712525312, 46.918621580737053 ], [ 4.249714918492525, 46.912878881602879 ], [ 4.25308463032451, 46.905200474720573 ], [ 4.268498418755318, 46.869827434443295 ], [ 4.269080856126701, 46.866820906829261 ], [ 4.268981248597781, 46.864041854485293 ], [ 4.268110419552161, 46.861158812724476 ], [ 4.267437871183696, 46.859487307392058 ], [ 4.265217269436701, 46.857373907215326 ], [ 4.259997426862096, 46.854986879304057 ], [ 4.258060880554378, 46.854389429751379 ], [ 4.25512449063149, 46.853709702588908 ], [ 4.251283253058387, 46.853404988737545 ], [ 4.249431729322634, 46.853498905569559 ], [ 4.24829898551917, 46.853553805629346 ], [ 4.24824030906017, 46.853563783633888 ], [ 4.242666185398327, 46.854592544668982 ], [ 4.233988788737924, 46.857319282371201 ], [ 4.229145009989515, 46.859028204808695 ], [ 4.225777249522241, 46.859137766164167 ], [ 4.222768422966322, 46.858557396155881 ], [ 4.213348789438275, 46.856552287728668 ], [ 4.210876472669368, 46.855962821799388 ], [ 4.208983688618611, 46.854418942193391 ], [ 4.208572515700814, 46.853570756428304 ], [ 4.207458243242317, 46.851285214385818 ], [ 4.207350921366754, 46.848191314614198 ], [ 4.20758709439299, 46.846189681721505 ], [ 4.22641217151559, 46.790896260337227 ], [ 4.227326706326977, 46.788613372625669 ], [ 4.229027956331777, 46.786911413007559 ], [ 4.231264893161485, 46.785245554126497 ], [ 4.231462068172203, 46.785152297964011 ], [ 4.235288492281613, 46.783352037432522 ], [ 4.2355567163012, 46.783230597591007 ], [ 4.256985447121743, 46.773612781383164 ], [ 4.258071473745942, 46.773396564390701 ], [ 4.25926419344837, 46.773160545553836 ], [ 4.305129022143006, 46.772065627624485 ], [ 4.312178729413827, 46.772358085692971 ], [ 4.49943873833499, 46.812395813050422 ], [ 4.554557549396696, 46.826731375355457 ], [ 4.680744509209826, 46.835117309090684 ], [ 4.606375966957096, 46.737675057619484 ], [ 4.610242128219527, 46.737931247424889 ], [ 4.548909809925939, 46.671227845112718 ], [ 4.538774636351916, 46.679334964452714 ], [ 4.536920851865397, 46.679604701908723 ], [ 4.531993135044764, 46.678790516414878 ], [ 4.528987102543005, 46.67789424396458 ], [ 4.526230992693881, 46.676741097172915 ], [ 4.516299956932137, 46.671035979633338 ], [ 4.510304700625012, 46.66754120785027 ], [ 4.507529174088401, 46.665847986881552 ], [ 4.505172242727921, 46.663732745018528 ], [ 4.500675496732226, 46.659426007471438 ], [ 4.497766259599603, 46.656592080196347 ], [ 4.476525380585771, 46.629740015162184 ], [ 4.473673254679045, 46.623844417673318 ], [ 4.471158122447316, 46.615215425477317 ], [ 4.471432653757828, 46.61462528222269 ], [ 4.472858169421677, 46.613149579129114 ], [ 4.474269710367192, 46.611818119995455 ], [ 4.474289881443379, 46.611799741761082 ], [ 4.475229098659722, 46.611242129315585 ], [ 4.476676922682945, 46.610368963246835 ], [ 4.476823207840781, 46.610303217637991 ], [ 4.478647176351223, 46.609431966773016 ], [ 4.481253568632473, 46.606916953037491 ], [ 4.487222859762763, 46.597903399905469 ], [ 4.487648218381856, 46.59542933398437 ], [ 4.487555035465409, 46.59308205038748 ], [ 4.487442941044979, 46.590258114407348 ], [ 4.468626669452171, 46.464600284088071 ], [ 4.467457943759308, 46.46143611045337 ], [ 4.46627166821305, 46.45941528132844 ], [ 4.465779136698815, 46.458578483301395 ], [ 4.418512952583912, 46.419817160401763 ], [ 4.394534621038789, 46.401002812958268 ], [ 4.388264151113508, 46.398416212560086 ], [ 4.381253266065415, 46.396913602139428 ], [ 4.377067187411143, 46.396565862312634 ], [ 4.376461030719196, 46.396531747446708 ], [ 4.373320053922663, 46.396336100429437 ], [ 4.370684423765446, 46.395600323280171 ], [ 4.369086697808318, 46.394998921654349 ], [ 4.369010295235123, 46.39497328865022 ], [ 4.367523482516336, 46.393613886231691 ], [ 4.350864089341969, 46.37318371618089 ], [ 4.349625948106619, 46.371558688552497 ], [ 4.348208283074836, 46.368451845978477 ], [ 4.347735092991035, 46.366237253230359 ], [ 4.347517090635441, 46.362695154933149 ], [ 4.347521709943121, 46.360463098487124 ], [ 4.347601798489017, 46.359921686055969 ], [ 4.348148509331589, 46.356249041486443 ], [ 4.349769472973298, 46.350874363953977 ], [ 4.349920756090932, 46.350466685024074 ], [ 4.350233040697604, 46.349633154205016 ], [ 4.351472359320852, 46.346317194508373 ], [ 4.353044138866503, 46.34419230159731 ], [ 4.354959865787147, 46.341989269206813 ], [ 4.365494936022972, 46.333377470807712 ], [ 4.371250632268356, 46.330034427006254 ], [ 4.372335594960541, 46.329411968817517 ], [ 4.374345608542063, 46.328790891043525 ], [ 4.375855925619428, 46.32832275835267 ], [ 4.37910298610748, 46.327121355505462 ], [ 4.379160733823483, 46.327102315969327 ], [ 4.380384383833209, 46.326648281511162 ], [ 4.380993293196439, 46.326430311735059 ], [ 4.38211399425284, 46.326176113221223 ], [ 4.383158764355063, 46.325941273080282 ], [ 4.38430117711554, 46.325677660953765 ], [ 4.387791170499685, 46.324795619556866 ], [ 4.390815424839788, 46.32438090402426 ], [ 4.396354234323175, 46.323920485189454 ], [ 4.397043851757488, 46.323880963462202 ], [ 4.398513956842949, 46.323800256002478 ], [ 4.402461136396808, 46.323575452730154 ], [ 4.402939482854818, 46.323548741748347 ], [ 4.404714983665059, 46.323471391275511 ], [ 4.41003819435741, 46.321925218604022 ], [ 4.412860739305669, 46.320793587124129 ], [ 4.414800038569835, 46.319939069513907 ], [ 4.414994259089661, 46.319854510554549 ], [ 4.41864003101348, 46.317564630767428 ], [ 4.420303442405786, 46.315887066389237 ], [ 4.420646014452889, 46.315538768479961 ], [ 4.421480567088695, 46.312400387150944 ], [ 4.421859930451535, 46.310944392095699 ], [ 4.42177247927317, 46.308659965244672 ], [ 4.42124158889948, 46.307004698754376 ], [ 4.421180808159942, 46.306807812891655 ], [ 4.420559070666608, 46.305730221998139 ], [ 4.420529753599395, 46.305676759863964 ], [ 4.375072489251489, 46.270295851501892 ], [ 4.377042224691621, 46.237176370443727 ], [ 4.376743361112953, 46.236398752361673 ], [ 4.376619785304904, 46.236076977520803 ], [ 4.376560926527583, 46.23592503732047 ], [ 4.36265984770654, 46.206033624393214 ], [ 4.362623830036529, 46.205971269161004 ], [ 4.360521527819404, 46.201922887764255 ], [ 4.358827927012554, 46.199487164950341 ], [ 4.357392358802672, 46.198135807831662 ], [ 4.354792960820079, 46.197624185022306 ], [ 4.353466396162995, 46.19735983029188 ], [ 4.348602870855212, 46.197023383809501 ], [ 4.344335086012367, 46.196955161853971 ], [ 4.339935836961602, 46.196871106066887 ], [ 4.339813123525343, 46.196882277662091 ], [ 4.336910987743472, 46.197050597326857 ], [ 4.334498858785183, 46.197399192508172 ], [ 4.33209165107191, 46.197918646707485 ], [ 4.329805645162701, 46.199344902086224 ], [ 4.312913624981086, 46.198912079778751 ], [ 4.2963406944723, 46.190065426259316 ], [ 4.286728884112212, 46.184030614980273 ], [ 4.269918113403093, 46.162908753508091 ], [ 4.251600935618754, 46.124917815895429 ], [ 4.25258485232468, 46.117503439794511 ], [ 4.264982123747035, 46.106853001882484 ], [ 4.265213683666128, 46.106705055718258 ], [ 4.265362778142057, 46.106603514867963 ], [ 4.336167259689415, 46.011630395532691 ], [ 4.338548072574727, 46.01096718294351 ], [ 4.339369908158694, 46.010835597941217 ], [ 4.340304114666996, 46.010810009235371 ], [ 4.34100152417068, 46.010878618803069 ], [ 4.341756415310538, 46.011000201521853 ], [ 4.365494755653853, 46.015930725431353 ], [ 4.366928130057092, 46.016300936607962 ], [ 4.368075519504352, 46.01662228007855 ], [ 4.369067765890226, 46.017009406594433 ], [ 4.370296493007221, 46.017572261042915 ], [ 4.371450841671693, 46.018253443285964 ], [ 4.372384657871086, 46.018839594199484 ], [ 4.373432623575883, 46.019576676281751 ], [ 4.376043672897366, 46.021455501333428 ], [ 4.376600076241585, 46.021895441011885 ], [ 4.376886747138629, 46.022169256507844 ], [ 4.377238407951224, 46.022522895653658 ], [ 4.377573674548529, 46.022921830145869 ], [ 4.382549845269423, 46.030553694045061 ], [ 4.385328423103442, 46.037370278943222 ], [ 4.385427291329187, 46.03762948406343 ], [ 4.387491642288122, 46.039058991571288 ], [ 4.388531998518282, 46.03971508319362 ], [ 4.388999010029496, 46.040003592335523 ], [ 4.389515661449854, 46.040237196751406 ], [ 4.389909174075682, 46.040392038960086 ], [ 4.39059035021979, 46.040532645424946 ], [ 4.391476360079177, 46.040552518786903 ], [ 4.402326351067503, 46.040021466452885 ], [ 4.402924568429953, 46.039983516283741 ], [ 4.403459164107221, 46.03993772792829 ], [ 4.403696385037045, 46.039888383477532 ], [ 4.404296980616647, 46.039742381820169 ], [ 4.404666611490384, 46.039195606685631 ], [ 4.405912887849651, 46.03257572476128 ], [ 4.397737954468174, 46.003178257678321 ], [ 4.362702506264313, 45.914444227555052 ], [ 4.326401935894823, 45.924370205913817 ], [ 4.325958942359594, 45.924423029574157 ], [ 4.32550723709825, 45.924449006071939 ], [ 4.324983997109483, 45.924458244095376 ], [ 4.32372646977195, 45.924453437098634 ], [ 4.308168136819125, 45.919948002916868 ], [ 4.307273756502047, 45.919531670545993 ], [ 4.305183144891652, 45.918263277311191 ], [ 4.304870634485259, 45.917962750154217 ], [ 4.285827126783553, 45.872089970567529 ], [ 4.311878064840265, 45.798432768025393 ], [ 4.311177403759788, 45.799093051136452 ], [ 4.305428137650129, 45.804575662878278 ], [ 4.303865416933882, 45.805925963390358 ], [ 4.293553362957844, 45.814178573574814 ], [ 4.293025650974882, 45.814502743243715 ], [ 4.292414009010463, 45.814819371057872 ], [ 4.291334475625988, 45.815261126429824 ], [ 4.289639122986423, 45.815794567494393 ], [ 4.289068648501673, 45.81593047057347 ], [ 4.288433859098515, 45.816067487391557 ], [ 4.28629439659137, 45.816527591221799 ], [ 4.282647713120763, 45.817022754298826 ], [ 4.277430447501851, 45.817472927432846 ], [ 4.276407521084752, 45.817517581119873 ], [ 4.274618339088513, 45.817476443045216 ], [ 4.272684798616726, 45.81739276527464 ], [ 4.271388961188698, 45.817253083642925 ], [ 4.270717269192993, 45.817147648322972 ], [ 4.269233394567833, 45.81689418365557 ], [ 4.268257269698605, 45.816658974753018 ], [ 4.266628480264404, 45.816272973934012 ], [ 4.2659365919648, 45.81610486084157 ], [ 4.264563822068474, 45.815678438651794 ], [ 4.264083255483686, 45.815443693739283 ], [ 4.263626575736882, 45.815082544863969 ], [ 4.263062906514087, 45.814606234750677 ], [ 4.239126237103472, 45.792704410633256 ], [ 4.216845144121673, 45.816684661122153 ], [ 4.210744642037409, 45.822006134082059 ], [ 4.186486817828873, 45.83916451044783 ], [ 4.185685954115043, 45.839699638313043 ], [ 4.185183327032762, 45.839914884114513 ], [ 4.18433044288302, 45.840243873671753 ], [ 4.18385142582767, 45.840395730572752 ], [ 4.183308443222646, 45.840521637868704 ], [ 4.182109685586697, 45.840712300422084 ], [ 4.07654090596411, 45.877185116782414 ], [ 4.03245907139218, 45.858330309649979 ], [ 4.007995347069301, 45.887294732264266 ], [ 4.007046333026443, 45.888460673069325 ], [ 4.005564881005197, 45.891443271640078 ], [ 4.004985370253007, 45.893152646339082 ], [ 4.004570750661819, 45.89473359101838 ], [ 4.004219074338874, 45.896520575737746 ], [ 4.00414037331434, 45.897790581515245 ], [ 4.004108750299024, 45.898870913928747 ], [ 4.004143923195117, 45.899986252714172 ], [ 4.004612777732079, 45.903326888456796 ], [ 4.005318051336197, 45.905962108715229 ], [ 4.005932859762579, 45.907824763513602 ], [ 4.007551929937487, 45.91121132957521 ], [ 4.008007326498299, 45.912068465344603 ], [ 4.009305192321865, 45.913453024089399 ], [ 4.010025956836722, 45.914090237672248 ], [ 4.010907593479573, 45.914464087564376 ], [ 4.011759075436171, 45.914694396845206 ], [ 4.012646477093124, 45.914834176265707 ], [ 4.013974725963678, 45.91476040939466 ], [ 4.014897608820005, 45.914584680998125 ], [ 4.02032221249267, 45.913432846637143 ], [ 4.028514964151189, 45.911627269013188 ], [ 4.029838732908092, 45.911202422142978 ], [ 4.07447074086583, 45.89551213151509 ], [ 4.108277005407438, 45.907386030758545 ], [ 4.042523150627198, 45.947870851994146 ], [ 3.962297815378743, 45.977933865964921 ], [ 3.961283358581018, 45.978893363543662 ], [ 3.96083257087014, 45.979448785810433 ], [ 3.960397298790139, 45.980048976865881 ], [ 3.959506922677698, 45.981321629594142 ], [ 3.958925085106169, 45.982247881377454 ], [ 3.958485222451307, 45.982956116443972 ], [ 3.84638532233531, 46.209972851084302 ], [ 3.826646623190129, 46.25581217519013 ], [ 3.794977721612762, 46.333458380788315 ], [ 3.791141427698724, 46.375431597774707 ], [ 3.791667615967155, 46.376828623028089 ], [ 3.792950385539617, 46.382058304174691 ], [ 3.792880101447157, 46.382347156758811 ], [ 3.792221379240506, 46.383435417026838 ], [ 3.783095550437002, 46.396770717280681 ], [ 3.782696074434969, 46.397252719829716 ], [ 3.78193100139958, 46.397730372806429 ], [ 3.781805017583278, 46.397785965793581 ], [ 3.781032445660616, 46.398128731037112 ], [ 3.757696678213403, 46.407889260971267 ], [ 3.751111040525258, 46.410562943666513 ], [ 3.750006800583829, 46.410972608461556 ], [ 3.748721639411522, 46.411429501918036 ], [ 3.648376672994079, 46.435235156074981 ], [ 3.638117939459878, 46.365959148086525 ], [ 3.588421749154489, 46.355540050772191 ], [ 3.587168704200275, 46.355301909673962 ], [ 3.585642567233232, 46.35511174930587 ], [ 3.435981166575588, 46.339986134006963 ], [ 3.435336551880078, 46.339974378095803 ], [ 3.434139273813781, 46.340129923237612 ], [ 3.433595699084543, 46.340297137413721 ], [ 3.425513141571726, 46.343650147482457 ], [ 3.400178205308463, 46.355029527405371 ], [ 3.398631757881884, 46.355826805153377 ], [ 3.397923425736487, 46.356355297332954 ], [ 3.39698789160605, 46.357362788327599 ], [ 3.396409466844674, 46.358357941935878 ], [ 3.396124346895542, 46.358999443705038 ], [ 3.395860291551513, 46.360189612215919 ], [ 3.395790707520094, 46.360955071538577 ], [ 3.39586348528056, 46.361890160906817 ], [ 3.396019154181586, 46.362743497232323 ], [ 3.396078383813475, 46.36304886896454 ], [ 3.391411482108889, 46.401098814072995 ], [ 3.383494272082713, 46.463256245140798 ], [ 3.359338318657138, 46.570232653847604 ], [ 3.359195199018009, 46.570737801517552 ], [ 3.358498155567393, 46.572588552358802 ], [ 3.357637969529081, 46.5734690215724 ], [ 3.340400349591053, 46.586461539069965 ], [ 3.333943834102413, 46.590549062514434 ], [ 3.333768993122908, 46.590622571108121 ], [ 3.333453219558942, 46.590697311047549 ], [ 3.332918547707577, 46.590791957145704 ], [ 3.332453844577838, 46.590858997395166 ], [ 3.330848163640002, 46.591052953358805 ], [ 3.33008299030506, 46.59110460723825 ], [ 3.329484669879452, 46.59107382628887 ], [ 3.324836433092294, 46.590610327564129 ], [ 3.324380679569101, 46.59052429975474 ], [ 3.323951020242033, 46.590366064268665 ], [ 3.323923289253766, 46.590348309275647 ], [ 3.223633402223431, 46.699031878955701 ], [ 3.211877665121541, 46.710638929623038 ], [ 3.200828422236418, 46.717812761718562 ], [ 3.176972058957364, 46.730415617209573 ], [ 3.171927342627952, 46.733007752647502 ], [ 3.154766702661028, 46.740590371864783 ], [ 3.15439489741193, 46.740754977780973 ], [ 3.154212647649983, 46.740819259980313 ], [ 3.153422633617016, 46.741022838871523 ], [ 3.125247499276404, 46.748058276862778 ], [ 3.115765989526976, 46.744344469461062 ], [ 3.086435124101278, 46.747230536859277 ], [ 3.08023611560209, 46.747882783538842 ], [ 3.07906531036859, 46.748025340604073 ], [ 3.07753594119367, 46.748269174706799 ], [ 3.074132744675313, 46.748839974631629 ], [ 3.07059857690541, 46.749699416515931 ], [ 3.07026866723025, 46.74979150184798 ], [ 3.069752692990878, 46.749965751234569 ], [ 3.069518324433672, 46.750057222285264 ], [ 3.068940252549015, 46.750285847553307 ], [ 3.068021207945634, 46.750660601289461 ], [ 3.051577133851605, 46.75850190000061 ], [ 3.05059261248962, 46.758993880909784 ], [ 3.050163474889704, 46.759311450286596 ], [ 3.048775222177841, 46.760462708819958 ], [ 3.048213949880474, 46.760988022510908 ], [ 3.047657422288469, 46.761576282501387 ], [ 3.047227757342779, 46.762055788821954 ], [ 3.046779511483603, 46.762616381231467 ], [ 3.046397668390634, 46.763149569236589 ], [ 3.04614388935224, 46.763565001919524 ], [ 3.045908069909105, 46.7640522982541 ], [ 3.045704931451474, 46.764935257045067 ], [ 3.045711079165766, 46.765304093552331 ], [ 3.045779561886425, 46.767031081755533 ], [ 3.045882637636784, 46.768101078786884 ], [ 3.046023537415994, 46.769458743120246 ], [ 3.046153322464989, 46.770168696681417 ], [ 3.046398332195627, 46.770877935754328 ], [ 3.047088433478931, 46.772673041911993 ], [ 3.047360143995123, 46.773220168335797 ], [ 3.048343763462819, 46.774626576267714 ], [ 3.04964668896546, 46.776408858759247 ], [ 3.053187966708092, 46.781065154279943 ], [ 3.053589904910269, 46.78154847232345 ], [ 3.054112457481909, 46.782138996389385 ], [ 3.055628853869825, 46.783694950048599 ], [ 3.121486980886952, 46.844891578633209 ], [ 3.138556677871381, 46.857764970592612 ], [ 3.158191074051896, 46.884913546714714 ], [ 3.091414530735707, 46.89830968667512 ], [ 3.067699276574866, 46.902259840666943 ], [ 3.078997022058615, 46.954395152807933 ], [ 3.068382172626725, 46.94174199759437 ], [ 3.066372342343599, 46.938830870320047 ], [ 3.053804509070456, 46.917318027842065 ], [ 3.053602788731863, 46.9169594201405 ], [ 3.050977688390339, 46.912072586354817 ], [ 3.050302249948568, 46.910637315702516 ], [ 3.050016489153743, 46.908884735048602 ], [ 3.032060302123324, 46.794105954810625 ], [ 3.036153491044767, 46.776357134889594 ], [ 3.036528854922508, 46.775005303671122 ], [ 3.037228634851636, 46.773426563152974 ], [ 3.037548400129169, 46.772839806194618 ], [ 3.038383144705169, 46.771575123689274 ], [ 3.041533560359, 46.7671472743178 ], [ 3.045204165374416, 46.762491189343919 ], [ 3.046814574815422, 46.760501881024162 ], [ 3.049978491537168, 46.757198318693 ], [ 3.058147743359198, 46.751344067123476 ], [ 3.236057404187125, 46.625741751406103 ], [ 3.192077373590895, 46.592366881432646 ], [ 3.18683272630713, 46.600071796090205 ], [ 3.1728283318138, 46.611106984736331 ], [ 3.172232124335914, 46.611390267030238 ], [ 3.171382235014122, 46.611648409994075 ], [ 3.170593892746746, 46.611834118639713 ], [ 3.168989762961946, 46.612034771389908 ], [ 3.166239477696414, 46.612162762854886 ], [ 3.165116767861609, 46.612170917970076 ], [ 3.162831294195119, 46.612043528712867 ], [ 3.161643458700409, 46.611890170279771 ], [ 3.160892961384822, 46.611733641957748 ], [ 3.160433996913679, 46.611601996646023 ], [ 3.159981698635728, 46.611479298676791 ], [ 3.15911599885579, 46.611215622571279 ], [ 3.158600732185197, 46.610814457754827 ], [ 3.157521239747626, 46.609967487081356 ], [ 3.157055466378134, 46.609556962135784 ], [ 3.156698673579404, 46.609100665981558 ], [ 3.156494673130317, 46.60873324384756 ], [ 3.156457169596401, 46.608670532413001 ], [ 3.156324343413364, 46.608347584998498 ], [ 3.156174086048778, 46.607907798174708 ], [ 3.14607751229825, 46.551449943690059 ], [ 3.146032084690105, 46.551027392773285 ], [ 3.146081697663597, 46.550244274750391 ], [ 3.146120358649863, 46.549776140207811 ], [ 3.146131385351206, 46.549641102281257 ], [ 3.146197965568246, 46.549208758665984 ], [ 3.14741816006558, 46.544116605380012 ], [ 3.149145379363056, 46.54033443054616 ], [ 3.149468630083684, 46.539630334795781 ], [ 3.149850809240121, 46.538943812244305 ], [ 3.152912309461169, 46.533658491029392 ], [ 3.153493698751934, 46.532700608292402 ], [ 3.153791521350233, 46.532392563941798 ], [ 3.154036352555659, 46.532201864199273 ], [ 3.154513245455784, 46.531838549398458 ], [ 3.155209940076905, 46.531527637987843 ], [ 3.155956894156192, 46.531351320974679 ], [ 3.156846199902799, 46.531191969262224 ], [ 3.157791824198603, 46.531050199455201 ], [ 3.158388838941591, 46.531045896117263 ], [ 3.159210196267753, 46.531048967921791 ], [ 3.164438220658095, 46.531496969114848 ], [ 3.165508905328981, 46.531606152384782 ], [ 3.178288786898275, 46.532943065632423 ], [ 3.247811019446275, 46.541711764959039 ], [ 3.197862408793846, 46.521496104509474 ], [ 3.046561493569813, 46.494296884613206 ], [ 2.965948748630359, 46.465799878710413 ], [ 2.96533541050971, 46.465569340450187 ], [ 2.964548083172083, 46.465267781148704 ], [ 2.963381591187676, 46.464716383215205 ], [ 2.962893056867411, 46.464467150409064 ], [ 2.960855414361135, 46.463110768976712 ], [ 2.960725594247763, 46.463030506056846 ], [ 2.960043126262367, 46.462557394520182 ], [ 2.957515847992061, 46.460609820086908 ], [ 2.95586314010965, 46.459305233365797 ], [ 2.955259455937351, 46.458768684647374 ], [ 2.954614200504933, 46.458124392283779 ], [ 2.953492379119093, 46.456897863016863 ], [ 2.950107825167561, 46.452768453720239 ], [ 2.921353574016652, 46.416472270893124 ], [ 2.903027313130936, 46.386658404264608 ], [ 2.804448321375405, 46.37478966293137 ], [ 2.770242615045591, 46.376481745823128 ], [ 2.769532227913638, 46.376565426161626 ], [ 2.768640926026643, 46.376784745726077 ], [ 2.768188621954648, 46.376957407695436 ], [ 2.767514157408977, 46.377310851477198 ], [ 2.721128856613413, 46.419691263821157 ], [ 2.714494886601194, 46.463483964712374 ], [ 2.71379057140175, 46.470440979760987 ], [ 2.713562945852086, 46.473671654791644 ], [ 2.712972500931794, 46.492414333453077 ], [ 2.713024996706861, 46.493034951834346 ], [ 2.713091942259418, 46.493484579804601 ], [ 2.713689846464015, 46.4959207851971 ], [ 2.713894651067128, 46.496522905169272 ], [ 2.714246682438986, 46.497313473696799 ], [ 2.714713432193994, 46.498112657668315 ], [ 2.715240863827557, 46.49883066539028 ], [ 2.716088192336955, 46.499646573045247 ], [ 2.716774774481176, 46.50020209821146 ], [ 2.717077241805623, 46.500417016652939 ], [ 2.71765209183107, 46.500828957737866 ], [ 2.718555525512018, 46.501275783483827 ], [ 2.719145497284372, 46.501426754035229 ], [ 2.719661018371139, 46.501550980776599 ], [ 2.72079429563218, 46.501700116031806 ], [ 2.722076171206897, 46.501857734667198 ], [ 2.723484904449566, 46.5018979477234 ], [ 2.723948730000706, 46.501896372778631 ], [ 2.724115498731618, 46.501895806044395 ], [ 2.724644404056282, 46.501885010055219 ], [ 2.725685162867685, 46.501665535301136 ], [ 2.726451794465065, 46.501375012877368 ], [ 2.740959259408843, 46.49397393452719 ], [ 2.83222854484028, 46.515422395942068 ], [ 2.856983944093382, 46.549455853131882 ], [ 2.857166571735843, 46.549733927664576 ], [ 2.857446993692764, 46.550146510809661 ], [ 2.858388510576798, 46.551635714347093 ], [ 2.85884063887776, 46.552407389584857 ], [ 2.859253916895037, 46.55320623212797 ], [ 2.865935284708947, 46.568470365340737 ], [ 2.87855893664952, 46.607503104519814 ], [ 2.879731155464099, 46.614011352560688 ], [ 2.879647647201546, 46.614407616963781 ], [ 2.879207218959978, 46.614625638178779 ], [ 2.841498124926809, 46.633170344435307 ], [ 2.819683123365746, 46.633516585432801 ], [ 2.818925540519264, 46.633510789322294 ], [ 2.809514080669012, 46.633235241713692 ], [ 2.780444403226047, 46.62442694458656 ], [ 2.72058856389673, 46.590257702677157 ], [ 2.662260641028655, 46.524653571036474 ], [ 2.657552090944279, 46.521041151175623 ], [ 2.653395251396753, 46.517840865330285 ], [ 2.653346820780887, 46.517805012080082 ], [ 2.652583146017556, 46.51714135689997 ], [ 2.65113482848393, 46.515723844008434 ], [ 2.650568565094679, 46.515158597134636 ], [ 2.649497219499981, 46.514009933288058 ], [ 2.648364220441863, 46.512555532136467 ], [ 2.647165664273329, 46.511020325778588 ], [ 2.642133541511704, 46.504160256441956 ], [ 2.641824926642521, 46.503729229697512 ], [ 2.641508246948362, 46.503253238982907 ], [ 2.616244496471914, 46.45615598847823 ], [ 2.620372566177423, 46.450918549625236 ], [ 2.624630124238645, 46.444475035667473 ], [ 2.626063314886202, 46.441331460401202 ], [ 2.630124490664504, 46.428896242214634 ], [ 2.634856292878592, 46.398393140883044 ], [ 2.630780078136701, 46.31154654385503 ], [ 2.630616651288957, 46.310854195284215 ], [ 2.630297432479836, 46.310162249139871 ], [ 2.630066036915855, 46.309865944776185 ], [ 2.629423178565843, 46.309345774942287 ], [ 2.628795961975174, 46.309077478153867 ], [ 2.627920734192533, 46.308800816816735 ], [ 2.626880198951898, 46.308686517593593 ], [ 2.613344465901107, 46.308207448136038 ], [ 2.613058849710706, 46.308208143126279 ], [ 2.612261629990345, 46.308192085146963 ], [ 2.572623413644457, 46.316432571609539 ], [ 2.557375608198826, 46.321267588195305 ], [ 2.521780792204038, 46.367404631837978 ], [ 2.484617200681013, 46.43148126304034 ], [ 2.473409004375162, 46.469039393864108 ], [ 2.471958363847826, 46.505217638470548 ], [ 2.471816308455255, 46.505730628790687 ], [ 2.432631522087946, 46.562819249813415 ], [ 2.431821182264362, 46.564124465079828 ], [ 2.431770452224596, 46.564205478603618 ], [ 2.430481358267562, 46.566275810267676 ], [ 2.344151203739163, 46.550272419120923 ], [ 2.34350695389327, 46.549885592716386 ], [ 2.341653818042792, 46.548887031472923 ], [ 2.33856584928361, 46.547411629032297 ], [ 2.337581334190365, 46.547006778835204 ], [ 2.336461218705302, 46.546754865465665 ], [ 2.243992134851579, 46.536334356012524 ], [ 2.105561111306611, 46.526573221640426 ], [ 2.018550154798654, 46.536988329626546 ], [ 1.970306791978989, 46.570230721495797 ], [ 1.448656005333646, 46.49384833761038 ], [ 1.444659232881156, 46.492728368102021 ], [ 1.391580153988104, 46.472118195849838 ], [ 1.382237941288262, 46.467064501013638 ], [ 1.231285716704889, 46.413374702436926 ], [ 1.219939658640023, 46.409682567372528 ], [ 1.203123091368797, 46.406294723007527 ], [ 1.064009900814482, 46.382010667076472 ], [ 1.027278692270395, 46.378578512400694 ], [ 1.007890452097501, 46.382546371527809 ], [ 1.004372280981209, 46.382802075831705 ], [ 1.002076122960032, 46.382694119079389 ], [ 0.990530983072986, 46.380767141657678 ], [ 0.979175225967988, 46.373838197501044 ], [ 0.977056495124101, 46.372526080379103 ], [ 0.896746081704539, 46.316707911084976 ], [ 0.713388773191329, 46.222109270666429 ], [ 0.63396067921397, 46.182426123272755 ], [ 0.598766555314639, 46.147225984438016 ], [ 0.574918671121984, 46.113829614656112 ], [ 0.581313860421491, 46.099197471992177 ], [ 0.589456812271741, 46.080920424810543 ], [ 0.589430961299279, 46.08092002471686 ], [ 0.579709833169191, 46.080967134081831 ], [ 0.539986921962094, 46.085561526130448 ], [ 0.408489209278702, 46.21411263083516 ], [ 0.329510161435585, 46.310784400233189 ], [ 0.226805529012521, 46.377383982396125 ], [ 0.115892479932037, 46.439945814512747 ], [ 0.041265007877881, 46.486454755816531 ], [ 0.039408256583091, 46.487713370935339 ], [ 0.038792996191483, 46.488240985544159 ], [ 0.038316022590088, 46.488672383584202 ], [ 0.004930218692889, 46.527560457499959 ], [ -0.003204880109017, 46.532127945047726 ], [ -0.146552907551409, 46.620472016408179 ], [ -0.130815661859968, 46.734542944829791 ], [ -0.169247172075354, 46.788262480964725 ], [ -0.175602417035568, 46.787772009051864 ], [ -0.176217966457801, 46.787848497056409 ], [ -0.176428419857692, 46.788005893252425 ], [ -0.179690799602112, 46.790688510967954 ], [ -0.180068965808194, 46.791013232650428 ], [ -0.182173135922494, 46.793415225893717 ], [ -0.207523777122728, 46.825114517899593 ], [ -0.209073435852319, 46.846214837832441 ], [ -0.209882988444696, 46.857934345922786 ], [ -0.209890387969281, 46.861561643216568 ], [ -0.20975256810803, 46.863004890289709 ], [ -0.207373110789381, 46.873589083530177 ], [ -0.207135923784453, 46.874125416554683 ], [ -0.206871222051105, 46.874329318850407 ], [ -0.206307796406763, 46.874683870088205 ], [ -0.205745598422423, 46.875092397741611 ], [ -0.205133797122763, 46.875646040671768 ], [ -0.204673973344411, 46.876277318428954 ], [ -0.202978095358251, 46.879591324126267 ], [ -0.201823373019529, 46.881885188397703 ], [ -0.202362189301983, 46.888219005000479 ], [ -0.205786863856531, 46.903804919805367 ], [ -0.267727714176721, 47.073309288980994 ], [ -0.268024501959198, 47.074076645905365 ], [ -0.26842044022352, 47.074850756677591 ], [ -0.268894880153809, 47.075776103115743 ], [ -0.269309262857391, 47.076576795887334 ], [ -0.269939869574418, 47.077705620291624 ], [ -0.270192487702053, 47.078077932495823 ], [ -0.393664463430635, 47.146862928751062 ], [ -0.399604527592449, 47.159917740151243 ], [ -0.434489231919234, 47.234136210727314 ], [ -0.443219175265646, 47.243035317136851 ], [ -0.443660545506555, 47.243465736958832 ], [ -0.444156351633209, 47.243849836936654 ], [ -0.445993653900685, 47.24499368482622 ], [ -0.447120594772727, 47.245668586106213 ], [ -0.450361348577353, 47.247183543067898 ], [ -0.466686232935932, 47.2547450747604 ], [ -0.487062757898731, 47.2629974259577 ], [ -0.487714840530545, 47.263251505721662 ], [ -0.488509182063886, 47.263520101563543 ], [ -0.490282032842821, 47.264088770818176 ], [ -0.523183629428057, 47.273377623831195 ], [ -0.558084807188956, 47.284317522576686 ], [ -0.567242448484848, 47.289470447086408 ], [ -0.58316429479279, 47.298835596691021 ], [ -0.631487900501813, 47.32861454858552 ], [ -0.631815553090253, 47.328840174787594 ], [ -0.63209907885279, 47.329057932341129 ], [ -0.632425591810159, 47.329310591373549 ], [ -0.633856091313654, 47.330606074386701 ], [ -0.634266308692492, 47.330982600511767 ], [ -0.634508046548129, 47.331210428846333 ], [ -0.634868352161208, 47.331570233108415 ], [ -0.638632331608811, 47.336055246043564 ], [ -0.638906107613124, 47.33645327374041 ], [ -0.66162882679158, 47.369622534912757 ], [ -0.626673500647765, 47.395223942912324 ], [ -0.613671941190991, 47.422812498798955 ], [ -0.605598344851384, 47.44546720861134 ], [ -0.605557752317056, 47.445693271032795 ], [ -0.605277146698746, 47.448661805868674 ], [ -0.618860572846167, 47.461925802475079 ], [ -0.628248022033555, 47.470858162437736 ], [ -0.630103486569975, 47.472232855963775 ], [ -0.631818291813911, 47.473845158488686 ], [ -0.632268753634388, 47.474328684039456 ], [ -0.632573684301862, 47.474725925472924 ], [ -0.610774357538695, 47.540261130929856 ], [ -0.594248201541176, 47.569815480164131 ], [ -0.548635862322925, 47.577312724099336 ], [ -0.437693611874621, 47.733535180174513 ], [ -0.380810020873318, 47.791220074994619 ], [ -0.342880702804682, 47.82165909487226 ], [ -0.254690116237443, 47.952153163933019 ], [ -0.239559286158878, 47.97750996455067 ], [ -0.235113846612822, 47.998769942637928 ], [ -0.236327641101942, 48.00641809468388 ], [ -0.237127462997086, 48.009810537893223 ], [ -0.23728170735479, 48.010086066674276 ], [ -0.238159163617136, 48.009904816764141 ], [ -0.237820214111737, 48.011612784073783 ], [ -0.237121823706969, 48.011727112057002 ], [ -0.236276620453382, 48.011745691034008 ], [ -0.232730283964944, 48.011202758301643 ], [ -0.22629011596942, 48.010543162956203 ], [ -0.223613124335186, 48.010502769203711 ], [ -0.222557643350987, 48.010525848185296 ], [ -0.149013194903621, 48.020837644802512 ], [ -0.145355793649562, 48.022426729425277 ], [ -0.115537698366323, 48.036613267754063 ], [ -0.115388786903853, 48.037938920998251 ], [ -0.116141992435457, 48.061665657130291 ], [ -0.09150776801829, 48.136291366500807 ], [ -0.031394657592388, 48.208640846866906 ], [ -0.006427851783876, 48.227204246688473 ], [ 0.113170147424892, 48.301224847406182 ], [ 0.204687727292049, 48.350263039832193 ], [ 0.225776338588164, 48.341999372225615 ], [ 0.228876714601713, 48.341326352231292 ], [ 0.256522936361986, 48.350685649785547 ], [ 0.269335743495003, 48.355992622088422 ], [ 0.319279820922255, 48.37837974377041 ], [ 0.32518959676831, 48.384506359492065 ], [ 0.326589102053569, 48.38649080267178 ], [ 0.330981983398661, 48.396584289013433 ], [ 0.331420359653359, 48.401178376912313 ], [ 0.331672645763734, 48.467183668530872 ], [ 0.326766343697851, 48.47168671618509 ], [ 0.300700285874254, 48.480485211085984 ], [ 0.300223668910973, 48.480566927786207 ], [ 0.261640587607224, 48.479329101526986 ], [ 0.21795507666937, 48.47379639990983 ], [ 0.214348064455641, 48.473093135483246 ], [ 0.149200572365365, 48.457506164643078 ], [ 0.156476067738789, 48.444195230404716 ], [ 0.149081849770691, 48.437088345953079 ], [ 0.089653715850854, 48.431052500311843 ], [ 0.059809824777647, 48.463146686048866 ], [ 0.055199798969281, 48.471197165126746 ], [ 0.058427468171828, 48.480891794513184 ], [ 0.060712800466526, 48.4852888015944 ], [ 0.165780488264951, 48.534632912980314 ], [ 0.135078095130965, 48.588032401188919 ], [ 0.03160335749829, 48.639706482524062 ], [ -0.092850209999604, 48.692348409434835 ], [ -0.11627806493091, 48.712568062273206 ], [ -0.118181726066462, 48.714435189208444 ], [ -0.183092610632212, 48.779864880473852 ], [ -0.192036359054112, 48.790142331756016 ], [ -0.192279759762074, 48.790640737927632 ], [ -0.200551704876511, 48.808818240011014 ], [ -0.201239303832399, 48.810350272059885 ], [ -0.202631994166414, 48.899612456668969 ], [ -0.214157638458868, 48.907719662160162 ], [ -0.249699972891403, 48.932868008389562 ], [ -0.25025182120334, 48.933314614369429 ], [ -0.258526347472812, 48.9415870212908 ], [ -0.296991213994665, 48.983058604887702 ], [ -0.299747802152669, 48.986054863311153 ], [ -0.300315728970428, 48.986689706407475 ], [ -0.300573320459844, 48.987025692679374 ], [ -0.301420848785736, 48.988373673272434 ], [ -0.301515534040553, 48.988542419171416 ], [ -0.301556048145515, 48.988613455757921 ], [ -0.301715376231313, 48.988897662256797 ], [ -0.302334090293468, 48.990124812035084 ], [ -0.353415482529906, 49.057373410466987 ], [ -0.373860843045427, 49.101309476092219 ], [ -0.378265876241558, 49.133774249527384 ], [ -0.378275758790407, 49.133935857349613 ], [ -0.378286164908753, 49.134133415923195 ], [ -0.378245462638707, 49.134323142916116 ], [ -0.378186073628787, 49.134522284307479 ], [ -0.378074509138303, 49.134875450003335 ], [ -0.377259522775531, 49.137222505563017 ], [ -0.376417786723527, 49.139453277186142 ], [ -0.375676053566179, 49.141268204046995 ], [ -0.374012375392765, 49.14525274319832 ], [ -0.493545655353125, 49.15410324827802 ], [ -0.759200298494924, 49.168571023844549 ], [ -0.760905743816724, 49.183588431285159 ], [ -0.761784677587604, 49.188870902840513 ], [ -0.761957364385893, 49.189073249826052 ], [ -0.762073427804446, 49.189178150608818 ], [ -0.799038470074498, 49.215479986461979 ], [ -0.821029404724098, 49.22705079142785 ], [ -0.82212149690335, 49.227597504938409 ], [ -0.828931897850218, 49.230708926279732 ], [ -0.843116326889404, 49.235656852944579 ], [ -0.872405884102146, 49.242915554330075 ], [ -0.87292745787208, 49.242910592173949 ], [ -0.923242758529242, 49.235061428831223 ], [ -0.942171227716628, 49.230453950588291 ], [ -0.955650187285841, 49.225615436383308 ], [ -0.957788388768461, 49.224765375562484 ], [ -0.964812145635028, 49.22007594388581 ], [ -0.969742338798639, 49.215830483815829 ], [ -0.970169222760029, 49.214505791555261 ], [ -0.970221869539259, 49.214342472596023 ], [ -0.970486181634494, 49.213777640179579 ], [ -0.970923494977578, 49.21306415188743 ], [ -0.97506800505824, 49.207931829787263 ], [ -0.975636022630121, 49.207331611028529 ], [ -0.980784241897193, 49.20207237565608 ], [ -1.180460959475977, 49.14030096316116 ], [ -1.191628659944004, 49.142490697604025 ], [ -1.216414821856302, 49.147352051609943 ], [ -1.392967800322929, 49.183008369143721 ], [ -1.397779256903922, 49.184018832105913 ], [ -1.410507013817413, 49.186814641584412 ], [ -1.418798065497996, 49.189028682032806 ], [ -1.426560030438311, 49.191222806196585 ], [ -1.426623170775753, 49.194638971305373 ], [ -1.426379779468231, 49.251863007410719 ], [ -1.420045153563317, 49.285907687074918 ], [ -1.442700999998472, 49.514745037511986 ], [ -1.343741026898678, 49.539988004321167 ], [ -1.316920760542926, 49.539292442946341 ], [ -1.175629665943121, 49.365751691925261 ], [ -1.131670272539315, 49.36227080256662 ], [ -1.079306374882979, 49.390331398497111 ], [ -1.047215461355071, 49.407503666705523 ], [ -0.829002239824886, 49.358023269556938 ], [ -0.766241884419299, 49.343701074760865 ], [ -0.6408819627306, 49.341648244793582 ], [ -0.59143009067487, 49.340804311576889 ], [ -0.441968708435039, 49.338122395389682 ], [ -0.423663152518641, 49.337789060237554 ], [ -0.418667818243804, 49.33593504907018 ], [ -0.230780184219288, 49.265938203866391 ], [ -0.151374170677207, 49.287861696086935 ], [ -0.044149194125063, 49.317358841596992 ], [ 0.148106520906166, 49.416148419017979 ], [ 0.199391558512546, 49.41986435686357 ], [ 0.322571132535544, 49.428699947128244 ], [ 0.304310245140986, 49.436201823604378 ], [ 0.299980572195507, 49.437979758895473 ], [ 0.255831767754024, 49.456095383868316 ], [ 0.183169913518303, 49.457604434548074 ], [ 0.131695337952321, 49.458650535077261 ], [ 0.117218752940909, 49.469536495485144 ], [ 0.071399016277738, 49.503972171510867 ], [ 0.063765101920376, 49.509705312376177 ], [ 0.065885502994296, 49.51397755136454 ], [ 0.085223334496084, 49.552878894536043 ], [ 0.17147837107068, 49.725669209887528 ], [ 0.635675902556963, 49.880430012817804 ], [ 1.082921570502265, 49.938142244040428 ], [ 1.382253351785572, 50.073908751526332 ], [ 1.542334420177698, 50.222326234191584 ], [ 1.668759946099024, 50.180331724494124 ], [ 1.677023224294707, 50.193920630970467 ], [ 1.683249211883906, 50.204159051658969 ], [ 1.66389142883283, 50.212293456301978 ], [ 1.549144240140026, 50.260379541609709 ], [ 1.554932733800681, 50.364903513118307 ], [ 1.576870177326398, 50.877812191966761 ], [ 1.610662729225275, 50.880157600076274 ], [ 1.65181970397281, 50.88299196114292 ], [ 1.680359734635114, 50.913669371818081 ], [ 1.71844755611263, 50.954527241577317 ], [ 2.039635826453478, 51.00543282135542 ], [ 2.08629285002561, 51.012752486556366 ], [ 2.355624075294311, 51.058849496699089 ], [ 2.560529449727479, 51.093468012526799 ], [ 2.577247315320559, 51.025450687973127 ], [ 2.606000739186491, 50.907995094858251 ], [ 2.625954044047942, 50.826144132219873 ], [ 2.626757498476454, 50.822851155987316 ], [ 2.628146904083361, 50.822704425070931 ], [ 2.724092320371853, 50.813089087515216 ], [ 2.879713996429306, 50.698909650536613 ], [ 2.880166621446679, 50.698584769200309 ], [ 2.882090818529259, 50.698262385573067 ], [ 2.910013467066226, 50.693696448957489 ] ], [ [ 3.51788917241258, 47.025954165566084 ], [ 3.51871435598255, 47.025963680190472 ], [ 3.522402588369206, 47.02680742498022 ], [ 3.523294576041116, 47.027041145949212 ], [ 3.524092527824681, 47.027365802318087 ], [ 3.525002932276631, 47.027896224936264 ], [ 3.525779692394295, 47.028392034024669 ], [ 3.526542394256038, 47.02890597765515 ], [ 3.527507978452287, 47.029786697459201 ], [ 3.528256884260805, 47.030507706517419 ], [ 3.528826331285523, 47.031086617392667 ], [ 3.535243768810695, 47.040466886696436 ], [ 3.536033516363483, 47.041709252497391 ], [ 3.538623516545479, 47.046351715324278 ], [ 3.538597949317999, 47.049563946466399 ], [ 3.538485162879462, 47.050347871919939 ], [ 3.514406981212131, 47.194888808092976 ], [ 3.494739615079572, 47.229724887738413 ], [ 3.494141987801965, 47.229694895451907 ], [ 3.454712698322629, 47.193386588925975 ], [ 3.453194344337342, 47.137603952408405 ], [ 3.501200064367641, 47.042894917733982 ], [ 3.501555203352694, 47.042216543295339 ], [ 3.502324573943598, 47.041219073715183 ], [ 3.506176923313133, 47.036564476155547 ], [ 3.507099726407223, 47.035610396578832 ], [ 3.508421979649142, 47.03432834524704 ], [ 3.517324981993063, 47.026265861517821 ], [ 3.51788917241258, 47.025954165566084 ] ] ] ] } },
{ "type": "Feature", "properties": { "code_geog": "A", "libelle_geog": "Grand Ouest cristallin et océanique", "area": 59949.614, "x": -1.874, "y": 48.017 }, "geometry": { "type": "MultiPolygon", "coordinates": [ [ [ [ -3.084001279313879, 47.278463636139115 ], [ -3.128078238028625, 47.287795806822878 ], [ -3.139145841344977, 47.290135932109507 ], [ -3.139635129019676, 47.290239357710632 ], [ -3.142535154340106, 47.29085231226442 ], [ -3.146140276439702, 47.291614176147377 ], [ -3.15451484574618, 47.293383441035274 ], [ -3.154751228074346, 47.293433370584005 ], [ -3.160452878660324, 47.294637508359429 ], [ -3.163137673968999, 47.295204396240457 ], [ -3.182398483924574, 47.295660349020224 ], [ -3.201217715206566, 47.296102739603874 ], [ -3.20698685958733, 47.296237740831963 ], [ -3.225830220051091, 47.29667667626719 ], [ -3.245081449575477, 47.29712193140432 ], [ -3.24520876800188, 47.310240737199081 ], [ -3.245862200443116, 47.377467791332066 ], [ -3.245960208983631, 47.387536458347967 ], [ -3.245962928080347, 47.387815655977995 ], [ -3.245066734317637, 47.387563611640367 ], [ -3.244242799889008, 47.387331880778156 ], [ -3.157187688988861, 47.362803177952763 ], [ -3.141037787258139, 47.331377385650185 ], [ -3.06613821906954, 47.314422072221788 ], [ -3.084001279313879, 47.278463636139115 ] ] ], [ [ [ -1.620067984684842, 49.647067878259229 ], [ -1.495975013404448, 49.652024594190173 ], [ -1.496988578523873, 49.666105583281066 ], [ -1.49898377100183, 49.693800488193389 ], [ -1.446766291163913, 49.695443793413283 ], [ -1.319559996592159, 49.6993524021292 ], [ -1.279405369059295, 49.700558359439093 ], [ -1.273722827775261, 49.686328230186056 ], [ -1.243782071617273, 49.611211671541213 ], [ -1.244503070804066, 49.610555973032348 ], [ -1.309666575308081, 49.551205026579744 ], [ -1.319400822935635, 49.542323891819898 ], [ -1.31692093385902, 49.539290248267939 ], [ -1.343741226106584, 49.539983537493264 ], [ -1.442700329200443, 49.514740596499053 ], [ -1.420045495587349, 49.285909957328549 ], [ -1.426379971492235, 49.251858535551079 ], [ -1.426623339876877, 49.194641246255401 ], [ -1.426559193888638, 49.191218366384959 ], [ -1.41879849028152, 49.189030948979394 ], [ -1.410506924775347, 49.186816924624686 ], [ -1.39777927858393, 49.184014364491553 ], [ -1.392967651283032, 49.183003906854452 ], [ -1.216414756764763, 49.14734983552772 ], [ -1.1916284422502, 49.142486237455394 ], [ -1.180460486916925, 49.140296510500917 ], [ -0.980783877548306, 49.202074664504323 ], [ -0.975635053391428, 49.207327172044764 ], [ -0.975068063419069, 49.207927362412093 ], [ -0.970922841580825, 49.21306195233641 ], [ -0.970486555928597, 49.213775412277684 ], [ -0.970222301761627, 49.214342491248502 ], [ -0.97016974131022, 49.214505807826839 ], [ -0.969742830297107, 49.215832748981811 ], [ -0.96481220801769, 49.2200782208741 ], [ -0.957788592431434, 49.224763153327437 ], [ -0.955650706000754, 49.225615453615056 ], [ -0.94217163184414, 49.230456219094961 ], [ -0.923242562800341, 49.235063713674272 ], [ -0.872927096044763, 49.242906137377155 ], [ -0.872405094540391, 49.242911110975577 ], [ -0.843116383962552, 49.235659130858167 ], [ -0.828930940824218, 49.230704486214499 ], [ -0.822120901145512, 49.227597551202877 ], [ -0.821029460755169, 49.227053068472316 ], [ -0.799038029812963, 49.215475532655269 ], [ -0.762073994839152, 49.189180414477214 ], [ -0.761957931414363, 49.189075513695158 ], [ -0.761784132387585, 49.188873195469533 ], [ -0.760906261987771, 49.183588448461585 ], [ -0.759200253036804, 49.168568807593957 ], [ -0.493546173086418, 49.154103265712301 ], [ -0.3740128916274, 49.145252761180132 ], [ -0.375675306918603, 49.141263755334066 ], [ -0.37641707336385, 49.139451075368179 ], [ -0.377258927624864, 49.137222548724019 ], [ -0.378074341000098, 49.134875483485445 ], [ -0.378185360261776, 49.134520082490269 ], [ -0.378245946732074, 49.134320913941295 ], [ -0.378286286090041, 49.134135690509524 ], [ -0.378275216492148, 49.133933651652065 ], [ -0.378266510612844, 49.133776512475386 ], [ -0.373860537246817, 49.101311760418099 ], [ -0.353415005227636, 49.057375697775484 ], [ -0.302334349653649, 48.990124834174544 ], [ -0.301715494977751, 48.98889993538269 ], [ -0.301555825705256, 48.988615736425714 ], [ -0.30151590797895, 48.988544686657427 ], [ -0.301420626340515, 48.988375953940448 ], [ -0.300573294677135, 48.987023473243234 ], [ -0.300314936256749, 48.986687503915334 ], [ -0.299748032960005, 48.986052638205877 ], [ -0.296990989386251, 48.983054141950582 ], [ -0.258525867000869, 48.941589307547595 ], [ -0.25025177120523, 48.933310146562164 ], [ -0.249700177874113, 48.932863535050103 ], [ -0.214157216006834, 48.907719698178383 ], [ -0.202631291364225, 48.899610250670619 ], [ -0.201239477837764, 48.810350294424914 ], [ -0.200551878876395, 48.808818262377088 ], [ -0.19227993369759, 48.790640760306133 ], [ -0.192036193097202, 48.790142361364452 ], [ -0.183092444659406, 48.77986490917165 ], [ -0.11818164443934, 48.714435216076403 ], [ -0.116278068833107, 48.71256808737246 ], [ -0.092850213846996, 48.692348433636859 ], [ 0.031603353712622, 48.639706506731024 ], [ 0.135078260742851, 48.588032427649388 ], [ 0.165780315487533, 48.534632932292048 ], [ 0.060712965754191, 48.48528882726216 ], [ 0.058427295571732, 48.480891812770253 ], [ 0.055199964248822, 48.471197189903762 ], [ 0.059809652236678, 48.463146704308251 ], [ 0.089653712223081, 48.431052521828313 ], [ 0.149081846166948, 48.437088367471247 ], [ 0.156476064137514, 48.444195251923055 ], [ 0.14920056876019, 48.457506186160927 ], [ 0.214348060876215, 48.473093157002872 ], [ 0.217954911481393, 48.473794170210041 ], [ 0.261640584046901, 48.479329123047947 ], [ 0.30022366536639, 48.480566949308304 ], [ 0.300700282329946, 48.480485232608096 ], [ 0.326766340164831, 48.471686737708126 ], [ 0.331672642233024, 48.467183690054114 ], [ 0.331420443641714, 48.401176150677479 ], [ 0.330981732465562, 48.396579808723025 ], [ 0.326589013596417, 48.386493070222016 ], [ 0.325190021030664, 48.384501890659713 ], [ 0.319279905390266, 48.378377517510515 ], [ 0.269335406612828, 48.355990388405232 ], [ 0.256522686356604, 48.350683417581216 ], [ 0.228876658568724, 48.34132885067573 ], [ 0.225776679016057, 48.341998925922923 ], [ 0.204687296729211, 48.350264567331692 ], [ 0.113169556668031, 48.301225457780149 ], [ -0.00642790759189, 48.227199766735616 ], [ -0.031394326328119, 48.208640872432504 ], [ -0.091507269357905, 48.136291394810861 ], [ -0.116141997253303, 48.061665674123226 ], [ -0.115388100127528, 48.037936703259838 ], [ -0.115537577094543, 48.036608788964244 ], [ -0.145356216444729, 48.022426736658105 ], [ -0.149013679170902, 48.020835401455791 ], [ -0.22255775725125, 48.010528111231871 ], [ -0.223612987804942, 48.010505037727313 ], [ -0.226290178949076, 48.010540928427808 ], [ -0.232730230871332, 48.011205025012302 ], [ -0.236276657714299, 48.011741207705107 ], [ -0.237120939343583, 48.011722648988417 ], [ -0.237819549188991, 48.011612814891649 ], [ -0.238158388956348, 48.009902600641389 ], [ -0.237281654457834, 48.010088333388346 ], [ -0.237127080946732, 48.009806063776665 ], [ -0.236327839962076, 48.006420355867441 ], [ -0.235113993570343, 47.998767706236684 ], [ -0.239558731418888, 47.977512242359616 ], [ -0.254690512431741, 47.952150921906807 ], [ -0.342880760546451, 47.821656858267581 ], [ -0.380810026900667, 47.791220088352539 ], [ -0.437693617909777, 47.733535193529882 ], [ -0.548635868270636, 47.577312735652136 ], [ -0.59424804148223, 47.569815495907058 ], [ -0.610774363445881, 47.540261141580913 ], [ -0.632573524439634, 47.474725939471497 ], [ -0.63226884300895, 47.474328691650378 ], [ -0.631818297667896, 47.473845168240054 ], [ -0.630103410231887, 47.472232867820196 ], [ -0.628247945697035, 47.470858174292893 ], [ -0.618860744374094, 47.461925807999393 ], [ -0.605277070388922, 47.448661817708761 ], [ -0.605557676011485, 47.445693282873108 ], [ -0.605598268546141, 47.445467220451718 ], [ -0.613671864870208, 47.422812509745825 ], [ -0.626673507815932, 47.395223952630317 ], [ -0.661628946183518, 47.36962671131807 ], [ -0.638906031370797, 47.336453283805412 ], [ -0.63863225536699, 47.336055256108374 ], [ -0.634868193950033, 47.331570245279224 ], [ -0.634508053609103, 47.33121043676632 ], [ -0.634266150482975, 47.330982612681701 ], [ -0.633856263643795, 47.330606078057365 ], [ -0.63242543360518, 47.329310603540947 ], [ -0.632099002619706, 47.329057942401647 ], [ -0.631815476857503, 47.328840184847948 ], [ -0.631488072825394, 47.328614552259694 ], [ -0.583164383768682, 47.298835602542411 ], [ -0.567242372296074, 47.289470457104358 ], [ -0.558084814183751, 47.284317529602525 ], [ -0.523183718306965, 47.273377628829834 ], [ -0.490282204901025, 47.264088773803927 ], [ -0.488509189046822, 47.263520108593625 ], [ -0.487714847513329, 47.263251512751793 ], [ -0.487062599809585, 47.262997437027437 ], [ -0.466686321778589, 47.254745079802596 ], [ -0.450361437405984, 47.247183548122713 ], [ -0.447120436726539, 47.245668597121316 ], [ -0.445993577705815, 47.244993693865254 ], [ -0.444156275439701, 47.243849845974452 ], [ -0.443660469313493, 47.243465745996353 ], [ -0.443219264086638, 47.243035322197123 ], [ -0.434489403877986, 47.234136213796241 ], [ -0.399604699219309, 47.159917741474175 ], [ -0.39366438727485, 47.146862935957692 ], [ -0.270192493185011, 47.078077936871999 ], [ -0.269939710539471, 47.077705628397212 ], [ -0.269309268340145, 47.07657680026356 ], [ -0.268894885636436, 47.07577610749199 ], [ -0.268420528618764, 47.074850759175398 ], [ -0.268024342934715, 47.074076654008259 ], [ -0.267727719659066, 47.073309293357241 ], [ -0.205786870543596, 46.903804922357303 ], [ -0.20236203200051, 46.888219010286392 ], [ -0.201823460967974, 46.8818851882492 ], [ -0.202978019385236, 46.879591327610676 ], [ -0.204673816078058, 46.876277323718071 ], [ -0.205133803763883, 46.875646042324661 ], [ -0.205745522455949, 46.875092401227846 ], [ -0.206307884343411, 46.874683869936284 ], [ -0.206871146085747, 46.874329322337331 ], [ -0.207135930425374, 46.874125418207434 ], [ -0.207373117430295, 46.873589085182928 ], [ -0.209752656025582, 46.86300489013518 ], [ -0.20989031202217, 46.861561646705596 ], [ -0.209882912502638, 46.857934349411792 ], [ -0.209073359926731, 46.84621484132083 ], [ -0.207523864936164, 46.825114516847542 ], [ -0.182172978853435, 46.793415230252883 ], [ -0.180068808745907, 46.791013237006709 ], [ -0.179690806190077, 46.790688511723133 ], [ -0.176428343969981, 46.788005895820071 ], [ -0.176217890570318, 46.787848499623969 ], [ -0.175602504788817, 46.787772008024241 ], [ -0.169247015020202, 46.788262485306127 ], [ -0.130815668399237, 46.734542944688563 ], [ -0.146552750857277, 46.620472018020813 ], [ -0.15732859394608, 46.61948969618053 ], [ -0.157594079847659, 46.619465885624905 ], [ -0.171833404110272, 46.620701699708704 ], [ -0.175385813750197, 46.621127558869695 ], [ -0.176781423655924, 46.621447853449645 ], [ -0.183667773280571, 46.623240131693549 ], [ -0.223625562126593, 46.639227705031523 ], [ -0.236264316554289, 46.644308204189961 ], [ -0.236742177345617, 46.644522462622596 ], [ -0.237246761251233, 46.644826131692469 ], [ -0.237763074133028, 46.645264557335238 ], [ -0.238152788917806, 46.645651829310289 ], [ -0.239207701347541, 46.646807216040564 ], [ -0.277691101595112, 46.697250236908111 ], [ -0.298617278954828, 46.725277550628498 ], [ -0.302360845412044, 46.738234582918565 ], [ -0.310047558849268, 46.757572474393193 ], [ -0.312277518859631, 46.762894826376744 ], [ -0.313519828221987, 46.765494526230889 ], [ -0.314225732908186, 46.766189292696644 ], [ -0.335832091725711, 46.783626731629376 ], [ -0.338411625290862, 46.78569983418177 ], [ -0.343708923347175, 46.789788626307868 ], [ -0.344827165495885, 46.790590576167808 ], [ -0.345680621717458, 46.791173681763425 ], [ -0.346710648874099, 46.791806649451082 ], [ -0.362531294322788, 46.799914096734035 ], [ -0.435656037582372, 46.832967262159606 ], [ -0.476120540543776, 46.835841936464412 ], [ -0.511018744270115, 46.842000860980797 ], [ -0.539395150534664, 46.847008008847133 ], [ -0.551054094687535, 46.84912719282363 ], [ -0.55531064702962, 46.849956014367315 ], [ -0.556136618728382, 46.850187218566205 ], [ -0.779135898837872, 46.930101895218733 ], [ -0.801435755625461, 46.938776281589227 ], [ -0.802496267917309, 46.939224438232785 ], [ -0.81278706635376, 46.943660101332455 ], [ -0.812969521756214, 46.943745125505778 ], [ -0.881749726612978, 46.976779165326754 ], [ -0.877113071881942, 46.968535641932462 ], [ -0.877714359530166, 46.966492955005315 ], [ -0.884351228466844, 46.961597839118006 ], [ -0.886660746840241, 46.960326461322964 ], [ -0.891349335296412, 46.959105161737142 ], [ -0.892167086859136, 46.958974101574 ], [ -0.904487757134709, 46.957393116597316 ], [ -0.907569794821598, 46.957125913260192 ], [ -0.910495208195857, 46.956899075800976 ], [ -0.911736228818302, 46.956809914802392 ], [ -0.912454025314562, 46.956780581494783 ], [ -0.913747661511108, 46.95675293579221 ], [ -0.926350534545528, 46.957421577704558 ], [ -0.927271112043012, 46.957503435280003 ], [ -0.930861135787223, 46.957914457518086 ], [ -0.932788878676334, 46.958237698460998 ], [ -0.946445489717994, 46.961116130389378 ], [ -0.950272621411127, 46.961996987650835 ], [ -0.958036074593253, 46.962314531998246 ], [ -0.974066713250549, 46.962420277020023 ], [ -0.977366039783337, 46.956175117637315 ], [ -0.9807798326521, 46.949566350795642 ], [ -0.982254403655834, 46.946660326775294 ], [ -1.015251864788945, 46.872331807893794 ], [ -1.012509543412876, 46.870944292983474 ], [ -1.008584440609755, 46.869609282541973 ], [ -0.963887331747924, 46.857885922122151 ], [ -0.885981112619477, 46.832381819479615 ], [ -0.860870834821571, 46.811116553200833 ], [ -0.860569954504432, 46.810845840257237 ], [ -0.860195705596265, 46.810478133483883 ], [ -0.859602657736804, 46.809765385176227 ], [ -0.82566453347707, 46.766670886724562 ], [ -0.809002888356791, 46.740398347078475 ], [ -0.806815936424108, 46.736289775527538 ], [ -0.80668340914254, 46.735897254264934 ], [ -0.803768926747396, 46.725442952476975 ], [ -0.798830789014574, 46.706301470122213 ], [ -0.706577401485036, 46.649996117603038 ], [ -0.458001771426181, 46.543871134281694 ], [ -0.413373058319508, 46.52801552450277 ], [ -0.395621512578858, 46.521727370228625 ], [ -0.395228779885899, 46.521592762524349 ], [ -0.394404290861868, 46.521333482044703 ], [ -0.235867930101764, 46.488642882491519 ], [ -0.220628327082452, 46.493415382119942 ], [ -0.196876392025559, 46.496530371730159 ], [ -0.164619938837143, 46.498198402242629 ], [ -0.162528377531972, 46.498262377090803 ], [ -0.16050746907621, 46.498135732646332 ], [ -0.158136632877783, 46.49748564459717 ], [ -0.157669748604019, 46.497288851093508 ], [ -0.157100635476848, 46.496959275907592 ], [ -0.156897024848521, 46.496747705842353 ], [ -0.14717067148463, 46.485699788949965 ], [ -0.147023307403537, 46.485531981204794 ], [ -0.146923898132643, 46.485264110890583 ], [ -0.146865621978975, 46.485076354632461 ], [ -0.146398454546953, 46.483268277838256 ], [ -0.146315240937869, 46.48283802869755 ], [ -0.181384069720412, 46.451974849838606 ], [ -0.187730744792449, 46.447468308071002 ], [ -0.272946766242619, 46.435650340927516 ], [ -0.283457006484187, 46.437109814166242 ], [ -0.284583977090328, 46.437317870323525 ], [ -0.285324833595944, 46.437534826315826 ], [ -0.285961491972421, 46.438231284805319 ], [ -0.291073226139163, 46.443928437815842 ], [ -0.293307971995075, 46.446730356574903 ], [ -0.293435414720966, 46.446916448036895 ], [ -0.294862696210877, 46.450511193241489 ], [ -0.295890603583325, 46.458121043883764 ], [ -0.296243661689751, 46.461749654474723 ], [ -0.29612616384515, 46.4638678338709 ], [ -0.296171484405765, 46.464046823185015 ], [ -0.296255488954306, 46.464116893141089 ], [ -0.296621068749266, 46.464234452524572 ], [ -0.339954121226779, 46.476023395638656 ], [ -0.347281135624166, 46.476498829325585 ], [ -0.397454393466891, 46.47927342647214 ], [ -0.399885403322661, 46.479358983421328 ], [ -0.400083845984104, 46.479345205040445 ], [ -0.411477215102676, 46.478440244929828 ], [ -0.411673975236458, 46.478417484454916 ], [ -0.417681187776992, 46.477281860158705 ], [ -0.418288289492192, 46.477096105998882 ], [ -0.434889512797735, 46.469490658913571 ], [ -0.434971433363918, 46.46910155460246 ], [ -0.435016988965107, 46.468614309389949 ], [ -0.435048847777175, 46.460412259905233 ], [ -0.440277481480197, 46.462391230011413 ], [ -0.465957025441062, 46.46962026384508 ], [ -0.468574074535206, 46.470158892659171 ], [ -0.471180075096347, 46.470616711664618 ], [ -0.474265169342533, 46.471062627430449 ], [ -0.625424823465909, 46.490083828310262 ], [ -0.746516882436154, 46.484929372501178 ], [ -0.844761323125984, 46.501320977502893 ], [ -1.008124789622567, 46.549655378081098 ], [ -1.018642601674359, 46.552614679308817 ], [ -1.020394165463172, 46.553049313642568 ], [ -1.023280694669167, 46.553630531676404 ], [ -1.076065131481987, 46.563515159828015 ], [ -1.094205143021823, 46.562312620738041 ], [ -1.095894879143244, 46.563288308667737 ], [ -1.096268134136974, 46.563448158391914 ], [ -1.0966326798937, 46.56355423711657 ], [ -1.098289033795683, 46.563963557242872 ], [ -1.102570791375453, 46.564671812985438 ], [ -1.105412447352111, 46.565009202603335 ], [ -1.113678385120012, 46.564840076961694 ], [ -1.15426708593369, 46.555848985310611 ], [ -1.162768236588377, 46.552994330122146 ], [ -1.219344649481494, 46.530959403639507 ], [ -1.230799420072042, 46.521540690350641 ], [ -1.239688387147707, 46.513435239008906 ], [ -1.25559114891261, 46.484771508463815 ], [ -1.253710926669984, 46.470646005520855 ], [ -1.234021351812184, 46.461116283901546 ], [ -1.276243144509426, 46.461483993307816 ], [ -1.291272310352198, 46.466192922207455 ], [ -1.367715961359395, 46.445415850510663 ], [ -1.524296415090081, 46.446723392424964 ], [ -1.545173230937014, 46.440093729339956 ], [ -1.545518266984127, 46.439964834279195 ], [ -1.549070927692401, 46.43851918856128 ], [ -1.549927252006249, 46.438030485386349 ], [ -1.551298948153898, 46.437244888596709 ], [ -1.552572688553345, 46.436507667928282 ], [ -1.55479530944712, 46.435035303548773 ], [ -1.557050761879127, 46.433471686156558 ], [ -1.568344762072803, 46.424373141908838 ], [ -1.572232694777168, 46.420510031029579 ], [ -1.574887066660527, 46.417707187103566 ], [ -1.706167089331555, 46.456676907849157 ], [ -1.733332411170792, 46.466743279692388 ], [ -1.764570971135136, 46.49702359601477 ], [ -1.774005419303348, 46.504079424386298 ], [ -1.774589711778661, 46.504364612698204 ], [ -1.780415468478546, 46.505847562231104 ], [ -1.781059881802746, 46.505914320970511 ], [ -1.782357890759938, 46.505975421176849 ], [ -1.784020370239743, 46.50601429043207 ], [ -1.788425162178613, 46.505584306723364 ], [ -1.789014284052839, 46.505454822381509 ], [ -1.791692560569002, 46.504799040944597 ], [ -1.792993506436104, 46.504454494169522 ], [ -1.798858878804171, 46.502664690383426 ], [ -1.799038733013309, 46.502820316912491 ], [ -1.799293111823411, 46.503108372537937 ], [ -1.800237389647103, 46.504641647285922 ], [ -1.80252021744748, 46.508378538881828 ], [ -1.802895459074197, 46.50900454418116 ], [ -1.803122664789432, 46.509464759852754 ], [ -1.807127593820696, 46.517580495678267 ], [ -1.807834051665806, 46.519032293021134 ], [ -1.811122072471709, 46.556454534968566 ], [ -1.811986074153605, 46.565315291422344 ], [ -1.835820265183291, 46.605923858614865 ], [ -1.851179192925627, 46.622424373393557 ], [ -1.860174429582218, 46.631949937806212 ], [ -1.860663827854566, 46.632373385839415 ], [ -1.866853264834177, 46.637208691454866 ], [ -1.867239301025074, 46.637410685717839 ], [ -1.890053571402805, 46.646009211650409 ], [ -1.934177395073016, 46.696073115222326 ], [ -1.925351864379342, 46.713807934276289 ], [ -1.920201096185976, 46.833976532915187 ], [ -2.030686974058906, 46.878981188809846 ], [ -2.03117897600864, 46.879214708607719 ], [ -2.031704742142186, 46.879510010319173 ], [ -2.032290163198394, 46.879938188029108 ], [ -2.049402443095083, 46.906279048225045 ], [ -2.052249101422481, 46.912118506195362 ], [ -2.052558567759093, 46.913168232282509 ], [ -2.053026550041899, 46.914909854655555 ], [ -2.05245699176687, 46.915667123378114 ], [ -2.045611914884839, 46.919217015752885 ], [ -2.03194657073507, 46.922767117974097 ], [ -2.028285145037979, 46.923555562637269 ], [ -1.992326768930454, 46.930240566544846 ], [ -1.985609921384454, 46.931273641693288 ], [ -1.978293428514736, 46.932279136972355 ], [ -1.963400816129259, 46.93322635802766 ], [ -1.942763963302773, 46.932864059312507 ], [ -1.940973539398337, 46.932584830780378 ], [ -1.927629591938964, 46.929472330464833 ], [ -1.838089325984224, 46.966459133399852 ], [ -1.827148910098788, 46.972047366566038 ], [ -1.819191296909706, 46.98841630668656 ], [ -1.880033981059092, 47.024392189396757 ], [ -1.882146322770544, 47.02465783701701 ], [ -1.887590937041171, 47.024743686493679 ], [ -1.901719997649311, 47.024623437053613 ], [ -1.917887144374565, 47.024883614213756 ], [ -1.944312382507327, 47.035486383596307 ], [ -1.955535930466004, 47.041101007048553 ], [ -1.980272657636552, 47.056007053035707 ], [ -1.979496761042666, 47.056508201003062 ], [ -1.97126835980823, 47.057416157102487 ], [ -1.97040228791113, 47.057577355500406 ], [ -1.969483914004574, 47.057869230552313 ], [ -1.967573414807294, 47.059099341439143 ], [ -1.966021285813449, 47.060101456136458 ], [ -1.964546248383463, 47.063632222594308 ], [ -1.968539070398633, 47.060178765427835 ], [ -1.970307212703229, 47.058739435774207 ], [ -1.971872203278037, 47.058680753993535 ], [ -1.976862259834362, 47.059051309565 ], [ -1.981000576489339, 47.062406799372042 ], [ -1.983636861425573, 47.064611397820045 ], [ -1.990213177865822, 47.070094064660296 ], [ -2.040474883635809, 47.095346344459564 ], [ -2.079827987211821, 47.107635719772411 ], [ -2.083984385555206, 47.108638309917723 ], [ -2.097752889809708, 47.112433065472594 ], [ -2.106347541319331, 47.116155941443139 ], [ -2.108723808340965, 47.118055385481497 ], [ -2.135475819563402, 47.146302087079192 ], [ -2.13605163122946, 47.14698251693887 ], [ -2.141955364834131, 47.155592107370445 ], [ -2.142490982267006, 47.156436261902591 ], [ -2.142691688214192, 47.156878970953784 ], [ -2.142891431348874, 47.157339738027289 ], [ -2.143880373214416, 47.159923272558544 ], [ -2.143885785682737, 47.15994108267931 ], [ -2.153984598359387, 47.216529296088787 ], [ -2.157522991104546, 47.237376373698815 ], [ -2.166112162231796, 47.263234558515229 ], [ -2.033446359973006, 47.283577764219508 ], [ -2.032993314904523, 47.288054266782453 ], [ -2.030190349267459, 47.31573334721277 ], [ -2.029568344168988, 47.32187167873424 ], [ -2.189536529478627, 47.306172388617377 ], [ -2.222833139804746, 47.278591068205074 ], [ -2.307211739990897, 47.289087013026318 ], [ -2.315905876513471, 47.283366040385879 ], [ -2.320884272128234, 47.283129096841606 ], [ -2.355781676681623, 47.291302996148367 ], [ -2.408383535990951, 47.314871153069376 ], [ -2.412140313692057, 47.316645168010062 ], [ -2.426242818730568, 47.32713066101558 ], [ -2.429235352249445, 47.329782814802812 ], [ -2.430123457368275, 47.330791526418331 ], [ -2.436558668535088, 47.339086955119548 ], [ -2.446885940582167, 47.352673156007569 ], [ -2.453547765649688, 47.364671324930235 ], [ -2.459521400331959, 47.375859641203824 ], [ -2.459730781193058, 47.376373642249831 ], [ -2.455799145754933, 47.378285079638481 ], [ -2.421551869482111, 47.394560483431476 ], [ -2.407181423022795, 47.400756265602801 ], [ -2.405585555632856, 47.401317369694432 ], [ -2.404774782719244, 47.401738117230487 ], [ -2.400751176050942, 47.404209989781911 ], [ -2.399964289989557, 47.405152383606769 ], [ -2.399616420254581, 47.405779410920793 ], [ -2.399079405699772, 47.407144108304536 ], [ -2.391099705473696, 47.428530119658959 ], [ -2.391240788975619, 47.429119097917436 ], [ -2.391626091308769, 47.42986930795081 ], [ -2.391852873536663, 47.430238511742388 ], [ -2.43070455000785, 47.471781769195971 ], [ -2.431614662345486, 47.471600103064318 ], [ -2.449694753328381, 47.455780066696612 ], [ -2.449129362878633, 47.492693673938568 ], [ -2.448952828109135, 47.504208784649428 ], [ -2.448842581013655, 47.511397562425245 ], [ -2.462846293751908, 47.51024474641671 ], [ -2.783133840582043, 47.483402321956348 ], [ -2.863539955977735, 47.520890378278494 ], [ -2.917315959300275, 47.545901776448609 ], [ -2.857949269004451, 47.545601468563454 ], [ -2.818382703894218, 47.545384457215896 ], [ -2.792953532730297, 47.545237865370979 ], [ -2.77687137302143, 47.545142281283979 ], [ -2.73510030876159, 47.544883602930845 ], [ -2.714040268651733, 47.578669737222398 ], [ -2.699971697864171, 47.601213340357312 ], [ -2.721943383150147, 47.603456791023433 ], [ -2.856822444087205, 47.617133634149624 ], [ -2.930069035413677, 47.560507109109849 ], [ -2.937183806437662, 47.554997756335418 ], [ -2.938348657354239, 47.554095596702034 ], [ -2.938368462039977, 47.554080258176668 ], [ -2.938429650155507, 47.554091910947783 ], [ -2.939957442327916, 47.554382852751459 ], [ -2.969636974018408, 47.560030184526148 ], [ -3.024347794626412, 47.570417345719854 ], [ -3.112560289275002, 47.587102112864102 ], [ -3.124483188480029, 47.589351295149278 ], [ -3.127376287137158, 47.546479750094299 ], [ -3.115995941467767, 47.499501262723193 ], [ -3.084799521861878, 47.469882312929492 ], [ -3.130497381778285, 47.474837496054896 ], [ -3.154562441649241, 47.52974225906565 ], [ -3.140430078232458, 47.545863530045729 ], [ -3.153742685334439, 47.598521593107911 ], [ -3.193319110616959, 47.617915696069147 ], [ -3.39429823243411, 47.700892385945259 ], [ -3.513916294756108, 47.749989474653368 ], [ -3.534601643159393, 47.758457979837146 ], [ -3.643223386837763, 47.771706431020434 ], [ -3.679312333588578, 47.77608427696601 ], [ -3.793213202851417, 47.789823235486523 ], [ -3.79329440452771, 47.789832987269115 ], [ -3.804487882052826, 47.791176768273331 ], [ -3.878371693095498, 47.800017874111674 ], [ -3.906722292465656, 47.834234258554041 ], [ -3.965526973000043, 47.905041196313881 ], [ -3.985790897841793, 47.903944462482414 ], [ -3.98601103603705, 47.849077205545804 ], [ -4.09463473975303, 47.861163674786198 ], [ -4.121253193367615, 47.864109225770719 ], [ -4.206380444969041, 47.87348631705769 ], [ -4.1784877959107, 47.805212841441971 ], [ -4.177163200050365, 47.801965990073576 ], [ -4.182447201089886, 47.801670128184092 ], [ -4.322111992826409, 47.793762012216767 ], [ -4.379320055613526, 47.790473793561965 ], [ -4.389525676127341, 47.817325018986168 ], [ -4.379844972267171, 47.821314972212484 ], [ -4.368254937406713, 47.826090011057204 ], [ -4.362710656992534, 47.82837351123321 ], [ -4.347552486930677, 47.834614284160558 ], [ -4.337893952553699, 47.838588997641168 ], [ -4.348004704231383, 47.85030827683233 ], [ -4.467158251730669, 47.987957124407707 ], [ -4.473603761038511, 47.995378964773366 ], [ -4.490441882881758, 47.99789576961043 ], [ -4.551024803236118, 48.006929100739917 ], [ -4.594870324596187, 48.013445273095286 ], [ -4.616051387224148, 48.016586666255137 ], [ -4.617377016661991, 48.016783133097846 ], [ -4.617809226182233, 48.016847185259465 ], [ -4.684641891359663, 48.026730547263938 ], [ -4.717510847591618, 48.031575921395017 ], [ -4.737828036043918, 48.034565915038158 ], [ -4.733591145429969, 48.037292487747706 ], [ -4.721748525139291, 48.044911256986992 ], [ -4.708750348683116, 48.053269486381616 ], [ -4.706430649039501, 48.054760690728301 ], [ -4.704949042763028, 48.054931279574632 ], [ -4.330876827615189, 48.09736702318687 ], [ -4.289453565795306, 48.101988608992663 ], [ -4.308294337330334, 48.196936269602311 ], [ -4.365976754233613, 48.20759955143884 ], [ -4.373805371716605, 48.209044245604247 ], [ -4.497496575152835, 48.231790402216568 ], [ -4.503554432903463, 48.224398916269116 ], [ -4.544681654498151, 48.17415338098116 ], [ -4.563295499698224, 48.199812184026527 ], [ -4.605938009137698, 48.258487098946766 ], [ -4.611587501948891, 48.266249497919745 ], [ -4.552671911625324, 48.338207055214696 ], [ -4.552578484379254, 48.338320981445506 ], [ -4.552560029101977, 48.338273351371903 ], [ -4.544169991520918, 48.316610634442597 ], [ -4.531809605301628, 48.28466236014188 ], [ -4.428045728061654, 48.276966464631499 ], [ -4.363433525709034, 48.279315889283417 ], [ -4.286863029261246, 48.282053964130888 ], [ -4.25650367693237, 48.28312571806309 ], [ -4.20985102901439, 48.284757320290225 ], [ -4.280247723333697, 48.353958356452239 ], [ -4.311755467992389, 48.34598837137159 ], [ -4.373250834630144, 48.330401546496041 ], [ -4.373355428150811, 48.330400565682588 ], [ -4.386130473585646, 48.330280051911238 ], [ -4.469123252402595, 48.329463406119622 ], [ -4.428954738864586, 48.359173622274071 ], [ -4.375184374676154, 48.398869331782464 ], [ -4.489845656022015, 48.383131507114037 ], [ -4.629859375014603, 48.35205969783749 ], [ -4.757947052846983, 48.32771898314715 ], [ -4.770324857792906, 48.325358211774727 ], [ -4.770752474565928, 48.328502935173375 ], [ -4.781445465967218, 48.407014819543164 ], [ -4.782767822547207, 48.434668527742737 ], [ -4.785156377277105, 48.484543640532749 ], [ -4.778511757509484, 48.501664905730905 ], [ -4.774296116423638, 48.512521274296269 ], [ -4.759687273777065, 48.550106152286901 ], [ -4.703465270931659, 48.569560898031334 ], [ -4.692932790477665, 48.573200886959349 ], [ -4.647786063340295, 48.588786972201945 ], [ -4.49405669118979, 48.625203532105111 ], [ -4.455256610001343, 48.628438244672928 ], [ -4.316655133050959, 48.639886283447588 ], [ -4.316147247529257, 48.639988075536067 ], [ -4.216728331005578, 48.659864326163998 ], [ -4.094568065185326, 48.684151991340059 ], [ -4.087877572152644, 48.692727409168938 ], [ -4.064769472273015, 48.722320743602687 ], [ -3.990721719451601, 48.726296820383894 ], [ -3.982441343023118, 48.726738536913224 ], [ -3.967858417902248, 48.663551661501508 ], [ -3.957103095510345, 48.660898530969206 ], [ -3.861259991447558, 48.637200618163057 ], [ -3.857119608046281, 48.655081727194663 ], [ -3.84728872900668, 48.697487757585996 ], [ -3.843034826489231, 48.715815123875238 ], [ -3.819416633007063, 48.712114116670193 ], [ -3.64931810123836, 48.685304699980257 ], [ -3.64618375365676, 48.684808139662408 ], [ -3.58336237636896, 48.769869831337381 ], [ -3.58242881470946, 48.771131507832671 ], [ -3.56849468163638, 48.789954707988763 ], [ -3.544499239795572, 48.822333002111662 ], [ -3.539670107271624, 48.82292560780698 ], [ -3.50111873407828, 48.827648907404608 ], [ -3.188290635758605, 48.865482963916051 ], [ -3.186448719326268, 48.865703130128537 ], [ -3.180185821707979, 48.866451514223904 ], [ -3.107538109185522, 48.875106876025292 ], [ -3.09902107557054, 48.865839891145058 ], [ -3.031636564151044, 48.792381040076904 ], [ -3.018415322894383, 48.777938557163267 ], [ -2.894839570844756, 48.683670717969981 ], [ -2.882061807198316, 48.67389614449413 ], [ -2.877842917939956, 48.670667706496914 ], [ -2.810315218680834, 48.618917147419765 ], [ -2.683845132644043, 48.501282792359824 ], [ -2.538312440078932, 48.604266655555499 ], [ -2.329440177220381, 48.684626791392162 ], [ -2.212058974273474, 48.591345884080887 ], [ -2.20357892665988, 48.584589220307642 ], [ -2.201348546056656, 48.586250508698306 ], [ -2.158348768413325, 48.618249423191557 ], [ -2.026668873712171, 48.658433925419743 ], [ -1.892450626451606, 48.699177917124274 ], [ -1.837081685807352, 48.715922896076634 ], [ -1.838959466126724, 48.682837368611473 ], [ -1.839010855757023, 48.681931309193118 ], [ -1.839057335315323, 48.681111788334064 ], [ -1.842804939355446, 48.614947950394388 ], [ -1.843033920060523, 48.61089974621067 ], [ -1.830402544589232, 48.611766013670533 ], [ -1.557103166349731, 48.630172444229181 ], [ -1.442051760165305, 48.629134723396859 ], [ -1.371037423155612, 48.640901308736503 ], [ -1.431107265670333, 48.664783244110289 ], [ -1.452798635822332, 48.673394114616755 ], [ -1.495768160985913, 48.690431549801694 ], [ -1.548796648725184, 48.71142027343727 ], [ -1.609155376944289, 48.842793220138454 ], [ -1.575531899067093, 48.96513802406367 ], [ -1.569512374022923, 48.98697790902807 ], [ -1.608208621468256, 49.209507470582253 ], [ -1.609767771916833, 49.210769106722751 ], [ -1.818093733108834, 49.378593986906679 ], [ -1.86808418185821, 49.543493901772059 ], [ -1.845393821945973, 49.551885835466962 ], [ -1.839679050936244, 49.553998302079322 ], [ -1.842949706826762, 49.593967563914106 ], [ -1.844879403317168, 49.617519423407984 ], [ -1.84589860763779, 49.629949757209083 ], [ -1.849788205654041, 49.631891891359786 ], [ -1.93105833459858, 49.672408033120632 ], [ -1.940472336699295, 49.677093467404802 ], [ -1.952987290308865, 49.683319770029698 ], [ -1.963906802966216, 49.725770877894057 ], [ -1.944358789819826, 49.7220816650876 ], [ -1.829410418034302, 49.700313031591769 ], [ -1.68811248562866, 49.673378634876599 ], [ -1.636866559500663, 49.653569528569754 ], [ -1.620067984684842, 49.647067878259229 ] ] ] ] } }
]
}
