{
"type": "FeatureCollection",
"name": "regions_wgs84",
"crs": { "type": "name", "properties": { "name": "urn:ogc:def:crs:OGC:1.3:CRS84" } },
"features": [
{ "type": "Feature", "properties": { "code_geog": "11", "libelle_geog": "Île-de-France", "area": 12268.295, "x": 2.499, "y": 48.71 }, "geometry": { "type": "MultiPolygon", "coordinates": [ [ [ [ 1.739806283768024, 49.177777339624711 ], [ 1.993684971173653, 49.178773710720563 ], [ 2.291085226812482, 49.184012823567045 ], [ 2.580795733283827, 49.083904083567596 ], [ 3.000786230784206, 49.087068488456438 ], [ 3.080904245975209, 49.119890362916614 ], [ 3.152913775757126, 49.090885509707959 ], [ 3.259146184417687, 48.9569354218958 ], [ 3.480505052076249, 48.840845541958792 ], [ 3.406880151361263, 48.765412922668219 ], [ 3.420876279926672, 48.746257342535316 ], [ 3.464025227978605, 48.745856065906743 ], [ 3.547456410930505, 48.621326383467959 ], [ 3.40084298167391, 48.470466884251387 ], [ 3.406338219034462, 48.389517905541815 ], [ 3.034333202849031, 48.354233026275018 ], [ 2.939237128185692, 48.154879582113679 ], [ 2.796738564736122, 48.126967278377876 ], [ 2.491146589598494, 48.156321318373514 ], [ 2.505641690448937, 48.241964782057117 ], [ 2.420158157399085, 48.246813405552871 ], [ 2.398875501675682, 48.322967083119714 ], [ 1.985377899229154, 48.270112243192429 ], [ 1.977956193569287, 48.312918500599373 ], [ 1.919860706975762, 48.441207281774453 ], [ 1.769015807834716, 48.502433711178519 ], [ 1.602401775356155, 48.639497497796697 ], [ 1.607714860708493, 48.772743748814072 ], [ 1.489621959393492, 48.952728988011202 ], [ 1.438573642180692, 48.980895236533208 ], [ 1.430013215328484, 49.056931699065906 ], [ 1.603346796536272, 49.081901210278161 ], [ 1.70283739490672, 49.234652947078985 ], [ 1.739806283768024, 49.177777339624711 ] ] ] ] } },
{ "type": "Feature", "properties": { "code_geog": "24", "libelle_geog": "Centre-Val de Loire", "area": 39289.711, "x": 1.687, "y": 47.485 }, "geometry": { "type": "MultiPolygon", "coordinates": [ [ [ [ 1.489621959393492, 48.952728988011202 ], [ 1.607714860708493, 48.772743748814072 ], [ 1.602401775356155, 48.639497497796697 ], [ 1.769015807834716, 48.502433711178519 ], [ 1.919860706975762, 48.441207281774453 ], [ 1.977956193569287, 48.312918500599373 ], [ 1.985377899229154, 48.270112243192429 ], [ 2.398875501675682, 48.322967083119714 ], [ 2.420158157399085, 48.246813405552871 ], [ 2.505641690448937, 48.241964782057117 ], [ 2.491146589598494, 48.156321318373514 ], [ 2.796738564736122, 48.126967278377876 ], [ 2.939237128185692, 48.154879582113679 ], [ 3.028745548513399, 48.149416746571148 ], [ 3.125640006929146, 47.972748040747142 ], [ 3.025508122127095, 47.902000821083462 ], [ 3.031148465070588, 47.792514894233079 ], [ 2.931963358036514, 47.76450980894051 ], [ 2.833151570613778, 47.764972035686696 ], [ 2.839712985886058, 47.712596077729302 ], [ 2.951592836118869, 47.631153379358075 ], [ 2.971917925516399, 47.564413399074589 ], [ 2.831111438847049, 47.546057572113178 ], [ 2.858947666199505, 47.517379915958529 ], [ 2.942116046733996, 47.417024992618266 ], [ 2.871041237464241, 47.322178991811583 ], [ 3.003320288384011, 47.264374894999456 ], [ 3.074917071623645, 46.878363212470504 ], [ 3.025107471616489, 46.783465956697782 ], [ 2.844440993939865, 46.73204375124692 ], [ 2.712965428148231, 46.742072744094955 ], [ 2.57385000971849, 46.599633719217373 ], [ 2.545912827747811, 46.518761567575581 ], [ 2.345924152851394, 46.514192242938556 ], [ 2.297693390793688, 46.461819356272557 ], [ 2.277064690485696, 46.428487549071178 ], [ 2.162582675022219, 46.428105698439992 ], [ 1.749301990725026, 46.436242886713423 ], [ 1.501653236824373, 46.41564391489446 ], [ 1.406335064585731, 46.352995263305495 ], [ 1.336779206126403, 46.39526392720704 ], [ 1.192464574258058, 46.384376041184083 ], [ 1.198547714327436, 46.42253600567485 ], [ 1.134082498788301, 46.517886210071232 ], [ 0.948882792810817, 46.578164897089792 ], [ 0.91467664762996, 46.658242199436152 ], [ 0.86595259867088, 46.752096999615553 ], [ 0.706817038764253, 46.973779607877283 ], [ 0.575146974658535, 46.957546475698621 ], [ 0.318817846150211, 46.929508232474092 ], [ 0.307741751434305, 47.038862535211564 ], [ 0.058218680279645, 47.172321192420171 ], [ 0.088298357355315, 47.290417381451697 ], [ 0.188359983672058, 47.378640185796783 ], [ 0.222218762043151, 47.618366157402448 ], [ 0.371787920659738, 47.573371346174568 ], [ 0.586526223661809, 47.676799772559058 ], [ 0.598901786624536, 47.729361942961589 ], [ 0.764951177986402, 47.841225668023519 ], [ 0.818910298897118, 47.93239405810958 ], [ 0.828316286724897, 48.099127494366641 ], [ 0.811348324754305, 48.194109729144344 ], [ 0.817778601728579, 48.217991895231769 ], [ 0.758531459078218, 48.293367873298223 ], [ 0.793058161997797, 48.331903501583525 ], [ 0.941383931068004, 48.390865053863912 ], [ 0.959561146284572, 48.514807465587467 ], [ 0.85729333422801, 48.58495545628282 ], [ 0.811769683614098, 48.67003075047505 ], [ 0.88970867908424, 48.709074082773611 ], [ 1.125344464741898, 48.778322383860292 ], [ 1.363035197871659, 48.770990785596311 ], [ 1.489621959393492, 48.952728988011202 ] ] ] ] } },
{ "type": "Feature", "properties": { "code_geog": "27", "libelle_geog": "Bourgogne-Franche-Comté", "area": 48133.142, "x": 4.806, "y": 47.237 }, "geometry": { "type": "MultiPolygon", "coordinates": [ [ [ [ 3.406338219034462, 48.389517905541815 ], [ 3.42417578442082, 48.360532761337566 ], [ 3.495974367586583, 48.378879957437334 ], [ 3.614799779705192, 48.272977806282277 ], [ 3.56303156738688, 48.192638618795819 ], [ 3.689870812671712, 48.143663004138396 ], [ 3.697839853037242, 48.17688077023864 ], [ 3.733654304120843, 48.18597714798382 ], [ 3.899144149306319, 48.007813569333443 ], [ 3.918129300186367, 47.931411308768396 ], [ 4.282518578426942, 47.930830377210626 ], [ 4.577013945854236, 48.025554022538728 ], [ 4.704445934401622, 48.018285163533633 ], [ 4.817003407916297, 47.99690817960235 ], [ 4.985590373414746, 47.821766497678183 ], [ 4.906033299890052, 47.785443620070822 ], [ 5.029710214177135, 47.71597236464553 ], [ 5.176203009565535, 47.683912074548573 ], [ 5.32039037101463, 47.61360995521143 ], [ 5.375860983489297, 47.597880443745481 ], [ 5.387804332063819, 47.683318146301502 ], [ 5.585019837097882, 47.677979075266251 ], [ 5.68391249645792, 47.679941382935567 ], [ 5.723981629140906, 47.755016466867353 ], [ 5.67641162179905, 47.784976014304497 ], [ 5.751571375380911, 47.854265149696587 ], [ 5.807777202786126, 47.847841484329521 ], [ 5.877086617848321, 47.931525297111882 ], [ 5.984848161234891, 47.952035280710547 ], [ 6.155379160623593, 47.956122165900538 ], [ 6.403419263513803, 47.952522310942861 ], [ 6.587367642614817, 47.945978402609548 ], [ 6.83933296116423, 47.82211851643364 ], [ 6.864294519072272, 47.783007141890778 ], [ 7.043367499829023, 47.728224415083339 ], [ 7.088206130890998, 47.597636190698793 ], [ 7.136670559469525, 47.509792717607766 ], [ 7.136667746914673, 47.509658871556397 ], [ 7.117034740528058, 47.503295340815022 ], [ 7.108270726881281, 47.500453141890326 ], [ 7.028459675492854, 47.501363100162095 ], [ 6.960759371573785, 47.443432856264678 ], [ 6.940817314108903, 47.436721684181229 ], [ 6.940645947805542, 47.436519654417012 ], [ 6.903319844300532, 47.392471899228049 ], [ 6.884442794928895, 47.373530329647771 ], [ 6.884066387488918, 47.373004518839139 ], [ 6.882554298105399, 47.367929878883515 ], [ 6.870490762163697, 47.353660262793213 ], [ 6.879476671395914, 47.354817236102683 ], [ 6.879487194476297, 47.35349701532899 ], [ 6.879799514570213, 47.352493594943496 ], [ 6.880328065464084, 47.352472810312918 ], [ 6.880522716526943, 47.352471912355256 ], [ 7.013496988880401, 47.370520406926325 ], [ 7.044050999966435, 47.332410074388235 ], [ 6.942079014348476, 47.288828521114489 ], [ 6.938072852179156, 47.242312625076572 ], [ 6.897171447894578, 47.210468660418478 ], [ 6.708393061321072, 47.088099907107789 ], [ 6.710370816067615, 47.057506214852587 ], [ 6.686145088984694, 47.037313413894488 ], [ 6.671712582433025, 47.026316035997873 ], [ 6.503519665254504, 46.966967886597146 ], [ 6.423858767680065, 46.926922345468149 ], [ 6.463609900459852, 46.864465996922739 ], [ 6.462958208467779, 46.853320809641566 ], [ 6.42906219177739, 46.812301723746899 ], [ 6.459220116027407, 46.789302492978372 ], [ 6.459190601107515, 46.788796430696124 ], [ 6.459104606922362, 46.788529260427048 ], [ 6.4521655262925, 46.778373846881621 ], [ 6.44741917030977, 46.772013110553473 ], [ 6.44515855625, 46.769149811214071 ], [ 6.386315765427342, 46.735898357208896 ], [ 6.377446321869952, 46.730880133183142 ], [ 6.269900916889458, 46.678495194387594 ], [ 6.196122953191189, 46.627932703354716 ], [ 6.135891376138011, 46.593584849154709 ], [ 6.130336530191342, 46.580903746065999 ], [ 6.117772185269221, 46.571901639126047 ], [ 6.113611924845269, 46.561200085645176 ], [ 6.077101647199139, 46.467095120993989 ], [ 6.080375941468033, 46.436137558404504 ], [ 6.082007459697123, 46.433394927163043 ], [ 6.074873064577599, 46.409959445671497 ], [ 6.074244116045164, 46.409656469840577 ], [ 5.851202715472074, 46.264247143314364 ], [ 5.707152084484115, 46.268624893115174 ], [ 5.689502141316248, 46.316809375594445 ], [ 5.636017761896615, 46.34220882171946 ], [ 5.541657124189229, 46.259130227138442 ], [ 5.466481073383408, 46.265997260631067 ], [ 5.315956734157105, 46.403482646204594 ], [ 5.304276014940015, 46.441910370439111 ], [ 5.239198889292816, 46.44860365359925 ], [ 5.194271282018968, 46.511668759095897 ], [ 4.946408186637484, 46.522384269767215 ], [ 4.779119095384057, 46.178411198376061 ], [ 4.724319517440123, 46.179580938900074 ], [ 4.686495972084259, 46.256575285020382 ], [ 4.681068805270217, 46.290026439744608 ], [ 4.399791390173231, 46.300255353668021 ], [ 4.389697521111307, 46.214719383633046 ], [ 4.271295422190171, 46.164422356404884 ], [ 3.881918410128077, 46.208502787411888 ], [ 3.890806487765912, 46.279802332752169 ], [ 4.002236661973503, 46.330597888040721 ], [ 4.006615245930538, 46.473381286884994 ], [ 3.732633734555832, 46.538967778370818 ], [ 3.639611137043897, 46.687662838457626 ], [ 3.620102634388474, 46.740254707932635 ], [ 3.479716243874296, 46.651282694212405 ], [ 3.025107471616489, 46.783465956697782 ], [ 3.074917071623645, 46.878363212470504 ], [ 3.003320288384011, 47.264374894999456 ], [ 2.871041237464241, 47.322178991811583 ], [ 2.942116046733996, 47.417024992618266 ], [ 2.858947666199505, 47.517379915958529 ], [ 2.831111438847049, 47.546057572113178 ], [ 2.971917925516399, 47.564413399074589 ], [ 2.951592836118869, 47.631153379358075 ], [ 2.839712985886058, 47.712596077729302 ], [ 2.833151570613778, 47.764972035686696 ], [ 2.931963358036514, 47.76450980894051 ], [ 3.031148465070588, 47.792514894233079 ], [ 3.025508122127095, 47.902000821083462 ], [ 3.125640006929146, 47.972748040747142 ], [ 3.028745548513399, 48.149416746571148 ], [ 2.939237128185692, 48.154879582113679 ], [ 3.034333202849031, 48.354233026275018 ], [ 3.406338219034462, 48.389517905541815 ] ] ] ] } },
{ "type": "Feature", "properties": { "code_geog": "28", "libelle_geog": "Normandie", "area": 29765.718, "x": 0.115, "y": 49.121 }, "geometry": { "type": "MultiPolygon", "coordinates": [ [ [ [ 1.694584107055021, 49.895389202684889 ], [ 1.784458645653534, 49.748504096308373 ], [ 1.689471029631038, 49.719516345796372 ], [ 1.72861921431995, 49.510562565902781 ], [ 1.77998381618648, 49.487040549539756 ], [ 1.729860423243313, 49.405974939517428 ], [ 1.782456296633249, 49.258826903881626 ], [ 1.709809342874994, 49.258469290685539 ], [ 1.70283739490672, 49.234652947078985 ], [ 1.603346796536272, 49.081901210278161 ], [ 1.430013215328484, 49.056931699065906 ], [ 1.438573642180692, 48.980895236533208 ], [ 1.489621959393492, 48.952728988011202 ], [ 1.363035197871659, 48.770990785596311 ], [ 1.125344464741898, 48.778322383860292 ], [ 0.88970867908424, 48.709074082773611 ], [ 0.811769683614098, 48.67003075047505 ], [ 0.85729333422801, 48.58495545628282 ], [ 0.959561146284572, 48.514807465587467 ], [ 0.941383931068004, 48.390865053863912 ], [ 0.793058161997797, 48.331903501583525 ], [ 0.758531459078218, 48.293367873298223 ], [ 0.817778601728579, 48.217991895231769 ], [ 0.811348324754305, 48.194109729144344 ], [ 0.733214881706009, 48.18830914819921 ], [ 0.638253978459989, 48.263135001330355 ], [ 0.401018996786757, 48.316593777359024 ], [ 0.367128264867631, 48.458830379263375 ], [ 0.244414366855756, 48.485277367471483 ], [ 0.096205770564696, 48.434960782770531 ], [ 0.055396291867801, 48.386574745242093 ], [ -0.051498925378397, 48.379699478380168 ], [ -0.138129791624986, 48.549292338160235 ], [ -0.261312326215405, 48.575214083918688 ], [ -0.300938073497894, 48.507688256962645 ], [ -0.549812672420241, 48.473304329375772 ], [ -0.741749767292713, 48.44940865699057 ], [ -0.873893540732315, 48.503037690464332 ], [ -1.053035676869956, 48.50279880165882 ], [ -1.221107121721092, 48.550250822795391 ], [ -1.385787193730636, 48.445149635817145 ], [ -1.551488216752868, 48.624133315731804 ], [ -1.51007795261481, 48.618849416846558 ], [ -1.34750336402573, 48.631352195722279 ], [ -1.346496962776303, 48.6315184738461 ], [ -1.345116568787456, 48.632155311950221 ], [ -1.344541924860886, 48.632668110682651 ], [ -1.344619180643177, 48.632800693875893 ], [ -1.36333498149313, 48.647047962173133 ], [ -1.400338384192258, 48.674062814314532 ], [ -1.430236064019142, 48.664877470270405 ], [ -1.45192643010879, 48.673488562793665 ], [ -1.494893964675316, 48.690526438978701 ], [ -1.511735409994006, 48.703707268538494 ], [ -1.547897522902404, 48.733135812219835 ], [ -1.569483553394025, 48.768910817594715 ], [ -1.581916517960446, 48.852273050243333 ], [ -1.563481837758625, 48.921662055221752 ], [ -1.574649750804181, 48.965235263636629 ], [ -1.568630078491535, 48.987075232341098 ], [ -1.607320831664925, 49.209606330173308 ], [ -1.608879896428479, 49.210867985322928 ], [ -1.608874151781768, 49.213980385495496 ], [ -1.603777094590242, 49.217350639980012 ], [ -1.578767179457772, 49.222713097512973 ], [ -1.576729343768649, 49.223004535549833 ], [ -1.574065453876627, 49.223190422184693 ], [ -1.573510651064447, 49.223118562432866 ], [ -1.572946208577972, 49.222936817134958 ], [ -1.568031878527106, 49.22077834220395 ], [ -1.567819583068482, 49.22069530060331 ], [ -1.567340121594494, 49.220710916665254 ], [ -1.566398220087989, 49.220966481542717 ], [ -1.566476929840834, 49.221098854465481 ], [ -1.569212333500121, 49.223483581996405 ], [ -1.583855428916784, 49.232172267520987 ], [ -1.586369618237667, 49.233619305759092 ], [ -1.611839665907605, 49.23472635187872 ], [ -1.614031593743172, 49.233754562235355 ], [ -1.622588803262983, 49.226608374057655 ], [ -1.624194184686041, 49.225160961576073 ], [ -1.822065844916967, 49.412844746541758 ], [ -1.847282513219881, 49.503839729095418 ], [ -1.844490338857317, 49.551988167442865 ], [ -1.838775759923749, 49.554100598105343 ], [ -1.842045544782659, 49.594070054809499 ], [ -1.841482954844595, 49.603743767827773 ], [ -1.842963531208469, 49.612020903113368 ], [ -1.843974728323375, 49.617622026419347 ], [ -1.844993663277313, 49.630052419705144 ], [ -1.84888306781039, 49.631994591702799 ], [ -1.849021756231509, 49.632344030124592 ], [ -1.851557002393204, 49.637967206430964 ], [ -1.854123833858021, 49.64291469837557 ], [ -1.85823259955595, 49.648752970612691 ], [ -1.859411418150486, 49.650285947890247 ], [ -1.865984173002833, 49.654239714507881 ], [ -1.866711774072703, 49.654664105269639 ], [ -1.870581339505804, 49.656903855043296 ], [ -1.871468367626904, 49.657412608869024 ], [ -1.8741201431967, 49.658489475598159 ], [ -1.87504766989483, 49.658816922690001 ], [ -1.895323462879849, 49.665420987045486 ], [ -1.92823812692336, 49.672134469822652 ], [ -1.930149186239805, 49.672511533370724 ], [ -1.939562722568636, 49.677197059577281 ], [ -1.946384584665953, 49.705022090790393 ], [ -1.946897448137612, 49.707657053390705 ], [ -1.945909785490773, 49.717018287966368 ], [ -1.943743010392091, 49.721600623667925 ], [ -1.94344817891539, 49.722185462281153 ], [ -1.828504828385201, 49.700415843701784 ], [ -1.827531899380704, 49.698674061340554 ], [ -1.827592624038357, 49.69687338380006 ], [ -1.827834844033443, 49.695597042627199 ], [ -1.826750183338971, 49.693521010642037 ], [ -1.826356951401712, 49.692949993987718 ], [ -1.823751891373278, 49.690926223705318 ], [ -1.823104228974235, 49.690633732418597 ], [ -1.671539377372814, 49.657746932609825 ], [ -1.635969568716118, 49.653670659180278 ], [ -1.619171788559709, 49.647168852971951 ], [ -1.495083714145576, 49.65212463099629 ], [ -1.496096981258059, 49.66620568330417 ], [ -1.489016530595161, 49.669358009322636 ], [ -1.474851586671073, 49.68148454522499 ], [ -1.474526128277567, 49.681764527137375 ], [ -1.471775599020598, 49.686490479681012 ], [ -1.445876179230494, 49.695543620814583 ], [ -1.318674936966603, 49.699451269805607 ], [ -1.283789368691974, 49.693589946989782 ], [ -1.272839849407338, 49.686426697880222 ], [ -1.242901656875624, 49.611309614471452 ], [ -1.243622639688443, 49.610653919440445 ], [ -1.245762324822372, 49.611185323997404 ], [ -1.253394183106148, 49.611309474440588 ], [ -1.295366666639126, 49.583262427190306 ], [ -1.299013259182662, 49.57932252086713 ], [ -1.299523624260612, 49.57872273528605 ], [ -1.302572137922582, 49.574935559431388 ], [ -1.303253178920643, 49.574015918851714 ], [ -1.304674546342214, 49.570682298057854 ], [ -1.305338099923092, 49.568549353109162 ], [ -1.305823839857405, 49.566637552942872 ], [ -1.306532438251409, 49.563199499364906 ], [ -1.308737657888084, 49.55187578773068 ], [ -1.30878459146342, 49.551303222740756 ], [ -1.318518608419356, 49.542422124674417 ], [ -1.316038874520379, 49.539388448585662 ], [ -1.174756434861188, 49.365848934771527 ], [ -1.131639913249993, 49.362431831946921 ], [ -1.130798682455699, 49.362365004653604 ], [ -1.078436429493674, 49.390430188614616 ], [ -0.828142672031893, 49.358119332587101 ], [ -0.765385507179818, 49.343796047541019 ], [ -0.640030077992609, 49.341743096993021 ], [ -0.623353582296693, 49.340601571643006 ], [ -0.602651927427116, 49.339918411767641 ], [ -0.597903861333531, 49.33990182377304 ], [ -0.590581393792893, 49.340897294742263 ], [ -0.441125805648372, 49.3382171526642 ], [ -0.417824555052999, 49.336021572540488 ], [ -0.229946547553025, 49.266027087959998 ], [ -0.150543429931436, 49.287952889329212 ], [ -0.146805550307344, 49.288378060441453 ], [ -0.144485926796949, 49.288697913024443 ], [ -0.141075685734477, 49.289224492007257 ], [ -0.13582577320634, 49.290054024752919 ], [ -0.131108274791731, 49.290831935115165 ], [ -0.128455051891953, 49.291380792861851 ], [ -0.096463890423273, 49.298046379203683 ], [ -0.048058692010431, 49.311294860331728 ], [ -0.021509905196346, 49.318676637680497 ], [ -0.008483689427654, 49.322452534266489 ], [ -0.004287187103789, 49.323884764547905 ], [ 0.000307501820039, 49.325645894488595 ], [ 0.004284058755004, 49.327390351127448 ], [ 0.011422847591439, 49.330687836456903 ], [ 0.044055204614233, 49.346988814851137 ], [ 0.045665972553893, 49.347882306378516 ], [ 0.050156192863644, 49.350529171506459 ], [ 0.076274878568668, 49.366247270117718 ], [ 0.085960659795092, 49.374447584283899 ], [ 0.098727552390322, 49.384641013340008 ], [ 0.111104956701694, 49.394100010760972 ], [ 0.130558345935854, 49.403067378585462 ], [ 0.131848089734765, 49.403495406096873 ], [ 0.136466523390108, 49.404972829342903 ], [ 0.138573868558197, 49.40560444054212 ], [ 0.19629540281763, 49.419234385481687 ], [ 0.200210856589852, 49.419947750275909 ], [ 0.322666154662341, 49.428732642366768 ], [ 0.323114025919061, 49.42889533780405 ], [ 0.305125316575458, 49.436287875798769 ], [ 0.300794974765765, 49.438066719993245 ], [ 0.256648798881314, 49.456185267613776 ], [ 0.183989341583897, 49.457693293629951 ], [ 0.11804095432659, 49.469627919200427 ], [ 0.072224391709923, 49.504059440552162 ], [ 0.069728906041259, 49.506915573759805 ], [ 0.068264637185417, 49.508820007530701 ], [ 0.067363871810082, 49.510150942446998 ], [ 0.066515506339964, 49.512165780148614 ], [ 0.066424649447512, 49.512658290609515 ], [ 0.066711935260856, 49.51406097946262 ], [ 0.08604913340239, 49.55297104997998 ], [ 0.16464214869288, 49.686047031094837 ], [ 0.165036182992885, 49.686548211720336 ], [ 0.168974203069307, 49.689996700206514 ], [ 0.171315163931752, 49.691934166948229 ], [ 0.187831814782697, 49.702532675538087 ], [ 0.210364008312838, 49.713881230629873 ], [ 0.221173249338761, 49.717133806022986 ], [ 0.222884799205068, 49.717621832393839 ], [ 0.224763933716325, 49.717744435825615 ], [ 0.226150250465118, 49.717723676610156 ], [ 0.228021125454208, 49.717711335268696 ], [ 0.229953798102957, 49.717879707183222 ], [ 0.233536355258954, 49.718355181898929 ], [ 0.31291320578879, 49.739864847832493 ], [ 0.356139347362395, 49.755274499946488 ], [ 0.480457831453078, 49.806570472457508 ], [ 0.508300356017671, 49.81996249452223 ], [ 0.714060603000302, 49.871086237770385 ], [ 0.715254016192175, 49.870698040301065 ], [ 0.71898834580651, 49.869490528564612 ], [ 0.768375308614427, 49.871915933169767 ], [ 0.770521155992553, 49.872168110559393 ], [ 0.782975762791007, 49.874267700945744 ], [ 1.026177978680202, 49.916562291698021 ], [ 1.029652317954779, 49.917183327036369 ], [ 1.066679369114368, 49.925683746064784 ], [ 1.070063553001259, 49.926616939377091 ], [ 1.114996499057474, 49.940095960972158 ], [ 1.14381432809863, 49.949881438442233 ], [ 1.161634095677502, 49.956088462507701 ], [ 1.194945131663482, 49.968014716115924 ], [ 1.202595240165905, 49.971372330184195 ], [ 1.390755821834722, 50.072157548405649 ], [ 1.44893491739116, 50.060155503876764 ], [ 1.694584107055021, 49.895389202684889 ] ] ] ] } },
{ "type": "Feature", "properties": { "code_geog": "32", "libelle_geog": "Hauts-de-France", "area": 31867.691, "x": 2.77, "y": 49.969 }, "geometry": { "type": "MultiPolygon", "coordinates": [ [ [ [ 2.563026517808225, 51.059367232902645 ], [ 2.577994004755193, 51.025521458312454 ], [ 2.606743692351161, 50.908073153641979 ], [ 2.606079439786304, 50.906545888237538 ], [ 2.605948511509589, 50.858726115768029 ], [ 2.626695905287935, 50.826220659522647 ], [ 2.627498771521521, 50.822921040985285 ], [ 2.628888802542518, 50.822782218375657 ], [ 2.63225312089692, 50.817505968864737 ], [ 2.634146630115962, 50.814577980904915 ], [ 2.635693068277148, 50.812816594064067 ], [ 2.792405829315443, 50.72608256032273 ], [ 2.812008480038827, 50.717604982796686 ], [ 2.880442771366369, 50.698985159558923 ], [ 2.880895221583566, 50.698652114104384 ], [ 2.882819765117084, 50.69833748021037 ], [ 2.901131239589307, 50.693345889841737 ], [ 2.90197639055088, 50.693162646738834 ], [ 2.906203582560554, 50.692380876944988 ], [ 2.906768357736527, 50.692378278630109 ], [ 2.910536984879565, 50.693482055828852 ], [ 2.911248640687275, 50.693972075188434 ], [ 2.924749474171135, 50.70370328231752 ], [ 2.929685201733476, 50.709025455623973 ], [ 2.930634451418616, 50.710455989217358 ], [ 2.931848716849452, 50.717600859638452 ], [ 2.931798468280965, 50.719311966477527 ], [ 2.931598316368037, 50.720299531477387 ], [ 2.938115070347433, 50.74282507586372 ], [ 2.938770121006039, 50.744400411107783 ], [ 2.939413192354866, 50.744980259908282 ], [ 2.952391095529443, 50.752010796671094 ], [ 2.95346932715512, 50.752319344182879 ], [ 2.996088896708585, 50.763941856427579 ], [ 3.095992267164802, 50.785233780234421 ], [ 3.124934941706178, 50.788657508780403 ], [ 3.134534769446536, 50.786910362718992 ], [ 3.239083877666756, 50.685009262000492 ], [ 3.253705121561507, 50.670716893662828 ], [ 3.255881801615111, 50.622633783560978 ], [ 3.272337190535898, 50.587324065958207 ], [ 3.273349578464076, 50.58027259220956 ], [ 3.274511428049984, 50.572177548117217 ], [ 3.281229458745608, 50.525317130654528 ], [ 3.333766834774967, 50.508047685498241 ], [ 3.374566203301113, 50.491885194725953 ], [ 3.376886315167622, 50.491138866739462 ], [ 3.377939045115816, 50.491038009819867 ], [ 3.382069586417706, 50.492139558515596 ], [ 3.399589019626462, 50.486362412514019 ], [ 3.466531958495541, 50.515049676127312 ], [ 3.517313211100016, 50.514187175422492 ], [ 3.53685240281569, 50.510563646625812 ], [ 3.653581394165525, 50.458261261822294 ], [ 3.664467113997798, 50.441239442406484 ], [ 3.673965656847376, 50.410605604695732 ], [ 3.674082161775504, 50.409706941681655 ], [ 3.674136012970808, 50.409125292417329 ], [ 3.674212611107957, 50.401386611559097 ], [ 3.67408411093767, 50.397118585511656 ], [ 3.673627210914564, 50.395775191008219 ], [ 3.672954878286321, 50.394247920148445 ], [ 3.66572185539226, 50.378455378406557 ], [ 3.662813424551185, 50.365819439482344 ], [ 3.676736412451621, 50.332841303434364 ], [ 3.70919870811345, 50.304193328744468 ], [ 3.711078117286137, 50.303227653410772 ], [ 3.714384825560449, 50.303729100521323 ], [ 3.720315459082032, 50.304865082535123 ], [ 3.731210870827665, 50.310183044603498 ], [ 3.732152930863823, 50.311336876817563 ], [ 3.732381437978886, 50.31196478864878 ], [ 3.73273587178904, 50.321714519403834 ], [ 3.735655628557626, 50.342539176915288 ], [ 3.739879801254908, 50.347707633300772 ], [ 3.745930785210561, 50.350429546145577 ], [ 3.747489501273631, 50.350995020359036 ], [ 3.783963433137272, 50.353604310068533 ], [ 3.78502947436394, 50.353634379699912 ], [ 3.839226147997465, 50.354439783239535 ], [ 3.881929321465926, 50.354255992455442 ], [ 3.937935285805924, 50.32854271095696 ], [ 3.992691858134387, 50.353710086446064 ], [ 4.003640677360038, 50.353650698872329 ], [ 4.202483461213907, 50.258292459588532 ], [ 4.124039134415052, 50.135925494155941 ], [ 4.211821795571433, 50.1108476610924 ], [ 4.175808823116355, 50.041412886849457 ], [ 4.141872358350286, 50.025904449279508 ], [ 4.141155557990854, 50.025278611810883 ], [ 4.140965612758793, 50.025081630318368 ], [ 4.139708242975994, 50.023773517597206 ], [ 4.138113739886277, 50.022046094354074 ], [ 4.137000656049177, 50.020529295858971 ], [ 4.136405161766657, 50.019458310203319 ], [ 4.136151597901878, 50.018204934040007 ], [ 4.136186165042218, 50.017216687778053 ], [ 4.136266535856256, 50.015556553174093 ], [ 4.136401788952822, 50.013480304650408 ], [ 4.149429119161177, 49.99041993680882 ], [ 4.148331681213723, 49.988296131390875 ], [ 4.148306214406047, 49.988246845146861 ], [ 4.151412879836283, 49.98690635997157 ], [ 4.152622776423199, 49.984763161704443 ], [ 4.202331268516717, 49.956910644114778 ], [ 4.22490164324743, 49.955152475203874 ], [ 4.227846671075448, 49.953878174655522 ], [ 4.227448748246204, 49.953701618812794 ], [ 4.19960613602636, 49.797266809173252 ], [ 4.249734144342452, 49.763208617234575 ], [ 4.061678650454155, 49.628158313363699 ], [ 4.039753963069892, 49.40973704629544 ], [ 4.038334860708406, 49.366958517653892 ], [ 3.958575911604874, 49.377567712953912 ], [ 3.636403914724239, 49.31014794376317 ], [ 3.741711917862108, 49.171038729060307 ], [ 3.755812172929122, 49.156605673916005 ], [ 3.596436161433146, 49.163143748206515 ], [ 3.586424597325889, 49.049091895793481 ], [ 3.66550900958898, 49.029213287767071 ], [ 3.480505052076249, 48.840845541958792 ], [ 3.259146184417687, 48.9569354218958 ], [ 3.152913775757126, 49.090885509707959 ], [ 3.080904245975209, 49.119890362916614 ], [ 3.000786230784206, 49.087068488456438 ], [ 2.580795733283827, 49.083904083567596 ], [ 2.291085226812482, 49.184012823567045 ], [ 1.993684971173653, 49.178773710720563 ], [ 1.739806283768024, 49.177777339624711 ], [ 1.70283739490672, 49.234652947078985 ], [ 1.709809342874994, 49.258469290685539 ], [ 1.782456296633249, 49.258826903881626 ], [ 1.729860423243313, 49.405974939517428 ], [ 1.77998381618648, 49.487040549539756 ], [ 1.72861921431995, 49.510562565902781 ], [ 1.689471029631038, 49.719516345796372 ], [ 1.784458645653534, 49.748504096308373 ], [ 1.694584107055021, 49.895389202684889 ], [ 1.44893491739116, 50.060155503876764 ], [ 1.390755821834722, 50.072157548405649 ], [ 1.43512757442207, 50.095822255028281 ], [ 1.442946569210437, 50.100287338407135 ], [ 1.444877077246865, 50.101603080928712 ], [ 1.450124808226593, 50.105555139144045 ], [ 1.453284840783633, 50.108414666936085 ], [ 1.455395518329658, 50.111437088180438 ], [ 1.458226962412768, 50.117175569714568 ], [ 1.596948138005751, 50.185567105440562 ], [ 1.674097715109681, 50.174744981675374 ], [ 1.674654924665721, 50.174882635078895 ], [ 1.675849672092398, 50.175427638229031 ], [ 1.677164349628604, 50.176422058557655 ], [ 1.683922775746072, 50.1832887626135 ], [ 1.677794031508693, 50.194003091820164 ], [ 1.684020076223498, 50.204241544162734 ], [ 1.664663503895122, 50.21237291611579 ], [ 1.663984736123446, 50.21312273725006 ], [ 1.663418140989782, 50.213658136868418 ], [ 1.587666071939034, 50.255230396191045 ], [ 1.577766707186592, 50.256291323552162 ], [ 1.57412820257122, 50.256223853696106 ], [ 1.557349001030207, 50.361799389814095 ], [ 1.557566545950236, 50.364923843474564 ], [ 1.576786287850243, 50.639389156422709 ], [ 1.574357943016288, 50.716236632594757 ], [ 1.591419106298932, 50.870586939651965 ], [ 1.611447455459522, 50.880233260439439 ], [ 1.652603059467406, 50.883073604517563 ], [ 1.68114313314537, 50.913745676566883 ], [ 1.714785373350273, 50.929891463332616 ], [ 1.746785463596007, 50.944306162890392 ], [ 1.773250199932799, 50.952603819271687 ], [ 1.781470865132801, 50.954936117329069 ], [ 1.934613323812535, 50.986482217347699 ], [ 2.040405423136744, 51.005514048738767 ], [ 2.086317008312671, 51.012714851787813 ], [ 2.087060050467065, 51.012831235101885 ], [ 2.356381291543058, 51.058924211647856 ], [ 2.366385123120526, 51.052701464703944 ], [ 2.369740196806408, 51.050540190667775 ], [ 2.370166731324279, 51.05036078810744 ], [ 2.381784403741469, 51.048698740090209 ], [ 2.382922146424458, 51.048743150614101 ], [ 2.395965024013536, 51.050396127456871 ], [ 2.400317679981109, 51.051021517470673 ], [ 2.409080675954901, 51.052594527836533 ], [ 2.42548460396804, 51.055685704641938 ], [ 2.482134393410573, 51.069733692225391 ], [ 2.48320223858437, 51.070003616859772 ], [ 2.494195724667954, 51.073134477494378 ], [ 2.5470477754299, 51.088466128073229 ], [ 2.563026517808225, 51.059367232902645 ] ] ] ] } },
{ "type": "Feature", "properties": { "code_geog": "44", "libelle_geog": "Grand Est", "area": 57188.051, "x": 5.612, "y": 48.689 }, "geometry": { "type": "MultiPolygon", "coordinates": [ [ [ [ 4.808254467296991, 49.95520456075495 ], [ 4.856311170414366, 49.795019776291511 ], [ 4.857494348956505, 49.792291030548526 ], [ 4.860247174721457, 49.790437028933617 ], [ 4.861255222827299, 49.789778199920576 ], [ 4.862344136460699, 49.789351265079951 ], [ 4.864135036129767, 49.789089386536567 ], [ 4.876818383560355, 49.788005217608486 ], [ 4.874871900200021, 49.775587599001554 ], [ 4.933797665851348, 49.779096197265225 ], [ 4.943599780509484, 49.792650257589528 ], [ 5.034730095837172, 49.776046531140075 ], [ 5.118396638105403, 49.737113684172989 ], [ 5.123610800374296, 49.728633586589361 ], [ 5.123876192107687, 49.721070507715211 ], [ 5.123796537476796, 49.717334263418905 ], [ 5.126232124802182, 49.712461830783084 ], [ 5.165084203802619, 49.693436255440382 ], [ 5.16589693516767, 49.693105004965417 ], [ 5.166791033060966, 49.692992009200616 ], [ 5.222032318058503, 49.688723385707576 ], [ 5.386087324299654, 49.611746488962069 ], [ 5.386411427709104, 49.611593959680036 ], [ 5.44717721103047, 49.534807615606603 ], [ 5.451494694268487, 49.518669539593233 ], [ 5.458953933867099, 49.519895058905917 ], [ 5.474288999897365, 49.500461565640819 ], [ 5.474722375454574, 49.499912119483113 ], [ 5.734045658856023, 49.558562024650669 ], [ 5.762077294164151, 49.561012177628896 ], [ 5.823283831206557, 49.531851281708455 ], [ 5.836607991860298, 49.520035047540993 ], [ 5.851188236222529, 49.508336485064646 ], [ 5.864413860825851, 49.500910337240995 ], [ 5.910160063522992, 49.48167735359953 ], [ 5.982616635391255, 49.451148685588521 ], [ 5.983098329202472, 49.451134107824458 ], [ 6.007468601815946, 49.453130455932119 ], [ 6.011872149417461, 49.45142252788618 ], [ 6.021865872121617, 49.454307452507855 ], [ 6.030271280924553, 49.454993785168242 ], [ 6.098686355600518, 49.46471168186396 ], [ 6.108336555557054, 49.471876341339581 ], [ 6.218480727454113, 49.50502732639054 ], [ 6.24149512154052, 49.501000180927718 ], [ 6.269481903904781, 49.496096156958444 ], [ 6.289299749680149, 49.484871910336096 ], [ 6.297701591297928, 49.480351084056871 ], [ 6.364957296786876, 49.459566986176952 ], [ 6.369412938803573, 49.459903631042543 ], [ 6.39499347840211, 49.464414437028928 ], [ 6.40376068733086, 49.466034672973876 ], [ 6.408176549084972, 49.467594512737655 ], [ 6.409472357405376, 49.468270287410817 ], [ 6.4139877249967, 49.470656190513672 ], [ 6.472551854001551, 49.460289373151127 ], [ 6.662073293131878, 49.254678355035402 ], [ 6.703012653262133, 49.210001752078661 ], [ 6.717972722747053, 49.193652703297836 ], [ 6.711919332570695, 49.188613419274695 ], [ 6.720838459356816, 49.175898050905204 ], [ 6.72152537866006, 49.175069743400279 ], [ 6.735346423250477, 49.166121742610528 ], [ 6.739065409962933, 49.163735271192799 ], [ 6.811185438955719, 49.158284562966088 ], [ 6.85433837147183, 49.151280893178502 ], [ 6.849179060125887, 49.163785043768549 ], [ 6.8592298170894, 49.17495701731179 ], [ 6.859386326545943, 49.175176104513426 ], [ 6.861501773832962, 49.178786154889742 ], [ 6.862250924387106, 49.181061819482089 ], [ 6.86238428073858, 49.181641771477125 ], [ 6.852328903531999, 49.200191736565294 ], [ 6.852086632735208, 49.200560852270733 ], [ 6.873787782432647, 49.214608632827911 ], [ 6.886656639268589, 49.214897842690178 ], [ 6.971666039974118, 49.202613183463505 ], [ 7.003801739139565, 49.197952012834413 ], [ 7.011810225574046, 49.194709967988253 ], [ 7.011810365385364, 49.194709911117734 ], [ 7.022754108777709, 49.190253675299878 ], [ 7.031132362325287, 49.177927304287728 ], [ 7.042696742882844, 49.145690007700274 ], [ 7.045817423729966, 49.126547130390925 ], [ 7.068099912364328, 49.115585933486301 ], [ 7.264492755068894, 49.123244642220747 ], [ 7.308772355402936, 49.118968051422037 ], [ 7.369617035290817, 49.173144911322581 ], [ 7.377216102167834, 49.174418351455216 ], [ 7.385669546621098, 49.175763823860358 ], [ 7.399040570477381, 49.177707749781014 ], [ 7.489189935319056, 49.153633004008704 ], [ 7.492755236591487, 49.152679008010402 ], [ 7.50452038027472, 49.149529908185535 ], [ 7.506167890752676, 49.122698115972469 ], [ 7.524906896072713, 49.10229309489862 ], [ 7.524702307778777, 49.100260603662839 ], [ 7.528115376087085, 49.098797411002039 ], [ 7.529513847329787, 49.097273577996575 ], [ 7.545924927746361, 49.088148367803711 ], [ 7.549573870207585, 49.086404278803123 ], [ 7.552594553763193, 49.085092740161414 ], [ 7.563716669076275, 49.080527174525066 ], [ 7.615842441452987, 49.061125952422678 ], [ 7.635582822159601, 49.052632477826577 ], [ 7.635929958812147, 49.052483064123209 ], [ 7.643610977890811, 49.052388454803079 ], [ 7.675017970385529, 49.045109120707636 ], [ 7.686225396048306, 49.051854585275706 ], [ 7.818716321805803, 49.050097668747505 ], [ 7.837127399929733, 49.049841898388657 ], [ 7.850311104053887, 49.044005628876064 ], [ 7.851193714410094, 49.043289241959862 ], [ 7.851740218962132, 49.042633418342483 ], [ 7.851965005406795, 49.042172620292348 ], [ 7.852656764313378, 49.0391589226439 ], [ 7.852650099108194, 49.037943113104582 ], [ 7.875173231210171, 49.040098104454231 ], [ 7.905052400684157, 49.045002732447166 ], [ 7.919172073452376, 49.048667619442128 ], [ 7.932872542207659, 49.048466039572745 ], [ 7.954503745239697, 49.041797496968137 ], [ 7.970089021514847, 49.036989297408311 ], [ 7.986815920941391, 49.027265689664254 ], [ 8.087432375629307, 48.990597555852709 ], [ 8.140260693604885, 48.978242594942252 ], [ 8.142143305773359, 48.977979703551838 ], [ 8.196314526527201, 48.956273549843019 ], [ 8.171779928553413, 48.919903202509552 ], [ 8.071422380171969, 48.791269900896332 ], [ 8.049544082106921, 48.777111033597862 ], [ 7.973930054322524, 48.760402544632079 ], [ 7.83736927500045, 48.631404835483309 ], [ 7.835060484619788, 48.629292524015483 ], [ 7.834776604472901, 48.628947912604197 ], [ 7.829657635509546, 48.624096106656275 ], [ 7.82878082326653, 48.621668179349378 ], [ 7.804689150404591, 48.592393481316613 ], [ 7.804371705564637, 48.591957598137441 ], [ 7.802874207712392, 48.589467646685065 ], [ 7.802278734469573, 48.588323715378493 ], [ 7.800923777876003, 48.58460164211769 ], [ 7.734072666482826, 48.398742295004986 ], [ 7.733497270150282, 48.397101467352456 ], [ 7.733297762477553, 48.396479778471488 ], [ 7.732366366287493, 48.392962770425036 ], [ 7.732065049525063, 48.391354442561919 ], [ 7.731664879318664, 48.388263690390843 ], [ 7.731429709796002, 48.384804903386524 ], [ 7.731363249429172, 48.383636406755691 ], [ 7.731414598389013, 48.382822989227783 ], [ 7.731685183778873, 48.380332335041558 ], [ 7.731873691475899, 48.378881802442969 ], [ 7.731983509340186, 48.378110762871714 ], [ 7.73252194917821, 48.375463639371958 ], [ 7.732952313161823, 48.373866840910765 ], [ 7.734716452698633, 48.36828872164218 ], [ 7.736174777357338, 48.363897723419136 ], [ 7.718509283713596, 48.314422189480723 ], [ 7.569498252516225, 48.111283046218702 ], [ 7.569504227434619, 48.111162240191007 ], [ 7.570895484935591, 48.083019950300205 ], [ 7.570166154885235, 48.07611821298643 ], [ 7.569010613110906, 48.035433782042603 ], [ 7.569220200609069, 48.03416265939962 ], [ 7.569617058031955, 48.033423912286587 ], [ 7.570865542471321, 48.031790881639594 ], [ 7.572140717557271, 48.030427015469968 ], [ 7.57354675954709, 48.029305390179253 ], [ 7.574218754248242, 48.015673190458195 ], [ 7.619011966536203, 47.986197278321576 ], [ 7.619138952163545, 47.985953429388111 ], [ 7.620094359669481, 47.98343163941697 ], [ 7.620230515209659, 47.983022311338303 ], [ 7.610230386895371, 47.954324714236627 ], [ 7.610191924137867, 47.954214269696635 ], [ 7.60935319133532, 47.953226831717039 ], [ 7.606475187006706, 47.950607652475 ], [ 7.564084853364329, 47.885680364140079 ], [ 7.531779623195691, 47.78680661240174 ], [ 7.512623415227883, 47.700364541007794 ], [ 7.512369937994188, 47.697085857669542 ], [ 7.512654772860824, 47.695901406795031 ], [ 7.516151477227523, 47.682745521339804 ], [ 7.511835381737153, 47.6702164644582 ], [ 7.522837876548516, 47.662388683387817 ], [ 7.52285701109718, 47.662366212648422 ], [ 7.534336348886528, 47.652208309970888 ], [ 7.535510121517581, 47.651254385777321 ], [ 7.538942388614772, 47.648847216466621 ], [ 7.541400006468439, 47.647385012778471 ], [ 7.542728364283778, 47.646649426967414 ], [ 7.546031323543093, 47.644968938937296 ], [ 7.549885179047446, 47.643131385710127 ], [ 7.553786716881412, 47.640351859955409 ], [ 7.571590495344569, 47.627662731281298 ], [ 7.591535954714889, 47.604787568035576 ], [ 7.592577507830767, 47.603326903191949 ], [ 7.559138281352247, 47.564738529772391 ], [ 7.53747995480554, 47.555706094879703 ], [ 7.508697235328631, 47.506404786276107 ], [ 7.496129069335889, 47.491846493673307 ], [ 7.493457209164741, 47.488750340168231 ], [ 7.466176783123191, 47.485103284908959 ], [ 7.430409415864557, 47.459124601654914 ], [ 7.428940932079688, 47.453350472311641 ], [ 7.424562523806572, 47.449089111164525 ], [ 7.41460174331501, 47.444016322934729 ], [ 7.398050714670605, 47.435583225211253 ], [ 7.397120184191483, 47.435231636089121 ], [ 7.386087843324987, 47.431657547697945 ], [ 7.346626797245864, 47.429401944031561 ], [ 7.195966055508647, 47.435828256905992 ], [ 7.188061596198455, 47.440058651817672 ], [ 7.180723483483481, 47.446839717345448 ], [ 7.184973567602523, 47.493526990700303 ], [ 7.137183790133149, 47.509826068506179 ], [ 7.136667746914673, 47.509658871556397 ], [ 7.136670559469525, 47.509792717607766 ], [ 7.088206130890998, 47.597636190698793 ], [ 7.043367499829023, 47.728224415083339 ], [ 6.864294519072272, 47.783007141890778 ], [ 6.83933296116423, 47.82211851643364 ], [ 6.587367642614817, 47.945978402609548 ], [ 6.403419263513803, 47.952522310942861 ], [ 6.155379160623593, 47.956122165900538 ], [ 5.984848161234891, 47.952035280710547 ], [ 5.877086617848321, 47.931525297111882 ], [ 5.807777202786126, 47.847841484329521 ], [ 5.751571375380911, 47.854265149696587 ], [ 5.67641162179905, 47.784976014304497 ], [ 5.723981629140906, 47.755016466867353 ], [ 5.68391249645792, 47.679941382935567 ], [ 5.585019837097882, 47.677979075266251 ], [ 5.387804332063819, 47.683318146301502 ], [ 5.375860983489297, 47.597880443745481 ], [ 5.32039037101463, 47.61360995521143 ], [ 5.176203009565535, 47.683912074548573 ], [ 5.029710214177135, 47.71597236464553 ], [ 4.906033299890052, 47.785443620070822 ], [ 4.985590373414746, 47.821766497678183 ], [ 4.817003407916297, 47.99690817960235 ], [ 4.704445934401622, 48.018285163533633 ], [ 4.577013945854236, 48.025554022538728 ], [ 4.282518578426942, 47.930830377210626 ], [ 3.918129300186367, 47.931411308768396 ], [ 3.899144149306319, 48.007813569333443 ], [ 3.733654304120843, 48.18597714798382 ], [ 3.697839853037242, 48.17688077023864 ], [ 3.689870812671712, 48.143663004138396 ], [ 3.56303156738688, 48.192638618795819 ], [ 3.614799779705192, 48.272977806282277 ], [ 3.495974367586583, 48.378879957437334 ], [ 3.42417578442082, 48.360532761337566 ], [ 3.406338219034462, 48.389517905541815 ], [ 3.40084298167391, 48.470466884251387 ], [ 3.547456410930505, 48.621326383467959 ], [ 3.464025227978605, 48.745856065906743 ], [ 3.420876279926672, 48.746257342535316 ], [ 3.406880151361263, 48.765412922668219 ], [ 3.480505052076249, 48.840845541958792 ], [ 3.66550900958898, 49.029213287767071 ], [ 3.586424597325889, 49.049091895793481 ], [ 3.596436161433146, 49.163143748206515 ], [ 3.755812172929122, 49.156605673916005 ], [ 3.741711917862108, 49.171038729060307 ], [ 3.636403914724239, 49.31014794376317 ], [ 3.958575911604874, 49.377567712953912 ], [ 4.038334860708406, 49.366958517653892 ], [ 4.039753963069892, 49.40973704629544 ], [ 4.061678650454155, 49.628158313363699 ], [ 4.249734144342452, 49.763208617234575 ], [ 4.19960613602636, 49.797266809173252 ], [ 4.227448748246204, 49.953701618812794 ], [ 4.227846671075448, 49.953878174655522 ], [ 4.2281099392125, 49.953764252892164 ], [ 4.282886731685852, 49.950615849912474 ], [ 4.447549880910846, 49.93757784669986 ], [ 4.512085636831825, 49.947273501916236 ], [ 4.685015853793908, 49.99655240665269 ], [ 4.688433587366736, 50.000849185739149 ], [ 4.686493583501771, 50.025710410538785 ], [ 4.683783910589272, 50.064990578539842 ], [ 4.684335748233901, 50.069066115094522 ], [ 4.692723033296564, 50.083473128784192 ], [ 4.693551667096419, 50.08480195462964 ], [ 4.693625567642631, 50.08489033235734 ], [ 4.702681856915016, 50.095599423405204 ], [ 4.756915889369576, 50.130394189563091 ], [ 4.766385937903605, 50.135814938445691 ], [ 4.824883286204465, 50.160802792510744 ], [ 4.832585748578531, 50.154027566441812 ], [ 4.864204999884514, 50.152448796083831 ], [ 4.867183816116848, 50.151992363671113 ], [ 4.878718468538692, 50.146328709679054 ], [ 4.845727037056849, 50.064405729117006 ], [ 4.829858317467911, 50.048111160466938 ], [ 4.800051354174316, 49.982441989949891 ], [ 4.805538078958405, 49.964227388198097 ], [ 4.80294153483621, 49.957740519171651 ], [ 4.808254467296991, 49.95520456075495 ] ] ] ] } },
{ "type": "Feature", "properties": { "code_geog": "52", "libelle_geog": "Pays de la Loire", "area": 32332.108, "x": -0.81, "y": 47.48 }, "geometry": { "type": "MultiPolygon", "coordinates": [ [ [ [ -2.157697960145675, 46.909121893227102 ], [ -2.205376915774775, 46.932398970793152 ], [ -2.247645099591791, 46.960881865612258 ], [ -2.262561141572641, 46.960284479239434 ], [ -2.263462516297113, 46.960950338903338 ], [ -2.277414406856487, 46.972634841388995 ], [ -2.299358119023412, 47.005218702426284 ], [ -2.305315198238392, 47.024915725515619 ], [ -2.295643009960999, 47.026228362520982 ], [ -2.251089341730143, 47.028017600193316 ], [ -2.250276745152673, 47.0277590058773 ], [ -2.227490624138497, 47.018104978289941 ], [ -2.207780515857984, 46.994642116399106 ], [ -2.227843509973486, 46.979220915570778 ], [ -2.147915816844825, 46.927734739894703 ], [ -2.148901331037304, 46.92312418010151 ], [ -2.157697960145675, 46.909121893227102 ] ] ], [ [ [ -0.051498925378397, 48.379699478380168 ], [ 0.055396291867801, 48.386574745242093 ], [ 0.096205770564696, 48.434960782770531 ], [ 0.244414366855756, 48.485277367471483 ], [ 0.367128264867631, 48.458830379263375 ], [ 0.401018996786757, 48.316593777359024 ], [ 0.638253978459989, 48.263135001330355 ], [ 0.733214881706009, 48.18830914819921 ], [ 0.811348324754305, 48.194109729144344 ], [ 0.828316286724897, 48.099127494366641 ], [ 0.818910298897118, 47.93239405810958 ], [ 0.764951177986402, 47.841225668023519 ], [ 0.598901786624536, 47.729361942961589 ], [ 0.586526223661809, 47.676799772559058 ], [ 0.371787920659738, 47.573371346174568 ], [ 0.222218762043151, 47.618366157402448 ], [ 0.188359983672058, 47.378640185796783 ], [ 0.088298357355315, 47.290417381451697 ], [ 0.058218680279645, 47.172321192420171 ], [ -0.090136667655891, 47.054966532460249 ], [ -0.187847380681005, 47.057625117976073 ], [ -0.162216947771885, 47.105823092805018 ], [ -0.558397051459016, 47.077477523225895 ], [ -0.548360318290785, 47.020553818943839 ], [ -0.630278510309794, 46.98987838180124 ], [ -0.88638223804604, 46.96391059120316 ], [ -0.695756707011983, 46.792799894021442 ], [ -0.632071345278524, 46.518094418252147 ], [ -0.542026312862881, 46.382222862936082 ], [ -0.750838700434982, 46.300485562246529 ], [ -0.940189237387906, 46.361892637326299 ], [ -1.135241153957091, 46.313515151722292 ], [ -1.161858533615547, 46.323821953279285 ], [ -1.17324386400816, 46.32162698139576 ], [ -1.191744329486335, 46.32578927433304 ], [ -1.193139162854061, 46.317788208924291 ], [ -1.200243755559504, 46.316416410143823 ], [ -1.201201966533335, 46.316161347300891 ], [ -1.202219177104555, 46.315814371591223 ], [ -1.20738956580983, 46.278457001460836 ], [ -1.299577495285733, 46.311506199155659 ], [ -1.339290356724006, 46.340993816438811 ], [ -1.342606192476421, 46.34291282567267 ], [ -1.395997200272136, 46.341395771012017 ], [ -1.705321352945095, 46.456751081982937 ], [ -1.732485491840486, 46.466817788648953 ], [ -1.748095529876599, 46.472598055333414 ], [ -1.751249476121783, 46.474232139805821 ], [ -1.759858773623, 46.48031867867887 ], [ -1.760149421405428, 46.480713618497305 ], [ -1.769081261003631, 46.489310503651517 ], [ -1.776261465708742, 46.492834850880556 ], [ -1.777603207021245, 46.493326858441065 ], [ -1.780478483701438, 46.494258836429395 ], [ -1.782655636186159, 46.494585387963141 ], [ -1.784422064491878, 46.494656508468154 ], [ -1.786708849268525, 46.494708727748183 ], [ -1.790416346753119, 46.49457419242195 ], [ -1.791042847408465, 46.494236117311495 ], [ -1.793969841418034, 46.492418009138191 ], [ -1.795124435122234, 46.48999207771574 ], [ -1.79601361383501, 46.490320653182025 ], [ -1.830750611709682, 46.548376827525281 ], [ -1.853371891876933, 46.60448755797664 ], [ -1.855132771473998, 46.608657332491212 ], [ -1.85562144418011, 46.60927002892852 ], [ -1.856146199494294, 46.609926444577304 ], [ -1.923247563460786, 46.674975215445983 ], [ -1.936523463491338, 46.695968147837675 ], [ -1.979363900174882, 46.71971130376371 ], [ -1.999523764044669, 46.734220352915493 ], [ -2.008144302685119, 46.740380196088047 ], [ -2.05735784686257, 46.774990687301646 ], [ -2.06115821833182, 46.777367495300602 ], [ -2.062328150728719, 46.778043324386388 ], [ -2.065968873745092, 46.780065701641625 ], [ -2.071052535900779, 46.782888356682008 ], [ -2.07289853555813, 46.783808334040344 ], [ -2.075282337858812, 46.784887739137965 ], [ -2.095650282264706, 46.7941017851632 ], [ -2.101852125500486, 46.796674811778225 ], [ -2.116297913554902, 46.803436731515532 ], [ -2.121648024327236, 46.806246935373579 ], [ -2.124328862865783, 46.80771930925598 ], [ -2.128680078344141, 46.810342905808959 ], [ -2.139291702188179, 46.817227061222688 ], [ -2.140128929397545, 46.817825072203789 ], [ -2.140853994215497, 46.81865274949341 ], [ -2.141156712526673, 46.819136512705903 ], [ -2.142040537837802, 46.821084370024323 ], [ -2.14256744582133, 46.822685753868292 ], [ -2.143604469889021, 46.826474902791283 ], [ -2.143657134253251, 46.826743176780944 ], [ -2.143832413739266, 46.827637431976392 ], [ -2.144974091776828, 46.83426100896915 ], [ -2.150941412024669, 46.876740243792426 ], [ -2.142523457343176, 46.890856933378998 ], [ -2.126807118164592, 46.89232667295726 ], [ -2.08076256674398, 46.938264317662721 ], [ -2.056956064498999, 46.959282441551586 ], [ -1.969975816151192, 47.023482404291265 ], [ -1.969585594282896, 47.023769931811636 ], [ -1.979527026578747, 47.027495439961996 ], [ -1.979229374629805, 47.027816276705408 ], [ -1.979247428207765, 47.028040842400884 ], [ -1.97952029918967, 47.028976610442875 ], [ -1.996449535356426, 47.052620493703472 ], [ -1.999864559300765, 47.056546044157663 ], [ -2.000648773064205, 47.058093159174049 ], [ -2.001542680541015, 47.059365831790757 ], [ -2.003827320481587, 47.061531997176345 ], [ -2.056433819595012, 47.095347664451438 ], [ -2.082519828965253, 47.102907532075697 ], [ -2.109990746411181, 47.110363154340511 ], [ -2.1991514486443, 47.158828462475427 ], [ -2.168787426206368, 47.262775060352958 ], [ -2.165236071881811, 47.263321939936979 ], [ -2.032575005240818, 47.283664355369346 ], [ -2.03212190300303, 47.288140903368394 ], [ -2.009604011388481, 47.291360978227537 ], [ -2.009520097238529, 47.299386104240391 ], [ -2.00973844188367, 47.307810536642208 ], [ -2.010066761529021, 47.314284816765429 ], [ -2.011500953368382, 47.314816402056493 ], [ -2.014347466584908, 47.315610069442208 ], [ -2.016280710566408, 47.315762417667017 ], [ -2.017793108551634, 47.315860787439604 ], [ -2.018478096052002, 47.315904768427984 ], [ -2.029318589691859, 47.315820262010092 ], [ -2.028696507910842, 47.321958654423241 ], [ -2.188658834897793, 47.306260415810897 ], [ -2.22195462924219, 47.278679052618124 ], [ -2.262712621953731, 47.244864015193826 ], [ -2.330052318417132, 47.25069818886093 ], [ -2.49367635987908, 47.275359516759664 ], [ -2.518039552421089, 47.282437114743416 ], [ -2.549809269579042, 47.333741221730712 ], [ -2.553747701578654, 47.378597031392424 ], [ -2.486590136314456, 47.411340133383142 ], [ -2.466554982911717, 47.436794970830867 ], [ -2.448932444144744, 47.447527205458165 ], [ -2.448930549199023, 47.447650870107402 ], [ -2.106722821461463, 47.529585520762737 ], [ -2.096055757209531, 47.644103282673619 ], [ -1.645731467969386, 47.721850495000503 ], [ -1.484505947028644, 47.836867972465839 ], [ -1.253664051498697, 47.772725833265206 ], [ -1.233104479797852, 47.812012441172193 ], [ -1.146885016676647, 47.976079107457373 ], [ -1.026494990509954, 47.979602688048296 ], [ -1.081012252940828, 48.27337236359822 ], [ -1.053035676869956, 48.50279880165882 ], [ -0.873893540732315, 48.503037690464332 ], [ -0.741749767292713, 48.44940865699057 ], [ -0.549812672420241, 48.473304329375772 ], [ -0.300938073497894, 48.507688256962645 ], [ -0.261312326215405, 48.575214083918688 ], [ -0.138129791624986, 48.549292338160235 ], [ -0.051498925378397, 48.379699478380168 ] ] ] ] } },
{ "type": "Feature", "properties": { "code_geog": "53", "libelle_geog": "Bretagne", "area": 27179.763, "x": -2.825, "y": 48.178 }, "geometry": { "type": "MultiPolygon", "coordinates": [ [ [ [ -3.11098899121001, 47.288871128391783 ], [ -3.111516526433862, 47.288846205001263 ], [ -3.112505654269135, 47.288799468163667 ], [ -3.113155911613115, 47.288678566456269 ], [ -3.114160587451152, 47.288135134416407 ], [ -3.115461075682913, 47.287893308740763 ], [ -3.115918076302906, 47.28782661375692 ], [ -3.116247778238979, 47.287811023236372 ], [ -3.116473095881125, 47.288070884649741 ], [ -3.116716747860015, 47.288510222425586 ], [ -3.11788358643956, 47.288905895741991 ], [ -3.118213294428142, 47.288890299644279 ], [ -3.118761996207274, 47.289720978779492 ], [ -3.118798675585008, 47.290079933356523 ], [ -3.119151315981251, 47.290288680317964 ], [ -3.119833677722347, 47.290481825429211 ], [ -3.120479351894644, 47.290316013533804 ], [ -3.121241422027852, 47.290640637350791 ], [ -3.121966801397384, 47.290606303514764 ], [ -3.122457644251762, 47.290222377803559 ], [ -3.122905480536648, 47.290065916951775 ], [ -3.123503553631813, 47.290082686054959 ], [ -3.12390838779235, 47.290153689554479 ], [ -3.124224333880879, 47.290003469002649 ], [ -3.125172160226545, 47.289552802200383 ], [ -3.125630835823847, 47.288854779332027 ], [ -3.126744311985877, 47.288080646435127 ], [ -3.127165112189349, 47.28789096724244 ], [ -3.138232253976097, 47.290231206553038 ], [ -3.138230072171764, 47.290241095031092 ], [ -3.138127343799606, 47.291824013374899 ], [ -3.137805295616752, 47.292560692153536 ], [ -3.137809895999775, 47.292605560708104 ], [ -3.138069075880196, 47.292548170242412 ], [ -3.138366589155676, 47.292218437351373 ], [ -3.138570545530325, 47.291622623690905 ], [ -3.138587391286036, 47.29049465142149 ], [ -3.138721521480658, 47.290334636953986 ], [ -3.141621426864306, 47.29094762145531 ], [ -3.145226395802303, 47.291709522001938 ], [ -3.145625044940243, 47.291918684376277 ], [ -3.146344387476404, 47.292470618290118 ], [ -3.147275406966907, 47.293147744194776 ], [ -3.147605132330131, 47.293132063724748 ], [ -3.14790720046355, 47.292847174549763 ], [ -3.148100425221988, 47.292792897174238 ], [ -3.14856664704215, 47.292815809976744 ], [ -3.148862698563203, 47.293117338300767 ], [ -3.149049914463486, 47.293649481125179 ], [ -3.149327530269018, 47.293771536856589 ], [ -3.150330551031114, 47.293859080022173 ], [ -3.151447015460193, 47.293760866069604 ], [ -3.152135511321904, 47.293367399201784 ], [ -3.152262789203142, 47.293316253623054 ], [ -3.152592514247406, 47.293300559882773 ], [ -3.152959148950376, 47.293643806631025 ], [ -3.153600620422452, 47.293478873921956 ], [ -3.153836992984953, 47.293528805847401 ], [ -3.15953840390403, 47.294733001657747 ], [ -3.15971071378918, 47.294855197936883 ], [ -3.159738432433526, 47.295124403493737 ], [ -3.159318378062358, 47.295550211744469 ], [ -3.159223437799436, 47.295915437286546 ], [ -3.159335579361316, 47.296360969539357 ], [ -3.159617851481465, 47.296527868146192 ], [ -3.160399993038364, 47.296400415125348 ], [ -3.161370732854482, 47.296173789946948 ], [ -3.161832368808539, 47.296151780978406 ], [ -3.162105404272455, 47.296228938556112 ], [ -3.162731292401402, 47.29651470939308 ], [ -3.162759027039303, 47.296783914043907 ], [ -3.162118026886006, 47.296994829101038 ], [ -3.162004616558105, 47.297180587728036 ], [ -3.162098295454721, 47.297446647281134 ], [ -3.162310011415896, 47.297571816136184 ], [ -3.163331615363042, 47.29783871571086 ], [ -3.163859215570356, 47.297813554415704 ], [ -3.163878930902869, 47.297361735177667 ], [ -3.164194807569201, 47.297211406276411 ], [ -3.164533800450565, 47.297285412508792 ], [ -3.165922159186112, 47.297895497593899 ], [ -3.166486762234304, 47.298229261860328 ], [ -3.166500639371587, 47.298363863646173 ], [ -3.166347850213978, 47.299453264418659 ], [ -3.166464684519574, 47.299943656344126 ], [ -3.166336212240052, 47.300626104506414 ], [ -3.166425293704918, 47.30084729381754 ], [ -3.166706422218569, 47.301645461829722 ], [ -3.167243310942702, 47.301710018699296 ], [ -3.168228000146061, 47.301617938183142 ], [ -3.168200236921987, 47.301348735308011 ], [ -3.167523368996423, 47.300569456504 ], [ -3.167415776393698, 47.300168799280065 ], [ -3.167533801483607, 47.300027902761364 ], [ -3.168004721837431, 47.30009560367769 ], [ -3.170236696004557, 47.300530111753524 ], [ -3.171065168093342, 47.300851256840758 ], [ -3.171290806898956, 47.301111010293027 ], [ -3.171379909467265, 47.301332194859526 ], [ -3.171794154536155, 47.301492763979354 ], [ -3.172895729208033, 47.301891029906209 ], [ -3.173682549694442, 47.301808353685303 ], [ -3.174450836701428, 47.301546204623072 ], [ -3.175026979747277, 47.30070708565836 ], [ -3.17524909343575, 47.30029067638614 ], [ -3.175433049758161, 47.300146619967371 ], [ -3.176098282876769, 47.299528677577861 ], [ -3.176593453386054, 47.29918938952374 ], [ -3.177493589828273, 47.298920914647674 ], [ -3.17814845892635, 47.298844514317921 ], [ -3.178459666768888, 47.298649279096821 ], [ -3.178794053228109, 47.298678376811864 ], [ -3.179226844690696, 47.299018386666283 ], [ -3.179354620772838, 47.299228699576894 ], [ -3.179386564949712, 47.29928127777972 ], [ -3.179796179452692, 47.299396951845956 ], [ -3.180658179103582, 47.299400807167153 ], [ -3.181247098073633, 47.299327544353986 ], [ -3.181487710115782, 47.29909058959354 ], [ -3.181286237117153, 47.298423901368629 ], [ -3.181098682609983, 47.297891811777099 ], [ -3.181165650229111, 47.297257368497839 ], [ -3.181223340964471, 47.296533191578504 ], [ -3.181360889726012, 47.295940459246566 ], [ -3.181483160873384, 47.295756029105831 ], [ -3.200301669164316, 47.296198574809992 ], [ -3.200850447938793, 47.29662948617527 ], [ -3.201212761355438, 47.296927714824214 ], [ -3.201188706362406, 47.297334673597305 ], [ -3.20092878680042, 47.298023494735681 ], [ -3.200273168213946, 47.29873131237315 ], [ -3.199391762282508, 47.299179427617929 ], [ -3.198105336643938, 47.299556795892016 ], [ -3.197483049689599, 47.299947370741165 ], [ -3.19706791015089, 47.300418181500099 ], [ -3.197119075840658, 47.300911706572386 ], [ -3.197260283641376, 47.30099510978237 ], [ -3.19791980119951, 47.300963464004703 ], [ -3.198758561819844, 47.300742854261188 ], [ -3.198876505947819, 47.300601925918201 ], [ -3.198862547104082, 47.300467328139234 ], [ -3.200102449500933, 47.299641293652122 ], [ -3.201087044158191, 47.299548932531785 ], [ -3.201939735905656, 47.299462897247501 ], [ -3.202764488316181, 47.299107660934624 ], [ -3.203188881458594, 47.298726561076528 ], [ -3.203693185256025, 47.29847688900157 ], [ -3.203967764604024, 47.297983495252062 ], [ -3.20402833341111, 47.297874625107433 ], [ -3.203939100730846, 47.297653464477413 ], [ -3.205273488208995, 47.296462111942382 ], [ -3.205527954408862, 47.296359703495973 ], [ -3.206070602855932, 47.296333624446724 ], [ -3.224913229391244, 47.296772715133393 ], [ -3.235650805734728, 47.301761900807008 ], [ -3.237016306356057, 47.302778096123916 ], [ -3.237887387695656, 47.303502540925216 ], [ -3.244290809504486, 47.3103370791153 ], [ -3.244943052032736, 47.377564868210115 ], [ -3.245040881743967, 47.387633644825129 ], [ -3.24414744101843, 47.38766079095052 ], [ -3.243323540561425, 47.3874290505955 ], [ -3.240183320959061, 47.383201261857415 ], [ -3.234080835654922, 47.379437675983873 ], [ -3.137636683501128, 47.32904374694445 ], [ -3.106922433790518, 47.317872785429671 ], [ -3.103825324723691, 47.316756482356361 ], [ -3.101838826894143, 47.316128776631793 ], [ -3.100544133283855, 47.315784032361378 ], [ -3.099932064909937, 47.315632535571957 ], [ -3.11098899121001, 47.288871128391783 ] ] ], [ [ [ -3.030700225080747, 48.792488675538038 ], [ -3.039017304983889, 48.789958442262979 ], [ -3.02489318323097, 48.774984425031022 ], [ -2.893910586201786, 48.683776511343062 ], [ -2.881133502532893, 48.674001766314085 ], [ -2.876914836192991, 48.670773272287995 ], [ -2.687470225902582, 48.496703588190577 ], [ -2.68241424225571, 48.495711491458742 ], [ -2.630797670885749, 48.528223513908983 ], [ -2.617473798880308, 48.544987532845539 ], [ -2.565527705335003, 48.582704017640069 ], [ -2.551369779750857, 48.592683961521921 ], [ -2.326913537650205, 48.673358715886586 ], [ -2.308341652335837, 48.637592310390161 ], [ -2.211158364700394, 48.591445606051053 ], [ -2.202678768191737, 48.584688828381935 ], [ -2.200448446156535, 48.586350110702078 ], [ -2.181704512725968, 48.577427471429097 ], [ -2.180651282071192, 48.577017479921416 ], [ -2.179057883241834, 48.57663710474484 ], [ -2.175976090985073, 48.576304491886177 ], [ -2.175367510809186, 48.57632770492134 ], [ -2.174702967813424, 48.57648811385608 ], [ -2.165188834007481, 48.581640782278527 ], [ -2.158105860891282, 48.587465613734508 ], [ -2.158030746012836, 48.588954138809726 ], [ -2.162770868542582, 48.593030668897782 ], [ -2.162876172360983, 48.593076186932116 ], [ -2.163668331773559, 48.593412980376527 ], [ -2.164280994352398, 48.593434700003179 ], [ -2.130823625317015, 48.609311849823847 ], [ -2.069582927078543, 48.638323589497276 ], [ -2.025774344705385, 48.65853267188286 ], [ -1.891560653534437, 48.699275902113961 ], [ -1.855894265255317, 48.704013173350866 ], [ -1.848063549045835, 48.70218338592057 ], [ -1.838071883559737, 48.682934830935267 ], [ -1.838123288342691, 48.682028765443235 ], [ -1.838169780675445, 48.681209239677415 ], [ -1.841783406409134, 48.677686982375327 ], [ -1.854561416056939, 48.67028670841173 ], [ -1.85976234306641, 48.668383383686034 ], [ -1.860816714745898, 48.667976983013439 ], [ -1.861853679268737, 48.667355147516275 ], [ -1.862476856420101, 48.66665794638034 ], [ -1.862999649828614, 48.665559222426708 ], [ -1.871107821989118, 48.647196037662404 ], [ -1.87118980257662, 48.646698024154851 ], [ -1.871252658268879, 48.645795604827562 ], [ -1.86782576260676, 48.638184660864155 ], [ -1.867286492241257, 48.637393629311632 ], [ -1.863221393368328, 48.631956653758216 ], [ -1.86201134890892, 48.630424220501411 ], [ -1.861333219263797, 48.629593076167048 ], [ -1.8593143638174, 48.627459148572406 ], [ -1.857631365552305, 48.625952431056255 ], [ -1.856226683155268, 48.624696893080682 ], [ -1.854482671245046, 48.623273311416568 ], [ -1.852087071141999, 48.621512679225241 ], [ -1.84646948651782, 48.617669401353083 ], [ -1.845827829333669, 48.617286982263522 ], [ -1.843332582420606, 48.615799761706825 ], [ -1.841918396324141, 48.615044974324981 ], [ -1.842147441216075, 48.610996743375786 ], [ -1.829516546605863, 48.6118629191851 ], [ -1.824989559301284, 48.610846760156932 ], [ -1.82125024282141, 48.61008696123838 ], [ -1.813142964297349, 48.608850106551436 ], [ -1.808598965961807, 48.608208138667038 ], [ -1.780463885435734, 48.604635089266637 ], [ -1.756885363659312, 48.603553435274826 ], [ -1.721646258924054, 48.605900860359107 ], [ -1.664734778353636, 48.610079228015515 ], [ -1.663320231212947, 48.610217032930464 ], [ -1.635604945804863, 48.615020373787928 ], [ -1.570229383457714, 48.626519552758637 ], [ -1.551488216752868, 48.624133315731804 ], [ -1.385787193730636, 48.445149635817145 ], [ -1.221107121721092, 48.550250822795391 ], [ -1.053035676869956, 48.50279880165882 ], [ -1.081012252940828, 48.27337236359822 ], [ -1.026494990509954, 47.979602688048296 ], [ -1.146885016676647, 47.976079107457373 ], [ -1.233104479797852, 47.812012441172193 ], [ -1.253664051498697, 47.772725833265206 ], [ -1.484505947028644, 47.836867972465839 ], [ -1.645731467969386, 47.721850495000503 ], [ -2.096055757209531, 47.644103282673619 ], [ -2.106722821461463, 47.529585520762737 ], [ -2.448930549199023, 47.447650870107402 ], [ -2.448804610301315, 47.455871689501436 ], [ -2.448238618796837, 47.492785675399972 ], [ -2.430173353718354, 47.494468412405993 ], [ -2.431817757229985, 47.497239316013484 ], [ -2.448061896288165, 47.504300904132933 ], [ -2.447951531152309, 47.511489754041136 ], [ -2.461954727429946, 47.510337034861948 ], [ -2.465239867020703, 47.511763911336985 ], [ -2.507764851042132, 47.524502503148859 ], [ -2.511569944866185, 47.525379721105693 ], [ -2.519097838321482, 47.526957009294634 ], [ -2.519967544132053, 47.52701068063697 ], [ -2.663416858704043, 47.518700863935329 ], [ -2.731691954472719, 47.505683759763741 ], [ -2.778307740708574, 47.495927417611824 ], [ -2.780436773736183, 47.495247443922338 ], [ -2.782999020735021, 47.494232784933629 ], [ -2.862632884235845, 47.520985919094237 ], [ -2.916406403199802, 47.545997998881134 ], [ -2.857041984674721, 47.545697217460784 ], [ -2.85698842758848, 47.54506922315494 ], [ -2.843938799424819, 47.538892580387881 ], [ -2.825326274610677, 47.53638792343412 ], [ -2.823859730818103, 47.536363101810316 ], [ -2.822799491376601, 47.536410313068558 ], [ -2.822485591168812, 47.536604570807079 ], [ -2.816663670029164, 47.542452343989758 ], [ -2.816685429831468, 47.54267672791147 ], [ -2.817476934678072, 47.545479890990336 ], [ -2.792048739828463, 47.545333096804427 ], [ -2.775967196829365, 47.545237385110681 ], [ -2.776101776319342, 47.544924860266498 ], [ -2.7785441777813, 47.541256654454244 ], [ -2.778853945598406, 47.541017637215383 ], [ -2.780202470699238, 47.54050741645807 ], [ -2.778274889754771, 47.539150303837083 ], [ -2.774641667440183, 47.538048679619301 ], [ -2.766700071031068, 47.535739640205826 ], [ -2.764446978899871, 47.535838842891593 ], [ -2.762927129351243, 47.535950805225511 ], [ -2.754853527523009, 47.537117039694891 ], [ -2.733722074148276, 47.540927832306501 ], [ -2.729865329878744, 47.542358376338385 ], [ -2.729617333136563, 47.542549485815137 ], [ -2.728995226904876, 47.543703352382224 ], [ -2.728266197840096, 47.545132288595227 ], [ -2.716816684914202, 47.568210257192057 ], [ -2.713137918075844, 47.578764687050914 ], [ -2.69906949919033, 47.601308406339726 ], [ -2.721040301690603, 47.603552052347069 ], [ -2.721395002885379, 47.603702836023082 ], [ -2.7772860409894, 47.61878422289643 ], [ -2.781031612358475, 47.619610613670467 ], [ -2.858224727544742, 47.623076893652318 ], [ -2.859729286749958, 47.622784193022916 ], [ -2.861866754746618, 47.622147634301513 ], [ -2.862442097169438, 47.621896511573851 ], [ -2.909846803618825, 47.592314095611783 ], [ -2.91379527455129, 47.591143835407721 ], [ -2.938552410951282, 47.594888547375398 ], [ -2.945945340739122, 47.607578530358303 ], [ -2.948524835499492, 47.621433984854761 ], [ -2.957721676254471, 47.63877396770895 ], [ -2.963223242509608, 47.64577986117822 ], [ -2.97685533853336, 47.662014616098439 ], [ -2.978672749616714, 47.654854802757427 ], [ -2.965643665388477, 47.588604976004703 ], [ -2.929158737752451, 47.560603582441189 ], [ -2.936273334283243, 47.555094229116207 ], [ -2.937438155128501, 47.554192070137304 ], [ -2.93751914851921, 47.554188385434585 ], [ -2.939046874624843, 47.554479341257228 ], [ -2.968725173430066, 47.56012696668661 ], [ -2.973347448567613, 47.568374204081806 ], [ -2.971539504888901, 47.56827669019065 ], [ -2.968691361313425, 47.567099861083435 ], [ -2.970127729541061, 47.570144343063205 ], [ -2.971244264324706, 47.571986411090869 ], [ -2.974256287751425, 47.576130680066726 ], [ -2.975823781149908, 47.57781683071866 ], [ -2.993509026277845, 47.590753531253739 ], [ -2.998192208158137, 47.590943912110966 ], [ -2.998523823017539, 47.590928659567574 ], [ -2.997096804556049, 47.584683602263077 ], [ -2.996617782135013, 47.583894256475915 ], [ -3.023433726400867, 47.570514668613917 ], [ -3.067345790791093, 47.578830757890749 ], [ -3.124483187023572, 47.589351295870308 ], [ -3.117839103242593, 47.505984575669473 ], [ -3.08479952090599, 47.469882313268833 ], [ -3.132812355186636, 47.47791686527264 ], [ -3.15456243998217, 47.529742259268751 ], [ -3.140430078137158, 47.545863530284109 ], [ -3.153742684341746, 47.59852159395286 ], [ -3.168717981423517, 47.612864349825941 ], [ -3.210638585584651, 47.659918920455006 ], [ -3.282070323806626, 47.684122404284565 ], [ -3.292153961244012, 47.687286277381965 ], [ -3.384218493524189, 47.702628811220286 ], [ -3.386328605477122, 47.701758389750914 ], [ -3.386456635520459, 47.701706994706782 ], [ -3.393367745941291, 47.700993988179235 ], [ -3.512980363576186, 47.750092526734718 ], [ -3.520792116202061, 47.758551802296751 ], [ -3.521714291061181, 47.759632724053112 ], [ -3.524605270313771, 47.763996543338017 ], [ -3.525945850819263, 47.767040510851082 ], [ -3.529089391123219, 47.774277556770066 ], [ -3.524063970045683, 47.793515314741704 ], [ -3.519167553394463, 47.797639765283577 ], [ -3.517990516433458, 47.799096858993785 ], [ -3.51638816902676, 47.805174824498913 ], [ -3.521781939989827, 47.810359849914661 ], [ -3.522941472607544, 47.811158280439805 ], [ -3.532108821523404, 47.814099791496822 ], [ -3.53411700894868, 47.814744013748331 ], [ -3.538272932122516, 47.834059980570267 ], [ -3.537643347143994, 47.835624904197765 ], [ -3.537360230644736, 47.836090112542848 ], [ -3.534792420951564, 47.838293839769506 ], [ -3.533382026646267, 47.838860932349426 ], [ -3.530943909764874, 47.840061011116745 ], [ -3.530524434998629, 47.840267473179424 ], [ -3.525198483576235, 47.842970553173629 ], [ -3.523076200469882, 47.844971188613876 ], [ -3.522714413744964, 47.845936324992785 ], [ -3.522611848184909, 47.84646102078095 ], [ -3.522073441052396, 47.849215208879116 ], [ -3.522031701305246, 47.84944276904227 ], [ -3.522239562696738, 47.850108704747875 ], [ -3.524321898532145, 47.852574265011064 ], [ -3.524929521142512, 47.853220092005941 ], [ -3.526171599174045, 47.854149648781082 ], [ -3.529337064856281, 47.856109716103383 ], [ -3.53003817648213, 47.856390074778297 ], [ -3.531077397714629, 47.856698500374165 ], [ -3.531825214831176, 47.856796127325353 ], [ -3.534413573865325, 47.856575584050745 ], [ -3.535669447068281, 47.856422128520549 ], [ -3.537636444318323, 47.856638654325735 ], [ -3.539706760252861, 47.856579381568103 ], [ -3.540743910132285, 47.861081475778967 ], [ -3.540783846977002, 47.861440205002282 ], [ -3.540370189566272, 47.866150721105356 ], [ -3.540750231102329, 47.864147474330707 ], [ -3.541148488326322, 47.862909884075023 ], [ -3.541525032980219, 47.862079223154147 ], [ -3.542076486228304, 47.861014273381052 ], [ -3.54236968196065, 47.86063874212028 ], [ -3.542792843304551, 47.85962535006324 ], [ -3.543350854686745, 47.858070799316977 ], [ -3.542068526925254, 47.856730836001603 ], [ -3.541542254385462, 47.85621626307276 ], [ -3.536942051040298, 47.855816886203037 ], [ -3.531796321589367, 47.852919610440694 ], [ -3.53106534751517, 47.852370211400746 ], [ -3.53050434719888, 47.851541694677145 ], [ -3.527511663217395, 47.845862656986952 ], [ -3.527448751359866, 47.845743260461717 ], [ -3.526660064376952, 47.844069425810581 ], [ -3.526773366271385, 47.843883353572338 ], [ -3.528010913092309, 47.842964309748275 ], [ -3.530872729537252, 47.84164650709635 ], [ -3.533618084429671, 47.840382205234143 ], [ -3.53763130140955, 47.837925272462513 ], [ -3.538717123236186, 47.836247157845257 ], [ -3.539046872473129, 47.835599219982988 ], [ -3.539784660279023, 47.833803361318736 ], [ -3.540295941958884, 47.832379670436737 ], [ -3.540509163509086, 47.831286667416386 ], [ -3.540641636331159, 47.822847462567239 ], [ -3.534879587217658, 47.813172381181495 ], [ -3.534798069877528, 47.813041209396047 ], [ -3.534092525058495, 47.812716031324129 ], [ -3.532206028739985, 47.811932301296217 ], [ -3.531285371664349, 47.81154980286675 ], [ -3.530661372146748, 47.811355777333752 ], [ -3.52977608808783, 47.811220005471846 ], [ -3.5281447240074, 47.810988779496434 ], [ -3.523800734666037, 47.809852425997782 ], [ -3.523519553624487, 47.809731297198233 ], [ -3.523433097896014, 47.809555275098269 ], [ -3.52037947366946, 47.799517817508338 ], [ -3.520314876206112, 47.798934853246401 ], [ -3.520802567167719, 47.798504475357582 ], [ -3.521879267329092, 47.797954269596488 ], [ -3.526876192241385, 47.795944042486987 ], [ -3.531048623646893, 47.76782045244304 ], [ -3.531469429256607, 47.767393378808343 ], [ -3.534278916826731, 47.765668161351364 ], [ -3.537229886959594, 47.763855869316309 ], [ -3.611980262948994, 47.768400714089651 ], [ -3.642282128590494, 47.771810751380357 ], [ -3.678369623126838, 47.776188936171309 ], [ -3.68071040419659, 47.776908057289901 ], [ -3.681268032932757, 47.777104723402395 ], [ -3.686368593180855, 47.779591985246689 ], [ -3.733156295258864, 47.803636164845059 ], [ -3.733960385556784, 47.804225674426597 ], [ -3.739566102781554, 47.811059469758248 ], [ -3.74100128076779, 47.813059292031788 ], [ -3.742324586953539, 47.815831686746598 ], [ -3.742930305491777, 47.817604173661238 ], [ -3.744920158124033, 47.826746329116631 ], [ -3.744344185459906, 47.824070245245238 ], [ -3.744255923830802, 47.822721772784803 ], [ -3.744457627251411, 47.819238329480712 ], [ -3.745314569769068, 47.815630449977952 ], [ -3.742351010631602, 47.81082389488801 ], [ -3.740301902724127, 47.809307161829565 ], [ -3.739582946907754, 47.806548311794117 ], [ -3.738410045417611, 47.799257753625319 ], [ -3.741269715170009, 47.797349453801537 ], [ -3.743346764885091, 47.796203606257713 ], [ -3.74462070282615, 47.795640918918401 ], [ -3.755799452757221, 47.79158333153336 ], [ -3.757160347722933, 47.791196357240963 ], [ -3.758915212449188, 47.790743628934194 ], [ -3.760434973668276, 47.790573813398851 ], [ -3.769942925379403, 47.790030215274648 ], [ -3.792265898937265, 47.789928964402108 ], [ -3.792347097811777, 47.789938717709639 ], [ -3.803540118926559, 47.791282603508158 ], [ -3.849735245627321, 47.798130359090194 ], [ -3.895840716294063, 47.833156774647108 ], [ -3.90576985216023, 47.834341351640958 ], [ -3.964570991230542, 47.905149444176992 ], [ -3.984834162144778, 47.904052869530126 ], [ -3.985055302519192, 47.849185098410274 ], [ -4.09367464016471, 47.861272587859894 ], [ -4.097066332606049, 47.86200753880923 ], [ -4.097903698822052, 47.86227712507479 ], [ -4.098408107313189, 47.862565095820713 ], [ -4.115944045357196, 47.876033289449566 ], [ -4.114920002327204, 47.8813688357112 ], [ -4.124431801564805, 47.891129039324433 ], [ -4.137875157382707, 47.899000973339795 ], [ -4.140172653728434, 47.900226949612204 ], [ -4.140217352917301, 47.900323728650946 ], [ -4.140355468392929, 47.900622867221998 ], [ -4.143783770852185, 47.909411100825743 ], [ -4.143722077719703, 47.910001077346536 ], [ -4.143135403275828, 47.913417600452682 ], [ -4.142967927681555, 47.914239045710104 ], [ -4.142483686681725, 47.915213443666616 ], [ -4.138360780734316, 47.921533410954183 ], [ -4.129739472265424, 47.930042648393751 ], [ -4.12930572466253, 47.930337394968291 ], [ -4.117221402378162, 47.93032972032907 ], [ -4.116354589349139, 47.930377666030807 ], [ -4.115381851113463, 47.93065704867854 ], [ -4.113179732043916, 47.931861616638749 ], [ -4.112389665964497, 47.932536927124445 ], [ -4.109161611003297, 47.935783250625434 ], [ -4.108838237783535, 47.936432749453196 ], [ -4.109049298720644, 47.93980484751242 ], [ -4.094036147854483, 47.941670802111119 ], [ -4.08444869162762, 47.950048799637941 ], [ -4.084203719294401, 47.95024273687492 ], [ -4.083670077178617, 47.950272091394567 ], [ -4.078608342593462, 47.949512760991041 ], [ -4.076386503532382, 47.948913020344463 ], [ -4.077783604015994, 47.950460388649049 ], [ -4.082410792091144, 47.95426637409907 ], [ -4.083612746445713, 47.953658889027288 ], [ -4.086202588590659, 47.951215530498729 ], [ -4.086553649859396, 47.950790173879717 ], [ -4.087735870947312, 47.94892048958198 ], [ -4.089380555566264, 47.946438821998591 ], [ -4.090104424057636, 47.945767345079915 ], [ -4.091895445565743, 47.945037084986005 ], [ -4.092234404973105, 47.945063529353583 ], [ -4.09280080119573, 47.945303023222529 ], [ -4.093116578544222, 47.94524953363247 ], [ -4.093195523479009, 47.945236161285855 ], [ -4.093257820656821, 47.944646223095141 ], [ -4.093797934949969, 47.944120189226261 ], [ -4.094226523021219, 47.943780761404106 ], [ -4.094477955245492, 47.943090167416536 ], [ -4.094356561734592, 47.942645697338484 ], [ -4.094657216885269, 47.942358432594219 ], [ -4.095430197333752, 47.942090252218776 ], [ -4.095902527320741, 47.942109333635344 ], [ -4.096613240629536, 47.94243108612563 ], [ -4.097766891323598, 47.943630735499482 ], [ -4.098194432572942, 47.943832742917373 ], [ -4.098538860387731, 47.943903982881992 ], [ -4.09991658004374, 47.944188936281101 ], [ -4.100716936197376, 47.94414479152325 ], [ -4.101150956817723, 47.94385015291514 ], [ -4.101576555494566, 47.943179255438366 ], [ -4.102365364105488, 47.942249200113316 ], [ -4.102815790777606, 47.942088997576917 ], [ -4.103688284612589, 47.942085966551865 ], [ -4.105922044220407, 47.942233369233371 ], [ -4.108538621456787, 47.942765637715389 ], [ -4.108560548414452, 47.942944893547683 ], [ -4.107686151070971, 47.947324368418911 ], [ -4.106346540921868, 47.950646708619971 ], [ -4.104712761185882, 47.950466185222176 ], [ -4.10384012824111, 47.950469223917878 ], [ -4.101244135444215, 47.95065755650333 ], [ -4.099375397291395, 47.951302007134259 ], [ -4.098624199695762, 47.951749469551402 ], [ -4.097127237947461, 47.95268919415804 ], [ -4.096325710366895, 47.953274760158131 ], [ -4.096249307937372, 47.953441388520979 ], [ -4.096219654945796, 47.953506184035462 ], [ -4.093569200818155, 47.961502331573975 ], [ -4.093345023739889, 47.962416987572148 ], [ -4.094269569802321, 47.967238530018669 ], [ -4.095142701660976, 47.969987588405964 ], [ -4.095491723127958, 47.970645092839341 ], [ -4.095719283609347, 47.970858134145359 ], [ -4.096457755738047, 47.971403950789366 ], [ -4.100928252492737, 47.97445100436007 ], [ -4.101473086919206, 47.974511197366965 ], [ -4.111920247341756, 47.97533333511462 ], [ -4.110568950505318, 47.971979134349937 ], [ -4.111071154942358, 47.960717474244476 ], [ -4.112162261229343, 47.946039444554231 ], [ -4.110335662801793, 47.941538458206445 ], [ -4.109765461109975, 47.936877812967751 ], [ -4.109854974640905, 47.936511932708953 ], [ -4.115991258974231, 47.931796395658431 ], [ -4.116436066175248, 47.931591325895575 ], [ -4.116958526186488, 47.931472194119316 ], [ -4.118747883809575, 47.931282971030278 ], [ -4.119081278253418, 47.931264524226386 ], [ -4.128286947638355, 47.931882740359342 ], [ -4.129659711304543, 47.931581077956217 ], [ -4.131061320741135, 47.930420558255783 ], [ -4.145293755844241, 47.915688975921015 ], [ -4.149424923947315, 47.911082748252831 ], [ -4.144166515315399, 47.898877052602629 ], [ -4.139405275991778, 47.896163730691626 ], [ -4.138839194163667, 47.89592445702624 ], [ -4.137329875217858, 47.895105891947537 ], [ -4.121682713333157, 47.884017277753586 ], [ -4.120491421541915, 47.882504123869779 ], [ -4.11616614921796, 47.872366385962472 ], [ -4.119673650684859, 47.864862862991373 ], [ -4.120292029728936, 47.864218390361238 ], [ -4.205415867730287, 47.87359628358184 ], [ -4.177525542665297, 47.805321923312562 ], [ -4.181484861901925, 47.801779208616885 ], [ -4.321144494659768, 47.793872191268612 ], [ -4.362210816460302, 47.795657147492335 ], [ -4.367117525134043, 47.796322313224806 ], [ -4.372314871120296, 47.797692644117383 ], [ -4.373230490832765, 47.798046039203506 ], [ -4.380313754269739, 47.815825872784863 ], [ -4.380334588735992, 47.817043251585829 ], [ -4.379669205226423, 47.820240926431296 ], [ -4.378874770385863, 47.821425903995703 ], [ -4.36728508587043, 47.826200890674471 ], [ -4.361740972936138, 47.828484366672832 ], [ -4.361651918267242, 47.828409885666666 ], [ -4.361452663747721, 47.828240824457971 ], [ -4.361384455214885, 47.827703170703323 ], [ -4.361582370175819, 47.827150206404603 ], [ -4.360654957687234, 47.826707116814113 ], [ -4.358929205803511, 47.826309938162481 ], [ -4.358113806738494, 47.826221437715397 ], [ -4.357127222778311, 47.826368431690874 ], [ -4.35507208434634, 47.827073285352327 ], [ -4.351893103042946, 47.82842937322831 ], [ -4.351145786868888, 47.828878482695615 ], [ -4.348601000356001, 47.831010390585753 ], [ -4.347948522090348, 47.831679683732979 ], [ -4.34706543831417, 47.83317456154996 ], [ -4.346583261630555, 47.834725070354217 ], [ -4.33692502238825, 47.83869974015753 ], [ -4.34703516958283, 47.850419214709184 ], [ -4.35469321425138, 47.884365654769937 ], [ -4.358016407884426, 47.89469007636518 ], [ -4.391176555756375, 47.931593573069947 ], [ -4.417666220105345, 47.959082331945325 ], [ -4.42159990501623, 47.962510255406414 ], [ -4.449936365653781, 47.981130544370416 ], [ -4.46618160572454, 47.988070358188082 ], [ -4.4726267299285, 47.995492321160121 ], [ -4.489464162862082, 47.998009292338764 ], [ -4.534505393664448, 48.017212730982983 ], [ -4.540870632111522, 48.011873254537178 ], [ -4.550044605659771, 48.007043221997598 ], [ -4.593888333480488, 48.013559827944647 ], [ -4.596603767756253, 48.015214101958016 ], [ -4.609295457902575, 48.017078272291414 ], [ -4.614963401706162, 48.016696010587474 ], [ -4.615068532253731, 48.01670143135776 ], [ -4.616394107493416, 48.016897910214055 ], [ -4.616826299859806, 48.016961966751019 ], [ -4.619552565653962, 48.017822184511552 ], [ -4.625657715789178, 48.021250284962832 ], [ -4.626384572214262, 48.021658370207646 ], [ -4.62676579630998, 48.021996771590146 ], [ -4.626927439264992, 48.022709380072662 ], [ -4.626963022737403, 48.022978100016523 ], [ -4.626787298291744, 48.023313581649475 ], [ -4.626694467333953, 48.023490647924035 ], [ -4.626838322633895, 48.024068895905863 ], [ -4.62757405871248, 48.025559809176755 ], [ -4.62902492797633, 48.027369211778336 ], [ -4.630204391188739, 48.028653100718145 ], [ -4.631143550454175, 48.029138786115546 ], [ -4.631992218499276, 48.029449300383774 ], [ -4.632465513916464, 48.029466214621266 ], [ -4.633394295993442, 48.029365678914068 ], [ -4.635920936469123, 48.028628118466408 ], [ -4.639883442660737, 48.026540840294864 ], [ -4.639999138393354, 48.026398510094666 ], [ -4.64124204592734, 48.024608942188273 ], [ -4.641651308796814, 48.023636542289957 ], [ -4.641827807979262, 48.023445437281886 ], [ -4.642082949523386, 48.023339916738756 ], [ -4.649245072476865, 48.022550777187519 ], [ -4.655876405548928, 48.022831212992976 ], [ -4.658027989524742, 48.023830967407335 ], [ -4.662205036112372, 48.025386505910795 ], [ -4.665055418313698, 48.026073431794799 ], [ -4.673985845883672, 48.026937359205547 ], [ -4.676825568938183, 48.027037798650298 ], [ -4.679574641093986, 48.026963041538991 ], [ -4.683656233847651, 48.026845990874243 ], [ -4.716523848154318, 48.03169169099742 ], [ -4.723021461175235, 48.033284682032395 ], [ -4.732603425374478, 48.03740844739751 ], [ -4.720761110394695, 48.045027183277242 ], [ -4.707763268647109, 48.053385376139794 ], [ -4.703962074499604, 48.055047151516028 ], [ -4.329903312993994, 48.097480081826447 ], [ -4.32311102975356, 48.095375199976452 ], [ -4.322771302860793, 48.093973153808605 ], [ -4.321932471793248, 48.093007870312817 ], [ -4.320532629481015, 48.09259115669375 ], [ -4.306035615770366, 48.089263673741854 ], [ -4.305088167758265, 48.089227207864433 ], [ -4.30343917460641, 48.089501278524878 ], [ -4.299217364359547, 48.090733446613847 ], [ -4.298064665711445, 48.091204903550775 ], [ -4.297045685540067, 48.091668768541048 ], [ -4.295976786959684, 48.092270817343831 ], [ -4.295536978010449, 48.092521352890628 ], [ -4.285334126141736, 48.103476997817353 ], [ -4.268638559952295, 48.131943426388055 ], [ -4.271723428389302, 48.152163375067758 ], [ -4.272122543799706, 48.154261462224369 ], [ -4.302206259248519, 48.195379640445566 ], [ -4.302530997978012, 48.195812449146942 ], [ -4.315262231017134, 48.203077174243106 ], [ -4.341206123914525, 48.205934399422063 ], [ -4.364999809601454, 48.207713860353998 ], [ -4.372828098026535, 48.209158633231702 ], [ -4.385242650792621, 48.219302018284871 ], [ -4.395989986686407, 48.22044551171507 ], [ -4.41027369818742, 48.222828688024578 ], [ -4.413272213234094, 48.225138029030433 ], [ -4.414075273352382, 48.226129676961882 ], [ -4.416236348554316, 48.227178539445674 ], [ -4.417774602407123, 48.227586359058151 ], [ -4.424534618426912, 48.228686104571928 ], [ -4.427227555421783, 48.228621140435358 ], [ -4.430987241119988, 48.228449463204321 ], [ -4.431456477573832, 48.228422395966788 ], [ -4.432616776042648, 48.227994459056767 ], [ -4.433380650635145, 48.227634508964066 ], [ -4.434903474383193, 48.225831875150696 ], [ -4.43500279654941, 48.225555392311776 ], [ -4.434962267973702, 48.225241854876593 ], [ -4.434653624122357, 48.224943793479376 ], [ -4.434065292033336, 48.224571622822118 ], [ -4.434124093592171, 48.22398160244358 ], [ -4.434570130528638, 48.223775359114647 ], [ -4.434911057779043, 48.22380080608383 ], [ -4.435872602106564, 48.223925802863839 ], [ -4.437125427242117, 48.224214474733877 ], [ -4.438317032112337, 48.224551795135632 ], [ -4.438162285418227, 48.224921733763587 ], [ -4.436508865695156, 48.226235582045327 ], [ -4.435835226628301, 48.226770846120182 ], [ -4.434470537193668, 48.227706990102348 ], [ -4.434097289010083, 48.227954154885971 ], [ -4.433109159906886, 48.22814654882508 ], [ -4.432222784758888, 48.228603813492171 ], [ -4.430303356619698, 48.230474399091179 ], [ -4.429947426502694, 48.230855923723823 ], [ -4.430060753205136, 48.231210385539505 ], [ -4.430407512623518, 48.231280637407636 ], [ -4.430792375791071, 48.231123066101524 ], [ -4.431069690859359, 48.230655822851652 ], [ -4.431699542590294, 48.230303618035947 ], [ -4.432358325678186, 48.230175365036182 ], [ -4.433844689012338, 48.230179855157104 ], [ -4.434963580996245, 48.23047628547998 ], [ -4.43701187704046, 48.231170305813762 ], [ -4.440047608573879, 48.232709771371866 ], [ -4.441404844798337, 48.233305999889204 ], [ -4.442908854571433, 48.233943372733783 ], [ -4.446475450941123, 48.235406891453792 ], [ -4.447393400212464, 48.235714828787899 ], [ -4.464359205315359, 48.238929477675633 ], [ -4.488063036507531, 48.236289728360823 ], [ -4.491193336614887, 48.235430709926874 ], [ -4.494306011064819, 48.234437244517245 ], [ -4.49604004061157, 48.233749619505559 ], [ -4.497744804568445, 48.232838030096623 ], [ -4.50068180582369, 48.230500763432772 ], [ -4.502481774253981, 48.22773328090787 ], [ -4.503022942038563, 48.225670950285199 ], [ -4.502897440448117, 48.225226982778068 ], [ -4.502381492591516, 48.224896033554984 ], [ -4.502571903984492, 48.224514538809785 ], [ -4.54369851688164, 48.174268927494765 ], [ -4.562311160290361, 48.199928109097421 ], [ -4.57098651352772, 48.253587652269402 ], [ -4.582609013223808, 48.2525600693087 ], [ -4.59215061412366, 48.252150629007389 ], [ -4.5959555992857, 48.253225756996542 ], [ -4.604950911574426, 48.258603886313999 ], [ -4.610600040495571, 48.26636639849572 ], [ -4.551685318068563, 48.338324042551633 ], [ -4.55157343837216, 48.338390337548852 ], [ -4.543184139863705, 48.316727372616675 ], [ -4.545882619634948, 48.311518749859928 ], [ -4.546853554002097, 48.309747003484084 ], [ -4.547386973214887, 48.30917421434912 ], [ -4.550387334244796, 48.305965759471675 ], [ -4.550705260760566, 48.305811737917111 ], [ -4.551973530829549, 48.305683233778701 ], [ -4.555005428627842, 48.304052289905883 ], [ -4.555367252502003, 48.300330490974972 ], [ -4.555302343510379, 48.299837878609743 ], [ -4.553577176177333, 48.29659952493698 ], [ -4.552097427160965, 48.294709657214014 ], [ -4.551720600676009, 48.294415851392756 ], [ -4.537155865304299, 48.284961673894017 ], [ -4.535563238816442, 48.284161328028979 ], [ -4.534801644438467, 48.284025375204877 ], [ -4.50163437560598, 48.28094302765389 ], [ -4.394694505896055, 48.274793204338337 ], [ -4.392811219029811, 48.274865038268899 ], [ -4.383531201168005, 48.275233993017288 ], [ -4.380066291199469, 48.275621718611703 ], [ -4.366232767907528, 48.277801763992841 ], [ -4.365120721213649, 48.27809082563045 ], [ -4.364166953817858, 48.278560350254168 ], [ -4.362455309960632, 48.279430777992431 ], [ -4.285887696606186, 48.282168224741966 ], [ -4.286325998441271, 48.28108941393247 ], [ -4.283625781759276, 48.276414198423709 ], [ -4.243877559137332, 48.252255769066501 ], [ -4.20361919333235, 48.24512183738576 ], [ -4.115346008662612, 48.235761021294273 ], [ -4.111433233419672, 48.236336917000123 ], [ -4.107240653007218, 48.247483498933185 ], [ -4.112939447114399, 48.247693822297272 ], [ -4.139240327009404, 48.242032644215378 ], [ -4.237445628568259, 48.253753008086207 ], [ -4.238765151888149, 48.254040030664711 ], [ -4.239699083807078, 48.254483982371248 ], [ -4.263776546068073, 48.279254726436584 ], [ -4.255529489604147, 48.283239729344132 ], [ -4.208878600086651, 48.284870950744804 ], [ -4.279271273748114, 48.354073147305634 ], [ -4.310777963181298, 48.346103364354136 ], [ -4.354491715037176, 48.343406111949065 ], [ -4.366472701957608, 48.335297307149091 ], [ -4.37237585512028, 48.33051595705782 ], [ -4.385150412983133, 48.33039555174738 ], [ -4.427972482479133, 48.359289721192951 ], [ -4.374203419805768, 48.398985289390147 ], [ -4.488860603838964, 48.383248319075591 ], [ -4.628869557313095, 48.352177461353129 ], [ -4.756952807506075, 48.327837652520699 ], [ -4.760908903174434, 48.327659623316492 ], [ -4.76806625545269, 48.328427872571446 ], [ -4.769757723607047, 48.328621721756093 ], [ -4.780448775640307, 48.40713433339802 ], [ -4.781770539610936, 48.434788270867749 ], [ -4.780000772370316, 48.4386462414165 ], [ -4.776420015087145, 48.445912798439096 ], [ -4.768198788538188, 48.462152114607321 ], [ -4.763586637548161, 48.466952600960909 ], [ -4.76327567696694, 48.467160900527603 ], [ -4.760559178097463, 48.468543151633341 ], [ -4.749443009047195, 48.471143750479108 ], [ -4.742602550410236, 48.472249858934767 ], [ -4.738247425918539, 48.471166381404466 ], [ -4.736362909049654, 48.470783019713039 ], [ -4.735886800385161, 48.47077548326665 ], [ -4.731413340734377, 48.471820116037236 ], [ -4.731461367735222, 48.472674760135483 ], [ -4.730077351578753, 48.473479869206798 ], [ -4.728756333014456, 48.473748617899126 ], [ -4.726120438851568, 48.474231540817975 ], [ -4.721108502068321, 48.474811558989892 ], [ -4.718990902904389, 48.47481196064961 ], [ -4.718140547920769, 48.474546932612668 ], [ -4.717682046132423, 48.474168184510269 ], [ -4.717590481095685, 48.473993136177491 ], [ -4.717394558817332, 48.474049992754175 ], [ -4.717179782937017, 48.474469034540846 ], [ -4.717149478695236, 48.475147827806701 ], [ -4.717314431503166, 48.475363617275832 ], [ -4.71781603210206, 48.475559259723639 ], [ -4.718648220702333, 48.475689982558755 ], [ -4.72309070155958, 48.475414975645542 ], [ -4.730395436361452, 48.474724515714158 ], [ -4.732133788050533, 48.474530015323047 ], [ -4.734030893601266, 48.473504547373565 ], [ -4.735334870562781, 48.473110387777702 ], [ -4.735573292736913, 48.473366880090985 ], [ -4.73877279332492, 48.47343663959844 ], [ -4.750354541811957, 48.473255369385384 ], [ -4.754068606570996, 48.472616764399532 ], [ -4.754373546975728, 48.472363722943761 ], [ -4.756331915605328, 48.47039538652843 ], [ -4.758307327873412, 48.470447998733825 ], [ -4.758969325854352, 48.470724087343967 ], [ -4.761543762194465, 48.472184883708245 ], [ -4.76483124682363, 48.475191408448985 ], [ -4.774808566749815, 48.489014957462444 ], [ -4.777513323840553, 48.501785134981617 ], [ -4.773297631914774, 48.512641548750807 ], [ -4.763712995636062, 48.530854286298819 ], [ -4.750769546743931, 48.542689679016398 ], [ -4.749586216113812, 48.543482833448245 ], [ -4.729595855061946, 48.556433174775272 ], [ -4.702919368777902, 48.568884619292774 ], [ -4.702468383785735, 48.569680990651015 ], [ -4.691936243879691, 48.573320914390784 ], [ -4.606436444053612, 48.597689690328835 ], [ -4.529166934104874, 48.595138385057609 ], [ -4.454268125987453, 48.628556632896021 ], [ -4.315671771713824, 48.640003568486705 ], [ -4.315163904343254, 48.640105356756003 ], [ -4.315550270416704, 48.639118222802033 ], [ -4.3151813106633, 48.637830880533699 ], [ -4.314039628909899, 48.636992942912727 ], [ -4.31278782555218, 48.636251400256562 ], [ -4.31090619235462, 48.635373837095742 ], [ -4.310618742514419, 48.635254672174923 ], [ -4.309050051887897, 48.634801538914708 ], [ -4.304831276025273, 48.633739429318545 ], [ -4.302007628505637, 48.633049944335568 ], [ -4.296906137763425, 48.632533271671555 ], [ -4.296635884085536, 48.632548427792202 ], [ -4.295977396992048, 48.632720670992271 ], [ -4.232600445639581, 48.649409174508925 ], [ -4.212426292604856, 48.657076130969344 ], [ -4.215748440943063, 48.659980903818102 ], [ -4.093592431216467, 48.684267704887198 ], [ -4.086902031329716, 48.692843126109722 ], [ -4.079551917981521, 48.692194658602325 ], [ -4.055780947112587, 48.700261835016576 ], [ -4.050547369347226, 48.705116432893135 ], [ -3.989749294099255, 48.72641195067952 ], [ -3.981469230129963, 48.726853600937488 ], [ -3.966888086154897, 48.663666158744533 ], [ -3.956133229669883, 48.661012918669513 ], [ -3.94943395034235, 48.653181459277 ], [ -3.840678254876574, 48.628980192049134 ], [ -3.85189539634123, 48.645282755054488 ], [ -3.856153726376549, 48.655195233206264 ], [ -3.846322419314507, 48.697601480113718 ], [ -3.833631000408663, 48.71056926671293 ], [ -3.830094073043968, 48.712791049210125 ], [ -3.818451124906206, 48.71222770865981 ], [ -3.648359705147713, 48.685416683849681 ], [ -3.650754819241329, 48.679977379924431 ], [ -3.658245562898667, 48.6596031689771 ], [ -3.658209374394832, 48.659289473166311 ], [ -3.657860823189795, 48.659216969905629 ], [ -3.64024932206968, 48.661692274446295 ], [ -3.580315103801735, 48.670094675730425 ], [ -3.579925465018712, 48.670258371677114 ], [ -3.578966667714373, 48.670802056152709 ], [ -3.572290485364826, 48.674804146864687 ], [ -3.57204020206291, 48.674996917447487 ], [ -3.571563355750212, 48.67547141666477 ], [ -3.569680627146529, 48.677467315717195 ], [ -3.569085425548287, 48.678218128677763 ], [ -3.566934108633132, 48.681804836526702 ], [ -3.56665683780383, 48.682359502968858 ], [ -3.566494548111191, 48.682728156145728 ], [ -3.566452334377002, 48.682955612961422 ], [ -3.565962683474538, 48.760463138145276 ], [ -3.578030089765137, 48.76096181958858 ], [ -3.581791991379998, 48.768480925875295 ], [ -3.582404939055966, 48.76998184935794 ], [ -3.581471391005649, 48.771243526673288 ], [ -3.567537441255655, 48.790066737770573 ], [ -3.55423046739403, 48.793278047302366 ], [ -3.546002013450622, 48.795777106723804 ], [ -3.542419928115377, 48.797270451964707 ], [ -3.541453309425652, 48.797768965970853 ], [ -3.53462224108598, 48.801775258277097 ], [ -3.534250764060388, 48.802109081794548 ], [ -3.533958846130653, 48.803024814841791 ], [ -3.533604719464009, 48.805800298752068 ], [ -3.538713361556496, 48.823037617828831 ], [ -3.500163400766351, 48.827760628208864 ], [ -3.499475936586796, 48.82513814115574 ], [ -3.43961950717864, 48.798386428380063 ], [ -3.439265335828035, 48.798268473429808 ], [ -3.434680646215674, 48.797644248803486 ], [ -3.433366794523347, 48.797482795929561 ], [ -3.429800370304573, 48.797304572823343 ], [ -3.429257675649069, 48.797330927221999 ], [ -3.396621225457849, 48.800830725449259 ], [ -3.394693408618835, 48.801284257452366 ], [ -3.391972225060963, 48.801965279499974 ], [ -3.390587094786141, 48.802392561559124 ], [ -3.389024149773411, 48.803062705352183 ], [ -3.268631447048013, 48.833981460263175 ], [ -3.256765026719609, 48.840244174174693 ], [ -3.098080728776767, 48.86594855441993 ], [ -3.030700225080747, 48.792488675538038 ] ] ] ] } },
{ "type": "Feature", "properties": { "code_geog": "75", "libelle_geog": "Nouvelle-Aquitaine", "area": 84723.905, "x": 0.22, "y": 45.208 }, "geometry": { "type": "MultiPolygon", "coordinates": [ [ [ [ 0.307741751434305, 47.038862535211564 ], [ 0.318817846150211, 46.929508232474092 ], [ 0.575146974658535, 46.957546475698621 ], [ 0.706817038764253, 46.973779607877283 ], [ 0.86595259867088, 46.752096999615553 ], [ 0.91467664762996, 46.658242199436152 ], [ 0.948882792810817, 46.578164897089792 ], [ 1.134082498788301, 46.517886210071232 ], [ 1.198547714327436, 46.42253600567485 ], [ 1.192464574258058, 46.384376041184083 ], [ 1.336779206126403, 46.39526392720704 ], [ 1.406335064585731, 46.352995263305495 ], [ 1.501653236824373, 46.41564391489446 ], [ 1.749301990725026, 46.436242886713423 ], [ 2.162582675022219, 46.428105698439992 ], [ 2.277064690485696, 46.428487549071178 ], [ 2.414601587761028, 46.318985145142967 ], [ 2.517443045550686, 46.252220422341217 ], [ 2.558153591309095, 46.137896174407793 ], [ 2.544240500774801, 46.080796083808195 ], [ 2.605295686314221, 45.975935593732515 ], [ 2.488906295584216, 45.861900071950409 ], [ 2.441212056274198, 45.861954270048841 ], [ 2.400286006933655, 45.823902132033481 ], [ 2.481767222905219, 45.738139268071819 ], [ 2.522477345167995, 45.71427784472133 ], [ 2.522253377051388, 45.647633079264274 ], [ 2.528676433445125, 45.542896021507367 ], [ 2.521727587427831, 45.490545385445657 ], [ 2.487706084400927, 45.423955097085681 ], [ 2.541607683052262, 45.376268283903975 ], [ 2.487563847205795, 45.371594435188605 ], [ 2.358122200191715, 45.418547164493241 ], [ 2.353406792447689, 45.342508946806682 ], [ 2.245715089238708, 45.263130879970596 ], [ 2.180578212770834, 45.120908283497776 ], [ 2.090496597505095, 45.062033084920515 ], [ 2.137728790829343, 45.000254273609528 ], [ 2.137779855894204, 44.985975707926066 ], [ 2.057348655201127, 44.976283181678809 ], [ 1.80313971924254, 44.913475831684742 ], [ 1.742352357609391, 44.960759265898517 ], [ 1.64091130383478, 45.031563621710831 ], [ 1.433004903270973, 45.020543320871198 ], [ 1.399452441504116, 45.020264470295935 ], [ 1.422161768234309, 44.86338378735482 ], [ 1.25781935425939, 44.709596150284717 ], [ 1.067223041117135, 44.579060896730077 ], [ 1.021403137332518, 44.545207171455189 ], [ 1.058457417564105, 44.37908025795857 ], [ 0.89901496067823, 44.386621968697966 ], [ 0.927694933997332, 44.301335568420797 ], [ 0.885607831941531, 44.134237353777081 ], [ 0.792885245480309, 44.14248082103034 ], [ 0.747849794308742, 44.099008944929786 ], [ 0.741919741357631, 44.075131081110499 ], [ 0.657987279124749, 44.012013124838163 ], [ 0.589890138380172, 44.082316620833282 ], [ 0.302675584655748, 43.991677461280368 ], [ 0.215625660363024, 44.028085119682935 ], [ 0.07253057986789, 43.977613618007894 ], [ -0.004914270176788, 43.937902853953979 ], [ -0.040004362242922, 43.989490980915548 ], [ -0.247051435696781, 43.903859889903984 ], [ -0.193177792725764, 43.876573992569597 ], [ -0.259446437295892, 43.59899930471488 ], [ -0.105700646336198, 43.60560745007826 ], [ -0.02897981935107, 43.409231033846261 ], [ 0.026625756025242, 43.32481336574218 ], [ -0.135243237664796, 43.14997782524263 ], [ -0.259881599053174, 43.032882760523187 ], [ -0.332312629010003, 42.916960641188666 ], [ -0.316113541456318, 42.846032267590338 ], [ -0.31605619476235, 42.845488814474209 ], [ -0.316733303834945, 42.844955688385987 ], [ -0.346780411816084, 42.835938081519473 ], [ -0.350549015364613, 42.834000868394007 ], [ -0.354283186711664, 42.831066800276204 ], [ -0.355040377706276, 42.830283787913849 ], [ -0.363104243718244, 42.817848465383676 ], [ -0.367215198033331, 42.813870890683447 ], [ -0.379724593214738, 42.803426382387897 ], [ -0.401911369475636, 42.798355043501964 ], [ -0.439876538264651, 42.795476833482432 ], [ -0.569070796159165, 42.790533758533705 ], [ -0.571402391625446, 42.791795194189007 ], [ -0.726949375667618, 42.917498517643253 ], [ -0.809228251531116, 42.95146377308609 ], [ -1.024047877439428, 42.996684803930656 ], [ -1.30572953195587, 43.073765112899785 ], [ -1.34833488137654, 43.029478615252927 ], [ -1.360003488089476, 43.029687033642716 ], [ -1.437475267161816, 43.045590113062119 ], [ -1.440406162810148, 43.046341201626682 ], [ -1.458308631133961, 43.06624233180866 ], [ -1.463271856402036, 43.071930782302907 ], [ -1.468116999785473, 43.077488341863479 ], [ -1.469982212496642, 43.079904597897084 ], [ -1.470922184723354, 43.081130444811336 ], [ -1.471369565994325, 43.082328825648077 ], [ -1.472292473161044, 43.086262684167323 ], [ -1.472389316165508, 43.086798924574175 ], [ -1.470053761650095, 43.091748098440114 ], [ -1.469247149295818, 43.092541309958456 ], [ -1.464233403810291, 43.09690185750879 ], [ -1.463417750551344, 43.097560422727788 ], [ -1.462345331036262, 43.09804818898818 ], [ -1.460884411799701, 43.098414792413102 ], [ -1.458930800476025, 43.09864479467798 ], [ -1.45771784391919, 43.098787820437089 ], [ -1.456685460724739, 43.099139189312098 ], [ -1.452803241911806, 43.100760686454173 ], [ -1.451840293371912, 43.101235478393264 ], [ -1.439894022820579, 43.107728594721358 ], [ -1.413971180940782, 43.127923536964147 ], [ -1.413344142653975, 43.128665052750222 ], [ -1.385709502573245, 43.194049394172858 ], [ -1.376979302469801, 43.23016183150493 ], [ -1.377771400309022, 43.235180851913569 ], [ -1.381752610244674, 43.252659826189458 ], [ -1.376271596613027, 43.261719138088587 ], [ -1.39938778275108, 43.266911272250773 ], [ -1.404306676113276, 43.270476454090677 ], [ -1.412391788671994, 43.273451189393789 ], [ -1.413362678866156, 43.273237395661852 ], [ -1.414272147182048, 43.27302573698249 ], [ -1.415658241805917, 43.272572531433802 ], [ -1.417710659033635, 43.271022600988552 ], [ -1.503081030814294, 43.29012950020288 ], [ -1.504944585421643, 43.293227897531843 ], [ -1.508911987463768, 43.2914316141187 ], [ -1.541591369200818, 43.298722348220338 ], [ -1.553136760896865, 43.27139103583675 ], [ -1.563919272702188, 43.266500084171675 ], [ -1.626392441708086, 43.277997404512497 ], [ -1.626384527360499, 43.294444577239211 ], [ -1.724102240276961, 43.2985759114137 ], [ -1.732002187974226, 43.301108159415605 ], [ -1.771603632377265, 43.337903943371877 ], [ -1.777519263964941, 43.345005810543803 ], [ -1.784625175791559, 43.35353394464267 ], [ -1.784592153233182, 43.353716321350277 ], [ -1.784177720699648, 43.354812032539762 ], [ -1.783369142631309, 43.355742863340161 ], [ -1.771376776700182, 43.369069454084119 ], [ -1.757470090951085, 43.380070446919369 ], [ -1.743295431511781, 43.383833532360434 ], [ -1.683854024984971, 43.393988496469667 ], [ -1.683783041207448, 43.393856171913541 ], [ -1.680637617951377, 43.390082934223621 ], [ -1.679590495908234, 43.389544987305158 ], [ -1.668942357200719, 43.388074558149675 ], [ -1.666930795791428, 43.38841932982421 ], [ -1.665728478325019, 43.388868954489261 ], [ -1.664701555166482, 43.389357036903284 ], [ -1.661796554878738, 43.391219615218226 ], [ -1.627994131701487, 43.413543194836556 ], [ -1.608911588898801, 43.426778304540861 ], [ -1.603706634997214, 43.430433093431013 ], [ -1.601881243920409, 43.431894553605247 ], [ -1.596564778864358, 43.437532651510608 ], [ -1.550500071274377, 43.493741857887997 ], [ -1.548997990731609, 43.494371876754279 ], [ -1.54858477170974, 43.494656712183918 ], [ -1.547243006087501, 43.496009793051257 ], [ -1.533658119846775, 43.513693870395507 ], [ -1.526812683028332, 43.522712613556443 ], [ -1.518463802969674, 43.534328363938521 ], [ -1.491101546186809, 43.572360493115333 ], [ -1.48403301678479, 43.582872493161787 ], [ -1.474803448929134, 43.59665703882321 ], [ -1.459193998611689, 43.620346495226421 ], [ -1.454099927430522, 43.629789427948111 ], [ -1.450933989397065, 43.635659583911071 ], [ -1.447386355036314, 43.642316903959156 ], [ -1.445984295688774, 43.645650515642501 ], [ -1.408964032640548, 43.783267991454061 ], [ -1.377854318032971, 43.890118447462967 ], [ -1.313061236388926, 44.111382256164482 ], [ -1.300365936662538, 44.198475351008838 ], [ -1.280315123905993, 44.300936818244196 ], [ -1.27729857267234, 44.317248802818241 ], [ -1.276034312905848, 44.324318765438392 ], [ -1.268452297977208, 44.368699796847174 ], [ -1.264015441486774, 44.3946953225934 ], [ -1.259538463695973, 44.421318994134033 ], [ -1.255286793268977, 44.449563639860969 ], [ -1.253345721920801, 44.465030320051326 ], [ -1.25306675861697, 44.46736972724603 ], [ -1.252715233862777, 44.470317385876875 ], [ -1.250584355862344, 44.488941228681774 ], [ -1.250148510232616, 44.496301552949589 ], [ -1.249863896798187, 44.506033641246873 ], [ -1.245343678725152, 44.555903137731931 ], [ -1.218020913512542, 44.61107528258345 ], [ -1.180249670952851, 44.657993390874886 ], [ -1.163575459074355, 44.653328037444609 ], [ -1.145824626478592, 44.640053966608193 ], [ -1.144813236166753, 44.645290643326433 ], [ -1.144758678789442, 44.645427409536872 ], [ -1.142678468905327, 44.646653443092752 ], [ -1.141062184235782, 44.647023724886807 ], [ -1.11911195111784, 44.640871298324285 ], [ -1.053468680622096, 44.651264061336022 ], [ -1.040599938588013, 44.651851086286705 ], [ -1.02816886581682, 44.647487876953079 ], [ -1.026868091224639, 44.644511959083495 ], [ -1.026460875784815, 44.644029295658491 ], [ -1.025804648553733, 44.643599253170528 ], [ -1.024964430974748, 44.643254723366006 ], [ -1.020583191702428, 44.641679264567941 ], [ -1.015982131435333, 44.640640333197418 ], [ -1.015664820752198, 44.640604993775476 ], [ -1.014461708644625, 44.64050212355329 ], [ -1.013218088277811, 44.640538878425417 ], [ -1.01242219917966, 44.640789288948717 ], [ -1.01204259998293, 44.641175553570996 ], [ -1.012052192117161, 44.641336171976562 ], [ -1.012186093385498, 44.641467125359135 ], [ -1.013209013060109, 44.641706037754695 ], [ -1.018882561637647, 44.642757386416228 ], [ -1.003232634686817, 44.648211750459389 ], [ -1.002802801193702, 44.648404839157493 ], [ -1.002826951604348, 44.648810320016075 ], [ -1.004384888171602, 44.654217098938844 ], [ -1.008037632065666, 44.658431655018809 ], [ -1.006728059744723, 44.658637959691418 ], [ -1.009994611922947, 44.660689324149644 ], [ -1.017903719978539, 44.669811479605301 ], [ -1.021801656060066, 44.674022634921428 ], [ -1.05279823867745, 44.703644492084052 ], [ -1.095272173410974, 44.736800301919438 ], [ -1.100849484100451, 44.740417746248852 ], [ -1.103662665645499, 44.742004474216529 ], [ -1.163105807581231, 44.772520342719773 ], [ -1.175921885756597, 44.763645124749296 ], [ -1.23146529343224, 44.693757912996311 ], [ -1.231800301964167, 44.693072932074962 ], [ -1.23703858372093, 44.681604981705298 ], [ -1.237188490440848, 44.680789818846648 ], [ -1.239284608694214, 44.666576477725826 ], [ -1.243366130734552, 44.649697765919257 ], [ -1.243632263754527, 44.649211934982688 ], [ -1.244043786110306, 44.64846027834465 ], [ -1.245734949179852, 44.641966814568441 ], [ -1.245731926192539, 44.640932674496725 ], [ -1.245527965805648, 44.639430162262599 ], [ -1.24549529326349, 44.639382602210347 ], [ -1.25866827054201, 44.631632531101886 ], [ -1.247695643012782, 44.72818058248285 ], [ -1.243656710116439, 44.748644605034876 ], [ -1.239759223642304, 44.767723761927904 ], [ -1.232859801526444, 44.804781443926842 ], [ -1.225468749751685, 44.844593134907811 ], [ -1.223402895738019, 44.856462729644534 ], [ -1.2076798898803, 44.959578087215711 ], [ -1.203298271074869, 44.989837440830811 ], [ -1.16733548855819, 45.259585277367556 ], [ -1.15854257802335, 45.34989309854295 ], [ -1.150676456455693, 45.439533074806945 ], [ -1.152812919640386, 45.456545417866487 ], [ -1.124288946836669, 45.524024221938554 ], [ -1.099486985326939, 45.552443752659215 ], [ -1.062497299831668, 45.566881360936293 ], [ -1.062773066486947, 45.565780677256683 ], [ -1.05152475757845, 45.546662531178882 ], [ -1.047871195662299, 45.546021322453093 ], [ -1.061222202833394, 45.536575284771232 ], [ -1.06849097067521, 45.527708157946044 ], [ -1.069414087077341, 45.5260591321276 ], [ -1.069695079915381, 45.524384652926074 ], [ -1.069559529717691, 45.520111446013026 ], [ -1.069395800526807, 45.518495553151148 ], [ -1.068904159330948, 45.516754584106643 ], [ -1.06819012667357, 45.515560687938226 ], [ -1.06423115825675, 45.510548507935944 ], [ -1.060216559918108, 45.507742969247417 ], [ -1.05254968106179, 45.502799243544828 ], [ -0.969679392667322, 45.453193142965596 ], [ -0.966872027368222, 45.452240799891484 ], [ -0.963806680559913, 45.45125099876963 ], [ -0.960315949446719, 45.450633858314063 ], [ -0.95675877316569, 45.449973550634148 ], [ -0.951065029108352, 45.447800373215763 ], [ -0.932938492558701, 45.440859621567967 ], [ -0.930696295699822, 45.439709760808704 ], [ -0.834929107359931, 45.372110526454932 ], [ -0.832387804083062, 45.370112032223048 ], [ -0.823226856732702, 45.362899362192906 ], [ -0.823148229049916, 45.362837079284532 ], [ -0.67179896200082, 45.080074408632726 ], [ -0.665133982640223, 45.089122027612113 ], [ -0.699132520457145, 45.24212295795396 ], [ -0.69135995416618, 45.236598632656488 ], [ -0.690630946490614, 45.237248663571421 ], [ -0.691729993945644, 45.244780852583524 ], [ -0.69399708307525, 45.260158482047025 ], [ -0.694814976857128, 45.265110124918635 ], [ -0.694835133555253, 45.265231110226431 ], [ -0.696108367700863, 45.271498231084152 ], [ -0.697666467528837, 45.278072679093789 ], [ -0.699529909993749, 45.283710394545267 ], [ -0.710541249169635, 45.315616050134516 ], [ -0.725852887214459, 45.35991964538367 ], [ -0.739613725051465, 45.398010646355608 ], [ -0.740794414743641, 45.400859058505667 ], [ -0.741999476939536, 45.403140237254711 ], [ -0.754911597355219, 45.445803836764732 ], [ -0.75682225784692, 45.452111274573831 ], [ -0.77381815654756, 45.462308723380808 ], [ -0.794803737295575, 45.474891240948686 ], [ -0.810810208939845, 45.484481915377735 ], [ -0.818553327949006, 45.491557291163652 ], [ -0.833393999044085, 45.500295705299521 ], [ -0.837536219661104, 45.503354448221138 ], [ -0.847808979424667, 45.51053519896081 ], [ -0.857957045797356, 45.515789579938456 ], [ -0.876045477538194, 45.523511373506224 ], [ -0.88469535051532, 45.528679515127791 ], [ -0.902559331994984, 45.539347760959153 ], [ -0.934412121613807, 45.558352787022955 ], [ -0.977988675892675, 45.58431708212197 ], [ -1.019984337956557, 45.621841676945749 ], [ -1.031467169397488, 45.61797817420954 ], [ -1.050591935737798, 45.626776278187222 ], [ -1.055709592485424, 45.625125325070975 ], [ -1.056221968137385, 45.625109793421416 ], [ -1.073598148355428, 45.630128707057651 ], [ -1.230946604066316, 45.682830595102068 ], [ -1.23195993115002, 45.685207511935253 ], [ -1.23358605243832, 45.689478598491547 ], [ -1.235230005511873, 45.696000616792226 ], [ -1.235644008150611, 45.698419054737329 ], [ -1.237881326099473, 45.717035326741311 ], [ -1.239936544784425, 45.736783227173994 ], [ -1.241743421740386, 45.763563923324426 ], [ -1.241776076792331, 45.767030258494891 ], [ -1.241574548642069, 45.7846888053434 ], [ -1.241364464288108, 45.785415998615193 ], [ -1.241017139768874, 45.786012472512517 ], [ -1.240593354457251, 45.786400586323843 ], [ -1.141365343545236, 45.796172350052743 ], [ -1.110222222439851, 45.799220479906573 ], [ -1.10753506976638, 45.818331850913857 ], [ -1.106649562837621, 45.824626770845732 ], [ -1.103590927443043, 45.846359005136087 ], [ -1.100790888506795, 45.866238767949106 ], [ -1.074417719214823, 45.936202647534152 ], [ -1.070835103680306, 45.94569256753848 ], [ -1.069346958725179, 45.949633491730992 ], [ -1.063496617311732, 45.949979596086948 ], [ -1.063437769061792, 45.95007142729532 ], [ -1.056415736488214, 45.983853486910675 ], [ -1.048014371302211, 46.006062458222473 ], [ -1.05198539031582, 46.012096688747882 ], [ -1.055290931283569, 46.034292763245539 ], [ -1.0559130551152, 46.035985082600902 ], [ -1.06124334152787, 46.045820667198335 ], [ -1.100881874810169, 46.094481620130615 ], [ -1.108743269447631, 46.098183956544297 ], [ -1.131243912043318, 46.132229046853993 ], [ -1.212033406718892, 46.15386593095031 ], [ -1.223028862471059, 46.166017739062994 ], [ -1.198531561517229, 46.19902887824275 ], [ -1.128733068449289, 46.2537383372416 ], [ -1.111560777608086, 46.26034159013583 ], [ -1.110513361235486, 46.261229032681243 ], [ -1.110330358739496, 46.261414720060934 ], [ -1.111321850706144, 46.265797355453401 ], [ -1.118776093320236, 46.295289259595513 ], [ -1.12204843994581, 46.301808677158654 ], [ -1.125992007247205, 46.307632077233315 ], [ -1.128565877818682, 46.310300180123228 ], [ -1.129539608722099, 46.311306073951926 ], [ -1.135241153957091, 46.313515151722292 ], [ -0.940189237387906, 46.361892637326299 ], [ -0.750838700434982, 46.300485562246529 ], [ -0.542026312862881, 46.382222862936082 ], [ -0.632071345278524, 46.518094418252147 ], [ -0.695756707011983, 46.792799894021442 ], [ -0.88638223804604, 46.96391059120316 ], [ -0.630278510309794, 46.98987838180124 ], [ -0.548360318290785, 47.020553818943839 ], [ -0.558397051459016, 47.077477523225895 ], [ -0.162216947771885, 47.105823092805018 ], [ -0.187847380681005, 47.057625117976073 ], [ -0.090136667655891, 47.054966532460249 ], [ 0.058218680279645, 47.172321192420171 ], [ 0.307741751434305, 47.038862535211564 ] ] ], [ [ [ -1.259420442702718, 45.990531307325632 ], [ -1.255739086789705, 45.990648757310709 ], [ -1.247080761045781, 45.990487695785767 ], [ -1.245905647940695, 45.990299910435255 ], [ -1.245111462512128, 45.990009938991214 ], [ -1.243778041016712, 45.98937684656844 ], [ -1.242745905724013, 45.988692660351539 ], [ -1.198157709111569, 45.854800724211778 ], [ -1.198419999939, 45.830863838332377 ], [ -1.239891928873139, 45.806991358922275 ], [ -1.279210564025462, 45.896352354658717 ], [ -1.37963738999608, 45.946802092552474 ], [ -1.385138168423123, 45.952459583034987 ], [ -1.386202149151332, 45.953865541263553 ], [ -1.38672027737965, 45.954839189245696 ], [ -1.40499692312665, 46.028633074787933 ], [ -1.409228971443062, 46.047948281032177 ], [ -1.356507399880587, 46.026492868577684 ], [ -1.306301409867017, 45.989025065759748 ], [ -1.267719074619573, 45.990266105648672 ], [ -1.267340946745047, 45.990111572627178 ], [ -1.259420442702718, 45.990531307325632 ] ] ], [ [ [ -1.445130801241516, 46.227253973684341 ], [ -1.353875639553644, 46.206180232135701 ], [ -1.309268318464941, 46.191346984817223 ], [ -1.291654987806708, 46.174716681189977 ], [ -1.269345904784165, 46.153634215529756 ], [ -1.272664851717976, 46.151203778399392 ], [ -1.28455377730083, 46.145824672978861 ], [ -1.303927697342403, 46.14295032864576 ], [ -1.307304220652714, 46.143066634862898 ], [ -1.310892709714457, 46.143446201038856 ], [ -1.318545622770356, 46.144731556262904 ], [ -1.446747353928882, 46.200742480637217 ], [ -1.504613900729493, 46.194743583294851 ], [ -1.533086635163959, 46.202396835066445 ], [ -1.533684938282035, 46.202601559659747 ], [ -1.534033987289808, 46.202949934441648 ], [ -1.549862320729156, 46.227539686103562 ], [ -1.543379030193282, 46.243120993581051 ], [ -1.506678317640253, 46.257479783164399 ], [ -1.485255204438686, 46.242133465005878 ], [ -1.515601040891831, 46.221807791397097 ], [ -1.489569311507689, 46.210996456497469 ], [ -1.445130801241516, 46.227253973684341 ] ] ] ] } },
{ "type": "Feature", "properties": { "code_geog": "76", "libelle_geog": "Occitanie", "area": 73285.938, "x": 2.151, "y": 43.705 }, "geometry": { "type": "MultiPolygon", "coordinates": [ [ [ [ 1.64091130383478, 45.031563621710831 ], [ 1.742352357609391, 44.960759265898517 ], [ 1.80313971924254, 44.913475831684742 ], [ 2.057348655201127, 44.976283181678809 ], [ 2.084622863698639, 44.876402259289264 ], [ 2.171876862711663, 44.795660406407869 ], [ 2.138795652749628, 44.700425694581526 ], [ 2.165645636671237, 44.64812408624914 ], [ 2.20572172132068, 44.614866855236194 ], [ 2.218975507446377, 44.648194267962417 ], [ 2.318961850662284, 44.672049151628556 ], [ 2.33896741243048, 44.648257731853903 ], [ 2.485638106861238, 44.652916263611779 ], [ 2.545886686595395, 44.719442453877114 ], [ 2.620053128470567, 44.86680997797793 ], [ 2.748857962722776, 44.935137081390167 ], [ 2.780906052928181, 44.868901425070405 ], [ 2.850659134633109, 44.871904961121132 ], [ 2.877844964327203, 44.799055535102312 ], [ 2.937308047902697, 44.71611328717885 ], [ 2.978969519840686, 44.651146070842977 ], [ 3.039921105164196, 44.7269180116634 ], [ 3.020591194246287, 44.784149819409556 ], [ 3.129255690268135, 44.90717002329135 ], [ 3.189927387224648, 44.866502531260885 ], [ 3.251536597821095, 44.938735850521191 ], [ 3.357897525204873, 44.957653735586611 ], [ 3.465194964717876, 44.825928643006186 ], [ 3.630431707631061, 44.885493191627837 ], [ 3.821724038531293, 44.752482034476394 ], [ 3.861658307266779, 44.747176710119739 ], [ 3.91665155339708, 44.565531500880894 ], [ 3.950063025917244, 44.569805752838924 ], [ 3.993424305390651, 44.459691645142243 ], [ 4.046131116852327, 44.444605767683719 ], [ 4.0422410334292, 44.316166084697059 ], [ 4.280412721740341, 44.302678316929985 ], [ 4.375027818000496, 44.353313007362118 ], [ 4.487720341946177, 44.351158094071629 ], [ 4.552883353383109, 44.321299130649322 ], [ 4.643880600269621, 44.276578782417594 ], [ 4.719297995423091, 44.179763843883734 ], [ 4.722094954158827, 44.089270049998724 ], [ 4.774671337123563, 44.083347790149659 ], [ 4.843023792824683, 43.986605368012611 ], [ 4.76115579965064, 43.921830704921398 ], [ 4.64681189973841, 43.86245723456323 ], [ 4.626585610728284, 43.686826306082708 ], [ 4.466331209005314, 43.609215501048915 ], [ 4.225902341249689, 43.461563976925675 ], [ 4.132067967832408, 43.486137101044413 ], [ 4.129541791984546, 43.488056445867166 ], [ 4.143741983978543, 43.534216756135571 ], [ 4.134889691001921, 43.536801867782202 ], [ 4.132137221706658, 43.539610867272067 ], [ 4.131358389068723, 43.540387953500208 ], [ 4.129305804092872, 43.542318910938825 ], [ 4.127196359400024, 43.544017032999143 ], [ 4.126156602696082, 43.544753455074819 ], [ 4.124458235089474, 43.545770466039478 ], [ 4.122212368158177, 43.547066197072397 ], [ 4.117936840217124, 43.549069603991086 ], [ 4.110280570198052, 43.551667775560283 ], [ 4.109056364729905, 43.552047458952821 ], [ 4.101684418219927, 43.554271760360955 ], [ 4.092490020508034, 43.555771224654514 ], [ 4.089742313455444, 43.556219166200599 ], [ 4.06693498225629, 43.557378917168172 ], [ 4.056729544873854, 43.557531690021143 ], [ 4.051336056731603, 43.557392636934921 ], [ 4.042838852167338, 43.556798919585781 ], [ 4.038238901577583, 43.556323051682746 ], [ 4.029105675003988, 43.555110105648751 ], [ 4.023146324814178, 43.554213252990465 ], [ 4.017710215114913, 43.553365568853629 ], [ 3.967844616564343, 43.556041013056713 ], [ 3.916625182680157, 43.520268928366498 ], [ 3.906602139599854, 43.516270547382099 ], [ 3.894771401772274, 43.510897748141382 ], [ 3.886680383220908, 43.506734198171387 ], [ 3.865415345034264, 43.494730148442507 ], [ 3.861264326361678, 43.492316863472958 ], [ 3.853608170031517, 43.487598749906269 ], [ 3.851787882554158, 43.486455748207298 ], [ 3.850215626309299, 43.485353062848297 ], [ 3.840828907652178, 43.47859090792474 ], [ 3.839633155967411, 43.47770867911445 ], [ 3.833959416368319, 43.473141434146427 ], [ 3.82941346351038, 43.469195407091661 ], [ 3.828335566887113, 43.468085592769022 ], [ 3.771876268469647, 43.430641029286136 ], [ 3.758928668715685, 43.423684776014497 ], [ 3.663245578452482, 43.393747274033416 ], [ 3.590582933775663, 43.336038390116791 ], [ 3.560940150947302, 43.320735071417836 ], [ 3.42284836866, 43.290450434417046 ], [ 3.400608218951079, 43.296797441739741 ], [ 3.352078433007345, 43.273366839417683 ], [ 3.351414875309251, 43.273162210149287 ], [ 3.34415826999271, 43.270301952697139 ], [ 3.343290512728192, 43.269904563534759 ], [ 3.303949605732527, 43.250089753183602 ], [ 3.236623680701764, 43.21746108695352 ], [ 3.236498266748995, 43.217363285277116 ], [ 3.164306963314102, 43.160988582252401 ], [ 3.111357852149774, 43.093654850704482 ], [ 3.107792118040735, 43.089160391565848 ], [ 3.107560807857054, 43.088819365228339 ], [ 3.104848649494935, 43.085364899724773 ], [ 3.103077116734181, 43.082208057068243 ], [ 3.08602122521803, 43.057043530197241 ], [ 3.077814575625773, 43.043820673576299 ], [ 3.074427177662234, 43.037537131537029 ], [ 3.071416549756765, 43.031933734692444 ], [ 3.066204721924335, 43.021664603674644 ], [ 3.063735923804879, 43.016183171965714 ], [ 3.057414136171718, 43.000710872992407 ], [ 3.025326203378613, 42.943295793853046 ], [ 3.040985759282356, 42.929236647485254 ], [ 3.050035673865144, 42.896460419923535 ], [ 3.030668212275499, 42.848235579379498 ], [ 3.030653481477273, 42.848198867337395 ], [ 3.030843077290685, 42.844530822441293 ], [ 3.033454905210953, 42.793954352260904 ], [ 3.03728409945593, 42.719648747039628 ], [ 3.035470447948366, 42.666532647121251 ], [ 3.035508130205149, 42.659996605355644 ], [ 3.035953065019574, 42.644975671944536 ], [ 3.03605376673459, 42.642226935449905 ], [ 3.037695310219435, 42.62606012984422 ], [ 3.038032981782521, 42.623812790490319 ], [ 3.044157190807879, 42.585810584920843 ], [ 3.046300063394931, 42.543960135551934 ], [ 3.053746046930502, 42.542184376304249 ], [ 3.056157770013002, 42.538955911011939 ], [ 3.05796421766719, 42.536779576344614 ], [ 3.058564555352624, 42.536236724352889 ], [ 3.060862839614889, 42.535547627071395 ], [ 3.06331731644993, 42.535338944955598 ], [ 3.065548394402239, 42.535470718953086 ], [ 3.065683947214632, 42.535630301396417 ], [ 3.066041319480677, 42.536051017306612 ], [ 3.066769737372103, 42.536046019138077 ], [ 3.069026251052136, 42.535904788932328 ], [ 3.072434272694681, 42.535612998378504 ], [ 3.122937620920101, 42.521807948086931 ], [ 3.142505590599558, 42.515727060139284 ], [ 3.169645388856867, 42.458130622223706 ], [ 3.176710708670817, 42.437349806414552 ], [ 3.174674068592135, 42.435158395831202 ], [ 3.173821215943319, 42.434850866698476 ], [ 3.132159128679871, 42.429324332088704 ], [ 3.078994745071056, 42.429709381534281 ], [ 3.070556428868859, 42.435848320594332 ], [ 3.058640534360002, 42.445510301497698 ], [ 3.048385490978526, 42.456470817365279 ], [ 3.047847047740179, 42.457058050444935 ], [ 3.042397348110244, 42.469602036393439 ], [ 3.04105177744324, 42.473660496083539 ], [ 3.038037243857838, 42.473399563091178 ], [ 3.03271110904436, 42.482282450155175 ], [ 2.93634456445141, 42.47336838948965 ], [ 2.906091068633477, 42.461892409389868 ], [ 2.89550814564942, 42.46096216571258 ], [ 2.815647935051694, 42.439207981131489 ], [ 2.815448106293205, 42.438768336495961 ], [ 2.814325293714643, 42.436349203681125 ], [ 2.803323941346436, 42.422812804851411 ], [ 2.788311476743047, 42.417091374764233 ], [ 2.780640294818694, 42.412721738900167 ], [ 2.778738515415119, 42.412145078165629 ], [ 2.77758591080516, 42.411925415132281 ], [ 2.769152632026138, 42.41340558480038 ], [ 2.765527447697685, 42.416338205647762 ], [ 2.764259908069978, 42.416971793111777 ], [ 2.762264072315395, 42.41742872147681 ], [ 2.761285688314526, 42.417845636152208 ], [ 2.760640974628675, 42.418328548019296 ], [ 2.760622897269153, 42.418342087322266 ], [ 2.760085820741696, 42.419466511466318 ], [ 2.759547094780078, 42.420366484036023 ], [ 2.758930750969956, 42.42174036767598 ], [ 2.758473880051686, 42.422758973833965 ], [ 2.758302511387286, 42.424196181917232 ], [ 2.758182960304715, 42.424421113163746 ], [ 2.756904341187832, 42.425234227771455 ], [ 2.75605908205867, 42.425650570295119 ], [ 2.755574377018852, 42.425652483583129 ], [ 2.747440526591908, 42.425271245716019 ], [ 2.73206319978385, 42.423524957106856 ], [ 2.720080756385232, 42.421952791877324 ], [ 2.719247466862327, 42.421802043556305 ], [ 2.719110226844277, 42.421776725080832 ], [ 2.718099384289781, 42.421457142319127 ], [ 2.717288889132673, 42.421199679654407 ], [ 2.673443493135232, 42.401262514362557 ], [ 2.661359396256139, 42.378128157488788 ], [ 2.662901028732553, 42.370161287040006 ], [ 2.670505053983489, 42.361905120763886 ], [ 2.661970268478126, 42.350209019586195 ], [ 2.498171541309263, 42.337568533179756 ], [ 2.491696964832946, 42.338480782038438 ], [ 2.416458382863907, 42.403770089429237 ], [ 2.310770513878051, 42.424883902615584 ], [ 2.30552847510295, 42.426561283938938 ], [ 2.258434096930543, 42.438335317446558 ], [ 2.25770668634949, 42.438469449053798 ], [ 2.1548566192413, 42.421562156996899 ], [ 2.15064173608107, 42.420754646975119 ], [ 2.133798329683614, 42.414323391285507 ], [ 2.129503921720247, 42.412474556802877 ], [ 2.126231026471483, 42.409631023825021 ], [ 2.115530955088781, 42.394490259358122 ], [ 2.11523504869997, 42.392685081491734 ], [ 2.115248218176938, 42.389228625314331 ], [ 2.115250133085549, 42.388725868621016 ], [ 2.115685246463712, 42.385765212555157 ], [ 2.116357604706088, 42.384094496862161 ], [ 2.090799147636561, 42.369966275186876 ], [ 2.016559205809941, 42.34909093122225 ], [ 1.999049901696325, 42.356065280814505 ], [ 1.922563103225623, 42.455246538011693 ], [ 1.777465370256383, 42.481397670784332 ], [ 1.73132533900344, 42.492734353680326 ], [ 1.731078031951308, 42.493181898588716 ], [ 1.727413863032239, 42.50130502018289 ], [ 1.726479736395387, 42.503598331604294 ], [ 1.725808841692575, 42.515474062554816 ], [ 1.734328801361676, 42.546014978167236 ], [ 1.773387522860334, 42.570002146521595 ], [ 1.78678021596884, 42.573617945196595 ], [ 1.783679555828608, 42.576317219460279 ], [ 1.786681303072832, 42.578158619921872 ], [ 1.786519342384894, 42.578315919665123 ], [ 1.747725237202459, 42.615962566965877 ], [ 1.534794073102584, 42.662089446696996 ], [ 1.483874928393336, 42.657930910040378 ], [ 1.335939897926945, 42.7240388620001 ], [ 1.334839107566119, 42.724297968384654 ], [ 1.247527801322067, 42.722758494386341 ], [ 1.179953497769477, 42.713261875769305 ], [ 1.137568654910508, 42.744496376896024 ], [ 1.13996330004355, 42.762939031823628 ], [ 1.100766365294776, 42.786255279772753 ], [ 1.071308353033472, 42.785231259193743 ], [ 0.853803555124882, 42.831150003863996 ], [ 0.709082960663001, 42.861418470783761 ], [ 0.708598493935745, 42.861276322353334 ], [ 0.706600955294691, 42.860550905787079 ], [ 0.679041123226577, 42.866099682130105 ], [ 0.672127070544283, 42.846331297808334 ], [ 0.6647637409798, 42.842083668542649 ], [ 0.663085313258115, 42.841024193581816 ], [ 0.662127767465657, 42.840379165517504 ], [ 0.65972730464148, 42.838543536988276 ], [ 0.659492390724043, 42.838225402262026 ], [ 0.659323697014472, 42.837728626076967 ], [ 0.6464260626483, 42.782840265901321 ], [ 0.646584849804539, 42.773184113893421 ], [ 0.637319540423091, 42.746604405119008 ], [ 0.663868351905224, 42.743125819628006 ], [ 0.664078671240584, 42.742999755566984 ], [ 0.669908614905137, 42.734655875012557 ], [ 0.671053358278181, 42.694852146128362 ], [ 0.450708198215118, 42.733958162092051 ], [ 0.449970914576207, 42.733830029280654 ], [ 0.328934575585819, 42.712718825812047 ], [ 0.251467666245304, 42.715984043924784 ], [ 0.240092991296862, 42.715424681540384 ], [ 0.131599131417805, 42.714847756406293 ], [ 0.12990660932977, 42.714183794313634 ], [ 0.116791208147661, 42.710856554136583 ], [ 0.107460713283965, 42.708811942458809 ], [ 0.090617622090392, 42.707960267249611 ], [ -0.036322411090459, 42.688825531597999 ], [ -0.055967134994462, 42.692164969506003 ], [ -0.056647488792233, 42.692419227378615 ], [ -0.059064762331286, 42.693443059996767 ], [ -0.060813234491157, 42.69449088487228 ], [ -0.061567482241921, 42.695057922775135 ], [ -0.078196118920906, 42.709025868809853 ], [ -0.151327842066183, 42.788165963067691 ], [ -0.210463990388486, 42.809067986583287 ], [ -0.275926040988779, 42.835494209782375 ], [ -0.281691517088441, 42.837428923658905 ], [ -0.310126496457046, 42.846936994766665 ], [ -0.314347046511442, 42.845671362024802 ], [ -0.315368249731143, 42.846030459490002 ], [ -0.31605619476235, 42.845488814474209 ], [ -0.316113541456318, 42.846032267590338 ], [ -0.332312629010003, 42.916960641188666 ], [ -0.259881599053174, 43.032882760523187 ], [ -0.135243237664796, 43.14997782524263 ], [ 0.026625756025242, 43.32481336574218 ], [ -0.02897981935107, 43.409231033846261 ], [ -0.105700646336198, 43.60560745007826 ], [ -0.259446437295892, 43.59899930471488 ], [ -0.193177792725764, 43.876573992569597 ], [ -0.247051435696781, 43.903859889903984 ], [ -0.040004362242922, 43.989490980915548 ], [ -0.004914270176788, 43.937902853953979 ], [ 0.07253057986789, 43.977613618007894 ], [ 0.215625660363024, 44.028085119682935 ], [ 0.302675584655748, 43.991677461280368 ], [ 0.589890138380172, 44.082316620833282 ], [ 0.657987279124749, 44.012013124838163 ], [ 0.741919741357631, 44.075131081110499 ], [ 0.747849794308742, 44.099008944929786 ], [ 0.792885245480309, 44.14248082103034 ], [ 0.885607831941531, 44.134237353777081 ], [ 0.927694933997332, 44.301335568420797 ], [ 0.89901496067823, 44.386621968697966 ], [ 1.058457417564105, 44.37908025795857 ], [ 1.021403137332518, 44.545207171455189 ], [ 1.067223041117135, 44.579060896730077 ], [ 1.25781935425939, 44.709596150284717 ], [ 1.422161768234309, 44.86338378735482 ], [ 1.399452441504116, 45.020264470295935 ], [ 1.433004903270973, 45.020543320871198 ], [ 1.64091130383478, 45.031563621710831 ] ] ] ] } },
{ "type": "Feature", "properties": { "code_geog": "84", "libelle_geog": "Auvergne-Rhône-Alpes", "area": 70628.32, "x": 4.537, "y": 45.512 }, "geometry": { "type": "MultiPolygon", "coordinates": [ [ [ [ 3.025107471616489, 46.783465956697782 ], [ 3.479716243874296, 46.651282694212405 ], [ 3.620102634388474, 46.740254707932635 ], [ 3.639611137043897, 46.687662838457626 ], [ 3.732633734555832, 46.538967778370818 ], [ 4.006615245930538, 46.473381286884994 ], [ 4.002236661973503, 46.330597888040721 ], [ 3.890806487765912, 46.279802332752169 ], [ 3.881918410128077, 46.208502787411888 ], [ 4.271295422190171, 46.164422356404884 ], [ 4.389697521111307, 46.214719383633046 ], [ 4.399791390173231, 46.300255353668021 ], [ 4.681068805270217, 46.290026439744608 ], [ 4.686495972084259, 46.256575285020382 ], [ 4.724319517440123, 46.179580938900074 ], [ 4.779119095384057, 46.178411198376061 ], [ 4.946408186637484, 46.522384269767215 ], [ 5.194271282018968, 46.511668759095897 ], [ 5.239198889292816, 46.44860365359925 ], [ 5.304276014940015, 46.441910370439111 ], [ 5.315956734157105, 46.403482646204594 ], [ 5.466481073383408, 46.265997260631067 ], [ 5.541657124189229, 46.259130227138442 ], [ 5.636017761896615, 46.34220882171946 ], [ 5.689502141316248, 46.316809375594445 ], [ 5.707152084484115, 46.268624893115174 ], [ 5.851202715472074, 46.264247143314364 ], [ 6.074244116045164, 46.409656469840577 ], [ 6.074873064577599, 46.409959445671497 ], [ 6.074788844438532, 46.409682672850252 ], [ 6.119747017460464, 46.390613444316209 ], [ 6.168479810667446, 46.369907939788497 ], [ 6.17089357842, 46.367497038254811 ], [ 6.170841465287097, 46.367115182741749 ], [ 6.170654809387373, 46.366760853465166 ], [ 6.170116667028127, 46.365739264563139 ], [ 6.102911493418775, 46.28487899891897 ], [ 6.031642806305414, 46.236831285426163 ], [ 6.01379637349714, 46.231062515446894 ], [ 5.979053251142664, 46.217054513022852 ], [ 5.977981520636328, 46.216548599498317 ], [ 5.975696664623617, 46.215361156246104 ], [ 5.97529328733158, 46.215148959230973 ], [ 5.974198720747805, 46.214079183887904 ], [ 5.968466845887954, 46.213226474842436 ], [ 5.969816040340724, 46.207078649747473 ], [ 5.964750322334352, 46.198059538699546 ], [ 5.964225630335676, 46.196995562716495 ], [ 5.98180912168305, 46.140419244759194 ], [ 5.982797615230474, 46.13723512724917 ], [ 6.129538810597411, 46.14022966625005 ], [ 6.131755160428739, 46.140425474627015 ], [ 6.133584062805596, 46.140828681148982 ], [ 6.14190228959745, 46.140800318698545 ], [ 6.147699937715344, 46.146253728458319 ], [ 6.176006218593389, 46.158351405248986 ], [ 6.177637150220681, 46.159113455153282 ], [ 6.294998736191112, 46.224954387418009 ], [ 6.29618397723212, 46.226084029891759 ], [ 6.296701766904518, 46.226707224549308 ], [ 6.306121862949576, 46.230484294850342 ], [ 6.306725156962534, 46.238767782311562 ], [ 6.307351251191884, 46.23952091973441 ], [ 6.310783389050453, 46.243859728272433 ], [ 6.309930569357551, 46.249970473900355 ], [ 6.308357115299465, 46.254214682169923 ], [ 6.307864481606711, 46.254404381906042 ], [ 6.308893512836662, 46.268519538265117 ], [ 6.266382152870074, 46.250936447440232 ], [ 6.259106453722528, 46.25540593421367 ], [ 6.238973944213638, 46.27540936135987 ], [ 6.238617381656318, 46.275872055499718 ], [ 6.238283342009881, 46.276649257644443 ], [ 6.238104627426544, 46.27778143749056 ], [ 6.23896462298838, 46.28162533518217 ], [ 6.246194448046055, 46.298953960812028 ], [ 6.247512128171076, 46.301834580019985 ], [ 6.250360958768883, 46.308061400409244 ], [ 6.277560466398692, 46.350221402983841 ], [ 6.28780115259888, 46.357044852123302 ], [ 6.303667995766104, 46.365954939659588 ], [ 6.337137481401162, 46.372393451387396 ], [ 6.376226499311373, 46.342407738805917 ], [ 6.469494461592411, 46.387446415962771 ], [ 6.6348402904322, 46.405469752683338 ], [ 6.650205561951569, 46.406238510558012 ], [ 6.690204227647571, 46.40800048521568 ], [ 6.693209014581599, 46.408110481209278 ], [ 6.699398984933942, 46.408143084980573 ], [ 6.701111865796953, 46.408041199311043 ], [ 6.724887285532777, 46.407611199061485 ], [ 6.771734586430705, 46.397454953678107 ], [ 6.85258397287035, 46.292071109450248 ], [ 6.843927320053298, 46.248753228654138 ], [ 6.810961594427463, 46.214284819888533 ], [ 6.810392440821592, 46.213676514421067 ], [ 6.804772633932711, 46.205292523805689 ], [ 6.804177882945935, 46.204369797129758 ], [ 6.804078523872637, 46.203157149756827 ], [ 6.805550138306755, 46.200161202470298 ], [ 6.806358587468793, 46.198516161970844 ], [ 6.809424128079864, 46.19159112202037 ], [ 6.813215486259955, 46.181663365072232 ], [ 6.811409177482076, 46.180202893566737 ], [ 6.80951048979098, 46.179196637632486 ], [ 6.808036593584003, 46.178624133594695 ], [ 6.807870475925841, 46.178180120873414 ], [ 6.806707732857966, 46.175072025355085 ], [ 6.806121144287577, 46.17266207361785 ], [ 6.805977136935195, 46.172487535264104 ], [ 6.80024781784032, 46.168253194349688 ], [ 6.799137917974569, 46.168161850769494 ], [ 6.7985377942625, 46.167960256110725 ], [ 6.797577756764895, 46.167322284589027 ], [ 6.795355155441301, 46.165517561127061 ], [ 6.793258302271295, 46.163662782779014 ], [ 6.792549602139046, 46.162924746722304 ], [ 6.790909153472394, 46.154743841264406 ], [ 6.790940784892253, 46.15433707353332 ], [ 6.795820333371563, 46.141798752366107 ], [ 6.792985724553213, 46.136062076728891 ], [ 6.891774358466719, 46.082166122662748 ], [ 6.891753902701843, 46.082049901884453 ], [ 6.890727697912513, 46.076729068122788 ], [ 6.888833936620538, 46.07342592643235 ], [ 6.873323260344709, 46.051932842731091 ], [ 6.926975198088721, 46.062915082006022 ], [ 6.943789982119557, 46.053710566891702 ], [ 6.943791433048947, 46.053709041353066 ], [ 6.963413325259007, 46.030555714980068 ], [ 6.985603243591704, 46.00467722261039 ], [ 6.986160292122691, 46.004383851348713 ], [ 6.993651493305072, 46.001222903545575 ], [ 7.03811916094321, 45.954309680173665 ], [ 7.039064801758303, 45.947297997291578 ], [ 7.040722225360473, 45.931996531481794 ], [ 7.041585533137771, 45.922496643340473 ], [ 6.979573021353674, 45.868833871340264 ], [ 6.978503580190548, 45.868266405198227 ], [ 6.918135434809021, 45.855822370244987 ], [ 6.918101182676386, 45.855815299226201 ], [ 6.856426204243371, 45.843062571385346 ], [ 6.822665215597218, 45.837537248689294 ], [ 6.821215025047717, 45.837144572598319 ], [ 6.820682684874724, 45.836940533985562 ], [ 6.819399595324947, 45.836225761266043 ], [ 6.818909515250515, 45.835749681481651 ], [ 6.818563182620127, 45.835213829318 ], [ 6.816271887358166, 45.834738378366616 ], [ 6.814288591633375, 45.828599130141875 ], [ 6.806961411898832, 45.817256648248446 ], [ 6.803624819155486, 45.795565603192443 ], [ 6.798039047757003, 45.778246164887889 ], [ 6.798058528454352, 45.778201495940209 ], [ 6.798297554239738, 45.777653417055724 ], [ 6.802318907849393, 45.768430854131182 ], [ 6.804305666772761, 45.763873232148264 ], [ 6.806062554851267, 45.74763416484938 ], [ 6.808630330192678, 45.72698585923149 ], [ 6.808933100582638, 45.725171508139368 ], [ 6.827690857150854, 45.704371099159594 ], [ 6.829624511871202, 45.702851754571427 ], [ 6.831457489995374, 45.701508010621147 ], [ 6.838179150984609, 45.686046211103914 ], [ 6.86585661849529, 45.679537348530651 ], [ 6.915476866329739, 45.651928334769408 ], [ 6.930412540248969, 45.646900563368632 ], [ 6.9343931723832, 45.646872321902194 ], [ 6.95533190663411, 45.652183728066703 ], [ 6.986557486021341, 45.625450632963414 ], [ 6.99360319848771, 45.512788118801495 ], [ 6.999883419048769, 45.509670318911247 ], [ 7.000482423367697, 45.504806306076169 ], [ 7.000835205207321, 45.504431077357225 ], [ 7.09968590166243, 45.458798214456777 ], [ 7.179438301174941, 45.410750201296992 ], [ 7.126356643993706, 45.244880378870477 ], [ 6.897351301229009, 45.168690285347559 ], [ 6.787073646240783, 45.155990631590051 ], [ 6.780158494932578, 45.15803987490586 ], [ 6.778212560345804, 45.158388070353844 ], [ 6.76946794563426, 45.159710765092235 ], [ 6.768452438553235, 45.159751320470264 ], [ 6.712622040334628, 45.14465923279716 ], [ 6.674340843166733, 45.13077448439379 ], [ 6.637135532651688, 45.116270792322773 ], [ 6.494363677071273, 45.103459232725278 ], [ 6.360126595697285, 45.108410470346449 ], [ 6.218154701356592, 45.099172831348874 ], [ 6.198130150078901, 45.004565637986389 ], [ 6.319072615343659, 45.005047478461769 ], [ 6.355347575430866, 44.85600266969756 ], [ 6.120790695156955, 44.85475996854754 ], [ 6.078144800848535, 44.818096470211366 ], [ 5.954526943807435, 44.769812094793963 ], [ 5.826531774109343, 44.754881872660441 ], [ 5.809647818427015, 44.698251798697115 ], [ 5.712028911471331, 44.629838040259784 ], [ 5.658662502915419, 44.517153528358172 ], [ 5.60910795903103, 44.466253254777108 ], [ 5.452125798509526, 44.513682244723626 ], [ 5.442669011207546, 44.342518955294231 ], [ 5.63505152675709, 44.341654633418891 ], [ 5.672701895501508, 44.192886803598498 ], [ 5.502729062824937, 44.112242524102925 ], [ 5.369259218004462, 44.211257372365012 ], [ 5.203759796343896, 44.210964456357885 ], [ 5.062448234152906, 44.300274855799444 ], [ 4.824272137051502, 44.31070837441969 ], [ 4.652451520278254, 44.323998060811554 ], [ 4.643880600269621, 44.276578782417594 ], [ 4.552883353383109, 44.321299130649322 ], [ 4.487720341946177, 44.351158094071629 ], [ 4.375027818000496, 44.353313007362118 ], [ 4.280412721740341, 44.302678316929985 ], [ 4.0422410334292, 44.316166084697059 ], [ 4.046131116852327, 44.444605767683719 ], [ 3.993424305390651, 44.459691645142243 ], [ 3.950063025917244, 44.569805752838924 ], [ 3.91665155339708, 44.565531500880894 ], [ 3.861658307266779, 44.747176710119739 ], [ 3.821724038531293, 44.752482034476394 ], [ 3.630431707631061, 44.885493191627837 ], [ 3.465194964717876, 44.825928643006186 ], [ 3.357897525204873, 44.957653735586611 ], [ 3.251536597821095, 44.938735850521191 ], [ 3.189927387224648, 44.866502531260885 ], [ 3.129255690268135, 44.90717002329135 ], [ 3.020591194246287, 44.784149819409556 ], [ 3.039921105164196, 44.7269180116634 ], [ 2.978969519840686, 44.651146070842977 ], [ 2.937308047902697, 44.71611328717885 ], [ 2.877844964327203, 44.799055535102312 ], [ 2.850659134633109, 44.871904961121132 ], [ 2.780906052928181, 44.868901425070405 ], [ 2.748857962722776, 44.935137081390167 ], [ 2.620053128470567, 44.86680997797793 ], [ 2.545886686595395, 44.719442453877114 ], [ 2.485638106861238, 44.652916263611779 ], [ 2.33896741243048, 44.648257731853903 ], [ 2.318961850662284, 44.672049151628556 ], [ 2.218975507446377, 44.648194267962417 ], [ 2.20572172132068, 44.614866855236194 ], [ 2.165645636671237, 44.64812408624914 ], [ 2.138795652749628, 44.700425694581526 ], [ 2.171876862711663, 44.795660406407869 ], [ 2.084622863698639, 44.876402259289264 ], [ 2.057348655201127, 44.976283181678809 ], [ 2.137779855894204, 44.985975707926066 ], [ 2.137728790829343, 45.000254273609528 ], [ 2.090496597505095, 45.062033084920515 ], [ 2.180578212770834, 45.120908283497776 ], [ 2.245715089238708, 45.263130879970596 ], [ 2.353406792447689, 45.342508946806682 ], [ 2.358122200191715, 45.418547164493241 ], [ 2.487563847205795, 45.371594435188605 ], [ 2.541607683052262, 45.376268283903975 ], [ 2.487706084400927, 45.423955097085681 ], [ 2.521727587427831, 45.490545385445657 ], [ 2.528676433445125, 45.542896021507367 ], [ 2.522253377051388, 45.647633079264274 ], [ 2.522477345167995, 45.71427784472133 ], [ 2.481767222905219, 45.738139268071819 ], [ 2.400286006933655, 45.823902132033481 ], [ 2.441212056274198, 45.861954270048841 ], [ 2.488906295584216, 45.861900071950409 ], [ 2.605295686314221, 45.975935593732515 ], [ 2.544240500774801, 46.080796083808195 ], [ 2.558153591309095, 46.137896174407793 ], [ 2.517443045550686, 46.252220422341217 ], [ 2.414601587761028, 46.318985145142967 ], [ 2.277064690485696, 46.428487549071178 ], [ 2.297693390793688, 46.461819356272557 ], [ 2.345924152851394, 46.514192242938556 ], [ 2.545912827747811, 46.518761567575581 ], [ 2.57385000971849, 46.599633719217373 ], [ 2.712965428148231, 46.742072744094955 ], [ 2.844440993939865, 46.73204375124692 ], [ 3.025107471616489, 46.783465956697782 ] ] ] ] } },
{ "type": "Feature", "properties": { "code_geog": "93", "libelle_geog": "Provence-Alpes-Côte d'Azur", "area": 31167.914, "x": 6.059, "y": 43.959 }, "geometry": { "type": "MultiPolygon", "coordinates": [ [ [ [ 6.627594497066049, 45.101735771291011 ], [ 6.661537910536351, 45.048047790863762 ], [ 6.669769104945551, 45.015730065952859 ], [ 6.743758655908379, 44.917530745179597 ], [ 6.751216622484368, 44.905659017732695 ], [ 6.753647828507835, 44.90437609024449 ], [ 6.754888611013733, 44.902725095973096 ], [ 6.766030363279592, 44.897840192861779 ], [ 6.807708236013773, 44.87581996707187 ], [ 6.833849708498776, 44.863903196621699 ], [ 6.8637450030663, 44.850616416237138 ], [ 6.86461404124833, 44.850400578393987 ], [ 6.878367549990994, 44.848477886946966 ], [ 6.910265023338441, 44.834425192386647 ], [ 6.913242439076275, 44.844868609853243 ], [ 6.913666028357472, 44.844998671555651 ], [ 6.922009455539571, 44.850526819587444 ], [ 6.92262906146355, 44.851131774332551 ], [ 6.927669639605845, 44.857292303160072 ], [ 7.00978148247466, 44.800099131623838 ], [ 7.037183536566818, 44.723544433294869 ], [ 7.003928812489502, 44.68747744272509 ], [ 6.98520206542883, 44.68827000656038 ], [ 6.936250784780496, 44.661724541460828 ], [ 6.936251367912286, 44.661616999708684 ], [ 6.93650308313201, 44.615127764815654 ], [ 6.858997685213747, 44.534354726763297 ], [ 6.858403939784001, 44.534018856025369 ], [ 6.857143863107507, 44.533070839359041 ], [ 6.856038597628788, 44.53185519773281 ], [ 6.854017561340615, 44.529273085997708 ], [ 6.853859472846077, 44.528873097801565 ], [ 6.853871684812309, 44.528242020804413 ], [ 6.857534924524157, 44.513678100308525 ], [ 6.859366832517089, 44.50797251674669 ], [ 6.860456887646047, 44.505720585319708 ], [ 6.866175758408355, 44.494999153943731 ], [ 6.876689761494715, 44.481826969227434 ], [ 6.877210550429928, 44.481264920636058 ], [ 6.913281288324484, 44.450488589280845 ], [ 6.914511441130225, 44.449678304877807 ], [ 6.924623121055875, 44.438173087612505 ], [ 6.92004904409244, 44.423749662361345 ], [ 6.912534401122557, 44.424942203367493 ], [ 6.893369280546031, 44.420771925843312 ], [ 6.89324038378112, 44.420732247645326 ], [ 6.893145042881047, 44.420330854606995 ], [ 6.895678976890883, 44.37015979041022 ], [ 6.901130902743658, 44.364015728632168 ], [ 6.897844504702446, 44.353625889363897 ], [ 6.897804346397011, 44.353498906620572 ], [ 7.019924218284573, 44.224412442600141 ], [ 7.259161949739667, 44.150789124020143 ], [ 7.263273888568135, 44.148015116271843 ], [ 7.271279039074646, 44.147041221261659 ], [ 7.381173318880834, 44.112966354597255 ], [ 7.453653425766945, 44.127774777129723 ], [ 7.455368075069, 44.127612834239017 ], [ 7.562229103583542, 44.14892557537997 ], [ 7.570706590846706, 44.151572284660553 ], [ 7.590260794560859, 44.155533605578114 ], [ 7.678210441076936, 44.1751015798433 ], [ 7.683908997818704, 44.165285371422321 ], [ 7.678075260949613, 44.103580281221795 ], [ 7.716151716913749, 44.07659983571466 ], [ 7.714542629560004, 44.065408057071018 ], [ 7.712684512369758, 44.060714461484437 ], [ 7.710362271141174, 44.056478137248128 ], [ 7.700726653563648, 44.042277720711311 ], [ 7.670796754864116, 43.998118733061837 ], [ 7.647391366364929, 43.97416668126214 ], [ 7.632683376980671, 43.964702139028567 ], [ 7.631826025497801, 43.964204399288022 ], [ 7.627893639823681, 43.962035132012645 ], [ 7.611886391056188, 43.955433737467779 ], [ 7.606631918504935, 43.956075067915528 ], [ 7.605354051681484, 43.956408487724239 ], [ 7.604832801045222, 43.956839239182635 ], [ 7.602088226984655, 43.957639065409751 ], [ 7.601401123589107, 43.957627309362678 ], [ 7.589141827463811, 43.955220171313726 ], [ 7.588932529924937, 43.955157079851574 ], [ 7.588115263781284, 43.954909378351935 ], [ 7.580923915005291, 43.950960634769253 ], [ 7.564785729178473, 43.951738459603312 ], [ 7.541001918914374, 43.922406005906588 ], [ 7.497877086060384, 43.869131203980494 ], [ 7.514999207691936, 43.817852387946154 ], [ 7.514641705070384, 43.81667188016057 ], [ 7.523041959844654, 43.79135459478541 ], [ 7.448088268053549, 43.762468256086741 ], [ 7.274071442454334, 43.695093070389618 ], [ 7.260331167252332, 43.693850180775307 ], [ 7.256613529334373, 43.693199732445173 ], [ 7.253699564166435, 43.692512636729205 ], [ 7.248420428996915, 43.691023242738886 ], [ 7.244305172117358, 43.689354726511063 ], [ 7.160487085457365, 43.654770029114701 ], [ 7.158557092521279, 43.653946575369972 ], [ 7.157461355995149, 43.653455115441865 ], [ 7.156031284523703, 43.652529407861394 ], [ 7.152782846503864, 43.650043484292219 ], [ 7.15038477213018, 43.648079071526567 ], [ 7.147297496906985, 43.645145707029798 ], [ 7.071705182630176, 43.563968837430082 ], [ 6.980337643407349, 43.547209690254178 ], [ 6.978324082982721, 43.546801111747342 ], [ 6.974784626000718, 43.546043922448106 ], [ 6.972320528973332, 43.545420508395239 ], [ 6.969584341125028, 43.544493604545629 ], [ 6.967026697514504, 43.543477946422662 ], [ 6.963822684821212, 43.54212081289031 ], [ 6.960612998602796, 43.54053875508027 ], [ 6.960286521279788, 43.54032766210689 ], [ 6.958126618306189, 43.538879500281645 ], [ 6.953930140913434, 43.535945154106287 ], [ 6.953599364796757, 43.535680208597505 ], [ 6.948652718060069, 43.530977163467846 ], [ 6.941957855877932, 43.521286655397653 ], [ 6.938900387588887, 43.516042379503808 ], [ 6.938556292148378, 43.514841668914535 ], [ 6.938281072133721, 43.513728049573281 ], [ 6.937920179430653, 43.510628455217997 ], [ 6.937894896851325, 43.510314433628608 ], [ 6.938319329015086, 43.509441059519837 ], [ 6.938882948196086, 43.508606760462854 ], [ 6.939173038348938, 43.508369312504442 ], [ 6.931106909670994, 43.479807173381225 ], [ 6.906353046565131, 43.476402270329146 ], [ 6.906246990859963, 43.476247552956131 ], [ 6.870614533849889, 43.4242135268642 ], [ 6.833488747244837, 43.417200103776032 ], [ 6.819231106911881, 43.415832082723568 ], [ 6.815065709081406, 43.415462573689467 ], [ 6.745132323012849, 43.421198057821101 ], [ 6.72536737899961, 43.374759762219767 ], [ 6.713583990310696, 43.366974554911728 ], [ 6.585702557865117, 43.279478827818892 ], [ 6.584664641438875, 43.277936058706537 ], [ 6.584369231723033, 43.277272821746507 ], [ 6.582534441494071, 43.267788616917507 ], [ 6.58250788993976, 43.267429716788037 ], [ 6.583256136751971, 43.266725244182709 ], [ 6.586568136465234, 43.263894682969884 ], [ 6.586742322314393, 43.263752812527308 ], [ 6.592515794113566, 43.262408452804749 ], [ 6.593853549863491, 43.262184481898849 ], [ 6.594651509953738, 43.262152864102575 ], [ 6.62000721010187, 43.26402472992816 ], [ 6.657190876326331, 43.267431571609023 ], [ 6.669914664125417, 43.270410950018452 ], [ 6.669689021311211, 43.271499966185779 ], [ 6.669627487659115, 43.275741132856481 ], [ 6.669651199659842, 43.276055153973431 ], [ 6.671560687802563, 43.276876962093773 ], [ 6.675541200555174, 43.278211357931767 ], [ 6.676298978071187, 43.278459744798525 ], [ 6.678174783082833, 43.278833957678962 ], [ 6.67853976261339, 43.278774216361676 ], [ 6.683337315614507, 43.275752190328589 ], [ 6.678325657742445, 43.263923185785082 ], [ 6.670604044533112, 43.245688110884473 ], [ 6.670332626383169, 43.245695747569663 ], [ 6.669871997853346, 43.245708705636886 ], [ 6.669057466438611, 43.245517708271059 ], [ 6.667510362308092, 43.24459019581942 ], [ 6.666962279716294, 43.244045349846218 ], [ 6.666587187052327, 43.243672385181469 ], [ 6.665980015173201, 43.243068048502295 ], [ 6.664924454427391, 43.241311901973148 ], [ 6.66434763353488, 43.239211371415273 ], [ 6.664072200965474, 43.238006475454476 ], [ 6.66381910185302, 43.236117881993003 ], [ 6.663298485191901, 43.231495381653204 ], [ 6.663203850416196, 43.230239340688918 ], [ 6.663025367168881, 43.227779074180681 ], [ 6.642169768769914, 43.178436587112564 ], [ 6.636026418063442, 43.172471246331419 ], [ 6.622652620285451, 43.164413044276756 ], [ 6.602905505980083, 43.181216839253779 ], [ 6.534578977908399, 43.172745294118883 ], [ 6.262734826629056, 43.121062433167559 ], [ 6.114500617642173, 43.083617754141144 ], [ 6.051765791229274, 43.078903494427585 ], [ 6.032632471759381, 43.077469540216455 ], [ 6.031943498185099, 43.077439338422018 ], [ 6.023201020071746, 43.078091244135166 ], [ 6.022043882854913, 43.078222113265568 ], [ 6.021752199442119, 43.078456994777447 ], [ 6.018711972264088, 43.080988758191417 ], [ 6.018423129269098, 43.081268501874938 ], [ 6.018022568130831, 43.081911843394451 ], [ 6.017718400527314, 43.082911631642851 ], [ 6.017767165149072, 43.083674447294072 ], [ 6.025171071476145, 43.091226721748747 ], [ 6.025316513948113, 43.091581480758933 ], [ 6.025342387967596, 43.09198532541955 ], [ 6.02491872121244, 43.093034229868472 ], [ 6.024529647647308, 43.093857089188688 ], [ 6.024255140174578, 43.094361211611663 ], [ 6.023974878375217, 43.094775588933409 ], [ 6.018065957318347, 43.09871126527068 ], [ 6.011682537160968, 43.101763459396551 ], [ 6.007365961174305, 43.103746157686388 ], [ 6.006765046767939, 43.103946615341322 ], [ 5.921390692851372, 43.123869579467147 ], [ 5.921145652103963, 43.12387777101182 ], [ 5.897901992611959, 43.116774529426571 ], [ 5.890349308459877, 43.11961090487199 ], [ 5.879737652748593, 43.102460441101378 ], [ 5.847108607060306, 43.049656702400483 ], [ 5.818005843668223, 43.058762081048798 ], [ 5.804232156504906, 43.076641191757673 ], [ 5.810902461042993, 43.098556820158116 ], [ 5.814412409670954, 43.107094373957381 ], [ 5.814017523363136, 43.107871599673658 ], [ 5.811919560330132, 43.111950568117962 ], [ 5.811696296767306, 43.112318655661788 ], [ 5.809374697010668, 43.114730972581235 ], [ 5.777285157311883, 43.136440578102459 ], [ 5.687254945102568, 43.179650704940954 ], [ 5.686037040098694, 43.18004843631914 ], [ 5.675125055890883, 43.182649911531698 ], [ 5.651054840547037, 43.188383649088131 ], [ 5.64302018790824, 43.18907091115139 ], [ 5.631707941894598, 43.190430148655807 ], [ 5.519272121990443, 43.221666365522054 ], [ 5.390198830665262, 43.212871697574002 ], [ 5.364599410870375, 43.314076900425164 ], [ 5.361392303769546, 43.320487814934701 ], [ 5.343500973517436, 43.343205647792239 ], [ 5.327124236716918, 43.355768306123316 ], [ 5.324398872078622, 43.356914104461687 ], [ 5.314738052726109, 43.360014448379829 ], [ 5.312614245695996, 43.360648699476556 ], [ 5.311565193432191, 43.360857541148867 ], [ 5.305771272652685, 43.360828598804162 ], [ 5.294603647242469, 43.359598180146421 ], [ 5.289050689359433, 43.357304567370647 ], [ 5.281622860737984, 43.353047640189473 ], [ 5.281097829802882, 43.352616866433195 ], [ 5.28065801774942, 43.352255700747456 ], [ 5.276793386980765, 43.348980104383379 ], [ 5.271846619191724, 43.345014498203803 ], [ 5.266668661864395, 43.342538742266512 ], [ 5.248994697642432, 43.334394667170656 ], [ 5.242499343587824, 43.33140493245952 ], [ 5.225951402819796, 43.328361437959956 ], [ 5.224636277284663, 43.328171930424645 ], [ 5.211767999495482, 43.327846496384289 ], [ 5.018999387861199, 43.344324585671394 ], [ 5.018574182796763, 43.346361031015327 ], [ 4.996899421549054, 43.383709963508103 ], [ 4.974009236272055, 43.420455307827922 ], [ 4.973307239415726, 43.421551498641527 ], [ 4.970548004700603, 43.424856007407151 ], [ 4.96977182508157, 43.42541447696626 ], [ 4.968260401735439, 43.426080808300554 ], [ 4.966060883133576, 43.426539105097802 ], [ 4.962746127572085, 43.427159402496194 ], [ 4.950414391551213, 43.429158503369386 ], [ 4.949984713930606, 43.429204885634647 ], [ 4.948466802075621, 43.429076440233899 ], [ 4.938420085755696, 43.431813426456493 ], [ 4.933705774345117, 43.432871209141837 ], [ 4.931928931795245, 43.433138782974893 ], [ 4.930632843566687, 43.433125011148377 ], [ 4.924787079494292, 43.432357312568932 ], [ 4.921492383732222, 43.431797929032591 ], [ 4.840899785801632, 43.414079422292872 ], [ 4.848957829524452, 43.378548712673712 ], [ 4.855339447125185, 43.37174633448673 ], [ 4.856001471732736, 43.371071136956651 ], [ 4.878189317332753, 43.356194604709081 ], [ 4.879096494262827, 43.355813551954881 ], [ 4.880393171622912, 43.35560311285505 ], [ 4.884746514050171, 43.355140558393479 ], [ 4.884779371521008, 43.355152143111752 ], [ 4.885560492924831, 43.355435981556006 ], [ 4.886827621656374, 43.356224165699565 ], [ 4.908526444641369, 43.3730161521298 ], [ 4.909931505926465, 43.37411549379943 ], [ 4.911022367028415, 43.375078467955518 ], [ 4.912799905357127, 43.377607479198609 ], [ 4.913472049347766, 43.378850185166897 ], [ 4.914158357095814, 43.380407245415093 ], [ 4.914233473650006, 43.382077832210079 ], [ 4.914132353215704, 43.3828445138777 ], [ 4.913840665998423, 43.383211143945246 ], [ 4.913300680307914, 43.383538755531688 ], [ 4.912550737989403, 43.384680604428773 ], [ 4.912447777716801, 43.38513263237072 ], [ 4.912650653603221, 43.385532392354023 ], [ 4.912776822501997, 43.385596810503088 ], [ 4.912902991713008, 43.385661229407674 ], [ 4.913639824881375, 43.385598652349891 ], [ 4.91436655910527, 43.385311527593934 ], [ 4.916828473002847, 43.383589201352891 ], [ 4.91711610030996, 43.383132746666348 ], [ 4.918078717526132, 43.379872808098021 ], [ 4.918007220775754, 43.379379998762509 ], [ 4.91739208744591, 43.378037048615418 ], [ 4.916176860105589, 43.375683461364567 ], [ 4.915596555257431, 43.375112921848483 ], [ 4.859231398244862, 43.333875521567009 ], [ 4.82698155006376, 43.334005999959167 ], [ 4.823100221283745, 43.335669072412436 ], [ 4.818666917764649, 43.337389681229617 ], [ 4.813500881507078, 43.339261822583723 ], [ 4.811253170790561, 43.339978812590374 ], [ 4.800342905012827, 43.343195912086102 ], [ 4.797787616482371, 43.34392864376764 ], [ 4.792535320564916, 43.34525330492589 ], [ 4.784282603841485, 43.347284280075904 ], [ 4.776627926904003, 43.348617780241213 ], [ 4.774301057693321, 43.348940194168733 ], [ 4.765501235285933, 43.349714425691964 ], [ 4.762981669857532, 43.349852138305494 ], [ 4.759342554068879, 43.350025098406881 ], [ 4.749860703130578, 43.350407690543292 ], [ 4.746106924768219, 43.350491742073466 ], [ 4.729121989246059, 43.350268062518133 ], [ 4.722462460308995, 43.350092150907365 ], [ 4.720042346519819, 43.349956941708335 ], [ 4.692770066142876, 43.348192626238585 ], [ 4.687430290564867, 43.347446258393646 ], [ 4.686548961130945, 43.347404177148107 ], [ 4.596821152219727, 43.360300856261048 ], [ 4.584115641982875, 43.398121158712371 ], [ 4.586650094649239, 43.399071604976264 ], [ 4.586329787396487, 43.398763631194285 ], [ 4.585940840394953, 43.3982772829604 ], [ 4.585998907756721, 43.398186168368134 ], [ 4.586991438834257, 43.39834525543759 ], [ 4.588547486101576, 43.398726309582585 ], [ 4.589612220366365, 43.399153574643648 ], [ 4.594794101686628, 43.402065886673967 ], [ 4.59530280258356, 43.40245979384639 ], [ 4.596627191513609, 43.404778518136368 ], [ 4.596828012046148, 43.405493537621993 ], [ 4.594967667244558, 43.411789841645174 ], [ 4.593055263873072, 43.416774622164546 ], [ 4.592138423139504, 43.418546943594336 ], [ 4.5903489195802, 43.421964778805368 ], [ 4.588426779414318, 43.425151605874213 ], [ 4.587206838202138, 43.427065078999647 ], [ 4.586032922332864, 43.428581996971069 ], [ 4.583106647998204, 43.431340150615235 ], [ 4.581601146255953, 43.432585221485546 ], [ 4.577272718439643, 43.435776968833885 ], [ 4.575353126336386, 43.437165412360891 ], [ 4.574271780342736, 43.437907095348962 ], [ 4.569486554957657, 43.440478664948486 ], [ 4.567114063562621, 43.441651570687618 ], [ 4.564871842709745, 43.442686873947324 ], [ 4.563473317153892, 43.443210234866868 ], [ 4.555482907875432, 43.446197925165201 ], [ 4.5536544311535, 43.446774953142942 ], [ 4.549921656110498, 43.447885517508361 ], [ 4.546127088312497, 43.448997216231362 ], [ 4.544051834065887, 43.449579132886186 ], [ 4.541361773989294, 43.450218528845227 ], [ 4.536518480226538, 43.45134232127986 ], [ 4.530995446322726, 43.45244376126572 ], [ 4.52650828231788, 43.453209224751895 ], [ 4.522767685404575, 43.453815527226269 ], [ 4.516740650271199, 43.454656725845936 ], [ 4.509041574896465, 43.455342465437582 ], [ 4.502565250378357, 43.455733398890459 ], [ 4.499420784789323, 43.455796480459334 ], [ 4.480879395010173, 43.455968783113008 ], [ 4.472227606972456, 43.456046149007825 ], [ 4.467774535066487, 43.45695130998751 ], [ 4.226330203848057, 43.461451695709314 ], [ 4.225902341249689, 43.461563976925675 ], [ 4.466331209005314, 43.609215501048915 ], [ 4.626585610728284, 43.686826306082708 ], [ 4.64681189973841, 43.86245723456323 ], [ 4.76115579965064, 43.921830704921398 ], [ 4.843023792824683, 43.986605368012611 ], [ 4.774671337123563, 44.083347790149659 ], [ 4.722094954158827, 44.089270049998724 ], [ 4.719297995423091, 44.179763843883734 ], [ 4.643880600269621, 44.276578782417594 ], [ 4.652451520278254, 44.323998060811554 ], [ 4.824272137051502, 44.31070837441969 ], [ 5.062448234152906, 44.300274855799444 ], [ 5.203759796343896, 44.210964456357885 ], [ 5.369259218004462, 44.211257372365012 ], [ 5.502729062824937, 44.112242524102925 ], [ 5.672701895501508, 44.192886803598498 ], [ 5.63505152675709, 44.341654633418891 ], [ 5.442669011207546, 44.342518955294231 ], [ 5.452125798509526, 44.513682244723626 ], [ 5.60910795903103, 44.466253254777108 ], [ 5.658662502915419, 44.517153528358172 ], [ 5.712028911471331, 44.629838040259784 ], [ 5.809647818427015, 44.698251798697115 ], [ 5.826531774109343, 44.754881872660441 ], [ 5.954526943807435, 44.769812094793963 ], [ 6.078144800848535, 44.818096470211366 ], [ 6.120790695156955, 44.85475996854754 ], [ 6.355347575430866, 44.85600266969756 ], [ 6.319072615343659, 45.005047478461769 ], [ 6.198130150078901, 45.004565637986389 ], [ 6.218154701356592, 45.099172831348874 ], [ 6.360126595697285, 45.108410470346449 ], [ 6.494363677071273, 45.103459232725278 ], [ 6.637135532651688, 45.116270792322773 ], [ 6.636141896003828, 45.115883171449184 ], [ 6.630508923515756, 45.10933569546448 ], [ 6.62786256102182, 45.105375121606208 ], [ 6.627493519961443, 45.104713735987012 ], [ 6.627230524595441, 45.103777980330271 ], [ 6.627235125684681, 45.103013172983459 ], [ 6.627594497066049, 45.101735771291011 ] ] ] ] } },
{ "type": "Feature", "properties": { "code_geog": "94", "libelle_geog": "Corse", "area": 8537.144, "x": 9.112, "y": 42.147 }, "geometry": { "type": "MultiPolygon", "coordinates": [ [ [ [ 9.44961121933034, 42.662113349774401 ], [ 9.450483977549309, 42.659995558286823 ], [ 9.453075313934075, 42.65508927489055 ], [ 9.449676674540811, 42.646419298850077 ], [ 9.513099945349142, 42.586983591207954 ], [ 9.514784643462388, 42.585216193018795 ], [ 9.515968943996747, 42.58374511911051 ], [ 9.516601019761636, 42.58293811699955 ], [ 9.519985726282455, 42.578254385164769 ], [ 9.526063976607157, 42.568933418234586 ], [ 9.527290115455651, 42.56682139328349 ], [ 9.527691882931569, 42.566028807102555 ], [ 9.533163115590943, 42.547026905453578 ], [ 9.533716944780423, 42.545005535075127 ], [ 9.53423879547668, 42.542039539809544 ], [ 9.550185588799314, 42.294695045220188 ], [ 9.547072402634935, 42.100544005706475 ], [ 9.498730894344646, 42.049814036232235 ], [ 9.43452069087548, 41.982219214638057 ], [ 9.430032447523255, 41.977483398758324 ], [ 9.424640719604547, 41.971450171467616 ], [ 9.42151394531003, 41.967264239914535 ], [ 9.420131920604852, 41.965222096643515 ], [ 9.418963130017005, 41.963444875310358 ], [ 9.417288770213018, 41.960880712245626 ], [ 9.415963877831338, 41.958709687840965 ], [ 9.414991143208951, 41.957054383573968 ], [ 9.414165341594515, 41.955615545373455 ], [ 9.413832678112724, 41.954860873581275 ], [ 9.4133213770555, 41.953502201062278 ], [ 9.412954355044761, 41.952388330745563 ], [ 9.397986316689984, 41.878053558304742 ], [ 9.397404429442901, 41.874525288264287 ], [ 9.397388677580532, 41.874085248662141 ], [ 9.397373864805569, 41.873671522471426 ], [ 9.39745101131671, 41.872711411176432 ], [ 9.39831042079242, 41.863041366847803 ], [ 9.398692828459742, 41.862114759297668 ], [ 9.401334233854692, 41.85978195193325 ], [ 9.401497809596853, 41.85847377977116 ], [ 9.406852613497447, 41.815618104587635 ], [ 9.406694401650673, 41.762234766119462 ], [ 9.405784459597164, 41.724114478131604 ], [ 9.400596597929054, 41.701172024787361 ], [ 9.373250664114233, 41.6756282247473 ], [ 9.356826677364131, 41.621086415806317 ], [ 9.368724965527306, 41.597944083940092 ], [ 9.369019010882484, 41.597292797538401 ], [ 9.368441137311446, 41.591452505291215 ], [ 9.368344289121616, 41.591143849546214 ], [ 9.36755742378425, 41.589476870737379 ], [ 9.362008282187718, 41.589913405519937 ], [ 9.34374105490355, 41.565800169977059 ], [ 9.269080936059611, 41.518866640411119 ], [ 9.269927423163095, 41.463357961467743 ], [ 9.269893282479265, 41.463325013991444 ], [ 9.243857184793297, 41.446807550948321 ], [ 9.239122238529282, 41.445193777093216 ], [ 9.238312617544324, 41.445022360581653 ], [ 9.23812932546204, 41.444989491508878 ], [ 9.235873621162147, 41.444625769064515 ], [ 9.234918712466472, 41.444643985187717 ], [ 9.234788512634667, 41.444553584366524 ], [ 9.234648948904914, 41.444408666028849 ], [ 9.234584337166817, 41.444342053973308 ], [ 9.234071026326976, 41.444556073354406 ], [ 9.233892960739729, 41.444567861090412 ], [ 9.233887739313564, 41.444523197717587 ], [ 9.233575298026306, 41.444408851111199 ], [ 9.233332655832754, 41.444379902959362 ], [ 9.233265606331379, 41.44442034885553 ], [ 9.232908547442994, 41.444474363071642 ], [ 9.232736629366077, 41.444500369653767 ], [ 9.232712413023675, 41.444485094206954 ], [ 9.232349173669721, 41.444255957112219 ], [ 9.231529533413374, 41.443896112993812 ], [ 9.231108830235765, 41.443878943132503 ], [ 9.230930895371561, 41.443891842129972 ], [ 9.230330953634873, 41.443876401920413 ], [ 9.230018522594309, 41.443762044821028 ], [ 9.229566510604194, 41.44347688419959 ], [ 9.229406056091461, 41.443127425651788 ], [ 9.229082152756266, 41.442914805394715 ], [ 9.225742436862054, 41.442486425871039 ], [ 9.224538802294525, 41.44242310043078 ], [ 9.224470204021761, 41.442411882490845 ], [ 9.224343655919768, 41.442390992182666 ], [ 9.223882696629467, 41.441926367124864 ], [ 9.223641030227352, 41.44139323423137 ], [ 9.223163248585585, 41.439759492135344 ], [ 9.22308024243698, 41.438945821125934 ], [ 9.223089587981637, 41.438603138199575 ], [ 9.223106554039623, 41.438043910643046 ], [ 9.223250249319936, 41.43722538398827 ], [ 9.223769487481682, 41.434705467751591 ], [ 9.225056658085766, 41.431694822490869 ], [ 9.22636495129154, 41.428763783373604 ], [ 9.226423890280763, 41.418103159402868 ], [ 9.222037798567559, 41.414125411828884 ], [ 9.221799050386309, 41.414231210094179 ], [ 9.221388979899411, 41.414303326272865 ], [ 9.219786265856134, 41.414401389453104 ], [ 9.216007561323888, 41.414397898288215 ], [ 9.211578498208842, 41.413943257708034 ], [ 9.210533544102679, 41.413697188025878 ], [ 9.210173462212365, 41.413171875940812 ], [ 9.219221076568894, 41.405760339212364 ], [ 9.220102454230457, 41.405116997812691 ], [ 9.221808812555938, 41.404525992853451 ], [ 9.221837559173377, 41.404516215647085 ], [ 9.222173065102027, 41.404535662176535 ], [ 9.22407641689378, 41.404647194765865 ], [ 9.224761201927095, 41.404880938991838 ], [ 9.225519900947985, 41.405235808460517 ], [ 9.225724952451642, 41.405456277765175 ], [ 9.226545821439705, 41.406446122932138 ], [ 9.229139488837866, 41.409307950357288 ], [ 9.232424026491667, 41.412042983861923 ], [ 9.242032556961439, 41.419363727178713 ], [ 9.245078926048734, 41.42148414593094 ], [ 9.245853647132826, 41.421972860290843 ], [ 9.258531443203504, 41.428206586053903 ], [ 9.259199871044894, 41.428297195097457 ], [ 9.259501798212996, 41.428322138907873 ], [ 9.262276723479216, 41.428425741054276 ], [ 9.264846380334939, 41.428308871730181 ], [ 9.265489647769847, 41.428185066567302 ], [ 9.26595853118792, 41.426983613558612 ], [ 9.26594804195531, 41.426894291240863 ], [ 9.255333938573971, 41.410829484275276 ], [ 9.218940207991428, 41.367974574220163 ], [ 9.210690609987212, 41.366485638689362 ], [ 9.18103978054682, 41.365667765836868 ], [ 9.180867116505928, 41.365724123676316 ], [ 9.178654960882099, 41.369109722040186 ], [ 9.178221106477586, 41.370624436232973 ], [ 9.17816679807869, 41.371805936803696 ], [ 9.178162905273052, 41.372391221169444 ], [ 9.178224983924583, 41.372927166909832 ], [ 9.178112863144719, 41.373609571260566 ], [ 9.174766212547034, 41.379274772664822 ], [ 9.169662945739443, 41.384326144746716 ], [ 9.167635133288536, 41.385494283533511 ], [ 9.167390203443013, 41.385546357411101 ], [ 9.166382091263532, 41.385612500378343 ], [ 9.165421915583474, 41.385576483172571 ], [ 9.16417506551743, 41.38574826937004 ], [ 9.163537211076427, 41.385916107041119 ], [ 9.163093778718832, 41.386215199221162 ], [ 9.16280089930466, 41.386369410976421 ], [ 9.161705136539741, 41.386711267979472 ], [ 9.161031133108287, 41.386566443912727 ], [ 9.16036695031003, 41.386609980889261 ], [ 9.160124064525599, 41.386576398010128 ], [ 9.159881179108394, 41.386542815464772 ], [ 9.15913872238016, 41.3863225870981 ], [ 9.158479950542882, 41.386309504315705 ], [ 9.157817438973145, 41.386264036712582 ], [ 9.156895926749609, 41.386045399420624 ], [ 9.155049832065158, 41.386202329327183 ], [ 9.153776120059305, 41.386555755253816 ], [ 9.153483214714507, 41.386709940154418 ], [ 9.153116056299783, 41.386634976749022 ], [ 9.151475222170076, 41.385878366468184 ], [ 9.150712582817397, 41.385379266613263 ], [ 9.150341442469626, 41.38526967935443 ], [ 9.149592200297654, 41.385093707051524 ], [ 9.149353835363279, 41.385099181244108 ], [ 9.148858187408758, 41.386085649027656 ], [ 9.148747258648884, 41.386677929304966 ], [ 9.149220030649357, 41.387772034878076 ], [ 9.150376143269712, 41.388470406251471 ], [ 9.153733792304878, 41.389087636383785 ], [ 9.154632650826892, 41.388488750277354 ], [ 9.162121360785926, 41.388347941457596 ], [ 9.163950270169337, 41.389282202502073 ], [ 9.15255381502153, 41.390874971614366 ], [ 9.150238856386487, 41.389973453243286 ], [ 9.146032082429164, 41.38769258714931 ], [ 9.144882747530845, 41.386948728401293 ], [ 9.144460912073274, 41.387021316052888 ], [ 9.144179711531644, 41.387173583128337 ], [ 9.136147356201702, 41.391723859553011 ], [ 9.132937208086163, 41.393633377134911 ], [ 9.130144739240995, 41.396785699312964 ], [ 9.132861819829683, 41.39806643817009 ], [ 9.133943197769225, 41.398634874327534 ], [ 9.133926314273408, 41.39898136417203 ], [ 9.133925018502627, 41.398996074033946 ], [ 9.133874408279242, 41.39917938478338 ], [ 9.133332659230909, 41.399664764529049 ], [ 9.133158821401119, 41.399712112518287 ], [ 9.127777415961948, 41.399272319706554 ], [ 9.127594200050297, 41.399238142264736 ], [ 9.11075315362878, 41.396006047328243 ], [ 9.110382899010805, 41.395920606383562 ], [ 9.130151924094944, 41.417987014443796 ], [ 9.069556133568252, 41.44592722549951 ], [ 9.066216875441064, 41.449959751814021 ], [ 9.066406269424519, 41.455185716278656 ], [ 9.067014911106247, 41.456955490952446 ], [ 9.070972505629676, 41.465529328989547 ], [ 9.07738727563558, 41.472243215662637 ], [ 9.079457590399631, 41.475907636526266 ], [ 9.078512565400439, 41.476643808143358 ], [ 9.074183345628946, 41.478345784411431 ], [ 9.069507986285778, 41.475550456250673 ], [ 9.069121130167408, 41.475306544447989 ], [ 9.069032815081941, 41.475174987672752 ], [ 9.068976837902385, 41.475090846380766 ], [ 9.066969135374146, 41.472493291790805 ], [ 9.066154456102145, 41.471645825799335 ], [ 9.064860302772269, 41.471315332175628 ], [ 9.064195765438367, 41.471259213542417 ], [ 9.063571386970136, 41.471030613387896 ], [ 9.063118824219664, 41.470734671607524 ], [ 9.062915171690902, 41.470522798645924 ], [ 9.062874415230869, 41.470165406806935 ], [ 9.062830253005975, 41.469673228796651 ], [ 9.062778235536934, 41.468587523828347 ], [ 9.062936030310409, 41.4683973323489 ], [ 9.062920746508075, 41.468263311022255 ], [ 9.062528744039346, 41.467973586663931 ], [ 9.062250431781974, 41.467631524523583 ], [ 9.062041699898561, 41.467374976621251 ], [ 9.061896433581607, 41.467150336608022 ], [ 9.061524817466919, 41.467039303279982 ], [ 9.060851035975359, 41.466901633675839 ], [ 9.059977959006892, 41.466590055607583 ], [ 9.059407815590342, 41.46631181113581 ], [ 9.05921085134079, 41.466053375370066 ], [ 9.059140388398491, 41.465960039943781 ], [ 9.059109840436633, 41.465691996985349 ], [ 9.058056796501695, 41.46422083305989 ], [ 9.057690296619995, 41.46415446062403 ], [ 9.056881497733874, 41.463881468210289 ], [ 9.056231065764308, 41.46319999490624 ], [ 9.056066190936997, 41.463026116267635 ], [ 9.05517600306664, 41.462038331402972 ], [ 9.055113359068407, 41.461908489249289 ], [ 9.055271286659, 41.461719427477469 ], [ 9.055444096776077, 41.461661037354602 ], [ 9.055339046767427, 41.461263918652605 ], [ 9.054370958181375, 41.460642290260459 ], [ 9.053285142163213, 41.460037241889573 ], [ 9.051416880927757, 41.459284587870535 ], [ 9.051484726867777, 41.459460222347971 ], [ 9.051450769627749, 41.459687416719071 ], [ 9.050505655465406, 41.460423318937586 ], [ 9.049199821245507, 41.4610384377579 ], [ 9.048896234447357, 41.461104114263868 ], [ 9.048000261841006, 41.461115681296569 ], [ 9.047379992334113, 41.460921610268414 ], [ 9.046740543227624, 41.460558891666466 ], [ 9.045197338719268, 41.459613074243904 ], [ 9.044974167954738, 41.459123425724961 ], [ 9.044670599529486, 41.458557949799129 ], [ 9.042771922973916, 41.457144321921717 ], [ 9.038724262676094, 41.458705017227842 ], [ 9.038601023559103, 41.459047396705067 ], [ 9.038657867214134, 41.459547749852746 ], [ 9.039374144510486, 41.461850736193668 ], [ 9.040045164024253, 41.462491599619199 ], [ 9.040648996383769, 41.463172782982021 ], [ 9.040807101319833, 41.465195539874529 ], [ 9.040074231207001, 41.468537888645884 ], [ 9.039529353270446, 41.469112941275363 ], [ 9.039035429059595, 41.469504708838429 ], [ 9.037792018019218, 41.47025066351101 ], [ 9.037043541646614, 41.470613781515006 ], [ 9.036173048754621, 41.4708508563794 ], [ 9.035632279462055, 41.470830480378638 ], [ 9.035315010221918, 41.470670862491851 ], [ 9.030598040046495, 41.468012782007854 ], [ 9.028157370302177, 41.463057406213416 ], [ 9.027986946107436, 41.462843966036182 ], [ 9.013741804912291, 41.468332526694745 ], [ 9.003396235971563, 41.474948868301745 ], [ 9.002674517959395, 41.475445014888606 ], [ 8.989067402041069, 41.480310056090687 ], [ 8.973687796203619, 41.48486305176872 ], [ 8.965659527251175, 41.486836770083876 ], [ 8.829682068944317, 41.538987401099128 ], [ 8.789598882724194, 41.556992786480542 ], [ 8.797129915773127, 41.625671318409964 ], [ 8.83511236976811, 41.623316628299619 ], [ 8.871272688608176, 41.646284183486692 ], [ 8.87284563699324, 41.647092062633995 ], [ 8.874228793265077, 41.648160467816837 ], [ 8.917442938745339, 41.675566540011388 ], [ 8.910659144989566, 41.676984614641356 ], [ 8.917023179221895, 41.682018770800582 ], [ 8.917109891021761, 41.682203476743929 ], [ 8.917165378405354, 41.682323758151405 ], [ 8.917280562051499, 41.683352829533668 ], [ 8.91654284690258, 41.686738861926464 ], [ 8.91641208993201, 41.687287189531048 ], [ 8.916213624941021, 41.687659740332641 ], [ 8.914676198207346, 41.690231896297711 ], [ 8.91445578566687, 41.690515806679841 ], [ 8.913899674384405, 41.69091196499528 ], [ 8.711020186571005, 41.758899524573557 ], [ 8.713160082472273, 41.760452396474648 ], [ 8.713552308026149, 41.760743542050243 ], [ 8.771702771893102, 41.81115093797932 ], [ 8.773074234911793, 41.812795084785257 ], [ 8.773414892456785, 41.813268142678503 ], [ 8.773628619771989, 41.813571208942314 ], [ 8.786588717567003, 41.844667811824699 ], [ 8.804238579100964, 41.864408290892122 ], [ 8.799713223717996, 41.880343216462308 ], [ 8.803539394172486, 41.891294730907205 ], [ 8.803648444444894, 41.891737036568074 ], [ 8.803720836317513, 41.893048140378632 ], [ 8.803547835450187, 41.894319222189758 ], [ 8.803027856610603, 41.896376940569425 ], [ 8.802605597739532, 41.897573348786374 ], [ 8.801819797045844, 41.899297444981158 ], [ 8.801403075307677, 41.899998339916394 ], [ 8.800731388303102, 41.901118947187747 ], [ 8.79684552876029, 41.907516263212919 ], [ 8.796068874327126, 41.908779472184754 ], [ 8.794211258134474, 41.911279572868594 ], [ 8.792173907636462, 41.913790690466179 ], [ 8.790381504700841, 41.915791536363784 ], [ 8.787382129936789, 41.918982896516397 ], [ 8.786224108064108, 41.92017942451249 ], [ 8.784837562181041, 41.921380968747286 ], [ 8.782942653679449, 41.922892797728977 ], [ 8.780740258497898, 41.924459472400869 ], [ 8.779544783440036, 41.925208061026659 ], [ 8.778218717008865, 41.925865609746033 ], [ 8.776179065980067, 41.926611916044635 ], [ 8.753396414850448, 41.933228135100656 ], [ 8.752789548876528, 41.933301221093693 ], [ 8.750019349311527, 41.933326364219141 ], [ 8.746313504224746, 41.933174460444391 ], [ 8.745519512218536, 41.933079990930587 ], [ 8.744585634022441, 41.93272621364693 ], [ 8.74098985017147, 41.931347522078063 ], [ 8.740795543340477, 41.931224327186627 ], [ 8.739971330782254, 41.925449761773663 ], [ 8.740503084241476, 41.918736174960195 ], [ 8.740675458381697, 41.917997568633346 ], [ 8.719850690765382, 41.908066467487302 ], [ 8.71897762021208, 41.907795458074546 ], [ 8.717874869003253, 41.907628425857276 ], [ 8.630111716028875, 41.906147329945831 ], [ 8.615939405307566, 41.921191234217204 ], [ 8.61221175480919, 41.927412423540915 ], [ 8.603574309152222, 41.96268907330542 ], [ 8.73872059213635, 42.026311500412262 ], [ 8.735797396436807, 42.038345526107477 ], [ 8.741737766626633, 42.040829105023256 ], [ 8.741997330218318, 42.040993384572992 ], [ 8.743537638094029, 42.042484318239339 ], [ 8.743647226825694, 42.04260257668053 ], [ 8.744017260443387, 42.043003235281532 ], [ 8.745741518303577, 42.045069339914001 ], [ 8.746089312263662, 42.045597408420839 ], [ 8.746557160282254, 42.046559366857593 ], [ 8.7473095045666, 42.048683542761523 ], [ 8.747453855825544, 42.049449110674026 ], [ 8.747395419651056, 42.050127986975284 ], [ 8.745252128393156, 42.058236307619374 ], [ 8.744934192380954, 42.058780168685338 ], [ 8.744733191682123, 42.059123315307851 ], [ 8.724900484994651, 42.083162539595918 ], [ 8.721006202397056, 42.099162706396136 ], [ 8.711794569673861, 42.099035732813533 ], [ 8.70140779974216, 42.111608585819432 ], [ 8.700750360461722, 42.112233600411926 ], [ 8.700397436985909, 42.112435012187703 ], [ 8.696442715044185, 42.114096564167667 ], [ 8.694190904807337, 42.114628690055298 ], [ 8.691444006007735, 42.115056693843478 ], [ 8.690667101034933, 42.115140703100003 ], [ 8.689996346096576, 42.115088866054037 ], [ 8.689566118602018, 42.115024770101208 ], [ 8.678293057906147, 42.105313150679677 ], [ 8.674869053207406, 42.106851874154543 ], [ 8.674573590861655, 42.106914674854352 ], [ 8.672122501924951, 42.107280489573505 ], [ 8.671937336885962, 42.107245480741028 ], [ 8.664193656469534, 42.104963605830001 ], [ 8.663588547177758, 42.103730388452433 ], [ 8.663070265538471, 42.102852116473947 ], [ 8.662851332552812, 42.10250510661664 ], [ 8.659849768630732, 42.100911576854159 ], [ 8.659554318893951, 42.100974335352056 ], [ 8.659338292013343, 42.10121240291938 ], [ 8.659017214785564, 42.102267133887899 ], [ 8.658635904055334, 42.105223070121966 ], [ 8.658747492666489, 42.106254083053692 ], [ 8.659124034630285, 42.107051971242129 ], [ 8.659162647063866, 42.107408688800909 ], [ 8.658615550611055, 42.108609799996202 ], [ 8.658460042698838, 42.108848736415972 ], [ 8.658294124487705, 42.108991504029973 ], [ 8.653095760417244, 42.113472223070126 ], [ 8.651278953782441, 42.11713549160644 ], [ 8.650431704904708, 42.118359053182601 ], [ 8.649600738061789, 42.119174196890071 ], [ 8.649204250106452, 42.119421931344199 ], [ 8.648793615376889, 42.119538828244401 ], [ 8.648627885410505, 42.119683818996229 ], [ 8.648619552464785, 42.119998334122698 ], [ 8.648476505583117, 42.120101447510145 ], [ 8.648142725510409, 42.120342044219434 ], [ 8.647464316667699, 42.120778864061855 ], [ 8.647471635601573, 42.120958506809018 ], [ 8.647421103085675, 42.12105044837346 ], [ 8.647010333678095, 42.121166219784158 ], [ 8.646479282229864, 42.121288067890895 ], [ 8.645101549911059, 42.121408843086506 ], [ 8.644788891305517, 42.121425313546716 ], [ 8.643242564344122, 42.121104831132037 ], [ 8.64218630960894, 42.120842785131344 ], [ 8.638884074281611, 42.119995918617896 ], [ 8.624646096930286, 42.122484263878476 ], [ 8.624290780250362, 42.122553866195091 ], [ 8.599135120518286, 42.132468330461982 ], [ 8.582341273464994, 42.143759112635941 ], [ 8.582105453420798, 42.159415149420731 ], [ 8.583747179068622, 42.160933208902151 ], [ 8.586833201965254, 42.181162442031784 ], [ 8.58688591949069, 42.181654545862209 ], [ 8.586895384016035, 42.18174290071434 ], [ 8.581802175762395, 42.205861960329798 ], [ 8.581390839508078, 42.206808921047184 ], [ 8.581011079811569, 42.231964597073812 ], [ 8.692876859417122, 42.254000099243761 ], [ 8.713117877511838, 42.262351160422497 ], [ 8.692708449656568, 42.272174354955688 ], [ 8.691779192567452, 42.27695898525473 ], [ 8.691627764018214, 42.277238280446745 ], [ 8.687603872780956, 42.281929347309152 ], [ 8.628122157170282, 42.3384245397597 ], [ 8.611867965277636, 42.348210890274842 ], [ 8.60118857588432, 42.352759511749831 ], [ 8.600660135036286, 42.35292590717566 ], [ 8.596052067130785, 42.353090699868076 ], [ 8.594774718369091, 42.353067236595862 ], [ 8.592616861488406, 42.352871828141105 ], [ 8.592309358510725, 42.352834858026192 ], [ 8.591998128891731, 42.352763209839139 ], [ 8.582191254543719, 42.348380645570501 ], [ 8.582001041222593, 42.347626385180568 ], [ 8.581976068465931, 42.347393709665148 ], [ 8.581298509925794, 42.344813039185027 ], [ 8.581214186853346, 42.344592874834206 ], [ 8.580647715236552, 42.343725752003628 ], [ 8.580206319952396, 42.343571702586608 ], [ 8.579831419850699, 42.343584833917561 ], [ 8.579780706977475, 42.34367788633724 ], [ 8.579843112485364, 42.344259576547103 ], [ 8.579676572458714, 42.344404495784154 ], [ 8.579430516814188, 42.344373995359739 ], [ 8.579275870891735, 42.344276182528596 ], [ 8.579235174614043, 42.344250442230397 ], [ 8.579201694410749, 42.343938343300557 ], [ 8.578815575125518, 42.343733744094493 ], [ 8.578383903961308, 42.343670297023188 ], [ 8.578154012706321, 42.343224574839361 ], [ 8.578151678383449, 42.343089626910086 ], [ 8.578499155857422, 42.342934027781943 ], [ 8.578381253367052, 42.342400643757365 ], [ 8.578200706053684, 42.341735872949876 ], [ 8.577732307674498, 42.340763888585961 ], [ 8.574398041467484, 42.338421059727949 ], [ 8.57426783432895, 42.338338685029953 ], [ 8.565333334104258, 42.333451974610028 ], [ 8.555377084240687, 42.333027154357332 ], [ 8.575560860812617, 42.361495933825111 ], [ 8.575592477771385, 42.361491362319811 ], [ 8.579271314238248, 42.365597907271258 ], [ 8.579289524877176, 42.365618234291937 ], [ 8.590220223277004, 42.377815697423607 ], [ 8.609260940660597, 42.386306734761583 ], [ 8.60952649584673, 42.386516151646596 ], [ 8.609639231977862, 42.386744762071999 ], [ 8.609682081361436, 42.38683228578607 ], [ 8.608781229333689, 42.391207679539725 ], [ 8.608279857109228, 42.393543064634194 ], [ 8.607196931209577, 42.396747825231522 ], [ 8.612248175167144, 42.402378063304589 ], [ 8.658196991629593, 42.409215970142782 ], [ 8.67414628241219, 42.453565954140998 ], [ 8.680244601765267, 42.46804186274116 ], [ 8.68024294299042, 42.46858356399472 ], [ 8.680080073890588, 42.469988421123418 ], [ 8.680068103138431, 42.470015440515411 ], [ 8.695309106536302, 42.512308616190786 ], [ 8.705960785606631, 42.524470971176001 ], [ 8.706916800060343, 42.52330928391887 ], [ 8.707139359075772, 42.523117989809293 ], [ 8.707565070016161, 42.523002323913637 ], [ 8.708281136685724, 42.522869206688306 ], [ 8.709073417991197, 42.522875644389906 ], [ 8.710308798631205, 42.523035615529736 ], [ 8.718751113677817, 42.524500710833927 ], [ 8.719689016589333, 42.524723525910815 ], [ 8.720073123996492, 42.524852425751057 ], [ 8.72025806502492, 42.524914488159681 ], [ 8.720465145469461, 42.525136250622282 ], [ 8.720610748958329, 42.525352706366689 ], [ 8.720599493904212, 42.525803826520821 ], [ 8.720337677428757, 42.526855609070914 ], [ 8.719990738281297, 42.527687294237154 ], [ 8.71925845003196, 42.528226864346514 ], [ 8.718541112516059, 42.528348868122784 ], [ 8.714822709097552, 42.530863098341548 ], [ 8.713155045752936, 42.53268216557786 ], [ 8.737771526917937, 42.560757604296477 ], [ 8.759965312471396, 42.559080907498334 ], [ 8.760854532240462, 42.558500003656661 ], [ 8.7613951794391, 42.558224003360159 ], [ 8.762942377019161, 42.557436552337897 ], [ 8.764573543603529, 42.5567611133093 ], [ 8.767252793459484, 42.555977068393503 ], [ 8.769054671104429, 42.555742813238822 ], [ 8.770573540429002, 42.555703633096932 ], [ 8.772966707902908, 42.555746530239944 ], [ 8.77713009372764, 42.555928550200882 ], [ 8.77898139538655, 42.556139356359544 ], [ 8.781465072146533, 42.556447985007999 ], [ 8.783341403803245, 42.556883566590464 ], [ 8.788217252010195, 42.558100782914657 ], [ 8.788258459067698, 42.558115170295267 ], [ 8.788725208151311, 42.558284998690795 ], [ 8.789296803306192, 42.558493496406093 ], [ 8.79247876463463, 42.560256164402681 ], [ 8.79390882793164, 42.561169224787271 ], [ 8.804131557434914, 42.569124028931817 ], [ 8.804475158421726, 42.569472496328345 ], [ 8.805223160206346, 42.570823458011368 ], [ 8.80554406550443, 42.571623811944249 ], [ 8.805538454049076, 42.57211971028957 ], [ 8.805468946284709, 42.573790818297674 ], [ 8.805385073995485, 42.574787045279571 ], [ 8.805322792013563, 42.575430561367924 ], [ 8.80513019160985, 42.576435670972259 ], [ 8.823015647501258, 42.598242868362121 ], [ 8.828066006301013, 42.600024810829943 ], [ 9.019162420043026, 42.636678998800861 ], [ 9.073362372316591, 42.647004501742167 ], [ 9.06434971524182, 42.68110407666979 ], [ 9.134931488951754, 42.729308266787093 ], [ 9.238110313866038, 42.722661946654476 ], [ 9.27954445406781, 42.686180385466564 ], [ 9.279278045123881, 42.68423759694199 ], [ 9.279357596321141, 42.683780481483076 ], [ 9.28406788285988, 42.677215637833719 ], [ 9.284820898345009, 42.676262562668427 ], [ 9.285613108727114, 42.675635993519123 ], [ 9.287159536433203, 42.674677209191572 ], [ 9.287391370087519, 42.674573011058946 ], [ 9.287861213523133, 42.674416049576038 ], [ 9.29254790131227, 42.674172414454326 ], [ 9.29313921147839, 42.674197371229731 ], [ 9.296858131315187, 42.670918212049763 ], [ 9.309446846953142, 42.684853528612756 ], [ 9.314961963202594, 42.689220073704504 ], [ 9.315841563669295, 42.689926432068397 ], [ 9.323226636388712, 42.696935977175734 ], [ 9.328183587244657, 42.705579736930972 ], [ 9.341835216765459, 42.720669774053349 ], [ 9.34185457475394, 42.729404583000957 ], [ 9.343835100962067, 42.732854386005179 ], [ 9.345503393479591, 42.736324167317115 ], [ 9.345535939368725, 42.73659253157097 ], [ 9.346032174320243, 42.743205353897658 ], [ 9.342958084854249, 42.794734001075028 ], [ 9.342706370990328, 42.795787577734153 ], [ 9.342322186602217, 42.796758570545933 ], [ 9.34200557919814, 42.797457766217534 ], [ 9.342276497259483, 42.919162984683169 ], [ 9.363012706721875, 42.992443703457639 ], [ 9.452542294260049, 42.986514855260928 ], [ 9.468603148154612, 42.928560494912489 ], [ 9.493134225917155, 42.807036985389949 ], [ 9.49320024668377, 42.806581590282029 ], [ 9.493178865820678, 42.805816402258856 ], [ 9.491672520076973, 42.794257149464499 ], [ 9.481772037625166, 42.780554117202648 ], [ 9.474351950221589, 42.772522694688412 ], [ 9.472519507232031, 42.770372924220283 ], [ 9.469942904845524, 42.766557258768771 ], [ 9.467107443021922, 42.760542634533543 ], [ 9.446848979061244, 42.686635247557419 ], [ 9.446777508794224, 42.68605388973787 ], [ 9.446584597850315, 42.674542446180546 ], [ 9.446579518635668, 42.673506908979931 ], [ 9.446734962408772, 42.67268380937022 ], [ 9.447763501727142, 42.667805299879298 ], [ 9.447987083130045, 42.66696524019487 ], [ 9.448208715387413, 42.666183924141123 ], [ 9.448612235551913, 42.664894473288733 ], [ 9.448744531748874, 42.664479833291615 ], [ 9.44961121933034, 42.662113349774401 ] ] ] ] } }
]
}
