"idp","rich","ser_86","pro_psg","elev","tcar","esspre_fr"
1005709,19,"G11","privé - sans psg",319,1,"R"
1001933,50,"C52","privé - sans psg",763,4,"F"
1001580,12,"B33","privé - sans psg",206,10,"F"
1031119,26,"I11","privé - sans psg",515,10,"F"
1007941,37,"C20","publics - domaniales",465,8,"F"
1008363,35,"F12","publics - domaniales",122,2,"F"
1024752,15,"C20","publis - communales",383,8,"F"
1018796,43,"I21","publis - communales",1497,9,"R"
1030696,28,"G13","privé - psg",518,7,"F"
1017104,17,"B70","publics - domaniales",168,7,"F"
1014433,24,"H10","publics - domaniales",1161,8,"F"
1026658,16,"F30","privé - sans psg",285,3,"F"
1007711,4,"B70","publics - domaniales",126,10,"F"
1005630,31,"G21","privé - sans psg",772,8,"R"
1029742,21,"B81","privé - sans psg",128,7,"F"
1007867,25,"F11","privé - sans psg",131,9,"F"
1000466,16,"B70","publics - domaniales",131,10,"F"
1014906,26,"C20","privé - psg",573,5,"F"
1021131,20,"C52","publics - domaniales",617,8,"F"
1008238,17,"F15","privé - sans psg",246,4,"F"
1030713,11,"F22","publics - domaniales",11,5,"R"
1000947,20,"B82","publics - domaniales",119,8,"R"
1005922,19,"H42","privé - sans psg",1778,7,"R"
1023635,33,"J40","privé - sans psg",292,7,"R"
1027947,13,"F11","privé - sans psg",102,2,"F"
1005268,46,"I21","privé - sans psg",786,10,"F"
1013766,55,"H10","privé - sans psg",1353,2,"R"
1008867,35,"F23","privé - sans psg",100,9,"F"
1003508,15,"B92","privé - psg",279,10,"F"
1020622,27,"J10","privé - sans psg",33,3,"R"
1018360,13,"B32","publics - domaniales",72,10,"F"
1020585,45,"I21","privé - sans psg",616,9,"F"
1022303,32,"G60","privé - sans psg",590,4,"F"
1018613,22,"J30","privé - psg",400,4,"F"
1022656,28,"G11","privé - sans psg",387,3,"F"
1001543,15,"F23","privé - sans psg",67,4,"R"
1013066,27,"G60","privé - sans psg",807,7,"F"
1015863,10,"G41","privé - sans psg",837,8,"F"
1024336,24,"B70","privé - psg",124,5,"F"
1029109,34,"E20","privé - sans psg",1104,10,"F"
1003964,17,"H30","privé - sans psg",1190,8,"R"
1029670,19,"B41","publics - domaniales",109,7,"R"
1029264,15,"C30","publis - communales",384,9,"F"
1023074,15,"D11","publics - domaniales",489,7,"R"
1009557,23,"B31","privé - sans psg",131,10,"F"
1019533,26,"C20","publis - communales",435,10,"F"
1010461,30,"J23","privé - sans psg",354,8,"R"
1030240,20,"F40","privé - sans psg",292,1,"F"
1026774,19,"C52","privé - sans psg",447,7,"F"
1010878,33,"F40","privé - sans psg",159,5,"F"
1000719,37,"G41","privé - sans psg",468,9,"R"
1021448,12,"D12","publics - domaniales",333,10,"F"
1014541,71,"H21","privé - sans psg",814,9,"R"
1022358,30,"C20","privé - sans psg",185,9,"F"
1028076,21,"C52","publis - communales",700,8,"F"
1003188,21,"C52","privé - sans psg",402,0,"F"
1031171,17,"F30","privé - sans psg",97,9,"F"
1005965,19,"H30","privé - sans psg",1297,7,"F"
1002211,17,"D11","publis - communales",801,4,"F"
1011360,13,"D11","privé - sans psg",489,0,"F"
1013609,35,"F15","privé - sans psg",172,8,"F"
1003962,49,"I21","publis - communales",406,6,"F"
1002753,13,"A30","privé - sans psg",63,10,"R"
1012771,42,"C30","publis - communales",196,8,"F"
1004076,10,"A21","privé - sans psg",63,10,"R"
1010358,22,"G30","privé - sans psg",1248,3,"R"
1029010,20,"D11","privé - sans psg",609,9,"R"
1008315,28,"C20","publis - communales",360,8,"F"
1012441,79,"H10","publis - communales",1096,6,"R"
1026420,39,"J23","publis - communales",310,9,"F"
1016368,21,"H41","publis - communales",1449,6,"R"
1022738,19,"B44","privé - sans psg",127,9,"F"
1005483,37,"B51","publics - domaniales",187,9,"F"
1021743,29,"A12","privé - sans psg",57,7,"F"
1007429,11,"C30","privé - psg",354,10,"F"
1029818,12,"C30","privé - psg",260,9,"F"
1011598,15,"H10","privé - sans psg",770,10,"F"
1020722,13,"H10","privé - sans psg",1277,10,"F"
1004959,62,"C20","publics - domaniales",362,10,"F"
1004523,10,"B32","publis - communales",117,10,"F"
1013881,9,"G80","privé - psg",829,0,"R"
1017695,16,"B62","privé - sans psg",120,9,"F"
1022751,11,"A30","privé - psg",181,2,"F"
1027973,17,"G13","privé - sans psg",521,10,"F"
1022712,15,"F21","privé - psg",66,4,"R"
1028598,43,"E20","privé - psg",1073,7,"F"
1012432,49,"G22","privé - sans psg",916,8,"R"
1003210,26,"H21","publis - communales",961,7,"F"
1022561,22,"G80","privé - sans psg",971,10,"F"
1008284,23,"B51","privé - sans psg",179,0,"F"
1010879,24,"D11","privé - psg",487,7,"R"
1028713,17,"G11","privé - sans psg",386,8,"F"
1001796,3,"F21","privé - sans psg",70,0,"F"
1006685,29,"B41","publics - domaniales",102,9,"F"
1030120,23,"F23","privé - sans psg",77,9,"F"
1024150,31,"H22","publics - domaniales",1947,4,"R"
1007476,23,"G13","publis - communales",680,8,"R"
1012128,5,"F21","privé - psg",44,0,"R"
1006555,20,"B42","privé - sans psg",112,10,"F"
1014880,23,"F21","privé - sans psg",20,10,"F"
1018790,16,"F22","publis - communales",7,7,"F"
1025328,12,"F23","privé - sans psg",110,6,"F"
1027035,12,"F21","privé - sans psg",139,3,"R"
1024096,15,"K12","privé - sans psg",677,8,"R"
1000080,20,"B10","privé - sans psg",148,6,"F"
1011242,27,"J10","privé - sans psg",579,3,"F"
1009355,18,"H41","publics - domaniales",1647,9,"R"
1014331,12,"B10","publics - domaniales",111,4,"F"
1010244,25,"B42","privé - psg",221,9,"F"
1028357,28,"I11","privé - sans psg",415,9,"F"
1009935,37,"F23","privé - sans psg",22,9,"F"
1018469,28,"B22","privé - psg",96,7,"F"
1020294,26,"C20","privé - sans psg",279,10,"F"
1011479,12,"F15","privé - sans psg",189,9,"F"
1015815,17,"A13","publics - domaniales",247,9,"R"
1007039,18,"C51","privé - psg",251,10,"F"
1019209,13,"F21","privé - psg",97,0,"R"
1017292,7,"B32","privé - psg",132,9,"R"
1004124,29,"G41","privé - sans psg",201,8,"F"
1030536,34,"J22","publis - communales",346,8,"R"
1004472,19,"H30","publics - domaniales",1151,6,"F"
1026741,9,"F21","privé - sans psg",43,3,"R"
1022411,15,"H30","publis - communales",1258,7,"F"
1019936,17,"J10","privé - sans psg",198,10,"R"
1006443,9,"B41","publics - domaniales",152,9,"F"
1004989,24,"C52","privé - sans psg",204,9,"F"
1010253,14,"C30","privé - sans psg",333,9,"F"
1023322,25,"B23","publics - domaniales",152,10,"F"
1005131,14,"D11","publics - domaniales",478,7,"R"
1026789,31,"G11","privé - sans psg",492,8,"F"
1007847,20,"G22","privé - sans psg",839,9,"R"
1013506,20,"B70","publics - domaniales",89,7,"R"
1006993,30,"I11","privé - sans psg",460,7,"F"
1028131,91,"K13","privé - sans psg",606,6,"F"
1025616,29,"I21","privé - psg",1559,10,"F"
1023809,28,"D11","privé - psg",694,8,"F"
1007392,23,"C51","privé - sans psg",247,10,"F"
1008257,30,"F30","privé - sans psg",310,9,"F"
1021841,19,"G13","privé - sans psg",771,8,"F"
1018004,75,"C52","publis - communales",724,8,"R"
1009763,18,"B91","privé - sans psg",200,7,"F"
1004342,11,"A21","privé - psg",82,6,"R"
1010842,26,"I21","privé - sans psg",783,10,"F"
1014702,11,"D12","publis - communales",333,7,"F"
1021917,11,"F52","privé - sans psg",127,6,"F"
1014386,12,"G22","privé - sans psg",787,10,"F"
1006898,22,"F30","privé - sans psg",170,9,"F"
1028433,15,"C20","privé - psg",237,7,"F"
1011616,11,"I12","privé - sans psg",1049,9,"R"
1013731,28,"B53","publis - communales",272,10,"F"
1021459,35,"C51","privé - sans psg",217,10,"F"
1001163,9,"F21","privé - sans psg",48,4,"R"
1008013,21,"G13","privé - sans psg",701,9,"F"
1000272,22,"F23","privé - sans psg",88,10,"F"
1021651,10,"G22","privé - psg",1064,6,"R"
1012776,25,"G30","publics - domaniales",1230,9,"R"
1012920,6,"F52","privé - sans psg",138,3,"R"
1014554,23,"H30","privé - sans psg",1365,1,"F"
1027277,25,"G22","publis - communales",1182,9,"R"
1019716,10,"F22","privé - psg",19,5,"R"
1011828,26,"C20","publis - communales",320,8,"F"
1009246,56,"D11","privé - sans psg",680,9,"F"
1022416,14,"B81","privé - sans psg",81,9,"F"
1002421,27,"J10","privé - sans psg",287,6,"F"
1007379,42,"C52","privé - sans psg",769,10,"F"
1010452,15,"B10","privé - psg",106,9,"F"
1002424,17,"B42","privé - sans psg",114,10,"F"
1001395,15,"A13","privé - sans psg",278,10,"F"
1022580,19,"G42","privé - sans psg",339,10,"F"
1027333,65,"H21","privé - sans psg",1402,8,"R"
1007813,25,"F13","privé - sans psg",7,2,"F"
1020921,23,"C20","privé - sans psg",315,3,"F"
1020160,22,"H30","privé - sans psg",551,8,"F"
1013231,22,"H10","publis - communales",1079,9,"R"
1025669,35,"E10","privé - sans psg",643,9,"R"
1014450,12,"B43","privé - sans psg",99,10,"F"
1025149,14,"B33","privé - psg",267,9,"F"
1015350,13,"B33","publics - domaniales",164,10,"F"
1004951,11,"D11","publis - communales",364,9,"R"
1004727,12,"B51","privé - sans psg",222,9,"F"
1005679,22,"J22","privé - sans psg",483,6,"F"
1010659,41,"C20","publis - communales",347,4,"F"
1000891,13,"G70","privé - sans psg",609,9,"F"
1016702,17,"F15","privé - sans psg",241,10,"F"
1004972,30,"C20","privé - psg",385,9,"F"
1011966,15,"G30","privé - sans psg",890,9,"R"
1009119,11,"J10","publis - communales",308,7,"F"
1011576,21,"C30","privé - sans psg",244,3,"F"
1015135,52,"H22","privé - sans psg",1778,4,"F"
1024256,14,"D11","publis - communales",765,1,"F"
1008441,16,"C12","privé - sans psg",161,10,"F"
1011340,11,"C30","publis - communales",267,8,"F"
1017173,12,"F11","privé - sans psg",178,1,"F"
1011726,36,"B23","privé - psg",188,7,"F"
1028989,35,"G22","privé - sans psg",966,10,"F"
1020971,20,"C20","publis - communales",318,9,"F"
1026788,20,"B41","publics - domaniales",178,3,"F"
1003167,23,"B62","privé - psg",99,9,"R"
1025055,21,"B82","privé - psg",107,8,"R"
1017485,40,"E10","publis - communales",662,10,"F"
1015221,11,"G21","publics - domaniales",875,7,"R"
1000945,69,"E20","publis - communales",964,8,"R"
1030923,33,"C51","privé - sans psg",254,0,"F"
1017523,13,"B53","privé - psg",224,9,"F"
1020875,10,"B33","privé - psg",208,0,"F"
1004862,15,"H42","publis - communales",1758,2,"R"
1013201,27,"B92","privé - psg",245,9,"F"
1005503,30,"F40","privé - sans psg",240,5,"F"
1025638,14,"C12","privé - sans psg",227,8,"F"
1018058,10,"B41","privé - psg",80,7,"R"
1026889,23,"F15","privé - sans psg",144,10,"F"
1028453,15,"F30","privé - sans psg",439,5,"F"
1001242,17,"C20","publis - communales",293,9,"F"
1009672,21,"B23","publics - domaniales",150,8,"F"
1027960,33,"G50","publics - domaniales",252,9,"F"
1030821,16,"D11","publis - communales",586,8,"R"
1015805,19,"B33","privé - psg",236,10,"F"
1021337,31,"G70","privé - sans psg",609,8,"F"
1014744,9,"G22","privé - sans psg",1064,6,"F"
1030185,18,"I21","privé - sans psg",995,9,"F"
1025794,16,"C51","publics - domaniales",310,10,"F"
1002658,30,"J24","privé - sans psg",464,6,"R"
1009067,14,"B33","privé - psg",229,10,"F"
1004789,28,"I21","privé - sans psg",325,8,"F"
1030604,18,"C52","privé - sans psg",524,9,"F"
1031152,16,"B41","publics - domaniales",123,9,"F"
1003483,11,"A11","privé - psg",306,0,"F"
1004328,38,"I21","privé - sans psg",1057,10,"F"
1008958,21,"I22","publics - domaniales",1587,8,"F"
1016669,34,"C20","privé - psg",334,10,"F"
1021707,43,"H21","publis - communales",1150,8,"F"
1004232,23,"B82","privé - sans psg",100,10,"F"
1013743,27,"D12","privé - sans psg",278,5,"F"
1015635,14,"E10","privé - sans psg",469,8,"F"
1007337,15,"B70","privé - psg",147,9,"R"
1018831,10,"H42","publis - communales",1576,10,"R"
1006582,24,"G12","privé - sans psg",531,9,"R"
1012815,21,"B51","publics - domaniales",171,9,"F"
1008993,23,"D11","publis - communales",461,9,"F"
1030453,14,"A21","privé - sans psg",81,9,"F"
1002146,25,"F30","privé - sans psg",182,10,"F"
1018134,21,"F21","privé - psg",63,2,"F"
1026917,31,"I12","publis - communales",594,7,"R"
1019079,14,"J21","privé - sans psg",617,10,"F"
1016244,38,"I22","privé - sans psg",1526,3,"F"
1027939,21,"B70","privé - sans psg",95,8,"F"
1018468,14,"D11","publics - domaniales",410,2,"R"
1016422,17,"C20","privé - sans psg",248,10,"F"
1031129,16,"G11","privé - sans psg",231,3,"F"
1017334,23,"J23","publics - domaniales",610,9,"R"
1029871,11,"B41","privé - sans psg",158,9,"F"
1016802,35,"C30","publics - domaniales",249,8,"F"
1021440,11,"B41","publics - domaniales",156,8,"F"
1010134,10,"H10","privé - sans psg",718,10,"R"
1011220,15,"B42","privé - sans psg",211,8,"F"
1014342,14,"J23","publis - communales",590,9,"F"
1010162,11,"D11","publics - domaniales",386,8,"R"
1027944,22,"C12","publics - domaniales",222,8,"F"
1023610,22,"B41","privé - psg",153,9,"F"
1015713,10,"F22","publis - communales",20,1,"R"
1028928,15,"C20","privé - psg",226,9,"F"
1000356,46,"G90","privé - sans psg",667,10,"F"
1004213,26,"F30","privé - sans psg",246,10,"R"
1025888,17,"B61","privé - sans psg",35,1,"R"
1011738,13,"B91","privé - sans psg",192,10,"F"
1012956,21,"F15","privé - sans psg",197,10,"F"
1021128,32,"G22","privé - sans psg",911,10,"R"
1025088,9,"F22","publics - domaniales",14,7,"R"
1009654,9,"F21","privé - sans psg",60,4,"R"
1030486,20,"G21","privé - sans psg",823,6,"R"
1028716,22,"C20","publis - communales",247,8,"F"
1016355,16,"B53","privé - psg",224,8,"F"
1020251,24,"D12","publis - communales",450,9,"F"
1014371,20,"B70","privé - psg",108,9,"F"
1012307,19,"E20","privé - sans psg",1100,8,"R"
1006074,31,"J40","privé - sans psg",797,7,"F"
1028422,2,"A22","privé - psg",43,0,"F"
1026892,45,"C52","privé - sans psg",304,10,"F"
1028572,59,"E10","privé - sans psg",672,0,"F"
1008193,26,"B41","privé - sans psg",69,9,"F"
1007701,48,"B51","privé - psg",154,8,"F"
1016195,41,"G13","privé - sans psg",634,1,"F"
1012563,19,"C20","publis - communales",329,7,"F"
1021919,11,"B52","privé - psg",251,8,"F"
1004682,34,"C20","publics - domaniales",443,3,"F"
1024740,20,"C42","publis - communales",389,8,"F"
1002062,29,"C20","publis - communales",317,8,"F"
1027502,26,"F23","privé - sans psg",52,7,"F"
1029181,39,"B42","publics - domaniales",129,5,"F"
1007199,14,"B10","publics - domaniales",165,9,"F"
1009289,19,"B53","publics - domaniales",236,9,"F"
1000593,11,"D12","publics - domaniales",278,8,"F"
1003528,13,"C20","privé - psg",434,10,"F"
1012692,27,"I22","publis - communales",1642,8,"R"
1006948,20,"F12","privé - sans psg",33,7,"F"
1009864,17,"F23","privé - psg",96,5,"R"
1012720,15,"A11","privé - sans psg",230,6,"F"
1011529,10,"B33","privé - psg",126,9,"F"
1006662,39,"I21","privé - sans psg",907,10,"F"
1018820,42,"I21","publics - domaniales",1255,4,"F"
1010620,30,"F40","privé - sans psg",211,8,"F"
1013878,17,"C12","publics - domaniales",245,7,"F"
1023981,35,"G23","privé - sans psg",252,9,"F"
1015012,29,"J40","privé - sans psg",305,10,"R"
1000070,17,"B70","privé - psg",144,10,"R"
1024329,11,"D11","publics - domaniales",714,10,"R"
1025309,16,"C30","privé - psg",322,7,"F"
1027857,16,"F40","privé - sans psg",182,2,"F"
1011753,19,"B91","privé - psg",128,9,"F"
1011501,16,"F30","privé - sans psg",302,2,"F"
1027125,34,"F40","privé - sans psg",252,4,"F"
1001643,23,"B43","privé - sans psg",151,9,"F"
1004497,33,"B41","privé - sans psg",142,8,"F"
1030643,30,"B10","privé - sans psg",82,9,"F"
1022131,20,"D11","publis - communales",1069,2,"R"
1020066,36,"G23","privé - psg",577,10,"R"
1010431,24,"G22","publis - communales",1417,9,"F"
1011099,22,"H10","publics - domaniales",631,10,"R"
1022675,61,"E10","publis - communales",456,1,"R"
1007550,26,"J23","privé - sans psg",320,9,"R"
1009307,34,"C20","privé - sans psg",329,9,"F"
1007656,24,"G13","privé - psg",471,0,"F"
1008787,13,"G11","privé - sans psg",426,10,"F"
1025578,5,"B10","privé - psg",113,10,"F"
1026765,12,"G22","privé - psg",738,10,"F"
1007455,20,"C51","publics - domaniales",202,9,"F"
1023147,26,"G42","publis - communales",795,9,"R"
1029148,17,"F30","privé - sans psg",137,10,"F"
1015447,37,"J21","privé - psg",471,10,"F"
1020067,19,"D11","privé - sans psg",538,10,"F"
1017393,13,"B62","privé - psg",118,0,"R"
1010322,47,"I22","publis - communales",926,9,"F"
1027286,13,"F11","privé - sans psg",179,3,"F"
1010289,61,"K12","privé - sans psg",1027,4,"R"
1000726,4,"F21","privé - psg",107,0,"F"
1028657,65,"E10","privé - sans psg",632,5,"R"
1019030,30,"B70","privé - psg",98,9,"F"
1019776,10,"F21","privé - psg",49,0,"R"
1006095,61,"H22","publis - communales",1396,9,"R"
1024111,22,"F30","privé - sans psg",52,10,"F"
1005136,27,"C20","publis - communales",475,8,"F"
1003551,20,"A11","privé - sans psg",107,10,"F"
1009449,41,"G12","privé - psg",345,9,"R"
1003191,10,"F21","privé - sans psg",32,4,"R"
1012458,21,"F30","privé - sans psg",86,6,"F"
1025923,14,"B70","privé - psg",112,10,"R"
1002339,19,"C30","publics - domaniales",280,8,"F"
1004645,29,"J22","privé - sans psg",160,4,"R"
1008240,54,"C20","publis - communales",337,9,"F"
1018999,20,"B43","privé - sans psg",72,8,"F"
1027538,12,"B10","privé - psg",166,9,"F"
1029567,8,"B10","privé - psg",116,8,"R"
1026082,9,"A22","privé - sans psg",24,0,"F"
1009068,13,"F40","privé - sans psg",342,9,"F"
1029889,19,"F40","privé - sans psg",175,9,"F"
1006387,27,"F40","privé - sans psg",256,7,"F"
1025249,49,"C20","publis - communales",352,8,"F"
1000252,20,"B62","privé - sans psg",152,8,"F"
1015569,16,"H41","publis - communales",1364,7,"R"
1014655,27,"F23","privé - sans psg",100,0,"R"
1001399,25,"G60","privé - sans psg",664,10,"F"
1006962,17,"B32","privé - psg",121,9,"F"
1022006,11,"J22","privé - sans psg",107,9,"F"
1002848,13,"B91","privé - psg",132,10,"F"
1017081,25,"G60","privé - sans psg",751,9,"R"
1015595,16,"C20","publis - communales",348,8,"F"
1011754,31,"G22","privé - sans psg",849,8,"F"
1002941,15,"F15","privé - sans psg",195,9,"F"
1028399,19,"J23","privé - sans psg",371,6,"R"
1000478,15,"B62","publics - domaniales",117,8,"R"
1021783,24,"J23","publis - communales",495,7,"F"
1017868,8,"I13","publis - communales",528,7,"F"
1005430,21,"B42","privé - psg",201,9,"F"
1024470,31,"C20","publis - communales",315,8,"F"
1027563,23,"B33","privé - sans psg",151,10,"F"
1000993,28,"I22","publis - communales",2004,7,"R"
1025075,39,"K11","privé - sans psg",333,3,"F"
1009712,23,"C30","privé - sans psg",204,10,"F"
1028306,59,"H41","publis - communales",1280,8,"R"
1031325,10,"B61","privé - sans psg",83,10,"F"
1008661,7,"F21","privé - psg",43,6,"R"
1026694,41,"C20","privé - psg",336,9,"R"
1025238,14,"F22","privé - sans psg",14,6,"R"
1011851,18,"F23","privé - sans psg",88,8,"F"
1013215,41,"G60","privé - sans psg",983,8,"R"
1001785,28,"G60","privé - sans psg",572,7,"F"
1025363,25,"B42","privé - psg",201,9,"F"
1004872,15,"H30","privé - sans psg",853,6,"F"
1020135,29,"G13","privé - sans psg",458,9,"F"
1021363,26,"C20","publics - domaniales",242,7,"F"
1026206,17,"A11","privé - sans psg",129,10,"F"
1011378,62,"E20","publis - communales",699,8,"R"
1008910,12,"F21","privé - psg",122,5,"R"
1004467,24,"B92","privé - sans psg",218,9,"F"
1016695,26,"H30","publics - domaniales",822,8,"R"
1024580,16,"B62","privé - sans psg",100,3,"F"
1017062,11,"F21","privé - psg",22,5,"R"
1002289,8,"D12","publis - communales",377,8,"F"
1015572,35,"J10","privé - sans psg",139,6,"F"
1008307,47,"H10","publis - communales",1444,3,"F"
1029335,47,"H10","privé - sans psg",1197,9,"R"
1009503,10,"F21","privé - psg",124,5,"R"
1008979,42,"I12","privé - sans psg",479,9,"R"
1013566,11,"D12","publis - communales",321,8,"F"
1010513,37,"C11","publis - communales",225,7,"R"
1001606,21,"C11","publis - communales",218,10,"F"
1020431,30,"B70","privé - sans psg",97,10,"F"
1027165,17,"B62","privé - psg",127,9,"F"
1015872,9,"A11","privé - sans psg",135,10,"F"
1019176,41,"K11","privé - sans psg",91,5,"F"
1004626,20,"B70","privé - psg",90,9,"F"
1020686,11,"A30","privé - sans psg",13,0,"F"
1030831,35,"C20","publis - communales",265,8,"R"
1017968,16,"C51","privé - sans psg",187,2,"F"
1023573,13,"C20","privé - psg",223,10,"F"
1012863,7,"D11","publis - communales",531,9,"F"
1002714,19,"J10","privé - sans psg",236,3,"F"
1016869,15,"C30","publis - communales",298,10,"F"
1024154,12,"D11","publics - domaniales",560,7,"R"
1021110,30,"C20","publis - communales",439,9,"F"
1009768,35,"G22","privé - sans psg",820,9,"R"
1012747,9,"F21","privé - sans psg",51,2,"R"
1009381,11,"G42","privé - sans psg",1110,7,"R"
1030875,19,"C51","publis - communales",234,10,"F"
1003005,35,"G30","publics - domaniales",1239,9,"R"
1009978,22,"B62","privé - psg",68,10,"F"
1018757,30,"C20","publis - communales",321,10,"F"
1024848,21,"B70","privé - psg",120,10,"F"
1020958,31,"C41","privé - sans psg",168,10,"F"
1007876,20,"C11","publis - communales",345,8,"F"
1016100,21,"F12","privé - sans psg",63,10,"F"
1022865,10,"H10","publis - communales",657,9,"R"
1023057,20,"F15","privé - sans psg",152,10,"F"
1017238,19,"B41","privé - sans psg",63,4,"F"
1024128,26,"B91","privé - psg",180,10,"F"
1029364,23,"C30","publis - communales",211,10,"F"
1030164,34,"G60","privé - sans psg",590,3,"F"
1006765,39,"G13","privé - sans psg",526,10,"F"
1001038,24,"B81","privé - psg",69,4,"F"
1000201,20,"F40","privé - sans psg",186,10,"F"
1004530,21,"G23","privé - sans psg",363,10,"F"
1005110,25,"J10","privé - sans psg",271,1,"R"
1014694,49,"G22","privé - sans psg",391,8,"F"
1024198,18,"B52","privé - psg",184,8,"R"
1009648,5,"D11","publics - domaniales",1017,8,"F"
1014689,15,"F22","publics - domaniales",7,8,"R"
1017774,9,"C11","privé - psg",332,9,"F"
1002224,21,"G22","privé - sans psg",840,10,"F"
1023382,33,"J22","privé - sans psg",403,4,"R"
1026594,26,"G80","privé - sans psg",594,7,"F"
1027152,23,"B92","privé - sans psg",272,3,"F"
1009520,4,"D11","privé - sans psg",895,10,"F"
1008949,28,"I12","privé - psg",1062,9,"R"
1017821,23,"B41","privé - sans psg",76,10,"F"
1000223,16,"A22","privé - sans psg",72,10,"F"
1021732,42,"B43","privé - sans psg",134,5,"F"
1004225,17,"G12","privé - sans psg",378,10,"F"
1004097,18,"D11","privé - sans psg",659,10,"F"
1025358,22,"B81","privé - sans psg",101,2,"F"
1006023,28,"B70","privé - psg",158,10,"F"
1007902,14,"F22","privé - sans psg",25,6,"R"
1005935,20,"J23","privé - sans psg",162,6,"F"
1006127,14,"G70","privé - sans psg",337,2,"R"
1030678,14,"C51","privé - sans psg",182,7,"F"
1014668,28,"G13","privé - sans psg",621,9,"F"
1018506,55,"G80","privé - sans psg",524,10,"F"
1023048,13,"J22","publics - domaniales",457,4,"F"
1005408,17,"G11","privé - sans psg",217,8,"F"
1009019,13,"B32","privé - sans psg",128,8,"F"
1024824,28,"J23","privé - psg",782,8,"F"
1015001,14,"A30","privé - sans psg",51,8,"F"
1003564,27,"G11","privé - sans psg",277,9,"F"
1005428,13,"F22","privé - psg",28,3,"R"
1023448,6,"A11","privé - sans psg",95,0,"F"
1025636,31,"A12","privé - sans psg",20,10,"F"
1023764,37,"G22","privé - sans psg",900,9,"R"
1015235,31,"G50","privé - sans psg",628,10,"F"
1000088,24,"I21","privé - psg",742,10,"F"
1015035,26,"B70","privé - psg",116,10,"F"
1016733,16,"B61","publics - domaniales",89,2,"F"
1007526,15,"B91","publics - domaniales",219,10,"F"
1017347,12,"G11","privé - sans psg",325,10,"F"
1009409,23,"C42","privé - sans psg",391,10,"F"
1011990,56,"G30","privé - psg",1004,10,"F"
1017684,19,"B53","privé - psg",291,7,"F"
1012684,13,"I21","publics - domaniales",1140,10,"F"
1001511,32,"I11","privé - sans psg",506,10,"F"
1016715,16,"B91","publics - domaniales",181,4,"F"
1017944,38,"B92","privé - sans psg",349,2,"F"
1011292,25,"C20","privé - psg",377,9,"F"
1024840,12,"C20","privé - psg",448,10,"F"
1014564,26,"F14","privé - sans psg",69,10,"F"
1029886,33,"E10","publis - communales",483,10,"F"
1014478,14,"G23","privé - psg",465,10,"F"
1028189,34,"G12","publics - domaniales",353,8,"F"
1026787,70,"J22","privé - sans psg",109,7,"F"
1002205,17,"B10","publics - domaniales",65,9,"F"
1018786,37,"G22","privé - sans psg",751,9,"F"
1026295,23,"B92","privé - psg",231,10,"R"
1012006,19,"B92","privé - sans psg",313,9,"F"
1020518,21,"C20","publics - domaniales",197,6,"F"
1016610,21,"A13","privé - psg",128,10,"F"
1003512,16,"C20","publis - communales",286,9,"F"
1023254,25,"G41","privé - psg",921,3,"F"
1027801,17,"G90","privé - sans psg",650,10,"F"
1014257,8,"H30","privé - sans psg",945,10,"F"
1023130,32,"C20","privé - psg",399,8,"R"
1020252,28,"F40","privé - sans psg",190,9,"F"
1026232,31,"E10","publis - communales",488,9,"R"
1019649,27,"F12","publics - domaniales",89,9,"F"
1024408,18,"B61","privé - sans psg",50,8,"R"
1022918,14,"A11","privé - sans psg",214,5,"F"
1011853,53,"G22","privé - sans psg",1104,8,"R"
1008198,14,"B81","privé - sans psg",78,7,"F"
1021467,26,"G11","privé - sans psg",116,10,"F"
1007756,19,"F15","privé - sans psg",160,10,"F"
1003757,23,"C41","publis - communales",214,9,"F"
1016572,51,"G12","privé - sans psg",381,8,"F"
1017613,46,"G22","privé - psg",789,10,"F"
1024483,19,"F14","privé - sans psg",22,10,"F"
1020691,37,"B51","publics - domaniales",157,7,"F"
1009152,15,"B44","privé - sans psg",134,9,"F"
1010533,30,"B51","publis - communales",161,0,"F"
1027301,22,"D12","publis - communales",604,4,"F"
1000809,57,"H42","publis - communales",1261,8,"R"
1018639,19,"G22","privé - sans psg",1117,8,"R"
1014048,22,"I11","privé - psg",461,10,"F"
1029821,14,"J21","privé - sans psg",495,9,"F"
1024493,17,"C30","publis - communales",279,9,"F"
1007280,15,"B52","privé - psg",212,10,"F"
1007950,25,"F30","privé - sans psg",242,9,"R"
1003472,10,"B33","privé - psg",280,9,"F"
1022586,23,"H30","privé - sans psg",1046,10,"F"
1023625,17,"G11","privé - sans psg",205,8,"R"
1023228,30,"C51","publis - communales",211,4,"F"
1015697,34,"F30","privé - sans psg",144,9,"F"
1007051,49,"G11","privé - sans psg",391,8,"F"
1004022,23,"C51","privé - sans psg",195,10,"F"
1004762,16,"G80","publics - domaniales",765,10,"R"
1012818,19,"G22","privé - sans psg",1090,10,"F"
1021618,9,"D11","publics - domaniales",591,7,"F"
1023265,13,"F52","privé - sans psg",52,6,"F"
1017511,5,"F21","privé - psg",77,4,"R"
1031044,21,"D12","privé - sans psg",316,8,"F"
1009684,11,"B61","privé - psg",73,8,"F"
1004241,40,"G80","privé - psg",492,0,"R"
1019670,24,"I11","publis - communales",464,9,"F"
1008502,34,"C20","publis - communales",468,9,"F"
1007631,21,"B52","privé - sans psg",123,8,"F"
1020306,38,"G90","publis - communales",389,8,"F"
1029712,24,"F15","privé - sans psg",283,9,"F"
1029613,16,"F30","privé - sans psg",156,9,"F"
1001427,8,"F52","privé - sans psg",81,3,"R"
1023761,27,"C20","privé - psg",458,4,"R"
1026168,24,"B91","privé - sans psg",266,10,"F"
1018463,20,"J23","privé - sans psg",458,10,"R"
1001475,86,"E20","privé - psg",1187,8,"R"
1031194,57,"G22","privé - sans psg",1024,8,"R"
1002957,18,"G11","privé - sans psg",187,0,"F"
1012114,17,"H42","publis - communales",2072,5,"R"
1028234,12,"B41","privé - psg",162,7,"F"
1030546,24,"C20","privé - sans psg",297,10,"F"
1002879,17,"J23","privé - sans psg",257,0,"F"
1007107,28,"K13","privé - sans psg",209,10,"F"
1029423,8,"B61","privé - psg",147,10,"F"
1011101,4,"C30","publis - communales",354,9,"F"
1019330,36,"I11","privé - sans psg",213,7,"F"
1018967,8,"H41","publis - communales",1750,7,"R"
1011877,14,"B61","privé - sans psg",50,9,"R"
1021074,9,"F22","privé - sans psg",16,9,"R"
1022616,20,"H30","privé - sans psg",814,3,"R"
1004004,22,"C42","publis - communales",365,10,"F"
1022576,27,"B41","publics - domaniales",53,8,"F"
1019453,13,"B70","privé - sans psg",122,10,"F"
1022726,37,"G13","privé - sans psg",480,9,"F"
1018094,25,"G30","publis - communales",958,10,"R"
1006377,18,"J23","privé - psg",277,8,"R"
1004083,13,"K13","privé - sans psg",462,1,"F"
1001888,53,"E20","privé - psg",988,8,"F"
1005800,7,"B61","privé - sans psg",106,9,"R"
1008605,15,"C30","publis - communales",251,8,"F"
1024284,42,"C20","publics - domaniales",264,6,"F"
1002467,14,"F40","privé - sans psg",96,10,"F"
1012055,26,"C41","publics - domaniales",146,8,"F"
1014221,4,"B32","privé - psg",185,9,"R"
1019001,30,"H30","privé - sans psg",1435,5,"R"
1018336,31,"G22","privé - sans psg",655,4,"F"
1027501,78,"H22","publis - communales",1667,2,"R"
1029604,19,"C51","privé - psg",189,9,"F"
1007839,24,"G13","privé - sans psg",584,8,"F"
1000929,15,"G30","publis - communales",1554,9,"R"
1012158,13,"G80","publics - domaniales",1036,10,"F"
1015490,19,"C20","privé - sans psg",259,10,"F"
1025853,15,"D11","publis - communales",603,6,"R"
1008540,16,"F23","privé - sans psg",73,7,"F"
1014500,8,"A11","privé - sans psg",191,2,"F"
1031370,29,"B51","privé - sans psg",183,10,"F"
1025534,42,"K12","publis - communales",1402,4,"R"
1023963,40,"G50","privé - sans psg",851,10,"F"
1030870,62,"G22","privé - sans psg",1345,2,"F"
1000493,9,"F52","privé - sans psg",81,2,"F"
1007814,49,"C20","publis - communales",333,5,"F"
1016909,35,"E10","privé - sans psg",497,10,"F"
1027314,22,"G23","publis - communales",501,9,"R"
1002826,30,"B41","publics - domaniales",171,6,"F"
1014029,32,"B92","privé - sans psg",270,10,"F"
1011222,10,"F21","privé - psg",54,0,"R"
1024791,12,"F23","privé - sans psg",50,5,"F"
1015250,29,"K11","privé - sans psg",76,9,"R"
1008849,38,"F15","privé - sans psg",152,3,"F"
1022851,19,"B10","privé - sans psg",58,3,"F"
1018534,25,"B21","privé - psg",52,8,"F"
1015675,7,"D11","publis - communales",350,9,"F"
1009532,19,"H30","publics - domaniales",1345,7,"R"
1013916,23,"C11","privé - psg",391,9,"R"
1007801,27,"J30","privé - psg",206,7,"F"
1026853,22,"I12","privé - sans psg",434,10,"F"
1025315,18,"B62","privé - sans psg",141,6,"F"
1007922,13,"B41","privé - psg",131,9,"R"
1011884,21,"B41","privé - psg",166,9,"F"
1004346,22,"H30","publis - communales",1239,10,"R"
1011356,28,"B82","privé - sans psg",127,10,"F"
1003292,28,"G30","privé - sans psg",1033,9,"F"
1002679,23,"C52","privé - sans psg",362,10,"F"
1006213,6,"B70","privé - psg",139,10,"F"
1023400,11,"A11","privé - sans psg",49,7,"F"
1001179,25,"B82","privé - sans psg",119,9,"F"
1015859,15,"G70","publics - domaniales",437,4,"R"
1026104,20,"B70","privé - sans psg",123,9,"F"
1017963,25,"I12","publics - domaniales",1422,8,"F"
1020950,17,"B82","privé - sans psg",110,1,"F"
1011495,17,"A21","publis - communales",64,8,"R"
1004283,21,"G13","privé - sans psg",694,0,"R"
1030080,34,"B92","privé - sans psg",358,9,"R"
1031136,17,"B70","privé - psg",120,10,"F"
1001565,9,"G70","privé - sans psg",388,4,"R"
1005549,24,"B31","privé - sans psg",176,10,"F"
1001157,33,"G22","privé - psg",858,9,"R"
1014546,22,"B61","privé - psg",100,9,"F"
1011212,30,"C12","publis - communales",166,8,"F"
1030614,24,"H30","privé - sans psg",602,8,"F"
1031337,19,"G22","publis - communales",1441,0,"F"
1019386,37,"G90","privé - sans psg",675,9,"F"
1015917,26,"G11","privé - sans psg",383,8,"F"
1016177,14,"B51","publis - communales",205,9,"F"
1004113,17,"A12","privé - psg",160,10,"R"
1012032,13,"C20","privé - psg",297,10,"F"
1016342,25,"B10","privé - psg",186,9,"F"
1004576,16,"B91","privé - psg",260,10,"F"
1027795,31,"J22","privé - sans psg",72,7,"R"
1024917,19,"F30","privé - sans psg",85,8,"F"
1003677,13,"B41","privé - psg",81,9,"F"
1005384,14,"A11","privé - sans psg",82,7,"F"
1011588,15,"A12","privé - sans psg",104,10,"F"
1008899,12,"B91","privé - psg",212,10,"F"
1017343,45,"H41","privé - sans psg",440,7,"R"
1003398,24,"I22","publis - communales",1569,10,"F"
1020928,13,"A13","privé - psg",296,9,"F"
1026472,19,"J23","publis - communales",323,0,"F"
1013677,20,"F15","privé - sans psg",162,10,"F"
1025341,13,"F21","publis - communales",23,4,"R"
1004797,38,"C41","privé - sans psg",121,4,"F"
1025317,21,"G50","privé - sans psg",619,5,"F"
1014391,25,"G90","privé - sans psg",694,0,"F"
1003212,16,"B61","privé - psg",106,8,"F"
1029324,11,"F21","privé - psg",134,3,"R"
1023662,11,"B61","privé - psg",65,10,"F"
1023651,19,"C20","publis - communales",259,10,"F"
1018776,18,"G60","privé - sans psg",578,9,"F"
1028374,22,"D11","privé - sans psg",688,9,"F"
1019822,15,"G21","privé - sans psg",595,7,"F"
1000385,21,"H41","publics - domaniales",1515,7,"R"
1006135,20,"B41","privé - sans psg",92,9,"R"
1008163,30,"C20","publis - communales",293,9,"F"
1011614,21,"C52","privé - sans psg",701,9,"F"
1006180,23,"C20","privé - sans psg",270,9,"F"
1022963,15,"F23","privé - sans psg",47,5,"F"
1020233,14,"B61","privé - psg",48,10,"R"
1025256,9,"A11","privé - sans psg",221,1,"R"
1020611,15,"G50","privé - sans psg",296,10,"F"
1011864,13,"H41","publics - domaniales",1859,8,"R"
1008648,52,"H10","privé - sans psg",1308,10,"R"
1019314,31,"G70","privé - sans psg",673,6,"F"
1012371,22,"F15","privé - sans psg",132,10,"F"
1014467,17,"B53","privé - psg",228,9,"F"
1030702,12,"B62","privé - psg",174,8,"F"
1005857,34,"C20","publis - communales",282,9,"F"
1028305,29,"G11","privé - sans psg",287,10,"F"
1015573,32,"H41","publis - communales",1397,8,"R"
1028970,23,"F30","privé - psg",399,10,"F"
1011430,21,"B42","privé - psg",230,8,"F"
1009942,33,"J10","privé - sans psg",263,4,"F"
1004800,12,"B33","privé - psg",155,0,"F"
1025745,25,"C20","privé - sans psg",181,10,"F"
1022797,19,"G23","publis - communales",278,7,"F"
1013496,24,"B51","privé - psg",175,8,"F"
1028457,26,"G22","privé - psg",377,8,"R"
1010763,28,"E10","publis - communales",519,10,"F"
1011539,32,"G22","privé - sans psg",645,9,"F"
1002609,18,"B70","privé - sans psg",93,10,"F"
1027033,12,"B92","privé - psg",262,10,"F"
1023156,21,"J22","privé - sans psg",16,1,"F"
1010200,24,"I11","privé - sans psg",336,4,"F"
1021584,13,"F21","privé - psg",124,6,"R"
1030393,15,"C20","publis - communales",318,10,"F"
1014724,14,"C20","publis - communales",362,0,"F"
1019705,44,"B43","privé - sans psg",139,5,"R"
1010926,45,"G42","privé - sans psg",338,7,"F"
1014649,7,"J10","publis - communales",164,7,"F"
1030980,29,"G22","privé - sans psg",597,10,"F"
1002340,55,"G90","privé - sans psg",552,10,"F"
1007494,11,"B33","privé - sans psg",191,9,"F"
1029156,49,"G22","privé - sans psg",999,0,"F"
1024880,15,"C30","privé - sans psg",359,6,"F"
1000057,18,"H30","privé - sans psg",998,9,"R"
1018875,15,"F52","privé - sans psg",271,10,"F"
1007175,10,"I12","publis - communales",1448,7,"F"
1026406,31,"K13","privé - sans psg",42,1,"F"
1025939,9,"B61","publis - communales",68,10,"F"
1027862,24,"C20","publis - communales",236,9,"F"
1009253,18,"D11","publics - domaniales",925,6,"F"
1026368,9,"H41","publics - domaniales",1821,8,"R"
1030105,43,"E10","privé - sans psg",587,7,"F"
1015087,25,"C30","privé - sans psg",219,7,"F"
1027490,26,"C41","publics - domaniales",217,9,"F"
1008706,35,"B51","privé - sans psg",182,8,"F"
1030788,17,"F30","privé - sans psg",155,8,"F"
1000072,56,"C20","publis - communales",297,8,"F"
1015343,62,"H21","privé - sans psg",1076,4,"R"
1007382,27,"J10","privé - sans psg",283,10,"F"
1004086,11,"F21","privé - sans psg",77,0,"F"
1019434,16,"B10","privé - psg",85,9,"F"
1030474,20,"H30","privé - sans psg",1384,7,"R"
1023509,15,"I21","publis - communales",1184,7,"F"
1023282,22,"G13","publics - domaniales",648,0,"F"
1009466,9,"D11","privé - sans psg",627,10,"R"
1000779,15,"G70","privé - sans psg",491,8,"R"
1027777,49,"G90","privé - sans psg",790,6,"R"
1021142,25,"B51","privé - sans psg",100,9,"F"
1017661,15,"B41","privé - sans psg",62,8,"F"
1019385,19,"G42","privé - sans psg",463,2,"F"
1026845,17,"G42","privé - sans psg",557,8,"F"
1028857,35,"E10","privé - sans psg",273,9,"F"
1019993,19,"F23","privé - sans psg",80,9,"F"
1002838,40,"I22","publics - domaniales",1805,9,"R"
1000090,40,"E20","privé - sans psg",681,9,"F"
1028103,15,"H30","publis - communales",739,8,"F"
1011520,21,"F15","privé - sans psg",200,10,"F"
1030278,19,"C12","privé - psg",159,10,"F"
1002700,6,"G22","publis - communales",1213,10,"R"
1017235,29,"E10","publis - communales",1066,10,"F"
1014811,11,"B53","privé - sans psg",211,9,"F"
1018557,13,"B82","privé - sans psg",148,3,"F"
1007914,28,"B51","privé - psg",151,9,"F"
1017312,28,"H10","publis - communales",1025,9,"R"
1022323,61,"H10","publics - domaniales",1380,6,"F"
1002286,12,"B70","privé - psg",111,10,"F"
1028840,41,"C51","privé - sans psg",225,8,"F"
1007434,18,"B70","privé - sans psg",100,9,"F"
1010644,18,"J23","publics - domaniales",282,4,"F"
1008737,6,"J22","privé - sans psg",1,3,"F"
1004481,20,"G11","privé - sans psg",401,9,"R"
1008364,32,"H21","publis - communales",1663,4,"R"
1023634,33,"C20","privé - psg",282,7,"F"
1001420,15,"H30","publis - communales",1528,10,"R"
1001707,17,"C20","privé - psg",389,8,"R"
1025391,22,"B82","privé - sans psg",126,8,"F"
1017418,27,"G11","privé - sans psg",223,8,"F"
1014238,41,"C52","publis - communales",462,9,"R"
1003266,25,"J10","publis - communales",149,3,"F"
1017671,45,"G41","privé - sans psg",635,9,"F"
1028516,11,"G11","privé - sans psg",375,10,"F"
1018648,5,"F21","privé - sans psg",94,0,"R"
1013246,20,"F23","privé - sans psg",47,9,"F"
1013229,20,"C51","privé - sans psg",270,9,"F"
1028926,23,"B70","privé - psg",102,10,"R"
1017779,15,"A22","publics - domaniales",79,2,"F"
1009204,14,"B91","privé - sans psg",129,10,"F"
1029333,89,"H10","publis - communales",1612,6,"R"
1026367,47,"E10","publis - communales",598,10,"F"
1017148,35,"G50","privé - sans psg",366,10,"F"
1029236,29,"G13","privé - sans psg",624,8,"F"
1018293,31,"E10","privé - sans psg",317,10,"F"
1024523,20,"C52","privé - sans psg",544,8,"R"
1030881,17,"B41","privé - sans psg",114,10,"F"
1026770,33,"G22","privé - sans psg",678,10,"F"
1007349,25,"F30","privé - sans psg",217,9,"F"
1029169,16,"G50","privé - sans psg",403,10,"F"
1018298,21,"B52","privé - sans psg",260,10,"F"
1014187,34,"F30","privé - sans psg",322,7,"F"
1024460,14,"F21","privé - sans psg",11,3,"R"
1011002,29,"B41","privé - sans psg",90,9,"F"
1020231,18,"G21","privé - sans psg",562,7,"F"
1012201,41,"G13","privé - sans psg",635,9,"F"
1026994,12,"F14","privé - sans psg",72,10,"F"
1018436,39,"G13","privé - sans psg",566,6,"F"
1025414,39,"B41","publics - domaniales",126,6,"F"
1007439,34,"I21","privé - sans psg",194,9,"F"
1019252,20,"G13","privé - sans psg",669,10,"F"
1022676,22,"C20","publis - communales",508,9,"F"
1020448,18,"C51","publis - communales",232,10,"F"
1015834,45,"G90","privé - sans psg",622,8,"F"
1023841,17,"F15","privé - psg",242,10,"F"
1015752,12,"G22","privé - sans psg",961,6,"R"
1014905,19,"G22","privé - sans psg",1001,9,"R"
1007065,22,"E20","publis - communales",804,9,"F"
1002376,10,"F40","privé - sans psg",257,6,"F"
1003381,30,"D11","publis - communales",661,8,"R"
1021576,37,"G22","privé - sans psg",864,0,"R"
1025521,22,"G21","privé - sans psg",725,10,"F"
1009970,39,"B42","privé - sans psg",138,10,"F"
1010554,15,"G13","privé - sans psg",498,0,"F"
1026338,24,"B42","privé - psg",162,9,"F"
1006096,7,"B32","privé - sans psg",155,7,"F"
1027411,16,"C41","publis - communales",145,8,"R"
1030543,20,"G41","privé - sans psg",765,9,"R"
1031401,28,"F40","privé - sans psg",131,10,"R"
1018649,9,"F21","privé - psg",61,0,"R"
1009568,38,"J10","privé - sans psg",655,5,"F"
1008424,26,"H30","publis - communales",1161,9,"F"
1001503,55,"G30","privé - sans psg",964,9,"F"
1000641,18,"F30","privé - sans psg",99,10,"F"
1005625,34,"C20","privé - psg",403,9,"F"
1027366,15,"F21","privé - psg",18,6,"R"
1020333,5,"A13","publics - domaniales",300,9,"F"
1016852,61,"J23","publics - domaniales",689,6,"F"
1010627,43,"G23","privé - psg",490,10,"R"
1026609,22,"G42","privé - sans psg",711,6,"R"
1005955,41,"C20","publis - communales",412,7,"R"
1016674,13,"B52","privé - psg",179,9,"F"
1016081,14,"C11","publics - domaniales",342,9,"R"
1003839,7,"B22","privé - sans psg",69,6,"F"
1023505,28,"H10","privé - sans psg",1264,9,"R"
1006834,16,"E10","publis - communales",540,8,"F"
1022785,14,"C42","publis - communales",370,9,"F"
1002370,64,"E10","privé - sans psg",456,7,"R"
1021333,20,"E10","privé - sans psg",567,1,"F"
1000405,22,"B62","privé - psg",96,10,"F"
1000775,8,"B41","publics - domaniales",158,7,"R"
1004059,24,"B62","privé - sans psg",103,9,"F"
1002181,31,"B91","publics - domaniales",249,5,"F"
1025771,18,"B82","privé - sans psg",98,3,"F"
1013758,18,"A21","privé - psg",125,10,"F"
1017877,16,"G22","privé - sans psg",926,10,"F"
1021679,34,"A13","publics - domaniales",240,10,"F"
1023399,28,"C52","privé - sans psg",303,5,"F"
1010540,22,"A11","privé - psg",222,9,"R"
1006737,9,"F22","publis - communales",29,5,"R"
1022570,24,"B53","privé - sans psg",169,10,"R"
1021964,37,"H41","publis - communales",1463,9,"R"
1019836,27,"D12","publis - communales",371,9,"F"
1027704,33,"D11","publis - communales",516,9,"F"
1007890,45,"H21","publis - communales",1323,9,"R"
1017384,21,"J22","privé - sans psg",274,2,"R"
1016951,17,"D11","publis - communales",749,7,"F"
1000619,29,"C30","publis - communales",281,10,"F"
1023465,14,"A12","privé - sans psg",85,9,"F"
1029779,25,"F12","publis - communales",109,6,"F"
1003429,25,"B42","privé - psg",124,9,"F"
1018110,24,"C20","privé - psg",321,7,"F"
1025948,20,"D12","privé - sans psg",303,9,"F"
1002988,25,"B91","privé - sans psg",215,9,"F"
1030243,59,"I21","privé - sans psg",631,8,"F"
1008322,33,"F30","publis - communales",381,5,"R"
1024066,22,"H21","publics - domaniales",1406,10,"R"
1028250,17,"F12","privé - sans psg",41,10,"F"
1017044,21,"C51","privé - sans psg",189,10,"F"
1016004,20,"B42","publics - domaniales",202,8,"F"
1012426,41,"G90","privé - sans psg",741,10,"F"
1012637,24,"C20","publics - domaniales",380,6,"F"
1005202,31,"B10","privé - sans psg",122,9,"F"
1002061,45,"C20","privé - sans psg",350,6,"F"
1009318,12,"B10","privé - psg",148,9,"F"
1011491,21,"F23","privé - sans psg",113,9,"F"
1007745,30,"J30","privé - psg",95,6,"F"
1003015,10,"F21","privé - sans psg",16,8,"F"
1016491,8,"F21","privé - psg",90,0,"R"
1020460,21,"I11","publis - communales",466,10,"F"
1021065,20,"J10","publis - communales",288,9,"F"
1009240,65,"E20","publics - domaniales",967,6,"R"
1003448,39,"F40","privé - sans psg",187,6,"F"
1031248,21,"I21","privé - sans psg",567,10,"F"
1022256,35,"F30","publis - communales",265,10,"F"
1020842,22,"C20","privé - sans psg",345,9,"F"
1021035,26,"F30","privé - psg",605,10,"R"
1016601,14,"B70","privé - psg",117,8,"R"
1027784,56,"E20","privé - sans psg",805,8,"F"
1005900,12,"C30","publis - communales",204,10,"F"
1008468,18,"F21","privé - sans psg",9,7,"F"
1001568,13,"B70","privé - psg",158,9,"R"
1018346,19,"F15","privé - sans psg",254,10,"F"
1017680,18,"G23","privé - sans psg",601,10,"F"
1025496,33,"H42","publis - communales",1454,9,"R"
1002998,19,"B51","publics - domaniales",131,8,"F"
1015006,30,"G13","privé - sans psg",467,8,"F"
1026080,11,"I21","publis - communales",1160,10,"F"
1030210,31,"C51","privé - sans psg",203,10,"F"
1000745,26,"C20","privé - sans psg",351,9,"F"
1015529,32,"C12","publis - communales",284,8,"F"
1002107,19,"B23","privé - psg",217,7,"F"
1021695,25,"F12","privé - sans psg",180,0,"F"
1029151,58,"C20","publis - communales",357,7,"F"
1005839,26,"B41","privé - sans psg",54,8,"F"
1025877,17,"B10","privé - psg",113,9,"F"
1007371,51,"J22","privé - sans psg",71,6,"R"
1025118,4,"I21","privé - psg",919,10,"F"
1019509,18,"D11","publics - domaniales",853,5,"R"
1004430,20,"C52","privé - sans psg",248,3,"F"
1004909,8,"F23","privé - sans psg",52,10,"R"
1004461,22,"H30","privé - sans psg",717,10,"R"
1006762,33,"G80","publics - domaniales",821,10,"R"
1002166,36,"F11","privé - sans psg",108,8,"F"
1019323,19,"C51","publis - communales",209,0,"F"
1004308,14,"F30","privé - sans psg",184,2,"F"
1026370,35,"F40","privé - sans psg",372,10,"F"
1027087,21,"C11","publics - domaniales",339,9,"F"
1018383,14,"G13","privé - sans psg",610,9,"F"
1024346,11,"H10","privé - sans psg",1145,10,"F"
1005229,29,"C20","privé - sans psg",290,9,"R"
1016262,16,"B91","publics - domaniales",223,9,"F"
1010295,12,"G11","privé - sans psg",292,2,"F"
1024554,22,"B42","privé - sans psg",101,10,"F"
1018551,11,"B42","publics - domaniales",122,7,"F"
1001622,57,"G30","privé - sans psg",940,7,"R"
1014081,27,"G50","privé - sans psg",561,9,"F"
1027856,32,"B42","privé - sans psg",87,9,"F"
1017377,30,"I21","privé - sans psg",568,10,"F"
1020285,73,"H21","publis - communales",1127,7,"R"
1015790,16,"B70","privé - sans psg",131,7,"R"
1022365,12,"C51","privé - sans psg",268,5,"F"
1018642,24,"G23","privé - psg",607,1,"F"
1007610,14,"A11","privé - sans psg",281,9,"R"
1010373,14,"A21","privé - sans psg",123,9,"R"
1015448,39,"G50","privé - sans psg",308,9,"F"
1013892,53,"F30","privé - sans psg",190,9,"F"
1005607,10,"F21","privé - sans psg",18,3,"R"
1024412,75,"H22","privé - sans psg",1649,6,"F"
1002472,27,"G80","privé - sans psg",845,10,"R"
1026500,16,"G22","privé - sans psg",911,10,"R"
1025476,14,"H30","privé - sans psg",680,10,"F"
1008538,44,"I22","privé - sans psg",473,6,"F"
1008674,28,"H22","publis - communales",1725,5,"R"
1022614,18,"H42","publis - communales",1356,2,"R"
1017294,40,"B53","publics - domaniales",280,10,"F"
1003553,21,"C20","publis - communales",375,0,"F"
1014909,17,"D11","publis - communales",458,8,"F"
1002518,26,"B70","privé - psg",146,10,"F"
1030834,15,"G12","privé - sans psg",222,6,"F"
1006815,53,"I21","privé - sans psg",905,10,"F"
1010164,10,"C30","publis - communales",419,8,"F"
1018025,6,"G21","privé - sans psg",829,10,"F"
1006287,40,"G90","privé - sans psg",617,10,"F"
1022440,14,"B92","privé - psg",188,7,"F"
1015082,22,"G21","privé - psg",750,9,"F"
1030065,8,"A13","privé - sans psg",396,9,"F"
1005043,37,"H41","publis - communales",1773,8,"R"
1020983,21,"D11","publis - communales",632,9,"R"
1021197,16,"D11","publics - domaniales",499,7,"R"
1022476,25,"C20","privé - sans psg",411,10,"F"
1016668,15,"B41","privé - psg",159,9,"F"
1011886,52,"E20","publis - communales",1043,9,"R"
1025459,13,"A22","privé - sans psg",39,7,"F"
1003141,29,"A22","privé - sans psg",126,10,"F"
1025059,28,"C42","publis - communales",383,9,"F"
1006558,42,"J10","privé - sans psg",111,7,"F"
1015882,46,"C20","privé - sans psg",372,10,"F"
1025446,14,"D12","privé - sans psg",237,8,"F"
1018466,28,"B51","privé - sans psg",119,4,"F"
1014365,16,"H41","publis - communales",1312,5,"R"
1002618,15,"B10","publics - domaniales",112,0,"R"
1000946,60,"E20","publis - communales",657,8,"R"
1030731,20,"C30","privé - psg",211,6,"F"
1018055,21,"G50","privé - sans psg",690,9,"R"
1004224,20,"G12","privé - sans psg",259,9,"R"
1020203,29,"A22","privé - psg",42,9,"F"
1019693,19,"A11","privé - sans psg",50,10,"F"
1005255,18,"A13","privé - sans psg",149,10,"F"
1013096,25,"B41","privé - sans psg",133,10,"F"
1010021,17,"B33","publis - communales",109,6,"F"
1024170,27,"B91","privé - sans psg",168,10,"F"
1012014,23,"G13","publics - domaniales",685,9,"R"
1000666,24,"B10","privé - sans psg",74,10,"F"
1017441,47,"G30","publis - communales",1196,8,"R"
1004863,24,"J22","privé - sans psg",219,10,"F"
1017502,27,"H30","privé - sans psg",764,9,"R"
1027460,26,"G21","privé - sans psg",749,10,"F"
1007179,15,"B41","privé - psg",181,7,"F"
1008742,15,"F22","publics - domaniales",16,6,"R"
1012620,14,"H41","privé - sans psg",697,2,"R"
1031271,60,"C20","privé - sans psg",332,9,"F"
1019451,43,"B23","privé - psg",121,5,"F"
1003892,29,"G22","privé - sans psg",569,0,"F"
1002964,20,"B62","privé - psg",117,9,"F"
1025972,19,"C52","privé - sans psg",644,10,"F"
1007642,35,"E10","privé - sans psg",377,10,"F"
1001441,33,"G23","privé - psg",441,8,"F"
1025682,35,"E10","privé - sans psg",470,8,"F"
1000571,33,"K13","privé - sans psg",578,0,"F"
1016835,21,"B62","privé - psg",119,9,"F"
1015246,12,"F21","privé - sans psg",37,4,"R"
1000056,16,"G11","privé - sans psg",273,4,"F"
1023874,28,"D12","privé - sans psg",283,8,"F"
1025681,23,"B62","privé - psg",100,9,"F"
1001335,11,"F21","privé - psg",85,2,"F"
1019835,18,"E10","privé - psg",705,8,"F"
1016249,15,"B82","privé - psg",164,8,"F"
1015745,57,"B92","privé - sans psg",395,4,"F"
1002690,16,"C20","privé - sans psg",226,9,"F"
1014001,14,"C51","publis - communales",171,4,"F"
1027119,20,"G11","privé - sans psg",374,9,"F"
1030746,31,"I21","publis - communales",443,8,"F"
1017095,16,"G13","privé - sans psg",522,9,"F"
1016089,19,"G22","privé - sans psg",1233,10,"R"
1018333,36,"B51","privé - sans psg",215,9,"F"
1013683,10,"D11","publics - domaniales",914,8,"R"
1008063,51,"E10","publis - communales",793,9,"F"
1003882,45,"G50","privé - sans psg",965,10,"F"
1017264,17,"H30","publics - domaniales",893,8,"R"
1001633,32,"G11","privé - sans psg",177,1,"F"
1029943,21,"J10","privé - sans psg",277,1,"F"
1022239,16,"B32","privé - sans psg",129,10,"F"
1028067,22,"I11","publis - communales",298,9,"F"
1016880,9,"F21","privé - psg",77,1,"F"
1027163,21,"B53","publis - communales",257,10,"F"
1030793,15,"B81","privé - sans psg",60,8,"F"
1005267,8,"B33","publics - domaniales",225,10,"F"
1027524,42,"H22","privé - sans psg",1392,6,"F"
1012575,12,"B10","privé - sans psg",119,6,"F"
1018373,40,"I21","privé - sans psg",784,10,"F"
1013048,19,"B51","privé - sans psg",127,7,"F"
1016058,33,"B92","privé - psg",265,8,"R"
1011145,12,"C51","publics - domaniales",213,10,"F"
1001502,10,"B70","privé - psg",120,9,"R"
1005933,14,"C11","publics - domaniales",207,10,"F"
1029289,20,"B41","privé - sans psg",122,9,"F"
1012491,11,"A13","privé - sans psg",202,10,"F"
1004171,19,"B91","privé - psg",176,10,"F"
1007384,27,"F15","privé - sans psg",220,9,"F"
1005115,45,"E10","publis - communales",545,8,"F"
1026503,19,"F21","privé - psg",50,5,"R"
1004766,19,"B81","privé - sans psg",101,10,"F"
1016787,18,"G90","privé - sans psg",249,10,"F"
1004678,15,"C30","publics - domaniales",239,8,"F"
1026806,38,"H30","publics - domaniales",572,9,"R"
1003631,39,"I21","privé - sans psg",682,10,"F"
1002901,17,"C51","privé - sans psg",202,6,"F"
1006418,35,"E10","publis - communales",746,9,"R"
1029280,48,"H30","publis - communales",1454,8,"R"
1013836,58,"E10","privé - sans psg",715,9,"R"
1003286,19,"F15","privé - sans psg",155,9,"R"
1031356,13,"G80","privé - sans psg",761,10,"F"
1019537,16,"G50","privé - sans psg",541,10,"F"
1003580,46,"B62","privé - psg",100,8,"F"
1021810,43,"G22","publis - communales",1049,5,"R"
1017842,12,"G22","privé - sans psg",1003,5,"F"
1012876,27,"C20","publis - communales",287,9,"F"
1015466,30,"B61","privé - sans psg",66,8,"F"
1024480,4,"H21","privé - sans psg",1214,10,"F"
1024684,18,"C52","publis - communales",554,9,"F"
1018128,46,"E20","publis - communales",1040,8,"F"
1024686,20,"B21","privé - sans psg",1,7,"F"
1014955,28,"F30","privé - sans psg",212,6,"F"
1002695,8,"C51","privé - psg",204,9,"F"
1014037,14,"G60","privé - sans psg",638,10,"F"
1001611,44,"H21","privé - sans psg",723,10,"R"
1018707,28,"F30","privé - sans psg",458,8,"F"
1009272,32,"F40","privé - sans psg",223,7,"F"
1002722,34,"C20","publics - domaniales",374,8,"F"
1001767,19,"H30","privé - sans psg",612,4,"F"
1012437,14,"G23","privé - sans psg",359,9,"F"
1030636,40,"H30","privé - sans psg",984,6,"R"
1027068,19,"B10","privé - psg",130,9,"F"
1019526,13,"B81","privé - psg",117,3,"R"
1008139,15,"D11","publics - domaniales",245,8,"R"
1015674,43,"G80","privé - sans psg",571,10,"F"
1030190,33,"J23","privé - sans psg",335,9,"F"
1009496,19,"C42","publis - communales",351,7,"F"
1010681,12,"F21","privé - psg",83,0,"F"
1000023,39,"C20","privé - psg",368,5,"R"
1020218,22,"J10","privé - sans psg",271,3,"F"
1022519,15,"B41","privé - sans psg",68,1,"F"
1008118,17,"G23","privé - sans psg",645,9,"F"
1006070,12,"F30","privé - sans psg",242,10,"F"
1009620,8,"F21","privé - psg",67,0,"R"
1000916,20,"J22","privé - psg",432,9,"F"
1020557,22,"G60","privé - sans psg",760,8,"R"
1004710,54,"H42","privé - sans psg",931,10,"R"
1020256,60,"H10","privé - sans psg",1263,9,"R"
1006207,45,"G50","privé - sans psg",360,10,"F"
1000523,15,"H30","privé - sans psg",997,10,"R"
1002109,41,"J22","privé - sans psg",125,5,"F"
1025045,20,"G23","privé - sans psg",524,8,"F"
1014328,25,"B82","privé - sans psg",101,9,"F"
1006045,9,"D12","privé - sans psg",332,9,"R"
1031172,13,"G11","privé - sans psg",448,7,"F"
1003259,17,"H30","privé - sans psg",1090,1,"F"
1012835,77,"E20","publics - domaniales",667,7,"R"
1022690,8,"A11","privé - sans psg",132,10,"R"
1002098,18,"B81","privé - psg",87,8,"R"
1011291,49,"E20","publis - communales",715,9,"R"
1006634,21,"F23","privé - sans psg",75,6,"F"
1001114,22,"C20","privé - psg",388,10,"F"
1028484,7,"F21","privé - psg",63,0,"F"
1027661,21,"G50","privé - sans psg",660,10,"R"
1016232,38,"G42","privé - sans psg",727,8,"R"
1015941,15,"B52","privé - psg",246,9,"F"
1009596,30,"C20","privé - sans psg",335,8,"F"
1002550,18,"J23","publis - communales",543,0,"F"
1019597,19,"A13","privé - psg",207,10,"F"
1031238,25,"H30","privé - sans psg",1010,10,"R"
1000074,55,"E10","privé - psg",540,8,"R"
1007202,24,"G90","privé - sans psg",604,10,"R"
1029316,17,"B62","privé - psg",151,10,"F"
1029918,12,"A13","privé - psg",234,10,"F"
1017378,13,"B32","privé - psg",110,9,"F"
1020401,24,"B82","privé - psg",137,8,"F"
1001398,21,"C52","privé - sans psg",413,10,"F"
1022334,16,"B70","privé - sans psg",135,10,"F"
1030981,30,"G22","privé - sans psg",935,8,"R"
1021499,23,"E20","privé - sans psg",1059,10,"F"
1009894,12,"B62","privé - sans psg",73,10,"F"
1021667,36,"F51","privé - sans psg",60,10,"F"
1006658,39,"B51","privé - sans psg",142,10,"F"
1026681,15,"G11","privé - sans psg",296,9,"F"
1019622,18,"F23","privé - sans psg",110,2,"F"
1006478,51,"H42","privé - sans psg",1928,7,"R"
1002436,16,"A11","publics - domaniales",53,10,"R"
1023279,25,"G22","publis - communales",1346,8,"R"
1003021,64,"B42","publics - domaniales",104,8,"F"
1006976,17,"H30","privé - sans psg",1095,6,"F"
1002595,20,"A21","privé - sans psg",58,8,"F"
1015260,27,"G42","privé - sans psg",717,10,"F"
1022197,15,"C30","publis - communales",221,9,"F"
1001071,23,"C20","publics - domaniales",287,7,"F"
1015380,8,"B32","privé - psg",146,10,"F"
1005814,20,"F40","privé - sans psg",277,10,"F"
1019949,16,"D11","publics - domaniales",628,0,"R"
1007911,26,"C52","privé - sans psg",418,5,"F"
1002905,34,"C20","publis - communales",315,6,"F"
1004542,15,"B62","privé - sans psg",109,9,"F"
1014148,42,"B91","privé - psg",164,10,"F"
1029929,22,"B31","privé - sans psg",248,10,"F"
1016519,33,"F30","privé - sans psg",41,5,"F"
1007279,12,"H30","publis - communales",864,9,"R"
1007138,34,"C20","privé - sans psg",180,10,"F"
1016687,16,"I12","privé - sans psg",555,10,"F"
1031118,15,"C51","publics - domaniales",242,7,"F"
1007824,24,"G50","privé - sans psg",622,10,"F"
1027816,19,"F12","privé - sans psg",83,7,"F"
1017434,13,"B82","privé - psg",130,9,"R"
1014244,17,"B70","privé - psg",114,5,"R"
1013460,13,"G11","privé - sans psg",190,3,"F"
1020373,12,"B32","privé - psg",58,3,"F"
1015424,18,"G80","privé - sans psg",809,10,"F"
1001777,22,"G22","publis - communales",1226,4,"R"
1027729,49,"H10","privé - sans psg",1247,8,"R"
1030884,6,"F21","privé - psg",111,0,"R"
1018616,9,"F52","privé - sans psg",251,7,"F"
1006134,44,"E20","privé - sans psg",955,8,"F"
1012335,31,"C20","publis - communales",421,9,"F"
1015220,34,"F40","privé - sans psg",222,9,"F"
1014062,36,"G13","privé - sans psg",460,6,"F"
1022487,29,"I21","privé - sans psg",560,8,"F"
1025396,61,"H10","privé - sans psg",933,10,"F"
1004584,21,"E10","privé - sans psg",310,6,"F"
1016052,24,"G13","privé - sans psg",723,0,"F"
1016553,25,"B92","privé - psg",246,10,"F"
1017014,48,"C20","privé - psg",338,5,"R"
1028680,8,"F21","privé - sans psg",87,0,"F"
1025239,22,"I11","privé - sans psg",409,5,"F"
1002880,19,"D11","privé - sans psg",709,8,"R"
1030153,10,"G13","privé - sans psg",521,4,"F"
1018980,71,"H41","publis - communales",1569,3,"R"
1002177,32,"C20","publis - communales",532,8,"F"
1024083,30,"H42","privé - sans psg",2165,3,"R"
1017701,25,"G13","publis - communales",541,9,"F"
1026818,15,"G80","privé - sans psg",348,6,"F"
1012151,16,"B32","privé - sans psg",132,10,"F"
1013859,14,"B33","publics - domaniales",301,8,"F"
1018347,5,"D11","publis - communales",539,10,"F"
1006601,13,"J40","publis - communales",549,9,"F"
1011437,6,"F23","privé - psg",99,0,"R"
1001648,32,"J21","privé - sans psg",180,1,"F"
1011882,30,"J23","privé - psg",462,7,"F"
1027629,9,"B70","privé - psg",112,4,"R"
1008760,11,"F21","privé - psg",22,0,"R"
1020021,16,"B41","publics - domaniales",36,9,"F"
1006596,27,"B70","privé - psg",106,10,"F"
1030750,39,"B23","privé - sans psg",172,10,"R"
1024981,20,"C20","privé - sans psg",469,3,"F"
1028105,18,"B53","publics - domaniales",289,9,"F"
1022022,19,"G50","privé - sans psg",664,10,"F"
1029323,11,"J23","privé - sans psg",657,10,"R"
1015194,25,"G12","privé - sans psg",283,9,"F"
1026303,58,"D11","privé - psg",452,8,"F"
1023145,24,"C30","publis - communales",211,10,"F"
1018276,18,"B31","privé - sans psg",213,10,"F"
1006972,22,"J23","privé - sans psg",38,4,"R"
1017262,80,"H10","publis - communales",1337,7,"F"
1007735,13,"F21","privé - psg",33,0,"F"
1007156,17,"B91","publics - domaniales",170,9,"F"
1028973,16,"H30","privé - sans psg",1668,1,"F"
1007228,14,"C12","privé - psg",222,7,"R"
1024109,17,"F21","privé - psg",91,0,"F"
1015425,23,"B21","privé - sans psg",23,9,"F"
1001818,13,"B32","privé - sans psg",149,10,"F"
1031173,16,"F11","privé - sans psg",298,7,"F"
1028776,19,"B31","publics - domaniales",172,8,"F"
1020325,17,"J22","privé - sans psg",57,8,"R"
1024921,15,"B41","privé - psg",96,9,"F"
1024367,32,"K13","privé - sans psg",973,5,"F"
1013981,18,"B61","privé - sans psg",111,10,"F"
1020797,18,"B82","publics - domaniales",150,8,"R"
1019131,13,"B62","publics - domaniales",96,10,"F"
1011971,23,"B70","publics - domaniales",79,9,"F"
1028691,28,"K12","publis - communales",1071,4,"R"
1017769,9,"C20","privé - psg",474,7,"F"
1016459,35,"K11","privé - sans psg",439,1,"F"
1027984,18,"B52","publics - domaniales",255,8,"F"
1003486,24,"F11","privé - psg",132,8,"F"
1030467,8,"C52","publis - communales",867,7,"F"
1010202,12,"B52","privé - psg",212,9,"F"
1012422,32,"F14","privé - sans psg",58,0,"F"
1022228,23,"H21","privé - psg",1241,10,"F"
1001761,16,"B62","privé - sans psg",116,10,"F"
1013552,19,"F23","privé - sans psg",101,0,"F"
1021098,12,"I22","privé - sans psg",1889,3,"R"
1001784,28,"G23","privé - psg",391,9,"R"
1016485,29,"C20","publis - communales",312,9,"F"
1021640,28,"J23","privé - sans psg",234,7,"F"
1021608,25,"C52","privé - sans psg",959,9,"F"
1005419,14,"H30","publics - domaniales",1086,10,"F"
1005820,28,"G21","privé - psg",681,9,"R"
1012154,35,"G22","privé - sans psg",907,10,"F"
1026821,27,"F14","privé - sans psg",39,4,"F"
1013067,37,"B51","publics - domaniales",194,8,"F"
1029518,25,"E10","privé - sans psg",233,10,"F"
1009214,17,"H30","privé - psg",1466,5,"F"
1024984,13,"A30","privé - sans psg",103,9,"F"
1024090,32,"D12","privé - sans psg",332,9,"F"
1004037,19,"J23","privé - sans psg",111,3,"F"
1017631,17,"C41","privé - sans psg",137,1,"F"
1022960,31,"C30","privé - sans psg",247,6,"F"
1030957,30,"B10","privé - sans psg",80,8,"F"
1003594,21,"G22","privé - sans psg",882,6,"F"
1027357,30,"F52","privé - sans psg",193,8,"F"
1018878,23,"C30","publis - communales",265,8,"F"
1029066,47,"G23","privé - sans psg",587,9,"F"
1021927,15,"G50","privé - sans psg",338,10,"F"
1008434,20,"B52","privé - sans psg",100,7,"F"
1006506,28,"B23","privé - psg",192,8,"F"
1017883,8,"B10","publics - domaniales",107,7,"F"
1021240,20,"B41","privé - sans psg",171,5,"F"
1015027,30,"A11","privé - sans psg",15,8,"F"
1024856,14,"G13","publics - domaniales",469,0,"F"
1018660,50,"H22","privé - sans psg",1885,3,"R"
1020772,44,"H21","privé - sans psg",881,10,"F"
1012678,59,"G30","privé - sans psg",1062,8,"R"
1006519,31,"C20","publics - domaniales",341,10,"F"
1007112,12,"F22","publics - domaniales",66,4,"R"
1013305,12,"F23","privé - psg",134,8,"R"
1003007,24,"H42","privé - sans psg",1218,3,"R"
1022620,21,"G13","privé - psg",626,4,"F"
1002291,8,"D11","publis - communales",446,9,"R"
1010155,9,"C30","publis - communales",247,9,"F"
1019445,20,"F21","privé - psg",101,10,"F"
1012207,21,"G21","privé - sans psg",757,6,"R"
1027356,54,"H21","privé - sans psg",1455,9,"R"
1030569,21,"J23","privé - sans psg",777,1,"F"
1023087,7,"F21","privé - psg",61,0,"R"
1014225,19,"F12","privé - sans psg",135,9,"F"
1016304,18,"C30","privé - sans psg",249,10,"F"
1000790,10,"B32","privé - psg",143,9,"R"
1000670,17,"B41","privé - sans psg",154,9,"F"
1005114,13,"B10","privé - sans psg",178,9,"F"
1014656,3,"F22","privé - sans psg",19,0,"F"
1008132,31,"B32","privé - psg",29,9,"F"
1023523,30,"C11","privé - sans psg",173,9,"F"
1003137,49,"G90","publics - domaniales",274,10,"F"
1009370,18,"J30","privé - sans psg",260,7,"R"
1023466,31,"C20","publics - domaniales",474,8,"F"
1020178,37,"I21","publis - communales",1377,7,"R"
1016968,30,"G22","publics - domaniales",759,7,"F"
1014133,16,"G23","privé - sans psg",409,9,"F"
1012756,27,"C20","publis - communales",273,10,"F"
1024429,22,"C51","privé - psg",213,9,"F"
1019833,26,"F30","privé - sans psg",261,10,"F"
1011553,20,"B23","privé - sans psg",190,10,"F"
1015173,17,"F40","privé - sans psg",183,2,"F"
1021676,14,"B61","privé - sans psg",101,10,"F"
1012507,12,"A11","privé - sans psg",155,10,"F"
1007292,25,"I11","privé - sans psg",284,8,"F"
1009006,33,"H41","publis - communales",1635,3,"R"
1025874,16,"B61","privé - psg",96,0,"F"
1022405,16,"D11","privé - psg",512,10,"R"
1029077,16,"C30","publis - communales",400,9,"F"
1023044,21,"G50","privé - psg",521,7,"R"
1009534,22,"B52","privé - psg",183,10,"F"
1029859,16,"B53","publics - domaniales",245,9,"F"
1005409,22,"I21","publis - communales",1237,4,"F"
1026116,18,"B62","privé - psg",142,9,"F"
1024388,13,"B33","privé - psg",137,9,"F"
1018628,19,"G11","privé - sans psg",359,6,"F"
1027597,32,"G30","privé - sans psg",1108,5,"F"
1001024,18,"J40","privé - psg",719,2,"F"
1022471,10,"B61","privé - sans psg",97,5,"F"
1026039,10,"G50","publis - communales",440,10,"R"
1014986,34,"C41","privé - sans psg",180,9,"F"
1008204,31,"B41","publics - domaniales",167,8,"R"
1009514,24,"F51","privé - sans psg",249,9,"F"
1019785,15,"D12","publics - domaniales",354,9,"F"
1022184,6,"B22","privé - sans psg",17,9,"F"
1019088,15,"F23","privé - sans psg",55,10,"F"
1025234,18,"B41","privé - sans psg",96,7,"F"
1005499,20,"J22","privé - sans psg",312,1,"R"
1022281,12,"A22","privé - psg",93,9,"F"
1023084,20,"J23","publis - communales",247,9,"R"
1029002,48,"H10","privé - sans psg",1663,4,"F"
1003920,16,"C20","publis - communales",265,10,"F"
1004604,25,"H41","publis - communales",1233,1,"R"
1014876,14,"B32","privé - psg",180,9,"F"
1017588,21,"K11","privé - sans psg",459,8,"F"
1011396,38,"C51","privé - sans psg",191,9,"F"
1011765,30,"C12","privé - sans psg",133,9,"F"
1001841,14,"B61","privé - sans psg",108,10,"F"
1029168,19,"G13","privé - sans psg",706,8,"F"
1018504,12,"B70","privé - psg",101,7,"F"
1026122,20,"C20","privé - sans psg",457,9,"F"
1010132,18,"C20","publis - communales",383,0,"F"
1000954,13,"F23","privé - sans psg",66,4,"R"
1030661,9,"B41","publis - communales",30,9,"F"
1024275,7,"B31","privé - psg",221,3,"F"
1010917,36,"F30","privé - sans psg",304,10,"F"
1024668,25,"E10","publis - communales",309,10,"F"
1027457,18,"A13","privé - sans psg",60,8,"F"
1024557,17,"A13","privé - sans psg",96,8,"F"
1009135,21,"B53","publics - domaniales",274,10,"F"
1022911,24,"H22","privé - sans psg",1208,10,"R"
1011347,20,"I21","publics - domaniales",915,9,"F"
1024626,42,"B82","privé - psg",118,9,"F"
1000239,10,"K13","privé - sans psg",100,9,"F"
1028438,25,"F15","privé - sans psg",122,9,"F"
1005718,35,"G22","privé - sans psg",1175,8,"R"
1004044,24,"B10","privé - sans psg",199,8,"F"
1000349,13,"C30","publics - domaniales",218,10,"F"
1013437,37,"D11","publics - domaniales",226,8,"R"
1014445,27,"C20","privé - sans psg",293,8,"R"
1000853,27,"F23","privé - sans psg",71,8,"F"
1027568,19,"D11","publis - communales",861,8,"R"
1014385,76,"H10","privé - sans psg",1644,5,"R"
1020643,58,"H22","privé - sans psg",1349,8,"R"
1020088,14,"H42","publis - communales",1532,8,"R"
1012494,43,"I11","privé - sans psg",357,10,"F"
1001753,16,"A22","privé - sans psg",41,10,"F"
1007904,38,"C20","publis - communales",340,7,"F"
1004672,20,"B62","privé - psg",119,10,"F"
1022611,14,"J30","publics - domaniales",57,4,"F"
1002897,13,"B42","publis - communales",87,9,"F"
1022846,22,"G11","privé - sans psg",269,7,"F"
1014916,30,"C52","privé - sans psg",425,10,"F"
1022829,21,"B41","privé - sans psg",81,10,"F"
1009870,65,"G30","privé - sans psg",937,8,"R"
1030982,20,"C42","privé - sans psg",403,10,"F"
1016369,24,"H30","publis - communales",915,7,"F"
1029312,17,"B42","publis - communales",263,10,"F"
1000251,31,"C12","privé - sans psg",206,8,"F"
1014751,32,"C52","privé - sans psg",189,4,"F"
1000490,6,"F21","privé - psg",89,0,"R"
1007787,50,"E10","privé - sans psg",552,9,"R"
1006115,39,"G41","privé - sans psg",516,10,"F"
1009753,9,"F21","publis - communales",149,4,"R"
1027377,27,"A11","privé - sans psg",68,2,"F"
1016426,23,"G42","privé - sans psg",954,9,"F"
1030259,12,"B31","privé - sans psg",41,9,"F"
1003703,69,"H22","publis - communales",1371,6,"R"
1028954,29,"C41","publis - communales",139,9,"F"
1007971,26,"F30","privé - psg",289,10,"R"
1021820,10,"G13","privé - sans psg",568,9,"F"
1002479,87,"H10","publis - communales",1201,9,"R"
1004671,10,"A21","privé - psg",88,10,"R"
1026154,48,"I12","publics - domaniales",1523,9,"R"
1007252,18,"G70","privé - sans psg",980,8,"R"
1006576,29,"G60","privé - sans psg",759,3,"F"
1025054,31,"A11","privé - sans psg",239,5,"F"
1011308,10,"F23","privé - sans psg",57,8,"R"
1015475,16,"B41","privé - sans psg",80,9,"F"
1021568,14,"A13","privé - sans psg",207,8,"F"
1017895,41,"G80","publics - domaniales",545,7,"R"
1013984,9,"I21","publics - domaniales",1265,5,"R"
1030123,10,"H42","privé - sans psg",2140,2,"R"
1018154,34,"C20","publis - communales",369,9,"F"
1017154,13,"B33","privé - psg",165,10,"F"
1024249,41,"E10","publis - communales",655,8,"F"
1008264,19,"B10","privé - psg",108,7,"F"
1004028,11,"A21","privé - sans psg",38,8,"F"
1026001,12,"C20","publis - communales",340,10,"F"
1009260,12,"B41","privé - psg",140,9,"F"
1020069,12,"B61","privé - psg",87,10,"F"
1007076,29,"H30","privé - sans psg",596,10,"F"
1011272,27,"I21","privé - sans psg",782,1,"F"
1027484,30,"B70","privé - sans psg",117,10,"F"
1012004,11,"F23","privé - sans psg",47,3,"F"
1014025,13,"D12","publics - domaniales",281,6,"F"
1023542,27,"B70","privé - psg",144,10,"F"
1006352,8,"B33","publics - domaniales",167,10,"F"
1022313,42,"C20","privé - psg",289,8,"F"
1019915,27,"B42","privé - sans psg",194,9,"F"
1006354,6,"F21","privé - sans psg",40,2,"R"
1024020,10,"I11","publis - communales",477,5,"F"
1028746,49,"E10","privé - sans psg",588,9,"F"
1014603,17,"F40","privé - psg",370,9,"R"
1025699,15,"C30","privé - sans psg",220,9,"F"
1021794,18,"C20","privé - sans psg",263,7,"F"
1007127,18,"B53","privé - psg",242,9,"F"
1024323,37,"F51","privé - sans psg",116,9,"F"
1019014,54,"G30","privé - sans psg",834,9,"F"
1022122,64,"E20","publics - domaniales",709,9,"R"
1015638,21,"G13","privé - sans psg",530,7,"R"
1020540,23,"F51","privé - sans psg",60,9,"F"
1012790,9,"A22","privé - sans psg",50,10,"F"
1010851,32,"C20","privé - sans psg",290,7,"F"
1006314,50,"C20","publis - communales",342,9,"F"
1001141,21,"G13","privé - sans psg",534,10,"F"
1027055,33,"G22","privé - sans psg",826,10,"F"
1025520,24,"C20","privé - sans psg",258,7,"F"
1016035,16,"C51","privé - sans psg",285,9,"F"
1014153,18,"D11","publics - domaniales",801,8,"R"
1001913,21,"C20","publis - communales",309,8,"F"
1028351,44,"G22","privé - sans psg",971,10,"R"
1002810,26,"G22","privé - sans psg",848,9,"R"
1028731,22,"F51","privé - sans psg",42,10,"F"
1015860,31,"F40","privé - sans psg",177,10,"F"
1020281,27,"C12","publics - domaniales",253,9,"F"
1019231,18,"J40","privé - sans psg",381,6,"F"
1020133,12,"B91","privé - sans psg",190,10,"F"
1008232,23,"B81","privé - sans psg",77,5,"F"
1007487,13,"A13","privé - psg",131,10,"R"
1013525,13,"C51","publis - communales",307,10,"F"
1017977,15,"G11","privé - sans psg",303,10,"F"
1027827,13,"B42","privé - psg",191,10,"F"
1006859,26,"G50","privé - sans psg",204,10,"F"
1028492,34,"H22","publis - communales",1258,9,"F"
1023909,32,"F51","privé - sans psg",157,8,"F"
1018009,32,"K12","privé - sans psg",887,3,"F"
1027093,34,"C30","privé - sans psg",290,10,"F"
1010967,20,"B70","privé - psg",167,6,"F"
1010109,22,"G13","privé - psg",514,1,"F"
1031328,15,"G22","privé - sans psg",1010,10,"R"
1003805,15,"A13","privé - psg",263,9,"R"
1011102,16,"B91","privé - sans psg",180,10,"F"
1021621,58,"H10","privé - sans psg",1416,9,"R"
1008488,13,"D11","privé - sans psg",359,7,"F"
1016129,12,"B41","publics - domaniales",72,7,"R"
1030033,22,"B43","privé - sans psg",181,2,"R"
1007009,20,"K13","privé - sans psg",234,1,"F"
1026572,37,"J23","privé - sans psg",524,0,"R"
1009087,53,"H22","privé - sans psg",1123,9,"F"
1004884,38,"G13","privé - sans psg",427,7,"F"
1014041,13,"B62","privé - sans psg",59,2,"F"
1020248,21,"E10","privé - sans psg",642,10,"F"
1028908,27,"B51","publis - communales",139,9,"F"
1022153,16,"H30","privé - psg",1034,10,"F"
1001821,19,"B62","privé - sans psg",125,10,"F"
1014414,22,"B62","privé - sans psg",61,8,"F"
1002404,50,"H21","publis - communales",1339,7,"R"
1010506,20,"B41","privé - sans psg",76,7,"F"
1019459,23,"C20","publis - communales",244,9,"R"
1010035,8,"B52","privé - psg",177,10,"F"
1022511,56,"J23","privé - sans psg",421,9,"R"
1006710,23,"B82","publis - communales",120,9,"F"
1012440,17,"G11","privé - sans psg",154,9,"F"
1016334,26,"G11","privé - psg",362,7,"R"
1010152,25,"I12","privé - sans psg",475,3,"R"
1022733,35,"J10","privé - sans psg",149,6,"R"
1020014,19,"B41","privé - sans psg",97,9,"F"
1006655,15,"C51","publis - communales",214,9,"F"
1019189,22,"A30","privé - sans psg",141,2,"F"
1006079,27,"F12","privé - sans psg",53,7,"F"
1026600,14,"B41","privé - sans psg",136,10,"F"
1015725,17,"F11","privé - sans psg",182,10,"F"
1030020,25,"C30","publis - communales",255,7,"F"
1030623,10,"F21","privé - psg",54,0,"R"
1028127,17,"B41","privé - sans psg",40,8,"F"
1025216,9,"G50","privé - sans psg",358,10,"F"
1003794,27,"E10","privé - sans psg",627,1,"F"
1030224,11,"B33","privé - sans psg",143,10,"F"
1011458,54,"J22","privé - sans psg",64,5,"R"
1015632,17,"F51","publis - communales",183,0,"F"
1001146,9,"F23","privé - sans psg",136,8,"R"
1012103,18,"F23","privé - sans psg",178,0,"F"
1013230,27,"B41","publics - domaniales",140,8,"F"
1017576,20,"G70","privé - sans psg",931,5,"F"
1020323,17,"C42","privé - sans psg",326,9,"F"
1000427,28,"C30","publis - communales",307,10,"F"
1020223,1,"B81","privé - psg",90,0,"R"
1014223,24,"G11","privé - sans psg",371,9,"F"
1018608,14,"H10","privé - sans psg",779,9,"F"
1027525,23,"C11","privé - psg",238,7,"R"
1005845,34,"B43","privé - sans psg",99,8,"F"
1014044,8,"G21","privé - psg",889,0,NA
1012310,68,"E20","privé - sans psg",1042,8,"R"
1010092,12,"B92","privé - psg",404,10,"F"
1022340,7,"B53","publics - domaniales",329,10,"F"
1024511,45,"H10","privé - sans psg",906,9,"R"
1015347,13,"F52","privé - sans psg",41,0,"F"
1018117,19,"G11","privé - sans psg",241,10,"F"
1010010,32,"C30","publics - domaniales",259,8,"F"
1015673,9,"F30","privé - sans psg",163,4,"F"
1003735,20,"B41","privé - sans psg",82,10,"F"
1025063,14,"A11","publics - domaniales",173,8,"R"
1004436,91,"E20","privé - sans psg",948,9,"R"
1017110,19,"C30","privé - psg",193,9,"R"
1008908,21,"C11","publis - communales",259,10,"R"
1011149,35,"C20","privé - sans psg",287,5,"R"
1018185,26,"B41","privé - sans psg",124,10,"F"
1011595,16,"B82","privé - sans psg",114,7,"F"
1003752,24,"F14","privé - sans psg",133,5,"F"
1027546,49,"G30","publis - communales",858,9,"R"
1002599,24,"C52","privé - sans psg",187,2,"F"
1002209,20,"H30","privé - sans psg",1368,3,"R"
1023407,28,"C41","privé - sans psg",207,10,"F"
1020555,20,"G13","privé - sans psg",574,10,"F"
1026306,23,"B61","privé - sans psg",73,10,"F"
1012889,10,"F51","privé - sans psg",235,2,"F"
1015226,17,"B32","publis - communales",195,9,"F"
1002664,33,"G22","privé - sans psg",444,10,"R"
1030089,21,"B33","privé - sans psg",93,10,"F"
1013019,8,"F52","privé - sans psg",125,6,"R"
1017575,8,"J22","privé - sans psg",114,9,"F"
1018991,12,"G23","privé - psg",617,8,"F"
1023678,23,"B10","privé - sans psg",125,1,"F"
1017313,47,"G90","privé - psg",331,10,"F"
1018995,31,"K12","publis - communales",1537,3,"F"
1000556,28,"J22","privé - sans psg",95,6,"R"
1028925,26,"J23","privé - sans psg",342,3,"F"
1012050,43,"B92","privé - sans psg",262,8,"R"
1012866,16,"B53","privé - sans psg",265,10,"F"
1028053,18,"F15","privé - sans psg",162,10,"F"
1006139,28,"F15","privé - sans psg",158,10,"F"
1001169,21,"C51","privé - psg",206,10,"F"
1003263,29,"F15","privé - sans psg",128,9,"F"
1030238,29,"J40","privé - sans psg",277,8,"F"
1019315,2,"D11","publics - domaniales",290,10,"F"
1002547,23,"G50","publis - communales",339,10,"F"
1000969,31,"G42","privé - sans psg",1042,8,"R"
1013733,14,"G23","privé - psg",636,9,"R"
1011540,33,"G22","privé - psg",890,8,"R"
1013274,10,"C52","privé - sans psg",744,9,"F"
1004015,24,"G23","privé - sans psg",645,7,"F"
1023440,40,"B51","privé - sans psg",139,5,"F"
1025526,24,"G11","privé - psg",275,9,"F"
1027877,20,"H10","privé - sans psg",1109,10,"F"
1018789,35,"D11","privé - sans psg",684,1,"F"
1021380,20,"C30","privé - sans psg",251,10,"F"
1009099,11,"J22","privé - sans psg",2,7,"F"
1026261,13,"B61","privé - psg",75,5,"R"
1024032,8,"G80","publis - communales",1000,10,"F"
1030672,11,"B41","publics - domaniales",174,7,"F"
1019934,21,"G42","privé - sans psg",880,9,"F"
1030829,19,"C20","privé - psg",357,0,"F"
1004255,12,"C11","publics - domaniales",453,8,"R"
1014663,29,"I12","privé - sans psg",970,3,"R"
1008935,17,"B82","privé - sans psg",152,0,"F"
1015944,44,"H10","privé - sans psg",611,10,"F"
1017688,9,"I21","privé - sans psg",1077,10,"F"
1018331,25,"J23","privé - sans psg",441,6,"F"
1027177,12,"B62","privé - psg",124,7,"F"
1017359,51,"H10","publics - domaniales",1231,9,"F"
1010502,10,"B81","privé - sans psg",104,10,"F"
1006954,12,"G22","privé - sans psg",962,9,"F"
1026019,30,"C20","privé - sans psg",237,9,"F"
1003041,28,"G60","privé - sans psg",645,6,"F"
1027643,20,"H30","publics - domaniales",1031,7,"F"
1000457,26,"G23","privé - psg",553,10,"R"
1022884,17,"B42","privé - psg",106,9,"F"
1023260,26,"G22","privé - sans psg",783,10,"R"
1020986,26,"A11","privé - sans psg",244,8,"F"
1018459,37,"B51","privé - psg",159,4,"F"
1020799,14,"B70","privé - psg",118,10,"F"
1026624,8,"D11","publics - domaniales",432,9,"R"
1014058,28,"F12","privé - sans psg",88,10,"F"
1012680,20,"C11","publics - domaniales",306,8,"F"
1006864,16,"C51","privé - sans psg",204,9,"F"
1017387,18,"F21","privé - sans psg",13,6,"R"
1025225,16,"C30","privé - sans psg",245,5,"F"
1015659,19,"G21","publis - communales",921,8,"R"
1011883,35,"F30","privé - sans psg",229,8,"F"
1017088,30,"H30","privé - psg",860,5,"F"
1018843,20,"B62","privé - sans psg",115,9,"F"
1003108,33,"E10","privé - sans psg",519,9,"F"
1018862,27,"J23","privé - sans psg",271,9,"R"
1028391,32,"I11","privé - sans psg",276,9,"F"
1019916,31,"C51","privé - sans psg",244,10,"F"
1006628,13,"C20","privé - psg",291,10,"F"
1007806,33,"E20","privé - sans psg",1105,10,"F"
1006630,20,"B70","publics - domaniales",128,10,"F"
1020612,26,"G11","privé - sans psg",181,8,"F"
1023638,26,"B62","privé - psg",121,10,"F"
1019846,23,"C20","privé - sans psg",364,10,"F"
1020515,33,"G90","privé - psg",368,6,"F"
1029011,30,"C20","privé - psg",274,10,"F"
1000895,26,"B42","privé - psg",230,9,"F"
1027688,87,"E10","publis - communales",736,9,"R"
1028066,50,"G22","publis - communales",615,8,"F"
1009799,16,"C42","publis - communales",453,4,"F"
1030392,13,"B10","publics - domaniales",82,7,"F"
1021848,32,"G42","privé - sans psg",663,8,"R"
1029611,21,"C51","privé - psg",305,10,"F"
1028815,26,"C51","publics - domaniales",238,7,"F"
1027187,42,"E10","publis - communales",309,1,"F"
1011425,30,"G80","privé - sans psg",545,9,"R"
1028418,18,"B70","privé - psg",116,10,"F"
1013128,11,"G23","privé - psg",416,10,"F"
1007744,23,"B53","privé - sans psg",183,8,"F"
1026639,54,"G22","privé - sans psg",724,1,"F"
1027092,48,"G22","privé - sans psg",1059,10,"R"
1020615,33,"H42","publis - communales",2126,8,"R"
1028077,18,"F15","privé - sans psg",265,10,"F"
1030803,20,"J23","privé - sans psg",342,1,"R"
1004305,12,"G70","privé - sans psg",618,4,"R"
1030706,17,"F40","privé - sans psg",398,8,"F"
1010758,32,"H21","privé - sans psg",1713,6,"R"
1022255,9,"B10","privé - sans psg",14,9,"R"
1017255,28,"F52","publis - communales",298,8,"F"
1020293,36,"H30","privé - sans psg",1233,8,"R"
1001090,17,"A11","privé - sans psg",97,7,"F"
1029940,34,"I21","publis - communales",1391,10,"R"
1027410,22,"B62","privé - sans psg",128,9,"F"
1003881,14,"H41","privé - sans psg",849,10,"F"
1007737,10,"F22","publics - domaniales",14,4,"F"
1023122,17,"J40","privé - sans psg",140,10,"F"
1012353,27,"G11","privé - sans psg",210,9,"F"
1028273,19,"J23","privé - sans psg",448,6,"F"
1029908,62,"E20","privé - sans psg",1104,7,"R"
1009170,20,"B43","privé - sans psg",92,9,"F"
1017899,13,"A22","privé - psg",109,10,"F"
1016679,25,"G42","privé - sans psg",1155,2,"F"
1031264,15,"A11","privé - sans psg",30,9,"F"
1006900,10,"F21","privé - psg",26,5,"R"
1009183,27,"B62","privé - psg",121,8,"F"
1021314,17,"B70","privé - psg",163,6,"F"
1002696,25,"C51","privé - psg",207,0,"F"
1013467,14,"F15","privé - sans psg",195,0,"R"
1008271,16,"B42","privé - psg",210,9,"F"
1025645,16,"A12","privé - psg",127,10,"F"
1026033,31,"A11","privé - sans psg",118,5,"F"
1017082,24,"B32","privé - sans psg",145,9,"F"
1017952,9,"A21","privé - sans psg",35,7,"R"
1007800,19,"C20","privé - psg",416,7,"F"
1014714,30,"B43","privé - sans psg",139,2,"F"
1005929,14,"C30","publis - communales",211,9,"F"
1009480,13,"G13","privé - sans psg",536,10,"F"
1005354,25,"E20","privé - sans psg",1060,1,"F"
1017947,17,"G13","privé - sans psg",527,4,"F"
1013592,89,"G30","privé - sans psg",1074,7,"F"
1021807,30,"B91","privé - sans psg",124,6,"F"
1010036,21,"C51","publis - communales",197,8,"F"
1007821,14,"C30","privé - sans psg",227,10,"F"
1005699,21,"B33","privé - psg",249,10,"F"
1013797,38,"C20","publics - domaniales",382,6,"F"
1004470,40,"I11","publis - communales",331,7,"F"
1011502,15,"F30","privé - sans psg",104,7,"F"
1001641,40,"F40","privé - psg",306,7,"F"
1005098,26,"I21","publis - communales",1415,9,"R"
1014666,27,"B42","publics - domaniales",101,8,"F"
1004017,9,"F21","privé - sans psg",60,0,"F"
1019335,12,"C30","publis - communales",236,8,"F"
1001793,15,"A30","privé - sans psg",56,6,"F"
1021763,17,"F21","privé - psg",55,1,"F"
1005128,31,"H22","privé - sans psg",2092,2,"R"
1007784,26,"D11","publis - communales",784,7,"R"
1004234,41,"H10","privé - sans psg",898,9,"R"
1025629,20,"B51","privé - psg",170,8,"F"
1030311,11,"B41","privé - psg",98,1,"F"
1005072,20,"B92","privé - psg",331,7,"F"
1016776,21,"I11","privé - sans psg",316,10,"F"
1010480,26,"C20","publis - communales",260,10,"F"
1011386,26,"B51","publis - communales",152,6,"F"
1012059,47,"G22","privé - sans psg",489,10,"R"
1022691,17,"K12","publis - communales",1458,8,"R"
1000926,30,"B43","publics - domaniales",205,8,"F"
1014275,18,"B31","privé - sans psg",59,10,"R"
1012926,19,"C51","publics - domaniales",229,9,"F"
1008544,40,"G30","privé - sans psg",928,8,"R"
1018694,24,"B51","publis - communales",147,3,"F"
1004753,22,"B10","privé - psg",184,9,"R"
1006877,28,"C30","publis - communales",238,9,"F"
1010065,36,"I22","privé - sans psg",1246,9,"R"
1026417,19,"G13","privé - sans psg",637,9,"F"
1004782,21,"C30","privé - sans psg",211,9,"F"
1028766,31,"G41","privé - sans psg",388,10,"F"
1002016,21,"C20","privé - psg",331,9,"F"
1004462,17,"I21","publis - communales",981,9,"F"
1014377,68,"H10","publis - communales",1299,8,"R"
1003503,33,"B43","privé - sans psg",123,6,"F"
1013818,41,"C20","publis - communales",273,10,"F"
1009045,24,"A21","privé - psg",48,10,"F"
1005312,16,"J23","publis - communales",150,4,"F"
1005534,7,"E10","publis - communales",552,10,"F"
1031395,21,"A21","privé - sans psg",22,10,"F"
1029799,17,"G13","privé - sans psg",481,9,"F"
1019243,28,"F14","privé - sans psg",112,9,"F"
1022111,19,"C20","privé - sans psg",412,6,"F"
1008006,65,"C20","publis - communales",227,8,"F"
1001738,16,"A22","privé - sans psg",8,9,"F"
1012450,19,"G23","privé - sans psg",431,10,"F"
1019167,10,"G42","privé - sans psg",651,10,"R"
1015107,16,"B41","privé - sans psg",107,10,"F"
1002519,19,"F52","privé - sans psg",170,10,"F"
1024910,10,"F21","privé - psg",96,0,"R"
1013435,19,"B91","privé - psg",204,10,"F"
1004185,17,"B91","publis - communales",137,10,"F"
1001752,21,"B10","privé - sans psg",138,8,"F"
1022492,7,"B10","privé - sans psg",97,10,"F"
1021202,18,"G12","privé - sans psg",418,9,"R"
1010708,32,"B42","privé - sans psg",186,10,"F"
1019337,29,"K12","publis - communales",1662,3,"F"
1018388,8,"B41","publics - domaniales",177,8,"R"
1008069,35,"J40","privé - sans psg",178,9,"F"
1015523,9,"F21","privé - psg",80,0,"F"
1018963,13,"D12","publis - communales",445,9,"F"
1020725,23,"I11","privé - sans psg",282,8,"F"
1024758,30,"C20","publics - domaniales",227,9,"F"
1015163,31,"D11","privé - psg",393,7,"R"
1014060,11,"D11","publis - communales",851,8,"R"
1006797,16,"B41","privé - sans psg",126,10,"F"
1004148,31,"C20","privé - psg",382,4,"F"
1008291,15,"F21","privé - psg",78,0,"F"
1022176,24,"B23","privé - sans psg",131,7,"F"
1012159,25,"I21","publics - domaniales",951,10,"F"
1018413,30,"C20","privé - sans psg",180,9,"F"
1021701,20,"B10","privé - psg",156,8,"F"
1016714,41,"H30","publics - domaniales",857,9,"R"
1018767,69,"H22","publis - communales",1799,6,"R"
1018909,19,"F52","privé - sans psg",117,9,"F"
1030773,10,"C20","privé - sans psg",334,10,"R"
1015110,46,"J23","publis - communales",259,5,"R"
1022843,32,"C20","publis - communales",481,5,"F"
1015609,30,"D12","privé - sans psg",411,9,"F"
1024912,21,"J40","privé - sans psg",714,9,"F"
1022261,9,"F23","privé - sans psg",65,10,"F"
1018636,18,"G42","privé - sans psg",473,9,"F"
1004953,13,"F15","privé - sans psg",188,10,"F"
1026337,23,"F23","privé - sans psg",122,10,"F"
1007862,11,"C20","publis - communales",272,10,"F"
1027732,44,"I21","publis - communales",898,4,"F"
1018326,40,"I22","publics - domaniales",2011,5,"R"
1009910,60,"C52","privé - sans psg",525,9,"F"
1004706,57,"E20","privé - sans psg",1203,9,"F"
1004819,16,"G80","privé - psg",534,9,"F"
1004731,22,"G60","privé - sans psg",781,1,"F"
1011908,27,"K12","privé - sans psg",704,3,"F"
1003235,15,"H41","publis - communales",1841,5,"R"
1007084,27,"F40","privé - sans psg",245,10,"F"
1003675,8,"B10","privé - psg",65,8,"F"
1011125,12,"B61","privé - sans psg",45,9,"F"
1029743,28,"G90","privé - sans psg",324,10,"F"
1009765,16,"C30","publics - domaniales",186,9,"F"
1018135,10,"B91","privé - psg",204,9,"F"
1030085,14,"F51","publis - communales",83,7,"R"
1030680,23,"B51","privé - sans psg",182,10,"F"
1021040,12,"A13","privé - psg",188,9,"R"
1003351,22,"H10","privé - sans psg",993,9,"F"
1031088,12,"B52","privé - psg",228,9,"F"
1005602,25,"C20","publis - communales",251,10,"F"
1019260,27,"G11","privé - sans psg",210,6,"F"
1029697,24,"F40","privé - sans psg",282,2,"F"
1017290,22,"G23","privé - sans psg",418,7,"R"
1019450,16,"B70","publics - domaniales",130,10,"F"
1006386,22,"G42","privé - psg",1136,8,"R"
1004596,42,"H30","privé - sans psg",870,9,"F"
1021062,17,"C30","publis - communales",370,8,"F"
1013197,21,"I12","publis - communales",1364,9,"F"
1004370,29,"B43","privé - sans psg",207,10,"F"
1010087,25,"G21","privé - psg",752,5,"R"
1003545,16,"A13","privé - psg",151,9,"F"
1021003,35,"B42","privé - sans psg",149,4,"F"
1018730,45,"F40","privé - sans psg",201,7,"F"
1017106,48,"G22","publis - communales",634,9,"F"
1023354,15,"B10","privé - sans psg",54,8,"F"
1016719,25,"B44","privé - sans psg",76,10,"F"
1017118,27,"B41","privé - sans psg",143,10,"F"
1022036,28,"I21","publis - communales",965,9,"F"
1004038,19,"B41","privé - sans psg",155,9,"F"
1013617,23,"I21","privé - sans psg",553,8,"F"
1020706,13,"B42","privé - psg",173,9,"F"
1028844,20,"G22","privé - sans psg",755,9,"F"
1025856,29,"F23","privé - sans psg",35,5,"F"
1016616,14,"D11","publics - domaniales",322,8,"F"
1015130,12,"B41","privé - sans psg",119,9,"F"
1003238,29,"C20","privé - psg",394,9,"F"
1018877,21,"D12","publics - domaniales",216,5,"R"
1006548,32,"G22","privé - sans psg",849,9,"R"
1006480,22,"B41","publics - domaniales",87,8,"R"
1019793,24,"F52","publis - communales",59,0,"F"
1005094,51,"H30","privé - sans psg",414,7,"R"
1005148,58,"E20","publis - communales",599,8,"R"
1004337,16,"B31","privé - sans psg",65,10,"F"
1008878,20,"C52","privé - sans psg",439,2,"F"
1028062,16,"G70","privé - sans psg",1018,8,"F"
1022932,10,"A13","privé - sans psg",132,8,"F"
1011707,47,"G22","privé - sans psg",495,9,"F"
1008644,36,"B61","privé - sans psg",62,9,"F"
1013849,28,"B42","privé - sans psg",156,8,"F"
1021424,32,"F15","privé - sans psg",103,10,"F"
1024324,13,"G11","privé - sans psg",343,10,"F"
1002014,15,"G80","privé - sans psg",486,6,"F"
1008802,11,"C51","privé - psg",203,8,"F"
1005236,15,"D12","publis - communales",454,6,"R"
1025542,28,"B62","privé - psg",134,10,"F"
1027810,16,"F30","privé - sans psg",118,10,"F"
1031009,18,"G42","privé - sans psg",634,9,"R"
1015728,39,"J22","privé - sans psg",157,1,"F"
1017940,11,"D11","publis - communales",410,9,"R"
1029407,24,"J10","privé - sans psg",415,4,"F"
1009570,7,"F21","privé - sans psg",45,5,"R"
1012813,43,"G30","privé - sans psg",646,6,"F"
1002551,26,"B82","privé - sans psg",116,0,"F"
1008301,17,"D12","privé - sans psg",316,8,"F"
1013904,16,"A13","privé - psg",93,10,"F"
1022201,9,"G21","privé - sans psg",867,0,"F"
1019487,63,"C20","publis - communales",408,2,"F"
1004254,28,"I12","privé - sans psg",1594,4,"R"
1005362,12,"F15","privé - sans psg",233,9,"F"
1029456,27,"A30","privé - sans psg",51,2,"F"
1022189,24,"C51","publics - domaniales",206,10,"F"
1014950,17,"E20","publis - communales",735,7,"F"
1028563,16,"C20","publis - communales",203,10,"F"
1023902,30,"H21","privé - sans psg",940,10,"F"
1024507,18,"G13","privé - sans psg",462,8,"F"
1025138,29,"J10","publis - communales",148,1,"F"
1007211,24,"J22","privé - sans psg",570,3,"F"
1016925,32,"C20","privé - psg",210,9,"F"
1002089,4,"G42","publis - communales",709,9,"R"
1015651,14,"B61","privé - sans psg",18,9,"F"
1023099,35,"C52","publis - communales",652,10,"F"
1024086,16,"C30","privé - sans psg",240,3,"F"
1026828,16,"J23","privé - sans psg",70,0,"F"
1000938,22,"F30","privé - sans psg",152,10,"F"
1022159,18,"B10","privé - psg",117,10,"F"
1005338,35,"G60","privé - sans psg",596,9,"R"
1028184,13,"F30","privé - sans psg",36,3,"F"
1017269,29,"B81","privé - sans psg",73,8,"F"
1022083,22,"B70","privé - sans psg",109,10,"F"
1029981,19,"C20","privé - psg",286,8,"R"
1019920,12,"C20","privé - sans psg",332,10,"F"
1001776,21,"C20","privé - sans psg",288,10,"F"
1003637,35,"E10","privé - sans psg",492,2,"R"
1012654,18,"J30","privé - psg",325,5,"F"
1002781,22,"B32","privé - psg",109,8,"F"
1008919,17,"I13","privé - sans psg",419,10,"F"
1003663,19,"C51","privé - sans psg",245,10,"F"
1003080,5,"A12","privé - psg",88,8,"R"
1014561,16,"G60","publis - communales",789,8,"R"
1014653,44,"H10","publics - domaniales",752,7,"R"
1009963,47,"K13","privé - sans psg",135,2,"F"
1025500,13,"A13","privé - psg",289,9,"F"
1015008,32,"F23","privé - sans psg",73,10,"F"
1004285,32,"I21","publis - communales",1415,8,"R"
1003278,25,"G12","privé - sans psg",245,10,"F"
1014358,17,"B10","privé - sans psg",69,10,"F"
1018462,25,"G30","privé - psg",1015,9,"F"
1029272,24,"F30","publis - communales",468,10,"R"
1026308,11,"F30","privé - sans psg",227,8,"F"
1015311,12,"A12","privé - sans psg",106,10,"F"
1029462,27,"C20","publics - domaniales",338,9,"F"
1019748,21,"G13","privé - sans psg",635,7,"F"
1000130,22,"C30","privé - sans psg",332,9,"R"
1028651,20,"C52","publis - communales",260,7,"F"
1003463,38,"C30","privé - sans psg",218,8,"R"
1020872,13,"G13","privé - sans psg",481,9,"F"
1024330,20,"A22","privé - psg",6,10,"F"
1025074,29,"B33","privé - sans psg",137,8,"F"
1025421,15,"A12","privé - sans psg",126,10,"F"
1016209,16,"C20","privé - psg",473,6,"F"
1002580,10,"D12","publics - domaniales",338,9,"F"
1011644,26,"J23","privé - sans psg",123,7,"F"
1016950,39,"C20","publis - communales",315,10,"F"
1014278,11,"G50","privé - sans psg",404,10,"R"
1024081,21,"J22","privé - sans psg",103,6,"R"
1000602,20,"H30","publis - communales",1210,9,"F"
1023024,15,"G42","privé - sans psg",426,8,"F"
1014715,19,"C51","privé - psg",188,2,"F"
1002022,36,"J22","privé - sans psg",190,8,"R"
1020514,8,"B10","publics - domaniales",169,7,"F"
1003655,49,"E20","publis - communales",1037,8,"R"
1024683,43,"C20","privé - sans psg",303,7,"R"
1025904,38,"H30","privé - sans psg",955,9,"R"
1021778,16,"G22","publis - communales",1224,10,"F"
1006842,23,"B41","privé - psg",82,9,"F"
1009262,17,"C30","publis - communales",245,9,"F"
1028872,23,"G70","privé - sans psg",672,6,"F"
1021791,6,"B31","privé - sans psg",5,7,"F"
1023261,38,"E10","publis - communales",586,8,"F"
1016660,13,"B33","privé - psg",168,10,"F"
1023666,34,"C20","privé - psg",273,6,"F"
1010860,7,"D11","publis - communales",533,9,"R"
1030497,19,"B91","privé - sans psg",170,9,"F"
1008699,13,"H41","publics - domaniales",2006,4,"R"
1024184,8,"F15","privé - sans psg",126,10,"F"
1001749,39,"J22","privé - sans psg",118,4,"R"
1016717,13,"B70","publics - domaniales",132,9,"R"
1029610,19,"B42","privé - sans psg",212,10,"F"
1020387,17,"B52","publis - communales",248,9,"F"
1016769,26,"G23","privé - sans psg",595,8,"F"
1019174,26,"G22","privé - sans psg",952,8,"R"
1006740,24,"I11","privé - sans psg",365,4,"F"
1008060,53,"G30","publis - communales",1109,9,"R"
1017672,24,"D11","publis - communales",422,10,"F"
1015602,37,"G90","privé - sans psg",351,1,"F"
1013884,4,"D11","publis - communales",829,9,"R"
1001418,24,"B70","privé - sans psg",97,10,"F"
1023954,13,"A11","privé - sans psg",263,9,"F"
1030282,15,"B70","privé - psg",103,7,"F"
1007258,15,"A22","publics - domaniales",87,9,"F"
1012244,18,"G42","privé - sans psg",541,8,"F"
1024896,33,"F30","privé - sans psg",195,7,"R"
1014214,22,"C11","publics - domaniales",409,8,"R"
1023970,13,"F30","privé - sans psg",307,0,"F"
1013604,16,"F23","privé - sans psg",125,9,"R"
1001131,34,"H30","privé - sans psg",995,4,"F"
1015553,39,"I21","publics - domaniales",1527,9,"R"
1007558,31,"J22","publis - communales",191,7,"R"
1025072,28,"F21","privé - sans psg",39,5,"F"
1023543,22,"B51","privé - sans psg",102,8,"F"
1026433,23,"G21","privé - sans psg",830,9,"F"
1021228,11,"G21","privé - psg",743,9,"R"
1024645,37,"F15","privé - sans psg",219,9,"F"
1029625,9,"B32","publics - domaniales",82,9,"F"
1007341,39,"C52","privé - sans psg",334,8,"F"
1024187,17,"C30","privé - sans psg",304,7,"F"
1025815,23,"F30","publis - communales",118,10,"F"
1011858,14,"H30","publics - domaniales",1072,4,"R"
1020899,27,"G41","privé - sans psg",484,6,"F"
1007308,17,"B44","privé - sans psg",125,8,"F"
1029766,14,"B61","privé - sans psg",102,0,"F"
1001885,28,"G13","privé - sans psg",341,10,"F"
1017191,58,"E20","publis - communales",1163,7,"R"
1011154,13,"B22","privé - sans psg",19,7,"F"
1029752,13,"F11","privé - sans psg",130,0,"F"
1023023,25,"B70","privé - psg",118,10,"F"
1016510,10,"D11","publis - communales",417,8,"F"
1010891,30,"G23","privé - sans psg",450,4,"F"
1000586,20,"B32","privé - psg",26,9,"F"
1030646,26,"I22","publics - domaniales",1997,9,"R"
1030339,30,"J22","privé - psg",10,6,"R"
1023742,35,"B23","privé - psg",126,9,"F"
1020698,34,"C20","privé - sans psg",208,8,"R"
1008761,29,"C30","privé - sans psg",264,7,"F"
1004243,8,"F21","privé - psg",97,4,"R"
1003893,31,"C20","privé - sans psg",217,10,"F"
1006984,41,"G41","privé - sans psg",530,9,"R"
1019085,17,"D12","publis - communales",436,8,"F"
1004042,12,"J23","privé - psg",169,8,"F"
1010274,24,"C41","publis - communales",171,9,"F"
1007707,64,"H10","privé - sans psg",1412,8,"R"
1027672,23,"F30","privé - sans psg",255,9,"F"
1024155,13,"F21","privé - psg",135,5,"R"
1018398,34,"C30","publis - communales",265,9,"F"
1025550,44,"C20","privé - sans psg",267,7,"F"
1008023,40,"G22","privé - sans psg",705,9,"F"
1004166,20,"J23","privé - sans psg",601,7,"R"
1030717,16,"B44","privé - sans psg",88,10,"F"
1007695,24,"I21","privé - sans psg",653,8,"F"
1009127,34,"B21","privé - sans psg",18,5,"F"
1023795,29,"G13","privé - sans psg",676,10,"F"
1004607,24,"B70","privé - psg",106,10,"F"
1010700,17,"C51","privé - sans psg",194,7,"F"
1010299,14,"G11","privé - sans psg",395,9,"F"
1031043,14,"B91","publics - domaniales",184,9,"F"
1015610,13,"B91","publics - domaniales",262,10,"F"
1025845,44,"B52","privé - sans psg",218,1,"F"
1008959,39,"J10","privé - psg",186,10,"F"
1016263,19,"F15","privé - sans psg",157,10,"F"
1009420,12,"F21","privé - psg",52,0,"F"
1014383,50,"G22","privé - sans psg",604,9,"F"
1010818,25,"G30","publics - domaniales",1183,9,"F"
1008422,15,"B52","privé - sans psg",215,10,"F"
1003409,44,"C20","publis - communales",435,10,"F"
1028110,41,"C20","publis - communales",422,8,"F"
1018252,19,"D11","privé - psg",386,7,"R"
1013219,34,"F51","privé - sans psg",2,9,"F"
1004991,27,"F40","privé - sans psg",218,4,"F"
1007960,20,"C20","privé - sans psg",314,7,"R"
1029269,30,"F12","privé - sans psg",62,10,"R"
1005475,56,"H42","privé - sans psg",1847,3,"F"
1006239,46,"H42","privé - sans psg",1624,7,"F"
1013207,9,"A13","privé - psg",286,10,"F"
1026265,14,"B70","privé - sans psg",110,9,"R"
1007110,11,"F23","privé - sans psg",35,1,"R"
1011611,9,"G11","privé - sans psg",333,9,"F"
1030642,9,"B61","privé - psg",33,10,"F"
1028531,21,"I21","privé - psg",776,10,"F"
1023960,40,"G22","privé - sans psg",1069,10,"F"
1021903,10,"F52","privé - sans psg",122,0,"F"
1027444,12,"D11","privé - psg",369,7,"R"
1003744,15,"B70","privé - psg",86,7,"F"
1002986,24,"B41","privé - sans psg",109,8,"F"
1006129,16,"H41","privé - sans psg",653,7,"R"
1013803,25,"F40","privé - sans psg",283,10,"F"
1016725,22,"J23","privé - psg",729,9,"R"
1016435,24,"B61","privé - psg",58,9,"R"
1015957,49,"E20","publis - communales",629,1,"F"
1022352,19,"F15","privé - sans psg",251,10,"F"
1008370,15,"B70","privé - psg",91,7,"F"
1000661,41,"C52","privé - sans psg",585,9,"F"
1002651,18,"A22","privé - psg",99,7,"F"
1025791,15,"B62","privé - sans psg",116,8,"F"
1013919,23,"F52","privé - psg",105,8,"F"
1000351,13,"H30","privé - sans psg",1437,7,"R"
1014556,8,"G70","privé - sans psg",446,10,"F"
1019939,26,"B70","publics - domaniales",142,9,"F"
1024728,19,"K12","publis - communales",1533,8,"F"
1021888,24,"F30","privé - sans psg",19,8,"F"
1017606,21,"B31","privé - psg",81,9,"F"
1018381,10,"G80","privé - sans psg",350,8,"F"
1012939,12,"D11","privé - sans psg",642,10,"R"
1029843,12,"A12","privé - sans psg",89,10,"R"
1030892,26,"G13","privé - sans psg",359,10,"F"
1028011,22,"H30","privé - sans psg",541,8,"F"
1022606,32,"C20","publis - communales",320,6,"F"
1014646,19,"F21","privé - psg",144,1,"F"
1019969,21,"E10","privé - sans psg",534,10,"R"
1019652,34,"F51","privé - sans psg",54,4,"F"
1001934,11,"A22","privé - psg",104,10,"F"
1008046,38,"C20","publis - communales",285,0,"F"
1025704,43,"G30","publis - communales",1307,10,"R"
1011843,23,"G80","privé - sans psg",649,8,"F"
1030002,44,"B42","publis - communales",234,9,"F"
1008494,14,"B41","privé - sans psg",50,6,"F"
1021041,25,"C30","privé - sans psg",205,10,"F"
1018745,11,"D11","publis - communales",670,9,"R"
1005392,24,"B62","privé - sans psg",104,9,"F"
1028910,14,"A13","privé - sans psg",206,10,"F"
1022739,16,"J10","privé - sans psg",249,7,"F"
1015878,15,"A13","privé - psg",225,8,"F"
1011934,12,"F21","privé - sans psg",52,0,"F"
1022802,40,"H42","publis - communales",1965,7,"R"
1002635,12,"B32","publics - domaniales",48,10,"F"
1006684,33,"D11","privé - sans psg",633,4,"F"
1013072,29,"J10","privé - sans psg",450,8,"F"
1025861,11,"B10","privé - sans psg",72,10,"F"
1008155,18,"J22","privé - sans psg",328,0,"F"
1016696,26,"J22","privé - sans psg",408,0,"F"
1004488,42,"C20","publics - domaniales",413,3,"F"
1019666,22,"B43","privé - sans psg",140,4,"F"
1027759,20,"G50","privé - sans psg",535,10,"F"
1003150,14,"C20","privé - sans psg",592,1,"F"
1028385,32,"H10","privé - sans psg",1661,6,"R"
1017966,11,"F21","privé - sans psg",38,5,"F"
1008260,43,"G13","privé - sans psg",490,10,"F"
1021185,11,"F21","privé - psg",59,4,"R"
1008213,11,"G50","privé - sans psg",534,10,"F"
1010124,19,"F21","privé - psg",10,5,"R"
1014684,20,"H30","privé - sans psg",569,2,"F"
1001298,16,"C20","privé - sans psg",396,10,"F"
1002168,14,"D11","publics - domaniales",733,0,"R"
1009593,18,"H42","publis - communales",2089,6,"R"
1019613,53,"E10","privé - sans psg",597,8,"F"
1022032,17,"B91","privé - sans psg",164,10,"F"
1016706,10,"F30","privé - sans psg",40,10,"F"
1024955,23,"B61","privé - psg",88,9,"F"
1008583,30,"G70","privé - sans psg",1188,6,"R"
1009764,24,"D12","privé - sans psg",487,10,"R"
1013729,18,"A11","privé - psg",204,8,"R"
1019062,32,"J21","privé - sans psg",373,8,"F"
1002371,15,"A13","publics - domaniales",247,7,"F"
1006580,18,"G13","privé - sans psg",598,9,"F"
1006160,25,"C20","privé - psg",229,7,"F"
1010483,21,"B91","privé - psg",154,3,"F"
1029023,25,"C20","publis - communales",301,9,"F"
1007581,24,"C20","privé - psg",227,5,"F"
1030738,10,"J23","privé - sans psg",280,0,"R"
1005515,24,"F30","privé - sans psg",233,10,"F"
1001810,16,"F22","publics - domaniales",30,6,"R"
1001620,22,"A12","privé - sans psg",54,10,"F"
1001760,22,"C20","privé - sans psg",208,9,"F"
1021803,16,"G11","privé - sans psg",483,10,"F"
1029525,12,"B82","privé - psg",131,10,"F"
1029214,12,"B61","publis - communales",99,9,"R"
1013645,35,"H10","publis - communales",886,7,"R"
1022859,23,"F23","privé - sans psg",75,7,"F"
1019284,20,"J22","privé - sans psg",202,10,"R"
1005249,22,"B41","privé - sans psg",76,1,"F"
1020558,9,"I13","publics - domaniales",718,7,"F"
1009787,21,"A11","privé - psg",207,10,"F"
1020739,27,"H30","privé - sans psg",623,2,"F"
1005442,13,"C51","privé - sans psg",290,10,"F"
1018517,14,"H42","publis - communales",2209,7,"R"
1004982,43,"C20","privé - psg",565,2,"F"
1027579,17,"B22","privé - sans psg",102,7,"F"
1012101,15,"G22","privé - sans psg",703,9,"F"
1018889,21,"B41","publics - domaniales",56,8,"F"
1002334,13,"C30","publis - communales",398,8,"R"
1007176,38,"D11","privé - sans psg",701,9,"F"
1009601,38,"H10","privé - sans psg",1488,0,"F"
1003221,9,"B10","publics - domaniales",106,8,"F"
1028096,26,"B31","privé - psg",217,10,"F"
1004441,9,"D11","privé - psg",379,9,"F"
1020567,11,"F22","privé - psg",26,5,"R"
1010587,44,"E10","publis - communales",664,8,"R"
1024062,22,"C41","publis - communales",129,8,"F"
1007072,33,"C52","privé - sans psg",600,6,"F"
1006445,22,"A12","privé - sans psg",91,9,"F"
1025993,25,"B70","privé - psg",206,9,"F"
1029095,20,"G50","privé - sans psg",300,8,"F"
1027061,28,"G50","privé - sans psg",518,9,"F"
1004929,20,"C51","privé - psg",206,8,"F"
1028340,16,"G13","privé - sans psg",624,9,"F"
1021184,21,"C20","privé - sans psg",363,10,"R"
1013674,23,"G50","privé - sans psg",801,10,"F"
1015212,20,"F14","privé - sans psg",79,10,"F"
1026112,38,"H21","privé - sans psg",760,9,"F"
1012010,16,"B62","privé - psg",105,10,"F"
1003905,6,"F21","privé - psg",151,7,"R"
1028545,32,"G13","privé - sans psg",558,9,"R"
1003069,28,"B42","privé - psg",208,9,"F"
1003493,19,"E20","publis - communales",717,10,"F"
1004665,11,"D12","publis - communales",420,8,"F"
1026081,17,"B32","privé - sans psg",163,10,"F"
1031236,15,"A12","privé - psg",250,9,"F"
1007027,23,"B52","publics - domaniales",172,10,"F"
1009301,40,"H41","privé - sans psg",507,10,"R"
1004449,17,"B10","privé - sans psg",13,9,"F"
1011489,15,"A11","privé - psg",231,10,"R"
1000854,36,"G21","publis - communales",840,10,"R"
1025776,35,"G60","privé - sans psg",973,5,"R"
1016226,31,"K12","publis - communales",1407,9,"F"
1001003,18,"C42","privé - sans psg",354,10,"F"
1027362,41,"J40","privé - sans psg",580,7,"F"
1017820,30,"C20","privé - sans psg",450,7,"R"
1016740,71,"H10","publis - communales",1194,9,"R"
1014247,21,"B52","privé - sans psg",271,9,"F"
1026066,24,"C11","privé - sans psg",167,10,"F"
1024691,13,"B70","privé - psg",162,10,"F"
1011832,18,"J40","privé - sans psg",220,10,"F"
1017505,50,"G22","privé - sans psg",880,9,"R"
1021174,26,"C30","publis - communales",264,3,"F"
1028137,48,"E20","privé - sans psg",1174,8,"R"
1016028,19,"B43","privé - sans psg",126,10,"R"
1030232,17,"B62","publis - communales",117,9,"R"
1025123,21,"G41","publis - communales",657,10,"R"
1005726,19,"B51","privé - sans psg",258,9,"F"
1000281,33,"I21","publis - communales",1078,10,"F"
1011313,26,"C52","privé - sans psg",328,9,"F"
1029044,18,"C20","publis - communales",287,8,"F"
1020038,32,"G30","privé - sans psg",565,9,"F"
1028197,29,"B70","privé - sans psg",99,8,"R"
1018397,8,"F21","privé - psg",122,3,"R"
1024004,23,"C42","privé - sans psg",414,9,"F"
1008245,21,"A30","privé - sans psg",30,2,"R"
1004667,21,"G41","privé - sans psg",370,3,"F"
1028568,9,"F21","publis - communales",35,2,"R"
1011182,9,"J10","privé - sans psg",552,7,"F"
1006087,24,"D11","publis - communales",415,7,"F"
1017361,28,"B21","publics - domaniales",33,9,"R"
1029634,13,"F30","privé - sans psg",124,8,"F"
1022974,28,"F12","privé - sans psg",112,10,"F"
1013963,9,"A12","privé - psg",82,10,"F"
1020839,17,"G13","privé - sans psg",787,1,"F"
1001517,51,"I12","publics - domaniales",1835,9,"R"
1020239,18,"B53","publics - domaniales",272,10,"F"
1006073,15,"B82","privé - sans psg",109,2,"F"
1006294,58,"G22","privé - sans psg",811,8,"R"
1006672,39,"B41","privé - sans psg",80,8,"F"
1014767,22,"J10","privé - sans psg",299,10,"F"
1007668,19,"H30","privé - sans psg",825,9,"R"
1004093,36,"C20","privé - sans psg",174,9,"F"
1024192,36,"G22","privé - sans psg",852,0,"F"
1009154,13,"G11","privé - sans psg",235,10,"F"
1005736,20,"D11","publics - domaniales",340,8,"R"
1014338,18,"H41","publis - communales",778,6,"R"
1005859,12,"C30","publis - communales",324,8,"F"
1028020,22,"J22","privé - sans psg",389,2,"F"
1010208,26,"I12","privé - sans psg",987,8,"F"
1023747,26,"I21","privé - psg",391,9,"F"
1022242,16,"C41","publis - communales",128,6,"F"
1028542,28,"C20","publis - communales",347,8,"F"
1020868,21,"C20","privé - sans psg",321,10,"F"
1015296,38,"G90","privé - sans psg",370,9,"R"
1001998,19,"B10","privé - sans psg",76,9,"F"
1023357,10,"F21","privé - psg",33,5,"R"
1016746,29,"C20","privé - sans psg",470,9,"F"
1025676,10,"C20","privé - sans psg",317,10,"F"
1007725,26,"C20","publis - communales",546,8,"F"
1011559,11,"B10","privé - psg",108,5,"F"
1022457,22,"C20","publis - communales",377,9,"R"
1007723,31,"B52","privé - psg",231,10,"R"
1014725,33,"B51","privé - sans psg",181,8,"F"
1027511,33,"C20","publis - communales",365,1,"F"
1025269,17,"B31","privé - sans psg",28,10,"F"
1007753,16,"G11","privé - sans psg",237,6,"F"
1011834,38,"B52","privé - psg",182,7,"F"
1015323,27,"G21","privé - sans psg",879,9,"F"
1026854,43,"H41","publis - communales",1243,9,"R"
1006189,18,"F30","privé - sans psg",247,2,"F"
1014161,17,"D12","publis - communales",409,8,"F"
1019924,29,"B51","publis - communales",133,1,"F"
1016997,10,"B70","privé - sans psg",172,10,"F"
1017346,17,"C20","publis - communales",214,10,"F"
1020328,42,"G22","privé - psg",634,8,"F"
1001560,21,"A21","privé - sans psg",39,9,"F"
1008140,42,"E10","publis - communales",448,0,"F"
1008209,14,"C51","publics - domaniales",258,10,"F"
1006537,5,"F21","privé - psg",122,5,"R"
1013906,13,"F21","privé - psg",54,1,"F"
1026315,24,"G90","privé - sans psg",471,2,"F"
1017864,41,"C20","publis - communales",447,8,"F"
1020635,15,"A13","publis - communales",12,10,"F"
1001368,17,"B92","privé - sans psg",484,10,"F"
1014459,26,"B82","privé - psg",124,10,"F"
1029727,39,"G41","privé - sans psg",473,3,"F"
1028762,45,"G22","privé - sans psg",513,9,"F"
1030101,35,"I21","publis - communales",887,10,"F"
1025787,16,"B10","privé - sans psg",182,8,"F"
1010953,35,"F30","privé - sans psg",524,10,"R"
1013041,38,"G23","privé - psg",318,8,"F"
1018913,37,"H41","privé - sans psg",1737,2,"R"
1009720,39,"C20","publis - communales",267,10,"F"
1002113,18,"B92","privé - psg",259,10,"F"
1006891,29,"J40","privé - sans psg",591,8,"F"
1024574,59,"G50","privé - sans psg",619,8,"F"
1010552,20,"G12","privé - psg",473,8,"F"
1016018,16,"C42","privé - sans psg",433,10,"F"
1030613,25,"C52","privé - sans psg",465,8,"R"
1008903,48,"C20","privé - psg",445,6,"F"
1005159,27,"F30","privé - sans psg",147,8,"F"
1013388,56,"J23","privé - sans psg",264,9,"R"
1001681,13,"A11","privé - sans psg",226,1,"F"
1028519,8,"C52","privé - sans psg",680,9,"F"
1031281,11,"B32","privé - sans psg",142,10,"F"
1028232,13,"B82","privé - psg",133,10,"F"
1005879,55,"E20","privé - sans psg",852,9,"R"
1009332,15,"C30","publics - domaniales",195,9,"F"
1022452,24,"B10","privé - psg",101,9,"F"
1014497,23,"B91","publics - domaniales",169,10,"F"
1027373,49,"K12","privé - sans psg",694,10,"F"
1015947,36,"H41","publis - communales",1464,9,"R"
1004067,31,"C20","publis - communales",578,8,"F"
1007895,10,"K13","privé - sans psg",1041,10,"F"
1008100,37,"G30","privé - sans psg",703,5,"F"
1023189,14,"F30","privé - sans psg",64,10,"F"
1024057,19,"G41","privé - sans psg",689,8,"F"
1013556,14,"A22","privé - sans psg",38,9,"F"
1004025,6,"B81","privé - sans psg",74,4,"R"
1023716,42,"H10","privé - sans psg",492,10,"F"
1024181,21,"B41","privé - sans psg",75,7,"F"
1009285,46,"I22","publics - domaniales",1708,7,"R"
1015400,14,"C41","publics - domaniales",237,9,"F"
1030618,9,"F21","privé - psg",46,4,"R"
1022953,19,"B70","privé - sans psg",165,7,"F"
1023388,23,"C51","privé - psg",250,9,"R"
1015982,19,"D11","privé - sans psg",411,3,"F"
1003980,23,"H21","publis - communales",1451,8,"R"
1015522,33,"F30","privé - sans psg",230,10,"F"
1007685,26,"J22","privé - sans psg",279,0,"F"
1005987,21,"C30","privé - sans psg",377,7,"R"
1015597,30,"I12","privé - psg",1289,10,"R"
1014860,30,"G22","privé - sans psg",1017,8,"R"
1007551,11,"B91","publics - domaniales",303,9,"F"
1014669,6,"F21","privé - sans psg",70,1,"R"
1009354,48,"E20","publics - domaniales",1319,9,"R"
1024810,35,"G50","privé - sans psg",521,9,"F"
1008047,23,"H10","privé - sans psg",747,9,"F"
1003268,10,"B10","privé - sans psg",125,8,"F"
1017956,16,"B53","privé - psg",295,10,"F"
1021564,14,"F30","privé - psg",279,10,"F"
1018930,44,"G22","privé - sans psg",841,9,"R"
1000674,31,"C20","privé - sans psg",316,6,"F"
1023516,22,"B70","privé - psg",98,5,"F"
1008150,28,"C20","publis - communales",374,10,"F"
1016168,20,"F30","privé - sans psg",222,10,"F"
1013250,35,"B91","privé - sans psg",227,10,"F"
1023027,27,"G23","privé - psg",427,10,"F"
1004411,11,"C30","publis - communales",347,9,"F"
1015355,7,"A22","privé - sans psg",69,8,"F"
1019092,17,"F22","privé - sans psg",11,4,"R"
1013027,15,"B10","privé - sans psg",127,9,"R"
1021191,31,"F40","privé - sans psg",282,6,"F"
1024616,42,"G50","privé - sans psg",534,7,"F"
1000146,24,"C20","publis - communales",279,8,"F"
1024663,28,"C41","publis - communales",147,9,"F"
1000197,17,"G41","privé - psg",671,3,"R"
1024735,30,"J22","privé - sans psg",275,0,"F"
1022731,17,"K12","publis - communales",1366,9,"R"
1030619,12,"B33","privé - sans psg",232,10,"F"
1019520,7,"F21","privé - psg",39,0,"R"
1001366,32,"C20","privé - sans psg",323,7,"F"
1021368,14,"B42","privé - sans psg",53,10,"F"
1028393,18,"B91","publis - communales",184,9,"F"
1030936,8,"A11","privé - sans psg",87,1,"F"
1018041,39,"C20","privé - sans psg",353,10,"F"
1018163,10,"B41","privé - sans psg",70,9,"R"
1020361,22,"H30","privé - sans psg",1234,9,"R"
1012121,30,"H30","publis - communales",1251,10,"R"
1008220,9,"F21","privé - psg",74,3,"R"
1016629,18,"B62","privé - sans psg",97,10,"F"
1026602,14,"A21","privé - sans psg",48,9,"F"
1010975,73,"H41","privé - sans psg",1668,7,"R"
1028046,28,"G90","privé - sans psg",513,8,"F"
1020033,5,"D11","publis - communales",271,9,"R"
1024831,21,"J40","privé - psg",736,9,"R"
1015715,19,"F15","privé - sans psg",213,10,"F"
1011163,25,"B70","publics - domaniales",87,0,"F"
1003728,27,"D11","publis - communales",609,10,"F"
1020633,16,"H30","publis - communales",1353,10,"F"
1001451,23,"B10","privé - psg",182,6,"F"
1028559,9,"F51","publis - communales",4,7,"F"
1001357,34,"E10","privé - sans psg",581,6,"F"
1021637,9,"F21","privé - psg",83,0,"R"
1008877,16,"H30","publis - communales",604,7,"F"
1012304,24,"F15","privé - sans psg",157,8,"F"
1027586,20,"B70","privé - psg",135,9,"F"
1014470,27,"B70","privé - psg",114,8,"F"
1016885,62,"H41","privé - sans psg",716,7,"F"
1007563,11,"B70","privé - psg",126,10,"F"
1011366,9,"H22","privé - sans psg",970,10,"F"
1001910,26,"I11","privé - sans psg",430,6,"F"
1027334,24,"A11","privé - sans psg",98,8,"F"
1005413,75,"H10","publics - domaniales",1166,4,"F"
1003265,16,"A11","publis - communales",82,7,"F"
1001300,26,"G11","privé - psg",418,1,"F"
1003012,16,"A30","privé - sans psg",76,0,"F"
1010174,15,"B42","publis - communales",226,9,"F"
1018509,32,"B51","privé - sans psg",243,8,"F"
1026659,33,"B92","privé - psg",249,9,"F"
1027084,10,"B32","privé - psg",308,10,"R"
1022555,36,"G21","privé - sans psg",579,10,"F"
1027074,5,"F15","privé - sans psg",217,10,"F"
1013258,15,"C11","publis - communales",409,5,"R"
1009267,28,"G11","privé - sans psg",459,7,"R"
1029887,27,"B42","privé - sans psg",119,10,"F"
1027593,34,"E10","privé - sans psg",331,9,"F"
1029580,46,"C52","privé - sans psg",589,6,"F"
1023657,25,"J23","privé - sans psg",535,6,"R"
1019366,33,"A22","privé - sans psg",66,10,"F"
1004592,54,"H42","publis - communales",1574,8,"R"
1002308,20,"E20","privé - psg",889,9,"R"
1001270,32,"D11","publis - communales",718,9,"R"
1014528,23,"G11","privé - sans psg",372,8,"F"
1015600,29,"G70","privé - sans psg",421,9,"F"
1019710,14,"J30","privé - sans psg",209,9,"R"
1018054,36,"B52","privé - psg",74,7,"F"
1012777,50,"E20","privé - sans psg",608,8,"R"
1018086,41,"C30","privé - sans psg",294,9,"F"
1023819,14,"G22","privé - sans psg",1185,5,"R"
1020927,21,"G11","privé - sans psg",389,6,"F"
1029326,29,"G70","privé - sans psg",251,7,"F"
1030058,56,"E20","publis - communales",1148,7,"F"
1010396,34,"B70","privé - sans psg",113,9,"R"
1026919,18,"F30","privé - sans psg",168,9,"F"
1006245,37,"H30","privé - psg",1228,7,"F"
1024923,53,"H41","publis - communales",1550,7,"R"
1014322,13,"B32","privé - psg",184,10,"F"
1003269,43,"E10","publics - domaniales",606,10,"R"
1001184,52,"H21","privé - sans psg",1258,8,"R"
1020840,10,"B61","privé - psg",37,8,"R"
1005538,41,"G30","publis - communales",1089,9,"R"
1000634,37,"G13","privé - sans psg",568,10,"F"
1021309,22,"G13","privé - sans psg",519,7,"R"
1006420,26,"D12","privé - sans psg",396,9,"F"
1021285,12,"C52","privé - sans psg",569,10,"F"
1017135,37,"H30","privé - sans psg",559,6,"F"
1005034,76,"G22","privé - sans psg",1218,3,"F"
1019278,42,"J10","privé - sans psg",90,2,"R"
1005963,14,"F21","privé - sans psg",107,2,"R"
1011185,20,"C20","privé - sans psg",353,9,"F"
1025688,11,"D11","privé - sans psg",280,9,"F"
1006656,4,"G70","privé - sans psg",625,10,"R"
1022920,25,"A12","privé - sans psg",122,9,"F"
1027736,33,"C20","privé - psg",413,4,"F"
1024934,46,"G90","privé - sans psg",758,10,"F"
1012149,19,"C20","publics - domaniales",329,8,"F"
1024502,26,"G22","privé - sans psg",1266,7,"F"
1004428,12,"G11","privé - sans psg",417,10,"F"
1018849,22,"H30","privé - psg",1371,7,"F"
1022583,12,"C51","privé - sans psg",200,8,"F"
1019329,29,"F30","privé - sans psg",177,10,"F"
1014534,27,"A30","privé - sans psg",17,9,"F"
1009584,28,"C20","privé - sans psg",386,6,"R"
1016558,9,"B61","privé - psg",73,10,"R"
1018938,8,"F30","publis - communales",78,10,"F"
1027385,21,"G11","privé - sans psg",416,8,"F"
1009836,11,"B81","privé - sans psg",106,9,"R"
1005917,14,"A11","privé - sans psg",70,10,"F"
1002362,18,"F23","privé - sans psg",96,8,"F"
1023792,67,"E20","privé - sans psg",753,9,"F"
1029052,32,"G80","publics - domaniales",756,8,"R"
1007186,43,"D11","privé - sans psg",954,8,"R"
1029867,23,"J23","privé - psg",411,10,"F"
1005504,34,"C20","publis - communales",316,7,"F"
1002202,11,"C30","publis - communales",335,8,"F"
1000447,11,"A11","privé - sans psg",97,9,"R"
1022293,36,"I21","privé - sans psg",780,10,"F"
1014984,25,"B10","privé - sans psg",92,9,"F"
1019044,35,"C20","privé - psg",320,7,"F"
1006670,16,"B61","privé - sans psg",20,9,"F"
1030198,12,"J10","privé - sans psg",247,10,"F"
1001619,27,"F52","privé - sans psg",114,5,"F"
1028337,16,"C20","publis - communales",303,10,"F"
1013689,17,"F11","privé - sans psg",115,10,"F"
1007515,24,"G22","privé - sans psg",754,0,"F"
1021800,16,"B62","publics - domaniales",96,1,"F"
1001650,31,"C20","publics - domaniales",313,10,"F"
1021466,27,"C20","privé - sans psg",308,10,"F"
1007912,24,"H42","privé - sans psg",1014,6,"R"
1022274,26,"C20","privé - psg",257,9,"F"
1000036,19,"B62","privé - sans psg",76,2,"F"
1003139,25,"B62","privé - psg",85,10,"F"
1026667,11,"B32","privé - psg",99,8,"F"
1012545,33,"F15","privé - sans psg",161,10,"F"
1022289,20,"D12","privé - sans psg",323,10,"F"
1010122,15,"B33","privé - psg",229,9,"F"
1003227,20,"B62","privé - sans psg",131,10,"F"
1030753,12,"D12","publis - communales",328,7,"F"
1023377,21,"J23","publis - communales",356,3,"F"
1023696,70,"C52","privé - sans psg",758,10,"F"
1009875,8,"H30","privé - sans psg",1069,3,"R"
1015037,39,"F15","privé - sans psg",144,10,"F"
1006567,21,"C20","privé - sans psg",272,0,"R"
1018638,29,"H30","publis - communales",1187,10,"F"
1005563,20,"B51","privé - sans psg",186,8,"F"
1025607,21,"C20","publis - communales",332,7,"F"
1012710,6,"F15","privé - sans psg",247,10,"F"
1025663,20,"G13","publis - communales",650,7,"R"
1022105,26,"G80","privé - psg",847,10,"F"
1007257,12,"F22","publis - communales",14,0,"F"
1007569,15,"F15","privé - sans psg",175,10,"R"
1009404,13,"E10","publis - communales",599,10,"R"
1017783,33,"G50","privé - sans psg",699,10,"F"
1025859,31,"G50","publics - domaniales",253,10,"F"
1002844,5,"G41","privé - sans psg",673,10,"R"
1016662,52,"G22","privé - sans psg",756,7,"F"
1004080,15,"F30","privé - sans psg",122,9,"F"
1011543,25,"B52","privé - psg",95,9,"F"
1021290,12,"G13","privé - sans psg",518,10,"F"
1016142,7,"F21","privé - sans psg",33,0,"R"
1028427,26,"F30","publics - domaniales",239,8,"R"
1001477,17,"J23","privé - sans psg",376,9,"F"
1018275,24,"B51","privé - psg",175,7,"F"
1030605,29,"I21","privé - sans psg",1599,8,"F"
1008043,25,"C20","publis - communales",427,0,"F"
1017865,20,"G80","publics - domaniales",751,8,"F"
1014051,24,"C20","publis - communales",250,9,"F"
1012080,8,"I21","privé - sans psg",762,10,"F"
1011331,16,"G23","privé - psg",594,10,"R"
1014994,10,"A22","privé - psg",98,10,"F"
1020551,38,"G22","privé - sans psg",391,7,"F"
1022615,29,"G11","privé - sans psg",220,7,"R"
1007820,7,"F21","privé - sans psg",93,1,"F"
1017414,22,"C20","publis - communales",309,8,"F"
1026243,61,"G30","privé - sans psg",1132,3,"F"
1006140,9,"F21","privé - psg",46,0,"R"
1021446,25,"F40","privé - sans psg",294,9,"F"
1029461,26,"J21","privé - sans psg",630,7,"F"
1008730,17,"J23","publis - communales",162,9,"R"
1018437,44,"H41","privé - sans psg",1276,1,"R"
1012799,20,"C20","publis - communales",346,1,"F"
1020626,26,"G12","privé - sans psg",369,10,"F"
1007936,26,"B23","publics - domaniales",149,10,"F"
1025985,12,"J30","publics - domaniales",239,7,"R"
1001453,24,"C20","publis - communales",263,7,"F"
1030684,11,"F22","privé - sans psg",36,5,"R"
1022317,25,"I11","privé - sans psg",369,10,"F"
1029993,33,"G22","privé - sans psg",858,9,"F"
1013829,23,"G60","privé - sans psg",659,10,"F"
1022175,15,"J40","publis - communales",1302,10,"F"
1003272,17,"C52","privé - sans psg",435,10,"F"
1030024,14,"B92","privé - sans psg",264,10,"F"
1006728,33,"G60","privé - sans psg",801,3,"F"
1021077,27,"E10","privé - sans psg",472,2,"F"
1004761,19,"B22","privé - sans psg",107,7,"F"
1030053,32,"C52","privé - sans psg",239,6,"F"
1014173,46,"C41","publis - communales",200,7,"F"
1017375,32,"G60","privé - psg",801,7,"F"
1028042,18,"B61","privé - sans psg",57,10,"F"
1029322,8,"F15","privé - sans psg",137,10,"F"
1025021,26,"B91","privé - sans psg",151,1,"F"
1024250,23,"F14","privé - sans psg",44,9,"F"
1031127,25,"I11","privé - sans psg",446,8,"F"
1006424,12,"C41","publis - communales",133,8,"F"
1004183,24,"B82","privé - psg",103,9,"F"
1024115,19,"I21","privé - sans psg",1965,5,"R"
1005097,16,"A12","privé - psg",93,10,"F"
1025485,14,"I13","privé - sans psg",858,5,"F"
1006449,22,"J10","privé - sans psg",368,10,"F"
1010545,27,"D12","privé - sans psg",518,8,"F"
1025005,26,"F52","privé - sans psg",114,8,"F"
1005909,8,"H10","privé - sans psg",589,7,"F"
1025742,55,"G22","publis - communales",1375,5,"F"
1012133,26,"F23","privé - sans psg",52,5,"F"
1024076,22,"A13","privé - psg",108,8,"F"
1028281,20,"H30","privé - sans psg",1170,6,"R"
1002748,36,"J23","publis - communales",143,7,"R"
1009219,17,"G41","privé - sans psg",746,0,"F"
1025867,14,"F21","privé - psg",141,7,"R"
1000028,22,"H41","privé - sans psg",1062,9,"F"
1008354,31,"B10","privé - sans psg",177,9,"F"
1025028,29,"B21","privé - sans psg",4,1,"F"
1012015,7,"B32","privé - sans psg",84,0,"F"
1018815,25,"F30","privé - sans psg",180,10,"F"
1021494,16,"F15","privé - sans psg",213,10,"F"
1018823,14,"D12","publis - communales",505,9,"R"
1000821,18,"D12","publics - domaniales",657,8,"F"
1020214,17,"A13","publics - domaniales",350,9,"R"
1026988,31,"B52","privé - sans psg",265,9,"F"
1024922,26,"G41","privé - sans psg",541,9,"F"
1001320,21,"B42","privé - sans psg",52,8,"F"
1029754,25,"H30","privé - sans psg",806,3,"F"
1030479,37,"I21","publis - communales",1648,8,"F"
1021902,32,"E20","publis - communales",832,10,"F"
1017819,15,"D11","publis - communales",404,0,"F"
1000132,31,"H42","publics - domaniales",1765,4,"R"
1026702,28,"D12","privé - sans psg",407,9,"R"
1003561,20,"B62","privé - psg",142,10,"F"
1021007,15,"B62","privé - sans psg",90,3,"F"
1001047,53,"J22","privé - psg",934,8,"R"
1027392,37,"G30","privé - sans psg",663,5,"F"
1030656,21,"C51","publics - domaniales",201,9,"F"
1022995,23,"F40","privé - sans psg",194,10,"F"
1021746,20,"C51","privé - sans psg",185,5,"F"
1020318,44,"C52","privé - sans psg",658,9,"F"
1023771,24,"B41","privé - psg",111,6,"F"
1005181,28,"J23","privé - sans psg",74,2,"R"
1022924,51,"C52","privé - sans psg",467,8,"F"
1010606,20,"H10","privé - sans psg",642,7,"F"
1026445,31,"F30","privé - sans psg",293,10,"F"
1004085,20,"B70","privé - psg",117,9,"F"
1007544,23,"I22","publics - domaniales",699,10,"R"
1027363,33,"G30","privé - sans psg",667,10,"F"
1012184,18,"F51","privé - sans psg",99,2,"F"
1010135,31,"G70","privé - sans psg",359,6,"F"
1025986,25,"B91","privé - sans psg",275,9,"F"
1001972,31,"G80","privé - sans psg",980,9,"R"
1028013,7,"F23","privé - sans psg",134,9,"R"
1029000,32,"F15","privé - sans psg",181,8,"F"
1025348,13,"G11","privé - psg",501,1,"F"
1005334,14,"G30","privé - sans psg",1018,10,"R"
1003322,25,"G11","privé - sans psg",368,9,"F"
1031124,16,"B33","privé - psg",119,9,"F"
1021911,36,"I11","privé - sans psg",231,6,"F"
1019437,22,"G42","privé - sans psg",735,9,"R"
1002490,24,"F51","privé - sans psg",217,10,"F"
1001594,30,"G11","privé - sans psg",269,8,"F"
1001684,18,"H30","publis - communales",1276,9,"R"
1007664,12,"A13","privé - sans psg",123,2,"F"
1030975,5,"F21","privé - psg",79,0,NA
1020996,8,"B41","publics - domaniales",97,9,"R"
1014783,33,"G22","privé - sans psg",354,0,"F"
1004505,33,"G13","privé - sans psg",590,9,"F"
1000648,16,"A21","privé - sans psg",65,9,"F"
1010477,21,"A11","privé - sans psg",21,9,"F"
1010648,18,"F23","privé - psg",103,6,"F"
1028518,17,"C52","privé - sans psg",557,10,"F"
1014868,9,"E10","publis - communales",555,10,"F"
1012144,16,"J40","privé - sans psg",773,7,"F"
1022007,59,"E20","publis - communales",766,10,"R"
1024807,9,"D11","privé - sans psg",827,9,"R"
1026532,12,"I21","publis - communales",1169,7,"F"
1028431,19,"F15","privé - sans psg",102,8,"F"
1004329,55,"C20","publis - communales",388,7,"F"
1004685,21,"F40","privé - sans psg",236,0,"F"
1006904,28,"C20","privé - sans psg",298,9,"F"
1003927,23,"C52","privé - sans psg",513,1,"F"
1024943,14,"B62","privé - psg",132,10,"F"
1007453,32,"F52","privé - sans psg",226,8,"F"
1013860,18,"F51","privé - sans psg",52,6,"F"
1008459,37,"K13","privé - sans psg",642,9,"F"
1026577,33,"H10","privé - sans psg",966,10,"R"
1029032,41,"J22","privé - sans psg",189,5,"F"
1010375,27,"F40","privé - sans psg",289,4,"F"
1000702,19,"C30","publis - communales",308,9,"F"
1005554,23,"C30","publics - domaniales",258,8,"F"
1005638,29,"F30","privé - psg",276,5,"F"
1027176,26,"B43","privé - sans psg",69,7,"F"
1029295,14,"B70","privé - sans psg",132,1,"F"
1022017,19,"G42","privé - sans psg",1026,10,"R"
1010835,17,"G23","privé - sans psg",419,9,"F"
1017451,16,"G13","publis - communales",527,7,"R"
1028291,63,"I21","publics - domaniales",1638,7,"R"
1021947,22,"F30","publics - domaniales",114,10,"F"
1025364,17,"J22","privé - sans psg",582,4,"F"
1013561,44,"C20","publics - domaniales",419,1,"F"
1022198,11,"A13","privé - psg",201,10,"F"
1018460,21,"F52","privé - sans psg",120,4,"F"
1009951,12,"F22","publics - domaniales",16,5,"R"
1007618,33,"J22","privé - sans psg",596,3,"R"
1013969,13,"A22","privé - sans psg",105,7,"F"
1007035,17,"G23","privé - sans psg",497,10,"F"
1012686,32,"G11","privé - sans psg",438,7,"F"
1021535,6,"D12","publis - communales",314,8,"R"
1024621,33,"G13","privé - sans psg",619,9,"F"
1027705,26,"D11","privé - sans psg",579,10,"F"
1020599,14,"A13","privé - psg",124,10,"F"
1002698,58,"H10","privé - sans psg",1244,9,"F"
1000677,38,"J23","publis - communales",602,0,"F"
1007091,9,"D12","privé - psg",559,9,"F"
1001494,26,"C20","publis - communales",402,8,"F"
1000534,16,"I21","privé - sans psg",1788,8,"R"
1010839,7,"G42","privé - sans psg",698,9,"R"
1002950,13,"B61","privé - sans psg",43,9,"F"
1023341,56,"E20","publis - communales",809,7,"R"
1020023,37,"B43","privé - sans psg",105,1,"F"
1016393,24,"E10","publis - communales",347,10,"F"
1009484,13,"C52","privé - sans psg",723,10,"F"
1019156,51,"I11","privé - sans psg",347,7,"F"
1014124,11,"C51","privé - psg",189,10,"F"
1017557,32,"C20","privé - psg",359,2,"F"
1008917,10,"F21","privé - sans psg",90,0,"F"
1021036,36,"G90","privé - sans psg",342,5,"F"
1000187,31,"H21","publis - communales",1596,8,"R"
1020237,20,"B70","privé - psg",112,9,"F"
1017420,31,"G70","privé - sans psg",229,6,"R"
1010041,15,"G11","privé - sans psg",220,6,"F"
1007173,29,"G22","privé - sans psg",932,6,"R"
1019742,33,"G22","privé - sans psg",1179,3,"F"
1031317,31,"G50","privé - sans psg",745,10,"R"
1027198,24,"J24","privé - sans psg",475,2,"F"
1006813,63,"C20","publis - communales",365,6,"F"
1003773,14,"B91","privé - psg",209,8,"F"
1008652,9,"I21","publis - communales",1206,10,"F"
1015789,20,"C51","publics - domaniales",224,10,"F"
1003380,15,"G11","privé - sans psg",212,10,"F"
1008414,20,"J22","privé - sans psg",26,10,"F"
1015187,13,"D11","publis - communales",989,6,"R"
1006067,34,"B82","privé - sans psg",96,9,"F"
1012443,17,"C30","privé - psg",388,8,"R"
1012912,19,"B41","privé - sans psg",53,2,"F"
1029851,36,"C42","privé - sans psg",352,8,"F"
1020775,7,"G42","privé - sans psg",558,9,"R"
1012478,29,"C20","privé - sans psg",445,4,"F"
1020965,13,"B10","publics - domaniales",193,9,"F"
1027681,12,"B91","privé - psg",161,9,"F"
1031080,28,"G50","privé - sans psg",515,10,"F"
1026748,45,"F23","privé - sans psg",56,8,"R"
1025057,36,"G21","privé - sans psg",666,9,"R"
1029094,18,"B61","privé - sans psg",116,9,"F"
1005587,15,"F40","privé - sans psg",282,4,"F"
1005902,19,"K11","privé - sans psg",282,1,"F"
1006265,26,"B33","privé - sans psg",167,10,"F"
1009891,8,"F21","privé - sans psg",124,5,"R"
1025052,10,"B41","publics - domaniales",127,10,"F"
1031219,8,"F21","privé - psg",43,0,"R"
1007763,14,"F23","privé - sans psg",61,4,"F"
1013681,14,"G30","privé - sans psg",1188,9,"F"
1006403,48,"F30","privé - sans psg",372,4,"F"
1012986,21,"F52","privé - sans psg",167,8,"F"
1019281,66,"E10","publis - communales",505,6,"R"
1004538,8,"C30","privé - sans psg",326,10,"F"
1007330,23,"C20","publis - communales",379,7,"F"
1015384,11,"F21","privé - psg",110,6,"R"
1002251,14,"B61","privé - psg",72,8,"F"
1006390,8,"G13","publis - communales",677,7,"R"
1001703,27,"C20","privé - sans psg",202,10,"F"
1007220,32,"B91","publics - domaniales",302,10,"F"
1012046,39,"C52","privé - sans psg",215,10,"F"
1031140,26,"C20","publis - communales",256,7,"F"
1008909,10,"F21","privé - psg",69,0,"F"
1028371,56,"E20","privé - sans psg",918,8,"R"
1016743,26,"C20","privé - sans psg",338,9,"F"
1013568,19,"B52","privé - psg",231,9,"F"
1013844,39,"G30","privé - sans psg",914,10,"R"
1027338,18,"B81","privé - sans psg",75,10,"F"
1007278,17,"C30","privé - sans psg",261,9,"F"
1012858,40,"G22","publis - communales",960,10,"F"
1015984,37,"C51","publis - communales",240,9,"F"
1013680,23,"B42","privé - sans psg",88,9,"F"
1003333,21,"B70","publics - domaniales",158,9,"F"
1020019,28,"E10","publis - communales",422,10,"F"
1029291,16,"G13","privé - psg",512,7,"F"
1010535,17,"C30","publis - communales",337,7,"F"
1020487,15,"B61","privé - psg",57,9,"F"
1000868,19,"G70","privé - sans psg",600,7,"F"
1008707,16,"F23","privé - sans psg",102,10,"R"
1028031,20,"D12","publis - communales",455,7,"F"
1004155,4,"D12","publis - communales",428,4,"F"
1017669,11,"F23","privé - psg",123,3,"R"
1011706,12,"D11","publis - communales",824,8,"F"
1002347,31,"I12","privé - sans psg",472,8,"F"
1005771,23,"B41","privé - sans psg",79,8,"F"
1019963,21,"B22","privé - sans psg",69,10,"F"
1030350,50,"H10","publics - domaniales",1487,5,"R"
1022154,24,"G70","privé - sans psg",364,8,"R"
1015351,19,"G11","privé - psg",351,7,"R"
1006650,34,"F30","privé - sans psg",249,9,"F"
1008728,23,"H30","privé - sans psg",722,8,"F"
1004412,34,"C52","privé - sans psg",209,10,"F"
1009591,48,"I12","privé - psg",1274,9,"R"
1031178,44,"G30","privé - sans psg",1073,6,"R"
1018659,22,"B41","privé - sans psg",140,9,"F"
1023882,48,"B51","privé - sans psg",173,7,"F"
1028558,42,"G30","publics - domaniales",1304,9,"R"
1021009,15,"F11","privé - sans psg",116,9,"F"
1010508,19,"J23","privé - sans psg",338,8,"R"
1003433,23,"E10","privé - sans psg",480,2,"F"
1015770,38,"G13","privé - sans psg",476,7,"R"
1023421,34,"J22","privé - sans psg",30,5,"R"
1007616,62,"C52","privé - sans psg",603,9,"F"
1023499,30,"G21","privé - sans psg",778,0,"F"
1012765,15,"B61","privé - psg",77,6,"F"
1018640,18,"B92","privé - sans psg",250,10,"R"
1005347,25,"D11","publics - domaniales",414,7,"R"
1028349,48,"C20","privé - psg",356,9,"R"
1009265,10,"C51","privé - psg",208,6,"F"
1013262,19,"B41","privé - sans psg",125,10,"F"
1028566,17,"H30","privé - sans psg",897,1,"F"
1015753,39,"C30","privé - sans psg",242,8,"F"
1010906,24,"F30","privé - sans psg",204,10,"F"
1005686,14,"F23","privé - psg",111,8,"R"
1003548,15,"F30","privé - sans psg",492,10,"F"
1018180,32,"G22","privé - sans psg",507,6,"R"
1030498,33,"C52","privé - sans psg",273,8,"F"
1015402,9,"F21","privé - psg",103,4,"R"
1023233,20,"G13","privé - sans psg",680,3,"F"
1005298,38,"G13","privé - sans psg",370,10,"F"
1009009,16,"A11","privé - sans psg",146,10,"F"
1005480,26,"G70","privé - sans psg",989,8,"F"
1000120,24,"B52","privé - sans psg",174,10,"F"
1024652,34,"E10","privé - psg",564,10,"R"
1009419,23,"K13","privé - sans psg",239,4,"F"
1026566,28,"C20","publics - domaniales",325,7,"F"
1010457,8,"F23","privé - sans psg",51,3,"R"
1018737,31,"F40","privé - sans psg",391,8,"F"
1027807,23,"B91","privé - psg",160,8,"F"
1017957,19,"B51","publis - communales",150,9,"F"
1020433,14,"A11","privé - sans psg",72,6,"F"
1000316,16,"C30","publis - communales",292,9,"F"
1012922,19,"B70","privé - sans psg",125,8,"F"
1011160,42,"G41","privé - sans psg",503,9,"R"
1013811,18,"G22","privé - sans psg",635,10,"F"
1001843,25,"B52","publis - communales",54,8,"F"
1025203,14,"C52","privé - sans psg",468,10,"F"
1022908,20,"G11","privé - sans psg",340,6,"F"
1025136,56,"E20","privé - sans psg",754,7,"R"
1027267,19,"C41","publis - communales",132,9,"F"
1017539,33,"H41","privé - sans psg",1271,7,"R"
1025677,30,"C20","publis - communales",327,7,"F"
1024980,26,"J22","privé - sans psg",99,5,"R"
1009747,31,"G12","privé - sans psg",412,7,"F"
1027499,21,"J40","privé - sans psg",526,8,"R"
1022042,34,"G41","privé - sans psg",498,3,"F"
1012127,12,"K11","privé - sans psg",513,3,"F"
1022058,38,"C20","publis - communales",416,6,"F"
1014755,14,"D11","publics - domaniales",234,6,"F"
1017276,22,"C52","privé - sans psg",514,7,"R"
1028085,22,"F22","privé - sans psg",11,8,"F"
1003060,27,"G12","privé - sans psg",379,8,"F"
1012738,17,"F15","privé - sans psg",200,9,"F"
1006668,14,"C20","privé - sans psg",229,8,"F"
1027800,17,"C20","publis - communales",304,10,"F"
1000928,20,"E10","publis - communales",421,9,"F"
1020616,28,"C20","publis - communales",463,7,"F"
1031169,23,"C20","publis - communales",277,9,"R"
1026642,22,"J10","privé - sans psg",147,7,"F"
1018242,15,"A22","privé - psg",70,4,"F"
1031097,21,"G41","privé - sans psg",606,9,"F"
1018507,16,"J23","privé - sans psg",47,1,"F"
1026076,7,"F21","publis - communales",148,0,NA
1021399,17,"G22","privé - sans psg",658,10,"R"
1025441,28,"H30","privé - sans psg",695,8,"F"
1014959,20,"B32","privé - sans psg",216,8,"F"
1022725,19,"D12","privé - sans psg",376,9,"R"
1023769,21,"G41","privé - sans psg",545,10,"F"
1023208,21,"D11","publis - communales",771,9,"F"
1013309,17,"G70","publics - domaniales",329,10,"R"
1010521,39,"E10","publics - domaniales",634,4,"F"
1016330,26,"B21","privé - psg",40,9,"F"
1022082,20,"C20","privé - sans psg",289,9,"F"
1016121,21,"B70","privé - psg",105,8,"F"
1004837,17,"A22","publics - domaniales",47,1,"F"
1015267,24,"I21","privé - sans psg",772,6,"F"
1001354,39,"G50","privé - sans psg",740,7,"F"
1000597,14,"F21","privé - psg",67,5,"R"
1010787,11,"F51","privé - sans psg",57,2,"F"
1000573,25,"G11","privé - sans psg",426,9,"R"
1029483,28,"E10","publis - communales",513,10,"F"
1016548,28,"C20","privé - sans psg",201,1,"F"
1021757,21,"G11","privé - sans psg",321,7,"F"
1001329,43,"H10","publis - communales",1374,10,"F"
1023932,37,"F14","privé - sans psg",55,8,"F"
1001534,21,"B23","publics - domaniales",205,8,"F"
1029539,25,"C20","publis - communales",315,8,"F"
1010972,10,"B33","privé - psg",234,10,"R"
1004275,9,"B32","privé - psg",245,6,"F"
1002342,8,"B70","privé - psg",143,6,"R"
1018343,19,"I21","publis - communales",1276,10,"F"
1025354,20,"I13","privé - sans psg",630,10,"R"
1027434,14,"A22","privé - psg",93,10,"R"
1011961,18,"J24","privé - sans psg",785,0,"F"
1002459,26,"C20","privé - sans psg",351,10,"F"
1017609,22,"C20","privé - psg",407,10,"F"
1005797,17,"G21","publis - communales",827,8,"R"
1003088,18,"G11","privé - sans psg",389,10,"R"
1015721,17,"G11","privé - sans psg",365,7,"F"
1008904,12,"G50","privé - sans psg",375,10,"F"
1014631,15,"G23","privé - psg",386,8,"F"
1020161,8,"F21","privé - psg",108,0,"R"
1030765,38,"E20","privé - sans psg",1114,7,"R"
1030538,25,"A11","privé - sans psg",157,9,"F"
1002795,17,"B53","privé - psg",165,10,"F"
1027193,15,"B32","privé - psg",215,8,"F"
1006174,23,"J23","privé - psg",231,10,"R"
1023576,25,"G13","publis - communales",760,8,"R"
1022967,16,"G50","privé - sans psg",461,8,"F"
1009344,30,"G13","privé - sans psg",494,10,"F"
1020669,18,"A11","privé - psg",257,10,"R"
1009815,22,"C30","publis - communales",254,8,"F"
1025714,18,"B82","privé - psg",139,7,"F"
1001505,15,"D11","privé - sans psg",553,10,"F"
1022782,24,"F30","privé - sans psg",212,10,"F"
1001469,29,"C20","publics - domaniales",272,10,"F"
1014927,31,"C30","publis - communales",300,8,"F"
1014118,12,"G23","privé - sans psg",421,10,"F"
1029962,21,"F52","privé - sans psg",94,9,"F"
1021393,16,"H41","privé - sans psg",1320,2,"R"
1028208,7,"G11","privé - sans psg",325,8,"F"
1028637,14,"F21","privé - sans psg",133,9,"R"
1018515,23,"J22","privé - sans psg",560,6,"F"
1019766,15,"B51","privé - psg",268,10,"F"
1007646,28,"G22","privé - psg",1080,6,"R"
1007894,19,"H41","publics - domaniales",999,7,"R"
1000099,26,"C20","privé - sans psg",307,10,"F"
1026457,32,"I21","privé - sans psg",605,10,"F"
1011788,15,"B91","privé - sans psg",177,10,"F"
1020947,16,"G50","privé - sans psg",582,7,"F"
1028063,44,"E20","privé - sans psg",851,8,"R"
1005497,17,"B81","privé - sans psg",105,9,"F"
1029837,42,"G22","privé - psg",823,10,"R"
1007671,10,"C20","publis - communales",363,9,"F"
1015876,17,"G60","publics - domaniales",565,10,"R"
1030552,26,"C20","privé - psg",271,10,"F"
1025246,37,"G13","privé - sans psg",442,8,"R"
1002167,16,"B41","publics - domaniales",89,8,"R"
1028074,34,"I11","privé - sans psg",603,10,"F"
1005424,9,"A12","privé - psg",107,9,"R"
1026649,16,"B53","privé - psg",156,10,"F"
1001447,54,"E10","privé - sans psg",571,9,"F"
1006802,37,"A22","privé - sans psg",37,8,"F"
1028536,32,"F14","privé - sans psg",19,10,"F"
1001153,55,"C20","publis - communales",362,2,"F"
1019630,19,"D11","publis - communales",777,9,"F"
1016790,21,"C20","publis - communales",302,8,"F"
1017403,25,"F23","privé - sans psg",85,8,"F"
1029656,14,"B62","privé - sans psg",137,1,"F"
1024024,32,"C20","publics - domaniales",331,7,"F"
1015036,37,"C52","privé - sans psg",504,8,"F"
1030425,55,"I21","privé - sans psg",1167,7,"F"
1015776,19,"C20","publics - domaniales",409,8,"F"
1005680,46,"G13","privé - sans psg",571,10,"F"
1030818,12,"A22","privé - sans psg",5,3,"F"
1029541,45,"I11","privé - sans psg",431,9,"F"
1031332,24,"F13","privé - sans psg",4,9,"F"
1005105,19,"B22","privé - sans psg",68,9,"F"
1025222,67,"H10","privé - sans psg",434,7,"F"
1018986,25,"H30","publis - communales",1106,9,"R"
1027086,14,"H30","privé - sans psg",846,0,"F"
1011755,21,"J30","privé - sans psg",22,6,"R"
1007773,13,"H30","privé - sans psg",1198,7,"F"
1014490,26,"G13","privé - sans psg",462,8,"F"
1022169,21,"I22","privé - sans psg",663,1,"F"
1013893,20,"B62","privé - sans psg",107,7,"F"
1018538,24,"I21","publics - domaniales",1021,10,"F"
1000373,23,"G30","privé - sans psg",1190,8,"F"
1026705,11,"F21","privé - psg",26,3,"R"
1012578,21,"F14","privé - sans psg",62,10,"F"
1028832,24,"G13","privé - sans psg",460,7,"F"
1017789,23,"F52","privé - psg",28,3,"F"
1011659,47,"G13","privé - sans psg",454,10,"F"
1018179,16,"A30","privé - sans psg",107,9,"R"
1012959,13,"A22","privé - psg",75,9,"R"
1003645,14,"F23","publis - communales",59,4,"R"
1001282,27,"C20","publis - communales",407,7,"F"
1021519,34,"B43","privé - sans psg",153,3,"R"
1011464,34,"G23","privé - sans psg",391,7,"F"
1011030,15,"B62","privé - psg",168,9,"F"
1019342,49,"C52","privé - sans psg",790,10,"F"
1022525,15,"E20","privé - sans psg",1164,10,"F"
1014410,9,"A12","privé - psg",83,9,"F"
1018430,22,"B70","privé - sans psg",108,7,"F"
1007546,28,"G90","privé - sans psg",554,8,"F"
1023546,16,"B62","publis - communales",135,9,"R"
1019276,23,"I21","privé - psg",1580,9,"R"
1006605,10,"C11","privé - psg",351,9,"R"
1002654,16,"C20","publis - communales",375,8,"F"
1011341,31,"H30","publics - domaniales",1433,8,"R"
1026231,20,"G21","privé - psg",582,0,"F"
1007715,13,"G22","privé - sans psg",1082,9,"R"
1030133,35,"C51","privé - psg",203,8,"F"
1028738,26,"G21","privé - psg",747,7,"R"
1006417,17,"B52","privé - sans psg",102,10,"F"
1004106,29,"K13","privé - sans psg",61,2,"F"
1016020,13,"G22","publis - communales",834,10,"F"
1001174,21,"B10","privé - psg",120,8,"F"
1024951,37,"K12","privé - sans psg",840,7,"F"
1015243,15,"J22","privé - sans psg",739,7,"F"
1020041,16,"C51","publis - communales",234,10,"F"
1031014,18,"B92","privé - psg",301,0,"F"
1027247,16,"F15","privé - sans psg",203,3,"F"
1030783,24,"C20","publis - communales",386,10,"R"
1024816,26,"H30","publis - communales",787,4,"R"
1002041,19,"C20","privé - psg",216,8,"F"
1024347,22,"B70","privé - psg",91,7,"F"
1020771,11,"F30","privé - sans psg",444,8,"F"
1004568,38,"J22","privé - sans psg",553,7,"F"
1002143,18,"B91","privé - sans psg",297,9,"F"
1002765,19,"B32","privé - sans psg",132,9,"F"
1009923,11,"B70","privé - psg",128,10,"F"
1023694,27,"B70","privé - psg",98,8,"F"
1010557,9,"D11","publics - domaniales",350,8,"R"
1028098,22,"C20","publis - communales",273,8,"F"
1000606,40,"G60","privé - sans psg",684,6,"F"
1029747,39,"G22","privé - sans psg",929,10,"R"
1006356,18,"G41","privé - sans psg",753,9,"R"
1013744,27,"C20","privé - sans psg",287,9,"F"
1014393,39,"C20","publis - communales",389,9,"F"
1024462,14,"G22","publis - communales",1171,9,"F"
1023794,15,"B32","publics - domaniales",80,9,"F"
1003449,25,"E10","publis - communales",757,9,"F"
1023799,21,"F40","privé - sans psg",259,10,"F"
1026949,25,"G80","privé - sans psg",227,10,"F"
1022084,24,"H30","privé - psg",721,6,"F"
1017640,39,"C52","privé - sans psg",236,10,"F"
1017572,19,"G21","privé - sans psg",656,10,"F"
1005321,9,"C30","publis - communales",317,9,"F"
1004372,10,"B21","publics - domaniales",16,9,"F"
1001044,29,"C20","privé - sans psg",441,3,"F"
1005092,16,"C52","privé - sans psg",570,10,"F"
1019077,25,"G23","privé - sans psg",497,10,"F"
1016246,21,"B62","privé - psg",108,9,"F"
1015205,13,"C51","publis - communales",297,10,"F"
1009470,38,"G41","privé - sans psg",625,1,"F"
1023816,43,"G22","publis - communales",1074,10,"R"
1019659,9,"B10","publics - domaniales",117,9,"F"
1022406,42,"H41","privé - sans psg",711,9,"R"
1019780,44,"G41","privé - sans psg",706,1,"F"
1001996,7,"F21","privé - psg",102,0,"R"
1004697,40,"G90","privé - sans psg",284,4,"F"
1007224,47,"I21","publis - communales",830,4,"F"
1009382,29,"G60","publics - domaniales",570,2,"R"
1013843,27,"C52","privé - sans psg",535,6,"F"
1026670,15,"B91","publics - domaniales",309,10,"F"
1029885,10,"D11","privé - psg",338,8,"R"
1029018,69,"E20","publis - communales",656,8,"F"
1025579,52,"G50","privé - sans psg",541,8,"F"
1008776,32,"G42","privé - psg",842,6,"F"
1025331,10,"G13","privé - sans psg",477,10,"F"
1004543,24,"C51","privé - psg",211,9,"F"
1020966,20,"B41","privé - sans psg",105,9,"F"
1025467,20,"B81","publis - communales",77,9,"F"
1020419,30,"J21","privé - sans psg",434,4,"F"
1026428,34,"G13","privé - sans psg",568,9,"F"
1028269,13,"A11","privé - sans psg",152,8,"F"
1006250,29,"F14","privé - sans psg",37,10,"F"
1023731,20,"G21","privé - sans psg",773,10,"R"
1028113,15,"C11","privé - psg",257,0,"R"
1026689,24,"B70","privé - psg",101,8,"F"
1001149,16,"C30","publics - domaniales",246,9,"F"
1001881,7,"F21","privé - psg",67,4,"R"
1016221,42,"G30","privé - sans psg",978,10,"F"
1010792,56,"C20","publis - communales",491,10,"F"
1016372,16,"B42","privé - sans psg",190,9,"F"
1028314,41,"H21","publis - communales",1444,6,"R"
1027050,24,"F30","privé - sans psg",209,0,"F"
1024834,18,"G23","publics - domaniales",472,9,"F"
1023712,38,"G90","privé - sans psg",313,10,"F"
1003749,16,"C30","publis - communales",345,9,"F"
1020602,15,"G22","privé - sans psg",723,10,"F"
1000089,44,"H30","privé - sans psg",726,10,"R"
1003481,16,"G22","privé - psg",1341,7,"R"
1004432,19,"K11","privé - sans psg",271,10,"F"
1020988,26,"C52","privé - sans psg",603,10,"F"
1010578,47,"E10","privé - sans psg",472,9,"F"
1022925,6,"G12","privé - psg",336,10,"F"
1018634,13,"H30","privé - sans psg",1299,7,"R"
1027140,17,"D12","publis - communales",417,9,"F"
1025953,12,"B31","privé - psg",180,10,"F"
1020831,31,"G12","privé - sans psg",187,8,"F"
1003178,21,"G21","privé - sans psg",871,10,"R"
1026699,23,"G22","privé - sans psg",788,6,"F"
1028015,10,"C30","privé - psg",336,8,"R"
1006752,38,"G22","privé - sans psg",957,3,"F"
1030369,32,"F52","privé - sans psg",206,2,"F"
1005036,34,"J23","publics - domaniales",587,10,"F"
1011626,32,"B51","privé - sans psg",115,10,"F"
1026696,16,"G23","privé - psg",539,8,"R"
1027167,16,"B32","privé - sans psg",136,9,"F"
1023561,19,"C20","publis - communales",186,10,"F"
1002856,15,"A13","publics - domaniales",153,3,"F"
1004792,16,"F30","privé - sans psg",148,9,"F"
1004680,45,"G41","privé - sans psg",300,4,"F"
1009977,28,"H30","privé - sans psg",1460,7,"R"
1022514,34,"G13","privé - sans psg",669,9,"F"
1000680,20,"F15","privé - sans psg",116,10,"F"
1006232,18,"C20","publis - communales",270,10,"F"
1026540,13,"D12","publis - communales",303,9,"F"
1024530,30,"F15","privé - sans psg",224,10,"F"
1008131,28,"K12","publis - communales",823,1,"F"
1019928,22,"F30","privé - sans psg",46,6,"F"
1026561,14,"G21","privé - sans psg",675,10,"R"
1025165,13,"J40","privé - sans psg",1012,9,"F"
1024455,40,"G70","privé - sans psg",384,8,"F"
1004550,21,"B33","privé - psg",150,9,"F"
1001575,23,"J24","publis - communales",652,1,"F"
1018904,16,"G22","privé - sans psg",1310,4,"F"
1002922,20,"G41","privé - sans psg",520,10,"R"
1008184,19,"E10","publis - communales",631,10,"F"
1019166,32,"F15","privé - sans psg",131,9,"F"
1022311,21,"B42","privé - psg",221,10,"F"
1024555,25,"C12","privé - sans psg",168,9,"F"
1005143,9,"F21","privé - psg",67,3,"R"
1025150,35,"D11","privé - sans psg",247,7,"F"
1023445,20,"B33","privé - sans psg",249,10,"F"
1012608,20,"G42","privé - sans psg",705,8,"F"
1016918,22,"F40","privé - sans psg",183,5,"F"
1014336,19,"G11","privé - psg",291,7,"R"
1028108,12,"B70","publics - domaniales",128,0,"F"
1015808,53,"K13","privé - sans psg",320,9,"F"
1029138,23,"G13","privé - psg",673,8,"F"
1003849,39,"G22","privé - sans psg",783,8,"R"
1004602,21,"E10","privé - sans psg",356,10,"F"
1007407,15,"B23","privé - psg",219,9,"F"
1003779,22,"C30","privé - sans psg",212,9,"F"
1026451,14,"B32","privé - psg",115,10,"F"
1021445,26,"I11","privé - sans psg",481,10,"F"
1020008,12,"J30","privé - sans psg",298,4,"F"
1029027,36,"G21","privé - sans psg",798,8,"R"
1010215,12,"G50","privé - sans psg",606,10,"F"
1008102,27,"B91","privé - psg",151,9,"F"
1015075,29,"F30","privé - sans psg",359,10,"F"
1026376,18,"F15","privé - sans psg",236,8,"F"
1020860,35,"F30","privé - sans psg",401,7,"F"
1020696,19,"C20","privé - sans psg",268,9,"F"
1009235,7,"F21","privé - psg",79,4,"R"
1030168,23,"I22","publics - domaniales",1752,10,"R"
1016303,22,"B51","privé - sans psg",240,0,"R"
1030221,26,"B70","publics - domaniales",127,9,"F"
1005141,20,"B42","privé - sans psg",167,8,"F"
1030107,24,"B41","privé - psg",99,9,"F"
1003244,24,"J23","privé - sans psg",295,9,"F"
1012265,25,"B92","privé - sans psg",221,10,"F"
1028965,22,"A11","privé - sans psg",92,7,"F"
1001873,47,"B42","privé - psg",227,5,"F"
1006524,13,"G50","privé - sans psg",437,10,"F"
1013705,34,"C51","privé - sans psg",256,10,"F"
1031302,6,"D12","publis - communales",545,8,"F"
1029080,14,"B53","privé - psg",248,9,"F"
1021900,15,"H30","privé - psg",1706,3,"R"
1030712,26,"J10","privé - sans psg",162,4,"F"
1018410,27,"C20","publis - communales",533,9,"F"
1030942,12,"G21","privé - sans psg",859,5,"F"
1007040,22,"E10","publis - communales",511,8,"F"
1001319,48,"I11","publis - communales",542,10,"F"
1008469,28,"C20","publis - communales",278,8,"F"
1007496,7,"J10","privé - psg",329,9,"F"
1001426,10,"F21","privé - sans psg",54,3,"R"
1023618,31,"G30","publis - communales",1142,8,"R"
1014965,34,"H42","publis - communales",2141,3,"R"
1029173,21,"C52","privé - sans psg",519,10,"F"
1027694,20,"B52","privé - psg",197,9,"F"
1007880,38,"B42","privé - sans psg",281,10,"F"
1020968,16,"D11","publics - domaniales",360,7,"R"
1004161,28,"J10","privé - sans psg",316,4,"F"
1021504,12,"G11","privé - sans psg",426,10,"F"
1011629,16,"F21","privé - psg",111,5,"F"
1002423,10,"G42","privé - sans psg",1031,8,"R"
1030630,26,"B41","publics - domaniales",129,8,"F"
1028984,14,"B62","privé - psg",92,6,"R"
1010790,27,"C41","publis - communales",121,9,"F"
1023506,8,"G22","privé - sans psg",1032,10,"R"
1011224,17,"F52","privé - sans psg",273,9,"F"
1011627,27,"F15","privé - sans psg",184,10,"F"
1017624,34,"H10","privé - sans psg",1056,9,"F"
1019707,25,"I21","publis - communales",1068,9,"F"
1006001,13,"F23","privé - sans psg",39,10,"F"
1013436,38,"E10","privé - sans psg",509,8,"R"
1014254,8,"B10","privé - sans psg",90,10,"F"
1030824,26,"G30","publis - communales",1027,10,"F"
1028339,19,"J22","privé - sans psg",327,10,"F"
1016842,8,"B32","publics - domaniales",117,2,"F"
1006553,11,"F21","publis - communales",67,3,"R"
1019843,32,"F23","privé - sans psg",30,6,"F"
1007394,16,"B91","privé - psg",219,10,"F"
1012897,19,"G90","privé - sans psg",209,3,"F"
1005000,32,"B53","publis - communales",262,9,"R"
1018567,6,"G80","publis - communales",839,9,"R"
1027386,8,"F23","privé - sans psg",41,3,"R"
1001640,20,"B70","privé - psg",141,8,"F"
1005749,14,"B42","privé - psg",224,10,"F"
1010876,19,"H30","privé - sans psg",1212,6,"R"
1026340,12,"F21","privé - psg",128,3,"R"
1006998,23,"G90","privé - sans psg",390,9,"F"
1016483,12,"J22","privé - sans psg",10,3,"F"
1006739,8,"B92","privé - psg",229,10,"F"
1008039,52,"G30","privé - sans psg",1162,9,"F"
1006040,32,"G80","publics - domaniales",1038,8,"R"
1022465,21,"B41","publics - domaniales",72,9,"F"
1021167,33,"B41","privé - psg",82,8,"F"
1012693,22,"F23","privé - sans psg",35,9,"R"
1020993,27,"F40","privé - sans psg",256,10,"F"
1022483,8,"B44","privé - psg",149,10,"F"
1017471,36,"G23","privé - sans psg",485,9,"R"
1015439,9,"F21","privé - psg",73,4,"R"
1030480,33,"G22","privé - sans psg",1070,0,"R"
1004287,28,"B70","privé - sans psg",128,10,"F"
1006388,28,"C20","privé - sans psg",208,4,"F"
1030888,17,"J23","privé - psg",462,9,"F"
1012616,32,"C20","publics - domaniales",372,4,"R"
1019769,17,"C51","publis - communales",225,9,"F"
1005743,9,"D12","publics - domaniales",585,7,"R"
1002954,28,"G60","privé - sans psg",872,7,"R"
1003858,29,"G30","privé - sans psg",751,10,"F"
1011894,26,"F40","privé - sans psg",260,9,"R"
1000736,26,"H30","privé - sans psg",1120,8,"R"
1005564,6,"B10","privé - sans psg",103,10,"F"
1007075,29,"B41","publics - domaniales",74,8,"R"
1022434,19,"B70","privé - sans psg",150,5,"F"
1026013,15,"B61","privé - psg",97,8,"F"
1010384,17,"D12","publis - communales",419,4,"F"
1029460,27,"K11","privé - sans psg",90,4,"R"
1031075,15,"B70","publics - domaniales",120,10,"F"
1015070,23,"G22","publis - communales",773,6,"R"
1006216,25,"B51","privé - sans psg",156,9,"F"
1016109,14,"D11","publis - communales",1012,9,"R"
1018993,29,"D11","privé - sans psg",727,7,"F"
1019662,11,"H30","privé - sans psg",1460,1,"R"
1008891,35,"H30","privé - sans psg",375,9,"R"
1019036,24,"F52","privé - sans psg",79,8,"F"
1004725,22,"C20","privé - sans psg",365,10,"F"
1001923,34,"C20","privé - psg",431,8,"F"
1028389,12,"F21","privé - sans psg",67,8,"F"
1010330,47,"G30","privé - sans psg",733,7,"F"
1025662,30,"G12","privé - psg",159,10,"F"
1028879,29,"C11","publics - domaniales",305,9,"R"
1013725,18,"F30","privé - sans psg",176,10,"F"
1004393,6,"D11","publics - domaniales",290,7,"F"
1015656,20,"F14","privé - sans psg",57,10,"F"
1010963,12,"A30","privé - psg",111,8,"F"
1024615,15,"B41","publics - domaniales",145,8,"F"
1023439,23,"B53","privé - psg",284,10,"F"
1004335,16,"F15","privé - sans psg",265,0,"F"
1016783,11,"B61","privé - psg",58,9,"R"
1009330,35,"G50","privé - sans psg",515,8,"F"
1003616,22,"F15","privé - sans psg",230,10,"F"
1017137,26,"H42","privé - sans psg",1931,4,"R"
1023887,35,"B23","publics - domaniales",180,9,"F"
1025525,53,"E10","privé - sans psg",581,10,"F"
1010219,9,"G21","privé - sans psg",789,10,"F"
1014122,26,"G42","privé - sans psg",441,7,"F"
1008134,22,"B92","privé - psg",246,10,"F"
1015370,12,"F22","publis - communales",15,0,"R"
1006370,29,"F12","privé - sans psg",24,10,"F"
1027151,27,"J40","privé - sans psg",476,7,"F"
1027775,47,"H10","publis - communales",709,7,"R"
1018690,16,"C20","privé - sans psg",218,8,"F"
1024144,6,"D11","publis - communales",1050,8,"R"
1000876,28,"H30","privé - sans psg",747,6,"R"
1003557,26,"B10","privé - sans psg",115,7,"R"
1001155,10,"F23","privé - sans psg",36,0,"R"
1009635,28,"J23","privé - sans psg",459,9,"F"
1030420,24,"H30","privé - sans psg",464,2,"F"
1024342,14,"B51","privé - sans psg",171,9,"F"
1010279,21,"F12","privé - sans psg",156,10,"F"
1027147,8,"F21","privé - sans psg",45,3,"R"
1000919,29,"C20","publis - communales",247,9,"F"
1019481,16,"F52","privé - sans psg",127,7,"F"
1014145,16,"C30","publics - domaniales",214,10,"F"
1016173,24,"A11","privé - sans psg",162,8,"F"
1028172,21,"B91","privé - psg",208,10,"F"
1023715,17,"A22","privé - psg",89,9,"F"
1009448,18,"B62","privé - sans psg",91,0,"F"
1022227,22,"G80","privé - sans psg",914,4,"F"
1005911,50,"G80","privé - sans psg",324,7,"F"
1018845,11,"B61","publics - domaniales",173,9,"R"
1028767,51,"J10","privé - sans psg",236,7,"F"
1006123,29,"G50","privé - sans psg",422,10,"F"
1028219,36,"H30","privé - sans psg",880,8,"F"
1021968,17,"C30","privé - sans psg",307,10,"R"
1023967,9,"B62","privé - sans psg",38,0,"F"
1020793,7,"F15","privé - sans psg",235,10,"R"
1013848,16,"C41","privé - sans psg",279,7,"F"
1026287,40,"G42","privé - sans psg",808,8,"F"
1016066,19,"B43","privé - sans psg",155,9,"F"
1007733,33,"K13","privé - sans psg",625,3,"F"
1002789,27,"C30","publis - communales",364,8,"F"
1028217,21,"B70","privé - psg",103,8,"F"
1001985,22,"G13","privé - sans psg",453,10,"F"
1015851,28,"A30","privé - sans psg",11,9,"R"
1024799,35,"H10","publis - communales",864,10,"R"
1001486,40,"B42","privé - psg",264,0,"F"
1011047,20,"B70","privé - sans psg",145,10,"F"
1024842,27,"F15","privé - psg",143,10,"F"
1031293,21,"C20","privé - sans psg",320,10,"F"
1005774,8,"G11","privé - sans psg",202,10,"F"
1014013,38,"H30","privé - sans psg",590,5,"F"
1009489,9,"G12","privé - sans psg",316,0,"F"
1016087,20,"C51","privé - sans psg",274,10,"F"
1011888,26,"G50","privé - sans psg",406,7,"F"
1029230,39,"G90","privé - sans psg",516,8,"F"
1013414,23,"C51","privé - sans psg",195,10,"F"
1009509,52,"E10","privé - sans psg",880,10,"F"
1011139,24,"C20","publis - communales",270,9,"F"
1019942,28,"I21","privé - sans psg",950,7,"F"
1025494,30,"C20","publis - communales",339,9,"F"
1002218,37,"H30","privé - sans psg",479,9,"R"
1005427,20,"G42","privé - sans psg",1044,9,"R"
1012699,32,"G22","publics - domaniales",1003,8,"R"
1015322,31,"G80","privé - sans psg",647,9,"F"
1007078,26,"F14","privé - sans psg",10,6,"F"
1017316,12,"C30","publis - communales",391,6,"F"
1019951,18,"G70","privé - sans psg",774,8,"F"
1004153,24,"A30","privé - sans psg",23,9,"F"
1025334,37,"J23","privé - sans psg",348,8,"F"
1016407,54,"H22","publis - communales",1239,4,"R"
1001018,17,"F30","privé - sans psg",36,9,"F"
1018825,15,"D12","privé - sans psg",447,4,"R"
1012730,23,"G50","privé - sans psg",459,10,"F"
1024786,23,"C52","privé - sans psg",216,10,"F"
1003153,40,"F15","privé - sans psg",218,4,"F"
1001110,29,"B70","privé - sans psg",103,10,"F"
1021594,21,"F15","privé - sans psg",139,5,"F"
1004345,21,"B82","privé - sans psg",110,10,"F"
1021022,26,"A30","privé - sans psg",94,9,"F"
1003910,11,"D12","publics - domaniales",388,10,"F"
1017156,11,"B33","publics - domaniales",177,10,"F"
1014536,24,"C20","publis - communales",318,8,"F"
1026029,44,"H41","publis - communales",1656,7,"R"
1030312,53,"H10","publis - communales",1321,9,"R"
1014337,23,"G42","privé - sans psg",885,7,"F"
1023360,15,"F15","privé - sans psg",187,10,"F"
1002313,15,"B70","publics - domaniales",142,10,"R"
1012587,21,"C20","privé - psg",389,9,"F"
1030445,15,"F23","privé - sans psg",40,4,"F"
1002730,11,"B32","publics - domaniales",213,9,"F"
1025824,10,"B61","privé - sans psg",64,6,"F"
1004605,42,"C52","privé - sans psg",373,8,"F"
1025975,18,"G22","privé - sans psg",962,9,"R"
1003986,30,"G22","privé - sans psg",565,10,"F"
1028555,22,"B41","privé - sans psg",98,9,"F"
1028818,28,"F23","privé - sans psg",110,9,"R"
1017433,23,"H30","privé - sans psg",850,3,"F"
1029185,41,"G80","publis - communales",723,10,"R"
1028126,37,"G42","privé - sans psg",657,8,"F"
1024745,9,"H42","privé - psg",2201,6,"R"
1008175,23,"B82","privé - psg",132,7,"F"
1003358,20,"A11","privé - sans psg",254,5,"F"
1025106,39,"J23","privé - psg",462,8,"F"
1005324,17,"G12","privé - sans psg",385,10,"F"
1018804,42,"G22","privé - sans psg",927,8,"F"
1024067,25,"F15","privé - sans psg",145,10,"F"
1025671,38,"F12","privé - psg",38,4,"F"
1006775,15,"A12","privé - sans psg",111,3,"F"
1005058,15,"B70","privé - sans psg",97,9,"R"
1000857,14,"B33","privé - psg",152,10,"F"
1025652,25,"F15","privé - sans psg",152,6,"F"
1029258,8,"G21","privé - sans psg",702,10,"F"
1013343,13,"D11","publis - communales",722,9,"R"
1021749,10,"C51","publis - communales",253,10,"F"
1025343,22,"B62","privé - sans psg",142,10,"F"
1009191,36,"G30","privé - sans psg",828,10,"F"
1011899,23,"G50","privé - sans psg",659,10,"F"
1020327,22,"G41","privé - sans psg",564,8,"R"
1010660,11,"B33","privé - psg",165,6,"F"
1018946,9,"C20","publis - communales",322,9,"F"
1022989,36,"B21","publics - domaniales",30,8,"F"
1005849,16,"C51","privé - psg",198,10,"F"
1016697,34,"J22","privé - sans psg",226,7,"R"
1017150,10,"B33","privé - psg",158,9,"F"
1018591,53,"G41","privé - sans psg",430,2,"F"
1004809,23,"C30","privé - sans psg",251,7,"F"
1015911,28,"C20","publis - communales",336,8,"F"
1012209,22,"B41","privé - psg",103,7,"F"
1000782,25,"A30","privé - sans psg",51,10,"F"
1000041,20,"F30","privé - sans psg",178,10,"F"
1015156,33,"C20","publics - domaniales",284,8,"F"
1026808,17,"C20","privé - sans psg",433,10,"F"
1012273,16,"B31","privé - sans psg",125,10,"F"
1009716,43,"H10","privé - sans psg",1104,10,"F"
1029206,6,"A22","privé - sans psg",55,10,"F"
1018574,18,"C30","privé - psg",263,0,"F"
1011367,22,"F30","privé - sans psg",300,7,"F"
1004298,25,"C20","privé - psg",223,1,"F"
1024113,77,"H22","privé - sans psg",1288,9,"R"
1015395,13,"C30","publis - communales",233,9,"F"
1010777,17,"F21","privé - psg",28,6,"F"
1012001,14,"A12","privé - sans psg",75,10,"F"
1001263,18,"B52","privé - sans psg",236,10,"F"
1015902,18,"F15","privé - sans psg",196,0,"F"
1013938,14,"C20","publis - communales",434,8,"F"
1015020,11,"F51","privé - sans psg",39,10,"F"
1009667,31,"C20","privé - psg",312,6,"F"
1002083,34,"J22","privé - sans psg",214,5,"R"
1001766,21,"F40","privé - sans psg",250,10,"F"
1019132,10,"F22","publics - domaniales",36,0,"F"
1016455,26,"A22","privé - sans psg",28,10,"F"
1008890,23,"B70","privé - sans psg",153,10,"F"
1021124,36,"J40","privé - sans psg",662,10,"F"
1021080,30,"J23","publis - communales",643,7,"F"
1004485,34,"G22","publis - communales",930,9,"R"
1010729,17,"I12","privé - psg",1496,10,"R"
1006791,15,"G90","privé - sans psg",532,5,"F"
1019807,19,"J22","privé - sans psg",46,10,"F"
1011827,24,"B70","privé - psg",128,6,"F"
1028779,60,"E20","privé - sans psg",831,7,"R"
1002617,15,"B32","privé - psg",138,10,"F"
1029254,24,"G22","privé - sans psg",1220,7,"R"
1013547,18,"H30","privé - sans psg",1051,8,"R"
1011748,15,"F11","privé - sans psg",120,8,"R"
1016383,12,"B10","publics - domaniales",158,9,"F"
1016860,24,"G50","privé - sans psg",378,9,"F"
1021501,18,"F21","privé - sans psg",28,5,"R"
1019905,25,"B70","privé - sans psg",97,9,"R"
1015257,28,"B42","privé - psg",128,8,"F"
1026517,24,"C52","privé - sans psg",571,8,"F"
1011040,31,"C12","publis - communales",273,8,"R"
1018142,7,"C41","publics - domaniales",227,7,"F"
1000787,19,"B52","publics - domaniales",237,5,"F"
1022168,26,"D12","publis - communales",243,8,"F"
1000222,12,"D12","privé - sans psg",381,9,"R"
1022752,27,"A21","privé - sans psg",36,9,"F"
1026605,19,"F12","privé - sans psg",9,8,"F"
1013053,14,"B42","privé - psg",205,9,"F"
1003447,18,"J24","privé - sans psg",230,7,"F"
1002079,24,"F15","privé - sans psg",224,10,"F"
1002573,26,"B22","privé - psg",68,7,"F"
1002229,10,"C52","privé - sans psg",417,10,"F"
1000469,20,"G42","privé - sans psg",702,8,"F"
1010296,41,"C20","privé - sans psg",284,8,"F"
1016953,20,"A22","privé - sans psg",67,9,"F"
1026383,13,"B41","privé - sans psg",114,9,"F"
1016913,36,"G12","privé - sans psg",393,9,"F"
1008485,25,"C20","publis - communales",307,9,"F"
1008623,35,"H22","privé - sans psg",1294,9,"R"
1007962,23,"B23","privé - psg",199,8,"F"
1025491,33,"G11","privé - sans psg",258,7,"F"
1010948,9,"G30","privé - sans psg",1199,9,"F"
1011373,21,"G22","privé - sans psg",985,8,"F"
1026058,19,"G42","privé - psg",1179,8,"R"
1025027,38,"F15","privé - sans psg",217,0,"F"
1006295,25,"G13","privé - sans psg",565,7,"R"
1024860,31,"G13","privé - sans psg",583,9,"F"
1022486,27,"C20","publis - communales",350,5,"F"
1003476,19,"F30","privé - sans psg",112,10,"F"
1011772,34,"B31","privé - psg",64,6,"F"
1002788,33,"C51","privé - sans psg",183,9,"F"
1017815,47,"D11","privé - sans psg",351,7,"F"
1017324,7,"B70","privé - psg",154,10,"R"
1010024,26,"B41","privé - sans psg",60,8,"F"
1028734,38,"G60","privé - sans psg",756,2,"F"
1008925,19,"F23","privé - sans psg",122,7,"F"
1010088,24,"B91","privé - psg",224,6,"F"
1000377,23,"F40","privé - sans psg",163,10,"F"
1017625,12,"F21","privé - psg",69,0,"F"
1016638,55,"K13","privé - sans psg",260,8,"F"
1027926,15,"B33","privé - sans psg",139,10,"F"
1008409,14,"C20","privé - sans psg",233,0,"F"
1021312,17,"J22","privé - sans psg",150,9,"F"
1014759,18,"I22","publis - communales",1104,8,"F"
1028424,22,"F23","privé - sans psg",129,8,"F"
1030354,18,"A21","privé - sans psg",128,6,"F"
1003103,35,"C20","privé - psg",478,8,"F"
1001919,31,"F21","privé - sans psg",88,9,"F"
1009511,20,"G42","privé - sans psg",816,9,"R"
1005498,36,"C30","publis - communales",226,10,"F"
1008869,16,"B91","privé - psg",192,10,"F"
1005991,18,"A21","privé - sans psg",76,3,"F"
1017204,24,"G60","privé - sans psg",538,3,"F"
1030849,12,"F15","privé - sans psg",186,9,"F"
1024101,27,"G70","privé - sans psg",398,7,"F"
1009271,15,"G21","privé - sans psg",891,8,"R"
1007892,11,"F21","privé - sans psg",24,0,"F"
1013076,27,"G60","privé - sans psg",878,7,"R"
1010459,27,"B82","privé - sans psg",86,8,"F"
1014205,26,"G13","privé - psg",771,2,"F"
1000115,13,"G50","privé - sans psg",558,8,"F"
1005799,19,"J22","privé - sans psg",20,8,"F"
1007684,8,"D11","publis - communales",658,8,"R"
1018218,23,"G22","privé - psg",705,10,"R"
1001999,25,"G22","publis - communales",1421,7,"R"
1028854,26,"G41","privé - sans psg",774,0,"R"
1002632,11,"B70","privé - psg",130,9,"F"
1013272,12,"D11","privé - psg",535,10,"R"
1031166,11,"G13","privé - sans psg",489,10,"F"
1021881,35,"H10","publis - communales",1641,4,"R"
1017708,19,"G13","privé - sans psg",553,9,"F"
1008675,12,"F15","privé - sans psg",220,8,"F"
1026093,28,"H30","privé - sans psg",863,7,"F"
1025078,18,"J22","privé - sans psg",331,9,"F"
1031255,38,"C20","privé - psg",351,8,"F"
1004561,10,"B61","privé - psg",85,6,"R"
1002984,39,"C20","publis - communales",547,7,"F"
1001359,32,"C20","privé - sans psg",374,7,"F"
1017826,24,"F52","privé - sans psg",32,7,"F"
1012927,26,"B43","privé - sans psg",180,2,"F"
1031335,41,"G30","publis - communales",1396,6,"R"
1024959,27,"G22","privé - sans psg",809,9,"F"
1016509,16,"G30","publis - communales",828,10,"F"
1013090,17,"A22","privé - sans psg",3,10,"F"
1020908,19,"B53","privé - psg",341,10,"F"
1012843,12,"F21","publis - communales",24,2,"R"
1007572,10,"F22","privé - sans psg",26,5,"R"
1007465,76,"H21","privé - sans psg",1185,10,"R"
1016855,17,"G22","privé - sans psg",695,10,"R"
1019514,16,"G70","privé - sans psg",405,6,"F"
1016288,37,"F40","privé - sans psg",253,6,"F"
1023567,26,"G42","privé - sans psg",375,9,"F"
1003112,14,"C12","publics - domaniales",218,9,"F"
1015959,23,"B53","privé - psg",290,9,"F"
1018997,21,"G11","privé - psg",222,7,"F"
1030534,31,"C20","publics - domaniales",315,10,"F"
1004163,28,"F30","privé - sans psg",84,1,"F"
1020729,27,"I11","privé - sans psg",543,10,"F"
1008713,40,"H22","privé - sans psg",566,6,"F"
1002915,31,"B51","privé - sans psg",126,10,"F"
1006719,12,"G42","privé - sans psg",412,1,"F"
1024045,21,"B41","privé - sans psg",126,8,"R"
1029026,17,"B70","privé - sans psg",126,10,"F"
1004892,31,"B70","privé - psg",148,9,"F"
1005029,12,"F30","privé - sans psg",44,6,"F"
1027414,42,"H30","publis - communales",861,8,"R"
1025537,10,"G13","privé - sans psg",714,9,"R"
1023100,55,"E10","privé - sans psg",545,9,"R"
1010624,14,"F11","privé - psg",183,10,"F"
1006004,47,"H21","publis - communales",1243,10,"F"
1029084,34,"B61","privé - psg",63,8,"F"
1020481,22,"F52","privé - sans psg",102,9,"F"
1021473,10,"B53","privé - psg",293,9,"F"
1030575,14,"D12","publis - communales",373,9,"F"
1012183,30,"G12","privé - sans psg",419,8,"F"
1023933,15,"I13","publics - domaniales",585,9,"R"
1024958,10,"C30","privé - sans psg",223,10,"R"
1023111,27,"B21","privé - sans psg",20,1,"F"
1009903,25,"H42","publis - communales",2254,7,"R"
1000659,27,"C20","publis - communales",350,7,"F"
1019409,25,"C52","privé - sans psg",153,1,"F"
1022688,15,"F21","privé - psg",24,2,"R"
1021261,48,"G90","privé - sans psg",685,9,"R"
1006190,24,"G70","privé - psg",1103,10,"F"
1009826,14,"B70","publics - domaniales",125,10,"F"
1025424,40,"H10","privé - sans psg",1135,8,"R"
1017670,17,"G41","privé - sans psg",505,10,"R"
1002615,13,"A11","privé - psg",236,8,"R"
1014356,31,"G90","privé - sans psg",375,7,"F"
1025957,13,"B61","privé - sans psg",74,10,"F"
1001309,21,"C20","privé - sans psg",351,8,"F"
1024527,8,"E10","privé - sans psg",756,9,"F"
1011653,16,"B70","privé - sans psg",110,10,"F"
1023229,23,"A11","privé - sans psg",212,10,"R"
1004447,17,"F21","privé - sans psg",23,5,"R"
1004816,13,"A22","privé - sans psg",80,10,"F"
1020326,22,"B22","privé - psg",109,9,"F"
1025732,16,"B82","privé - psg",147,8,"F"
1020213,11,"D12","publis - communales",183,3,"F"
1003582,35,"B41","publis - communales",111,9,"F"
1025014,26,"F40","privé - sans psg",281,8,"F"
1006033,15,"F14","privé - sans psg",124,10,"F"
1013191,34,"G13","privé - psg",681,8,"R"
1004118,35,"B21","privé - sans psg",38,9,"F"
1002284,31,"G23","privé - sans psg",459,4,"F"
1026835,25,"F30","publis - communales",257,9,"F"
1007503,31,"C51","privé - psg",279,6,"F"
1027439,20,"G22","publis - communales",1349,6,"R"
1023916,10,"B32","privé - sans psg",66,2,"F"
1009492,17,"F30","privé - sans psg",143,10,"F"
1020910,38,"G41","privé - psg",487,8,"R"
1015485,19,"B62","privé - sans psg",99,0,"F"
1028152,22,"C30","privé - psg",353,8,"F"
1022074,11,"A30","privé - sans psg",126,9,"F"
1003186,22,"I12","publics - domaniales",1699,9,"R"
1009700,23,"F51","privé - sans psg",69,6,"F"
1011001,45,"G22","privé - sans psg",1030,3,"R"
1022730,13,"F15","privé - sans psg",219,10,"F"
1006374,18,"B43","privé - sans psg",145,0,"F"
1002059,12,"B92","privé - psg",456,9,"F"
1017825,23,"B42","privé - psg",249,10,"F"
1031390,24,"H10","publis - communales",1112,4,"F"
1013962,16,"B32","privé - psg",111,9,"F"
1001233,21,"F23","privé - sans psg",48,7,"F"
1021106,24,"B62","privé - psg",97,8,"F"
1007746,11,"G42","privé - sans psg",334,9,"F"
1027591,37,"G90","privé - sans psg",633,2,"F"
1011854,8,"F21","privé - psg",92,0,"F"
1017973,13,"D11","publis - communales",1276,8,"F"
1031289,7,"B33","privé - sans psg",158,7,"F"
1024629,8,"B52","privé - sans psg",156,9,"F"
1016494,15,"H42","privé - sans psg",1440,7,"R"
1014378,16,"B62","privé - sans psg",140,9,"R"
1006561,13,"A22","privé - sans psg",7,10,"F"
1008716,13,"B70","privé - psg",132,5,"F"
1007877,26,"G13","privé - sans psg",366,6,"R"
1029960,18,"H30","privé - sans psg",620,10,"R"
1022330,12,"D11","publis - communales",509,9,"R"
1031018,14,"F15","privé - psg",181,10,"F"
1026809,30,"C20","privé - sans psg",327,5,"F"
1026766,12,"D11","privé - sans psg",482,10,"F"
1024622,18,"B70","privé - psg",136,10,"F"
1018023,13,"B32","publics - domaniales",96,7,"R"
1015843,26,"H10","privé - sans psg",1081,2,"R"
1030308,7,"D11","privé - sans psg",251,9,"F"
1011105,19,"G13","privé - sans psg",589,10,"F"
1023121,67,"H22","publis - communales",1396,6,"F"
1005328,24,"B82","privé - psg",133,8,"F"
1006840,18,"B31","privé - sans psg",155,9,"F"
1016501,52,"E20","privé - sans psg",843,10,"R"
1006060,33,"J30","privé - sans psg",140,7,"F"
1007611,13,"A11","privé - sans psg",81,9,"F"
1027359,6,"J40","publis - communales",811,10,"R"
1000890,43,"C20","publis - communales",388,6,"F"
1010892,28,"J23","privé - sans psg",261,10,"R"
1014799,6,"B41","privé - psg",139,9,"F"
1021929,41,"F40","privé - psg",325,9,"F"
1019668,51,"G23","privé - psg",396,0,"R"
1002487,12,"A13","privé - psg",263,8,"F"
1024169,15,"C30","publis - communales",295,10,"F"
1014815,13,"G23","publis - communales",339,10,"F"
1015112,24,"J23","privé - sans psg",556,7,"R"
1024306,48,"E20","publics - domaniales",823,8,"R"
1031298,10,"B92","privé - psg",312,10,"F"
1030304,35,"G22","publis - communales",1123,9,"R"
1002885,18,"F40","privé - sans psg",299,7,"F"
1010413,14,"G22","privé - sans psg",770,10,"R"
1024186,22,"H30","privé - sans psg",1028,1,"F"
1019543,15,"B42","privé - sans psg",75,9,"F"
1029557,22,"B82","privé - sans psg",103,4,"F"
1022002,26,"C20","privé - sans psg",546,6,"F"
1006291,25,"F15","privé - sans psg",242,10,"F"
1031087,20,"H41","publics - domaniales",1726,7,"R"
1000202,18,"C20","publis - communales",317,0,"F"
1009762,19,"G22","privé - sans psg",1299,8,"F"
1004322,15,"B70","privé - psg",119,10,"F"
1028900,20,"E10","publis - communales",597,9,"F"
1029600,15,"H30","publics - domaniales",648,9,"R"
1006082,24,"F15","privé - sans psg",213,10,"F"
1019435,16,"D11","publics - domaniales",965,4,"F"
1006448,34,"G21","privé - sans psg",748,10,"F"
1014821,11,"B10","privé - sans psg",75,8,"F"
1014172,11,"D11","publics - domaniales",604,7,"F"
1013121,23,"C51","publics - domaniales",223,9,"F"
1001855,15,"A30","privé - sans psg",139,9,"R"
1028863,11,"F40","privé - sans psg",363,10,"F"
1014595,15,"H10","publis - communales",1311,10,"F"
1012675,33,"J23","privé - sans psg",326,8,"F"
1015564,18,"F23","privé - sans psg",95,10,"R"
1000785,13,"A11","privé - psg",304,8,"F"
1022601,22,"I13","publis - communales",636,4,"R"
1002162,17,"C52","privé - sans psg",183,10,"F"
1012645,31,"F15","privé - sans psg",220,8,"F"
1001958,23,"E10","publis - communales",598,8,"R"
1010417,20,"B61","privé - psg",91,9,"F"
1011018,11,"B33","privé - psg",279,9,"F"
1019973,15,"G13","privé - sans psg",493,0,"F"
1030236,19,"D12","publis - communales",677,8,"R"
1011433,22,"C20","publis - communales",252,9,"F"
1004857,21,"B62","privé - sans psg",139,10,"F"
1019729,32,"B92","privé - sans psg",233,3,"F"
1007622,21,"H42","publics - domaniales",1757,7,"R"
1008825,49,"C20","publics - domaniales",482,7,"F"
1011257,32,"B51","publics - domaniales",170,9,"F"
1011766,9,"A22","privé - psg",48,1,"F"
1010836,23,"B70","privé - sans psg",178,8,"F"
1008640,15,"J22","publis - communales",121,0,"F"
1001460,16,"G13","privé - sans psg",529,10,"F"
1022772,22,"F52","privé - sans psg",155,10,"F"
1014530,45,"I11","privé - sans psg",408,9,"F"
1018505,14,"D11","privé - sans psg",340,8,"F"
1011723,3,"A12","privé - psg",147,0,"R"
1010307,25,"G50","privé - sans psg",625,8,"F"
1030277,22,"B51","publis - communales",154,8,"F"
1030573,44,"D11","privé - sans psg",326,10,"F"
1001556,14,"B82","privé - psg",136,10,"F"
1017189,32,"E10","publis - communales",767,8,"F"
1006531,33,"C20","publis - communales",357,0,"F"
1021926,34,"E10","publis - communales",356,2,"F"
1026118,25,"C20","privé - sans psg",306,7,"R"
1016670,17,"C11","privé - sans psg",246,10,"F"
1008004,29,"F15","privé - sans psg",233,2,"F"
1018441,22,"J23","privé - sans psg",285,8,"R"
1011243,42,"J10","privé - sans psg",226,5,"F"
1000672,34,"B70","privé - psg",99,10,"F"
1017183,15,"B61","privé - sans psg",139,5,"F"
1003341,60,"H10","publis - communales",1381,9,"R"
1007522,10,"G41","privé - sans psg",629,10,"F"
1025593,10,"B44","privé - sans psg",124,7,"F"
1027884,10,"B21","privé - sans psg",11,0,"F"
1004930,24,"B51","privé - sans psg",183,7,"F"
1000657,16,"G13","privé - psg",581,7,"R"
1007706,33,"B42","privé - psg",226,7,"F"
1025811,22,"B33","privé - sans psg",125,10,"F"
1020455,12,"G21","privé - sans psg",823,10,"F"
1015379,17,"E10","publis - communales",485,6,"F"
1028109,20,"C20","publis - communales",307,10,"F"
1010388,14,"A13","publics - domaniales",264,10,"R"
1015797,63,"E20","publis - communales",832,8,"F"
1024770,53,"G22","privé - sans psg",1122,9,"R"
1022736,36,"F40","privé - sans psg",234,2,"F"
1023068,31,"B70","privé - psg",100,8,"F"
1001176,28,"C20","publis - communales",285,9,"F"
1022142,22,"G50","privé - sans psg",843,9,"R"
1021329,10,"G21","privé - sans psg",859,10,"F"
1002902,19,"C30","publis - communales",323,9,"F"
1008537,28,"G50","privé - sans psg",567,9,"F"
1009545,22,"B91","publics - domaniales",165,10,"F"
1026707,28,"C20","privé - sans psg",370,9,"F"
1029396,19,"G13","privé - psg",602,10,"R"
1011398,29,"I22","privé - sans psg",1490,6,"R"
1022328,34,"B42","privé - sans psg",109,4,"F"
1003526,8,"F21","privé - psg",66,0,"R"
1016827,47,"H22","publis - communales",1292,6,"R"
1013038,23,"C41","publics - domaniales",161,9,"F"
1028411,26,"J22","privé - sans psg",112,6,"F"
1013583,7,"B32","privé - sans psg",1,3,"F"
1025942,29,"G80","privé - psg",581,8,"R"
1029509,13,"A21","privé - sans psg",96,10,"F"
1013723,29,"C20","privé - psg",274,8,"F"
1029150,23,"G30","privé - sans psg",1282,8,"R"
1001391,11,"A22","publics - domaniales",38,10,"F"
1019424,31,"G60","privé - sans psg",846,6,"R"
1008378,28,"G23","privé - sans psg",286,9,"F"
1012767,20,"F40","privé - sans psg",255,4,"F"
1014615,14,"F21","publis - communales",25,0,"F"
1009384,13,"A22","privé - sans psg",69,9,"F"
1006633,65,"C20","privé - sans psg",343,8,"R"
1029116,13,"B62","privé - psg",122,9,"F"
1027503,12,"C51","publis - communales",202,7,"F"
1018571,92,"G22","privé - sans psg",796,5,"F"
1004527,25,"C20","privé - sans psg",114,9,"F"
1024143,13,"B70","privé - psg",92,8,"F"
1021403,40,"C20","publis - communales",291,0,"F"
1026687,32,"H30","privé - sans psg",838,9,"R"
1027585,18,"B41","privé - sans psg",130,10,"F"
1009884,32,"H30","privé - sans psg",850,10,"R"
1010564,21,"H41","privé - sans psg",1742,6,"R"
1021067,13,"F30","privé - sans psg",247,4,"F"
1001625,35,"F15","privé - sans psg",148,8,"R"
1001956,25,"B82","privé - sans psg",131,10,"F"
1013292,10,"B41","publis - communales",142,9,"F"
1018727,38,"H42","privé - sans psg",1785,0,"F"
1023380,21,"H30","publics - domaniales",1258,3,"R"
1021612,19,"B70","privé - psg",127,10,"F"
1020987,9,"F22","privé - sans psg",6,4,"R"
1001542,11,"C30","publis - communales",348,9,"F"
1018944,24,"J40","privé - sans psg",496,9,"R"
1025289,25,"B53","privé - sans psg",219,7,"F"
1021802,15,"K11","privé - sans psg",491,6,"R"
1023885,57,"E20","publis - communales",1259,7,"R"
1005670,12,"A13","privé - sans psg",50,10,"F"
1016623,42,"C52","privé - sans psg",761,9,"F"
1028045,10,"B32","privé - sans psg",129,3,"F"
1000646,6,"C30","privé - psg",357,8,"F"
1000112,46,"C20","publis - communales",385,6,"F"
1000765,16,"B91","privé - psg",172,9,"F"
1013402,36,"H30","privé - sans psg",1713,9,"F"
1019721,32,"G50","privé - sans psg",441,9,"F"
1022417,35,"H30","privé - sans psg",1240,9,"R"
1005086,27,"D11","publis - communales",457,8,"F"
1014606,20,"G13","privé - psg",591,10,"F"
1000561,27,"C20","privé - sans psg",195,10,"F"
1013992,26,"B62","privé - sans psg",60,10,"F"
1025692,37,"G13","privé - sans psg",416,4,"F"
1003505,18,"A11","privé - sans psg",39,7,"F"
1008358,23,"G90","privé - sans psg",511,9,"F"
1010591,17,"C51","privé - sans psg",267,9,"R"
1024986,19,"F52","privé - sans psg",188,10,"F"
1002621,33,"G23","privé - psg",507,10,"R"
1027078,8,"B70","privé - psg",98,3,"F"
1025612,39,"H30","publics - domaniales",1339,7,"R"
1015883,25,"C20","publis - communales",271,9,"F"
1013079,7,"D11","privé - sans psg",700,9,"R"
1020806,9,"G11","privé - sans psg",321,9,"F"
1026712,12,"J10","publis - communales",199,10,"F"
1026419,6,"D11","publics - domaniales",810,7,"F"
1004787,24,"G22","privé - sans psg",1034,10,"R"
1018334,6,"F21","privé - sans psg",74,0,"R"
1014277,18,"F15","privé - psg",210,0,"F"
1022648,59,"G22","privé - sans psg",774,9,"F"
1021986,29,"H42","publis - communales",2031,7,"R"
1016542,30,"B51","privé - psg",138,9,"F"
1024929,20,"B91","privé - sans psg",242,8,"F"
1025599,18,"F21","privé - psg",72,6,"R"
1003507,16,"C41","publics - domaniales",150,8,"R"
1003658,25,"G11","privé - sans psg",210,8,"F"
1021569,17,"C20","privé - sans psg",407,8,"F"
1022720,22,"B41","publis - communales",68,9,"F"
1003204,20,"K12","publis - communales",821,10,"R"
1003784,13,"C51","publis - communales",254,8,"F"
1021748,28,"G23","privé - sans psg",338,6,"F"
1006589,35,"G22","privé - sans psg",982,5,"F"
1007135,16,"B41","privé - sans psg",71,9,"F"
1008621,13,"E10","publis - communales",530,10,"F"
1028338,18,"F30","privé - sans psg",5,10,"F"
1008684,10,"G70","privé - psg",901,8,"R"
1014639,30,"J22","privé - sans psg",227,7,"R"
1008324,27,"I21","privé - sans psg",1382,9,"F"
1013932,17,"A30","privé - psg",113,8,"F"
1014780,25,"C20","publis - communales",294,9,"F"
1002027,21,"B53","privé - psg",201,8,"F"
1026263,19,"B42","privé - psg",235,10,"F"
1001963,35,"B92","privé - sans psg",314,10,"R"
1021537,9,"B61","privé - sans psg",81,10,"R"
1006006,28,"C51","privé - psg",227,6,"F"
1006966,21,"H30","privé - sans psg",857,9,"F"
1018665,19,"B70","privé - psg",144,6,"F"
1006282,28,"C12","privé - psg",201,8,"F"
1031292,25,"C20","publis - communales",486,10,"F"
1018931,40,"J40","privé - sans psg",555,8,"F"
1025308,8,"F21","privé - psg",59,4,"R"
1002991,8,"H41","publis - communales",1389,9,"F"
1028052,30,"F40","privé - sans psg",260,7,"F"
1008110,20,"B91","privé - psg",257,9,"F"
1020027,14,"F21","privé - psg",27,0,"F"
1016914,39,"C20","publics - domaniales",306,10,"F"
1009675,23,"G11","privé - sans psg",211,9,"F"
1007831,49,"G30","privé - sans psg",804,10,"F"
1030761,25,"C20","privé - sans psg",293,9,"F"
1012442,35,"G13","privé - sans psg",481,9,"F"
1012785,19,"F30","privé - sans psg",266,10,"F"
1004775,22,"C20","publis - communales",301,9,"F"
1014134,29,"G11","privé - sans psg",247,9,"F"
1019499,30,"H41","privé - sans psg",1082,5,"F"
1010447,31,"J23","privé - sans psg",185,6,"R"
1023199,16,"J40","privé - sans psg",670,5,"R"
1023216,20,"B62","privé - sans psg",134,9,"F"
1016644,16,"G22","privé - sans psg",1357,1,"R"
1000662,16,"A12","privé - psg",169,8,"R"
1026896,25,"J23","privé - psg",493,10,"F"
1028495,27,"B22","privé - sans psg",94,7,"F"
1012770,29,"D11","privé - sans psg",737,10,"R"
1001021,30,"C51","publis - communales",271,9,"F"
1021165,21,"F52","privé - sans psg",195,10,"F"
1004167,24,"F23","privé - psg",137,9,"F"
1027845,16,"A11","privé - sans psg",195,10,"F"
1006402,13,"B61","privé - psg",105,0,"F"
1016989,9,"F21","privé - psg",81,0,"F"
1026586,24,"C52","privé - sans psg",281,10,"F"
1011332,17,"C30","publis - communales",291,7,"F"
1001224,26,"C20","privé - sans psg",169,8,"F"
1006247,50,"H22","publis - communales",2093,6,"R"
1027137,15,"G21","privé - sans psg",734,7,"R"
1011171,20,"J10","privé - sans psg",256,6,"F"
1026349,32,"C20","privé - sans psg",300,2,"F"
1021042,40,"B41","privé - psg",73,8,"F"
1017550,10,"F21","privé - sans psg",22,5,"R"
1003016,12,"F52","privé - sans psg",163,10,"F"
1018833,15,"G80","privé - sans psg",418,10,"F"
1013801,14,"G50","privé - sans psg",677,10,"F"
1020937,28,"B62","privé - psg",118,9,"F"
1001984,27,"J23","privé - sans psg",244,10,"R"
1026161,13,"J22","privé - sans psg",100,7,"F"
1022849,17,"B61","privé - sans psg",80,5,"F"
1029013,10,"B61","privé - sans psg",51,3,"R"
1009662,20,"A11","privé - sans psg",210,9,"F"
1026940,6,"J22","publis - communales",286,8,"R"
1015743,12,"H30","publis - communales",773,7,"F"
1030769,36,"G42","privé - sans psg",463,9,"F"
1031056,46,"E20","privé - sans psg",648,10,"F"
1025897,23,"B51","privé - sans psg",163,10,"F"
1024688,41,"H10","publis - communales",1036,10,"F"
1005858,19,"C20","privé - sans psg",536,7,"F"
1003418,15,"B53","privé - psg",186,10,"F"
1015478,14,"F30","privé - sans psg",76,10,"F"
1020331,18,"F30","privé - sans psg",93,5,"F"
1016418,44,"F15","privé - sans psg",171,6,"F"
1021032,26,"C41","publics - domaniales",174,9,"F"
1018403,33,"C42","privé - psg",302,5,"F"
1009760,34,"F30","privé - sans psg",225,10,"F"
1004204,36,"H30","privé - sans psg",1311,8,"R"
1026895,22,"E10","privé - sans psg",364,2,"F"
1002872,22,"G11","privé - sans psg",275,8,"F"
1030355,22,"A11","privé - sans psg",52,9,"F"
1005809,17,"D11","privé - sans psg",386,9,"F"
1018231,8,"F21","privé - psg",107,0,"F"
1028811,25,"H30","privé - sans psg",996,10,"R"
1027403,9,"D12","publis - communales",394,10,"F"
1005394,52,"E20","publis - communales",1013,8,"R"
1018208,24,"D11","privé - sans psg",510,0,"F"
1001588,17,"G11","privé - sans psg",439,9,"F"
1016801,22,"G22","publis - communales",1143,8,"R"
1016806,16,"B32","privé - sans psg",182,8,"F"
1031360,24,"B82","publics - domaniales",132,7,"R"
1019447,28,"C20","privé - psg",300,7,"F"
1027342,35,"A11","privé - sans psg",70,8,"F"
1026035,22,"B61","privé - sans psg",70,9,"F"
1006873,28,"A11","privé - psg",163,9,"F"
1022623,24,"G80","privé - sans psg",980,10,"R"
1008980,17,"C20","privé - psg",246,9,"F"
1018256,51,"G50","privé - sans psg",388,9,"F"
1002292,18,"B41","privé - psg",135,9,"F"
1009784,25,"J22","privé - sans psg",1,2,"F"
1027155,21,"G22","privé - sans psg",1034,1,"R"
1024271,14,"F51","privé - sans psg",22,8,"F"
1028540,19,"B70","privé - psg",143,0,"F"
1011314,12,"G11","publics - domaniales",242,10,"R"
1030334,49,"G90","privé - sans psg",643,5,"F"
1006808,40,"J10","privé - sans psg",116,6,"R"
1021539,22,"B42","privé - psg",118,8,"F"
1018924,20,"F23","privé - sans psg",45,10,"R"
1027531,14,"B33","privé - psg",114,9,"F"
1006481,20,"B52","publics - domaniales",106,10,"F"
1020549,33,"G13","privé - sans psg",527,6,"F"
1009147,52,"C20","privé - psg",244,9,"F"
1023709,16,"B51","publis - communales",290,10,"F"
1024171,28,"F51","privé - sans psg",60,6,"F"
1004483,32,"C20","privé - sans psg",199,7,"F"
1026037,23,"E10","privé - sans psg",546,9,"F"
1016264,54,"G30","privé - sans psg",900,9,"F"
1001567,12,"G30","privé - sans psg",917,10,"F"
1022389,14,"F30","privé - sans psg",14,10,"F"
1010301,16,"A21","privé - sans psg",78,10,"R"
1000208,23,"C20","privé - sans psg",354,10,"F"
1009683,39,"C51","privé - sans psg",222,7,"F"
1012705,11,"B32","publics - domaniales",132,10,"F"
1005877,11,"F21","privé - sans psg",79,3,"R"
1007585,36,"I21","publis - communales",1132,2,"F"
1029537,19,"F52","privé - sans psg",111,9,"F"
1014765,19,"F51","privé - sans psg",82,10,"F"
1001043,19,"H30","publis - communales",1050,3,"F"
1030442,33,"F40","privé - sans psg",196,2,"R"
1008511,27,"I11","privé - sans psg",488,10,"F"
1004035,23,"C20","privé - psg",197,10,"R"
1031243,15,"G42","privé - sans psg",687,7,"F"
1009887,16,"H30","publis - communales",1412,8,"F"
1005417,19,"H30","publis - communales",1347,3,"R"
1022480,22,"B41","privé - sans psg",168,10,"F"
1027675,18,"A22","privé - psg",63,9,"F"
1002713,9,"B32","privé - psg",176,9,"F"
1005284,15,"F40","privé - sans psg",153,9,"F"
1000118,15,"B82","privé - psg",138,9,"F"
1015778,31,"C20","publis - communales",271,9,"F"
1000614,29,"C20","privé - psg",305,7,"F"
1016962,16,"G23","privé - sans psg",593,10,"F"
1012097,36,"G90","privé - sans psg",811,0,"R"
1000142,28,"J23","publis - communales",596,8,"F"
1000482,8,"A12","privé - sans psg",86,1,"F"
1019505,20,"C30","publics - domaniales",272,0,"F"
1007949,20,"B62","privé - psg",112,6,"F"
1005350,7,"F21","privé - psg",36,3,"R"
1014250,43,"C20","publis - communales",503,9,"F"
1016070,22,"G80","publis - communales",757,9,"R"
1002139,15,"G22","privé - sans psg",1082,10,"R"
1007058,7,"B61","privé - sans psg",68,9,"R"
1004876,11,"B32","privé - psg",128,10,"F"
1016773,12,"F15","privé - psg",233,10,"F"
1017162,7,"G22","privé - sans psg",1184,10,"R"
1026031,35,"F40","privé - sans psg",374,10,"F"
1004036,25,"H30","privé - sans psg",1234,10,"R"
1022035,18,"B41","publics - domaniales",70,7,"R"
1031324,15,"C20","publis - communales",335,10,"F"
1009754,20,"B33","privé - sans psg",131,7,"F"
1015488,14,"B62","privé - psg",114,10,"F"
1014388,32,"J22","privé - sans psg",59,1,"R"
1003196,15,"A12","publics - domaniales",38,9,"R"
1013687,46,"G22","privé - sans psg",414,10,"R"
1027476,48,"G22","privé - sans psg",1090,8,"R"
1020869,37,"F15","privé - sans psg",186,10,"R"
1015611,21,"D11","privé - sans psg",924,7,"R"
1029389,30,"C20","publis - communales",302,9,"F"
1003413,24,"J23","privé - sans psg",232,3,"R"
1020888,37,"G80","privé - psg",796,8,"R"
1015169,17,"H30","privé - sans psg",1403,9,"F"
1010497,26,"C20","publics - domaniales",290,9,"F"
1029814,29,"B21","publics - domaniales",19,8,"F"
1010883,25,"F15","privé - sans psg",137,7,"R"
1019922,8,"B62","privé - psg",95,9,"R"
1017586,23,"B23","privé - psg",121,6,"F"
1024104,25,"C20","privé - psg",268,9,"F"
1028825,7,"B10","privé - sans psg",70,3,"F"
1022871,18,"A30","publics - domaniales",73,8,"R"
1015305,29,"F30","privé - sans psg",370,2,"F"
1021573,13,"B32","publics - domaniales",39,9,"F"
1031025,37,"F51","publis - communales",67,9,"F"
1021741,10,"H30","privé - sans psg",859,8,"R"
1008827,52,"G90","privé - sans psg",591,5,"F"
1009766,37,"I22","publics - domaniales",1922,9,"R"
1024528,41,"J21","privé - sans psg",329,7,"R"
1010019,21,"B82","privé - sans psg",152,9,"F"
1001750,14,"B32","privé - sans psg",133,10,"F"
1018867,17,"B62","privé - sans psg",128,10,"F"
1014157,28,"B41","privé - sans psg",85,10,"F"
1022728,29,"B91","privé - sans psg",159,10,"F"
1014314,18,"F22","publics - domaniales",21,10,"R"
1005393,20,"J30","publics - domaniales",271,7,"F"
1027932,13,"E20","publis - communales",837,10,"R"
1020974,44,"C20","publis - communales",300,4,"F"
1022941,16,"G23","privé - sans psg",414,10,"R"
1020099,11,"C41","publics - domaniales",147,10,"F"
1013468,7,"G70","privé - sans psg",672,8,"F"
1020111,9,"B41","publics - domaniales",97,9,"F"
1031358,18,"G70","privé - sans psg",749,8,"F"
1021224,16,"B42","privé - sans psg",135,10,"F"
1000001,15,"H21","publis - communales",842,10,"F"
1021615,16,"I13","privé - sans psg",329,5,"R"
1005108,20,"D11","privé - sans psg",493,9,"R"
1030396,25,"G13","privé - sans psg",663,9,"F"
1002495,14,"H30","privé - sans psg",1317,7,"F"
1005440,27,"D11","privé - sans psg",493,10,"F"
1014149,8,"B41","publics - domaniales",74,0,"F"
1006089,18,"G13","privé - sans psg",439,1,"R"
1005981,44,"G22","privé - sans psg",1104,4,"F"
1006858,20,"C20","publis - communales",361,10,"F"
1005566,17,"J22","privé - sans psg",3,10,"F"
1012571,31,"F30","privé - sans psg",400,6,"F"
1019637,23,"B10","privé - sans psg",145,9,"F"
1000741,27,"C20","publis - communales",507,9,"F"
1016199,27,"J10","privé - sans psg",151,6,"F"
1002432,11,"C20","privé - sans psg",306,0,"F"
1027437,31,"G60","privé - sans psg",634,3,"F"
1010028,13,"F21","privé - sans psg",49,7,"R"
1011215,38,"J22","privé - sans psg",111,4,"R"
1021352,31,"I22","privé - sans psg",1165,1,"F"
1014021,17,"B61","privé - psg",33,8,"F"
1026390,25,"F52","privé - sans psg",88,7,"F"
1027183,20,"B32","privé - psg",38,7,"F"
1027594,22,"B92","privé - sans psg",277,10,"F"
1018500,13,"F23","privé - sans psg",71,10,"F"
1015784,21,"B44","privé - psg",150,10,"F"
1022757,31,"C20","publics - domaniales",415,10,"F"
1005910,23,"B53","publics - domaniales",250,10,"F"
1010987,21,"C41","publis - communales",228,8,"F"
1000563,19,"B42","privé - sans psg",130,9,"F"
1007636,31,"B43","privé - psg",143,6,"F"
1017041,26,"F30","privé - sans psg",150,10,"F"
1013224,33,"I22","publics - domaniales",2104,5,"R"
1007385,11,"F15","privé - sans psg",207,10,"F"
1016202,19,"E10","publis - communales",575,7,"F"
1027210,25,"C20","publis - communales",304,10,"F"
1004769,25,"H30","privé - sans psg",727,3,"F"
1005539,14,"G12","privé - sans psg",298,3,"F"
1012517,20,"B82","privé - psg",94,9,"R"
1012323,16,"C30","publis - communales",393,8,"F"
1029368,26,"J23","publis - communales",139,8,"R"
1000682,13,"G13","privé - sans psg",584,10,"F"
1017055,26,"C20","publis - communales",311,9,"F"
1026135,12,"B70","publics - domaniales",129,8,"R"
1015867,72,"E10","privé - sans psg",831,7,"F"
1017178,22,"F30","privé - psg",253,7,"F"
1031151,17,"D11","publics - domaniales",766,6,"R"
1006187,19,"F30","privé - sans psg",292,9,"F"
1030526,38,"G90","privé - sans psg",643,9,"R"
1013839,30,"F15","privé - sans psg",106,10,"F"
1013452,11,"B42","privé - psg",222,8,"F"
1005931,39,"H10","publis - communales",1604,6,"R"
1011958,11,"F21","privé - psg",53,4,"R"
1031107,18,"A13","privé - sans psg",136,10,"F"
1020562,11,"I13","publics - domaniales",858,10,"F"
1011174,12,"D11","privé - sans psg",694,9,"F"
1004690,24,"J40","privé - sans psg",184,9,"F"
1026121,28,"B91","publis - communales",162,9,"F"
1019180,14,"A13","privé - sans psg",325,10,"R"
1008413,66,"H22","privé - sans psg",1314,7,"F"
1005171,22,"A30","privé - psg",126,9,"R"
1001105,44,"E10","privé - sans psg",510,9,"F"
1000368,28,"C51","publis - communales",221,10,"F"
1023997,29,"H10","privé - sans psg",1310,10,"R"
1004427,15,"D12","publis - communales",482,0,"F"
1018922,25,"G13","privé - sans psg",412,7,"F"
1028980,16,"B82","privé - psg",67,10,"F"
1021220,7,"F21","privé - psg",63,4,"R"
1002771,20,"B22","privé - sans psg",117,10,"F"
1029998,19,"B92","publis - communales",267,10,"F"
1025798,36,"F30","privé - sans psg",314,10,"F"
1025196,38,"K13","privé - sans psg",195,6,"F"
1030373,17,"C51","publis - communales",209,10,"F"
1012179,18,"F23","privé - sans psg",161,8,"F"
1002878,35,"C20","publis - communales",360,9,"F"
1018700,26,"C20","publis - communales",292,0,"F"
1005241,25,"B91","privé - sans psg",244,5,"F"
1010558,30,"G30","privé - sans psg",888,2,"F"
1000950,11,"C41","publics - domaniales",246,8,"F"
1003720,13,"F30","privé - sans psg",422,1,"F"
1026972,11,"D12","publics - domaniales",314,10,"F"
1007612,18,"A21","privé - sans psg",7,5,"F"
1020973,9,"F52","privé - sans psg",57,3,"F"
1014498,56,"H21","privé - sans psg",1212,8,"R"
1012483,7,"F22","privé - sans psg",15,5,"R"
1007913,11,"C20","privé - sans psg",247,7,"F"
1012625,59,"H22","privé - sans psg",1187,7,"F"
1030762,20,"F30","privé - psg",172,10,"F"
1006458,21,"B70","publics - domaniales",95,9,"F"
1006229,14,"A13","privé - sans psg",114,10,"F"
1011871,10,"B10","privé - psg",39,10,"F"
1007184,22,"B10","privé - sans psg",70,8,"F"
1006744,14,"C30","publis - communales",319,9,"R"
1003563,25,"G30","privé - sans psg",757,10,"F"
1026372,10,"C41","publics - domaniales",137,1,"R"
1030296,25,"J30","privé - sans psg",65,8,"F"
1018568,26,"C20","privé - sans psg",421,10,"F"
1007305,26,"C20","privé - sans psg",220,7,"F"
1008328,13,"G13","privé - sans psg",378,9,"F"
1020978,30,"J22","privé - sans psg",260,6,"F"
1008323,28,"C20","publis - communales",519,5,"F"
1030200,29,"G13","privé - sans psg",615,8,"R"
1006612,12,"D11","publis - communales",229,7,"R"
1004120,12,"F30","privé - sans psg",175,10,"F"
1010073,24,"C51","publis - communales",219,10,"F"
1011737,9,"F21","privé - psg",148,3,"R"
1013679,94,"H22","privé - sans psg",1456,7,"F"
1023881,9,"B61","privé - psg",36,5,"F"
1011916,14,"F23","privé - sans psg",56,10,"F"
1013856,22,"B43","privé - sans psg",90,9,"F"
1024835,28,"D12","privé - sans psg",285,10,"F"
1026162,44,"C30","privé - sans psg",293,8,"F"
1027046,44,"B51","publis - communales",149,9,"F"
1019700,12,"B91","privé - psg",223,10,"F"
1012660,30,"G80","privé - sans psg",717,1,"F"
1022218,22,"F22","privé - sans psg",20,5,"R"
1005756,13,"B70","publics - domaniales",134,10,"F"
1019338,18,"F30","privé - sans psg",341,10,"F"
1021111,21,"F15","privé - sans psg",126,2,"F"
1014557,51,"G22","privé - sans psg",710,8,"F"
1018624,11,"C12","publics - domaniales",224,8,"F"
1023945,29,"B10","privé - sans psg",80,9,"F"
1030269,40,"C20","privé - psg",256,6,"F"
1000416,26,"E10","privé - sans psg",249,8,"R"
1020637,37,"B41","privé - sans psg",50,5,"F"
1005925,11,"A21","privé - sans psg",105,10,"F"
1029966,23,"C20","publics - domaniales",384,8,"F"
1015555,30,"B51","publics - domaniales",221,1,"F"
1012745,23,"A30","privé - sans psg",56,9,"F"
1028246,73,"G30","privé - sans psg",951,8,"R"
1009690,33,"G80","privé - sans psg",824,10,"F"
1010025,27,"F15","privé - sans psg",170,9,"F"
1005584,23,"J22","privé - sans psg",496,10,"F"
1016403,21,"B42","publics - domaniales",171,10,"F"
1018586,34,"D12","publis - communales",243,8,"R"
1029902,34,"G13","privé - sans psg",466,10,"F"
1030654,12,"F21","privé - sans psg",80,0,"R"
1009493,9,"D11","publis - communales",912,6,"F"
1021949,19,"G70","publics - domaniales",817,9,"F"
1024061,25,"B81","privé - sans psg",65,6,"F"
1009913,13,"C52","privé - sans psg",821,10,"F"
1018313,16,"D11","publis - communales",553,7,"F"
1001339,18,"H42","privé - sans psg",1599,0,"F"
1016867,7,"D12","publis - communales",411,9,"F"
1011197,27,"F12","privé - sans psg",122,9,"F"
1029500,64,"G22","privé - sans psg",661,3,"F"
1028781,25,"B41","privé - sans psg",34,10,"F"
1021699,15,"B32","privé - sans psg",97,8,"F"
1006517,30,"G42","privé - sans psg",1191,10,"R"
1011901,8,"J23","privé - psg",454,9,"F"
1004852,8,"A21","privé - sans psg",116,4,"F"
1027293,5,"D11","publics - domaniales",432,8,"R"
1027823,20,"B70","privé - psg",147,9,"F"
1003345,37,"D11","privé - psg",561,8,"R"
1027789,29,"H22","privé - sans psg",1826,1,"F"
1016067,18,"H30","privé - sans psg",1257,3,"R"
1020678,34,"G90","privé - sans psg",313,10,"F"
1002583,11,"A11","privé - psg",256,9,"R"
1021373,67,"G30","privé - sans psg",790,5,"F"
1005585,13,"G30","privé - sans psg",1270,10,"F"
1007048,19,"E10","privé - sans psg",367,9,"F"
1023007,21,"I21","publis - communales",864,8,"F"
1002811,20,"C30","publis - communales",390,10,"R"
1023748,9,"A13","publics - domaniales",343,8,"R"
1002739,45,"G50","privé - sans psg",234,9,"F"
1016416,21,"G13","privé - sans psg",608,9,"F"
1013838,24,"B62","privé - sans psg",105,7,"F"
1023876,35,"A11","privé - sans psg",58,9,"F"
1020159,13,"B32","privé - psg",70,9,"F"
1005431,35,"K12","publis - communales",1412,6,"F"
1015483,19,"C51","privé - psg",194,9,"F"
1019474,33,"C30","privé - psg",274,8,"R"
1001029,32,"C20","publis - communales",399,8,"F"
1001476,27,"J23","privé - psg",402,6,"F"
1029268,22,"A11","privé - sans psg",79,8,"F"
1001970,55,"G60","privé - sans psg",613,9,"F"
1005294,29,"B22","privé - psg",139,8,"F"
1016942,20,"B82","privé - sans psg",136,9,"F"
1022534,34,"E10","privé - sans psg",301,10,"F"
1027477,28,"B51","publis - communales",263,10,"F"
1019290,12,"H41","publis - communales",1388,7,"R"
1005571,31,"G13","privé - psg",650,10,"R"
1004864,15,"B32","privé - sans psg",127,9,"F"
1018899,29,"K11","privé - sans psg",63,2,"F"
1000410,23,"B51","publis - communales",165,9,"F"
1003656,24,"B91","privé - psg",147,9,"F"
1019488,53,"B92","privé - psg",534,10,"R"
1014803,15,"B10","privé - psg",169,9,"F"
1025875,53,"G13","privé - sans psg",618,9,"F"
1030463,29,"G80","publis - communales",782,10,"F"
1017385,21,"G21","privé - sans psg",714,7,"F"
1000971,23,"C30","publis - communales",322,7,"F"
1014209,27,"E20","publis - communales",726,7,"R"
1014617,6,"F21","privé - psg",30,4,"R"
1002478,16,"G21","privé - sans psg",673,0,"R"
1030505,15,"F23","privé - sans psg",157,9,"R"
1002543,21,"C20","publis - communales",329,8,"F"
1023164,20,"B10","privé - sans psg",133,8,"F"
1001772,72,"G30","privé - sans psg",964,4,"F"
1006222,18,"B32","privé - psg",83,8,"F"
1017102,36,"B53","privé - psg",159,9,"F"
1007420,11,"C52","privé - sans psg",172,6,"F"
1007034,20,"G42","privé - sans psg",398,9,"R"
1028226,31,"C20","publis - communales",331,7,"F"
1007396,30,"C20","privé - sans psg",297,10,"F"
1028609,19,"C20","publis - communales",471,1,"F"
1000135,24,"G90","privé - sans psg",638,7,"R"
1000770,29,"G70","publics - domaniales",1273,8,"F"
1028797,11,"H42","publis - communales",1686,6,"R"
1013697,12,"D12","publics - domaniales",384,9,"F"
1020390,10,"D11","publics - domaniales",235,9,"F"
1021736,30,"B51","privé - sans psg",271,9,"F"
1015181,17,"C30","publics - domaniales",261,8,"F"
1015990,33,"C20","publis - communales",346,9,"F"
1031141,27,"H42","privé - sans psg",1737,4,"R"
1012301,14,"C30","privé - psg",225,10,"F"
1023347,13,"G13","privé - psg",724,5,"F"
1006959,23,"B42","privé - sans psg",119,10,"F"
1031089,10,"F11","privé - psg",163,5,"F"
1011855,15,"B91","privé - psg",177,10,"F"
1000054,36,"C12","publics - domaniales",189,7,"F"
1017136,19,"J30","privé - sans psg",199,6,"F"
1030659,11,"F21","privé - psg",84,0,"R"
1000615,41,"H21","privé - sans psg",1116,9,"R"
1024447,14,"F52","privé - sans psg",201,10,"F"
1000213,20,"C51","privé - sans psg",232,6,"F"
1028625,19,"G42","privé - sans psg",1127,7,"R"
1005382,19,"B92","privé - psg",285,9,"F"
1009617,15,"H30","privé - sans psg",945,9,"R"
1003135,24,"F12","privé - sans psg",22,5,"F"
1027723,18,"G13","privé - sans psg",546,9,"F"
1016922,10,"D11","publis - communales",310,8,"R"
1017573,19,"B51","privé - psg",112,10,"F"
1014895,20,"A11","privé - sans psg",173,9,"F"
1024655,24,"B81","privé - sans psg",115,7,"R"
1028751,37,"I12","privé - sans psg",727,10,"F"
1020444,60,"E10","privé - sans psg",486,2,"F"
1023592,11,"F30","privé - sans psg",75,9,"F"
1030851,44,"G22","privé - psg",1244,8,"R"
1022642,8,"A30","privé - psg",161,10,"R"
1012204,45,"E10","privé - sans psg",367,8,"F"
1002794,20,"D11","publis - communales",336,10,"F"
1011457,35,"J23","publis - communales",186,10,"R"
1017716,25,"G22","privé - sans psg",771,9,"R"
1008922,32,"J23","privé - sans psg",580,7,"F"
1022652,25,"B42","privé - sans psg",159,9,"F"
1021965,19,"C12","privé - sans psg",196,9,"F"
1018677,28,"C20","privé - sans psg",335,7,"F"
1022304,36,"I21","publis - communales",800,10,"F"
1020832,24,"H30","publics - domaniales",1086,0,"F"
1023221,20,"J30","publis - communales",243,6,"R"
1027964,14,"C51","privé - sans psg",205,9,"F"
1022754,33,"C20","privé - sans psg",340,7,"F"
1023474,29,"I21","privé - psg",1511,10,"F"
1020640,27,"C52","privé - sans psg",218,7,"F"
1012801,21,"D12","privé - sans psg",340,7,"F"
1001902,25,"F51","publis - communales",6,6,"F"
1011006,43,"C20","publis - communales",433,10,"F"
1018670,12,"F21","privé - psg",75,5,"R"
1025124,35,"G22","privé - sans psg",838,10,"R"
1012362,24,"G12","privé - sans psg",435,7,"F"
1027854,22,"G70","publics - domaniales",1073,8,"R"
1007459,11,"F22","privé - psg",10,5,"R"
1011343,55,"I21","privé - sans psg",874,10,"F"
1005520,19,"F30","privé - sans psg",305,10,"F"
1005076,12,"H42","privé - sans psg",2079,3,"R"
1017618,32,"H10","privé - sans psg",1090,10,"F"
1012690,4,"D11","publics - domaniales",861,9,"R"
1012910,5,"C30","privé - sans psg",313,0,"F"
1001417,25,"F11","privé - psg",174,8,"F"
1017086,16,"B61","privé - sans psg",38,10,"F"
1017709,23,"I12","privé - sans psg",976,3,"R"
1018118,22,"B70","privé - psg",106,10,"F"
1017627,40,"G60","privé - sans psg",892,7,"F"
1012333,47,"H30","privé - sans psg",1533,7,"F"
1000632,65,"D11","privé - sans psg",649,8,"R"
1014578,34,"D11","privé - sans psg",744,7,"F"
1026961,25,"C30","publics - domaniales",299,9,"F"
1027615,13,"C30","publis - communales",274,10,"F"
1029685,30,"I12","privé - sans psg",589,10,"F"
1014560,26,"C20","privé - sans psg",249,9,"F"
1013608,30,"F40","privé - sans psg",190,6,"F"
1019134,19,"G11","privé - sans psg",316,10,"F"
1003274,23,"I22","privé - sans psg",440,10,"F"
1014976,25,"F40","privé - sans psg",202,10,"F"
1009905,23,"C30","privé - sans psg",276,6,"F"
1004728,25,"B42","publics - domaniales",268,9,"R"
1004566,8,"K13","privé - sans psg",1095,10,"F"
1005470,31,"F23","privé - sans psg",80,3,"F"
1028875,12,"B33","privé - psg",233,10,"F"
1024674,38,"K11","privé - sans psg",204,7,"F"
1021234,10,"B61","privé - sans psg",104,8,"F"
1030509,26,"B51","privé - psg",187,9,"F"
1018335,33,"G60","privé - psg",624,5,"F"
1026414,20,"F14","privé - sans psg",4,9,"F"
1024707,25,"C20","privé - psg",457,10,"F"
1030522,33,"C20","privé - sans psg",362,7,"F"
1000732,27,"H21","privé - sans psg",1821,6,"R"
1011790,31,"C20","publis - communales",368,8,"F"
1030441,20,"B70","privé - psg",120,8,"F"
1017929,11,"G80","privé - psg",721,9,"F"
1011147,10,"B33","privé - sans psg",159,10,"F"
1016766,22,"J30","privé - sans psg",41,7,"F"
1008495,18,"G80","privé - sans psg",870,9,"R"
1007857,31,"C20","publics - domaniales",345,0,"F"
1021506,29,"G41","privé - sans psg",564,9,"R"
1027158,15,"G42","privé - sans psg",495,8,"F"
1015897,34,"J10","privé - sans psg",444,8,"F"
1005224,23,"H42","publics - domaniales",1412,7,"R"
1029991,25,"G13","privé - psg",594,9,"R"
1013544,12,"C41","publics - domaniales",198,7,"F"
1001674,22,"G11","privé - psg",398,8,"R"
1001995,42,"C52","privé - sans psg",292,8,"F"
1029139,23,"F23","privé - sans psg",103,7,"F"
1015899,16,"A21","privé - sans psg",101,9,"R"
1002502,25,"B92","privé - psg",253,9,"F"
1019853,17,"G23","publics - domaniales",541,10,"F"
1030597,35,"G12","privé - sans psg",460,8,"F"
1024700,24,"C11","publis - communales",434,7,"R"
1026526,21,"G21","privé - sans psg",708,9,"F"
1014083,18,"H30","privé - psg",790,5,"F"
1000192,11,"A12","privé - sans psg",52,9,"F"
1013867,25,"H42","privé - sans psg",1786,4,"R"
1027473,13,"B62","privé - sans psg",94,10,"F"
1012028,12,"D12","publis - communales",292,9,"F"
1002017,20,"F30","privé - sans psg",94,9,"F"
1027370,19,"H41","publis - communales",1448,9,"R"
1021856,60,"E20","publis - communales",749,6,"R"
1009743,7,"B53","privé - psg",184,0,"F"
1016495,12,"B62","privé - psg",144,9,"F"
1012049,44,"C20","publics - domaniales",490,3,"F"
1025042,12,"G42","privé - sans psg",521,3,"F"
1000800,42,"G22","publis - communales",1307,7,"R"
1029547,53,"G30","publis - communales",1141,9,"R"
1008062,10,"B62","publics - domaniales",116,5,"F"
1002570,16,"F30","privé - sans psg",15,8,"F"
1022810,18,"C52","privé - sans psg",238,8,"F"
1003253,32,"B43","privé - sans psg",104,9,"F"
1010017,2,"D12","publis - communales",347,9,"F"
1006455,20,"B33","privé - sans psg",187,10,"F"
1028748,16,"G13","privé - sans psg",449,3,"F"
1029856,18,"I11","privé - sans psg",476,9,"F"
1018414,10,"B33","privé - sans psg",198,9,"F"
1027687,19,"B91","privé - psg",223,8,"F"
1007673,4,"D11","publics - domaniales",258,9,"F"
1002173,28,"B42","privé - sans psg",222,8,"F"
1019539,17,"A11","privé - sans psg",175,3,"F"
1029274,19,"B70","privé - sans psg",97,10,"F"
1002473,8,"H30","publis - communales",1176,10,"R"
1030708,20,"B82","privé - sans psg",151,10,"F"
1014730,16,"B41","privé - sans psg",145,10,"F"
1002625,35,"C20","privé - sans psg",231,9,"F"
1025840,13,"G80","privé - sans psg",828,10,"F"
1016521,22,"C20","privé - sans psg",232,10,"F"
1004722,20,"B10","publis - communales",17,9,"R"
1018508,12,"F21","privé - psg",152,3,"R"
1019072,52,"H10","publis - communales",1581,7,"R"
1013574,20,"F23","privé - psg",67,8,"R"
1026108,6,"D12","publics - domaniales",310,9,"F"
1028670,25,"C20","privé - sans psg",212,9,"F"
1027032,22,"F51","privé - sans psg",166,7,"F"
1022101,19,"H30","publics - domaniales",705,8,"R"
1013253,14,"C30","publis - communales",345,9,"F"
1024234,17,"B42","privé - psg",242,7,"F"
1021392,28,"K11","privé - sans psg",96,3,"F"
1025018,37,"H21","publis - communales",1195,7,"R"
1003402,21,"B70","privé - sans psg",116,10,"F"
1030667,29,"F51","publis - communales",153,8,"F"
1020954,17,"G22","privé - sans psg",1276,2,"R"
1003509,42,"F52","privé - sans psg",125,7,"R"
1026115,26,"I21","privé - sans psg",641,8,"F"
1021103,36,"H41","publis - communales",1788,8,"R"
1008010,20,"J10","privé - sans psg",299,2,"F"
1005570,30,"I21","publis - communales",1221,7,"R"
1025965,19,"A22","privé - psg",45,9,"F"
1028808,18,"C30","publis - communales",237,7,"F"
1019401,17,"B70","privé - psg",99,9,"R"
1012530,13,"F21","privé - sans psg",36,4,"R"
1014220,12,"B41","privé - sans psg",163,9,"F"
1021832,29,"K11","publis - communales",527,3,"F"
1027772,7,"F21","privé - psg",109,4,"R"
1011658,28,"J23","privé - sans psg",294,7,"R"
1002267,14,"J30","privé - sans psg",328,6,"F"
1008548,21,"B52","privé - psg",237,8,"F"
1007604,12,"C41","publics - domaniales",142,8,"F"
1001415,19,"D12","publis - communales",353,8,"F"
1023578,13,"B53","privé - psg",149,10,"F"
1018754,14,"J22","privé - sans psg",158,9,"R"
1003647,44,"H41","publis - communales",1294,8,"F"
1004754,28,"G60","privé - sans psg",650,6,"F"
1026266,14,"A21","privé - sans psg",20,10,"F"
1022236,26,"B82","privé - psg",126,8,"F"
1006384,39,"H30","privé - sans psg",1167,9,"R"
1002705,18,"J30","publics - domaniales",105,10,"F"
1005472,18,"J40","privé - sans psg",418,10,"F"
1006778,43,"H41","privé - sans psg",726,2,"R"
1018345,30,"J21","privé - sans psg",596,10,"F"
1008365,36,"I21","privé - sans psg",796,5,"F"
1026292,32,"F30","privé - sans psg",271,9,"F"
1030565,16,"B22","privé - sans psg",27,4,"F"
1002979,8,"G22","privé - sans psg",1388,10,"F"
1014200,39,"J10","privé - sans psg",78,1,"F"
1003285,8,"B33","publics - domaniales",146,10,"F"
1021278,18,"C52","privé - sans psg",443,8,"F"
1017528,24,"C51","privé - sans psg",198,10,"F"
1017548,20,"G23","privé - psg",576,0,"R"
1000033,39,"E10","privé - psg",576,9,"R"
1000622,46,"E10","publis - communales",541,9,"R"
1009701,30,"G12","publics - domaniales",405,8,"F"
1020919,31,"B53","privé - psg",210,10,"R"
1016851,20,"E10","privé - sans psg",653,10,"F"
1022273,35,"G90","privé - sans psg",810,10,"R"
1000585,94,"H21","privé - sans psg",817,9,"F"
1029844,14,"B61","privé - sans psg",102,9,"F"
1024084,28,"F15","privé - sans psg",160,10,"R"
1031054,12,"C11","publics - domaniales",378,8,"R"
1009652,12,"B32","privé - psg",161,10,"R"
1000820,16,"E10","privé - sans psg",576,7,"F"
1020605,29,"G42","privé - sans psg",250,9,"F"
1010131,23,"B91","privé - sans psg",193,9,"F"
1001779,23,"B70","privé - psg",99,8,"F"
1012667,25,"B51","privé - sans psg",194,8,"F"
1015738,40,"B91","privé - sans psg",176,10,"R"
1021700,44,"H42","privé - sans psg",1272,9,"R"
1030972,11,"B70","privé - psg",170,8,"F"
1018870,24,"F51","privé - psg",153,9,"F"
1030251,32,"G41","privé - sans psg",408,9,"F"
1006722,36,"C20","publis - communales",412,10,"F"
1003290,8,"G42","privé - sans psg",919,9,"F"
1025451,27,"E20","privé - sans psg",1044,6,"F"
1014836,29,"G13","publis - communales",631,8,"R"
1010819,27,"F14","privé - sans psg",81,9,"F"
1017092,19,"B33","privé - psg",117,3,"F"
1017112,13,"G13","privé - sans psg",608,10,"F"
1023298,16,"D12","publis - communales",390,0,"F"
1021739,31,"C42","privé - psg",396,9,"F"
1004128,14,"B92","privé - psg",300,9,"F"
1016151,22,"B32","publics - domaniales",176,10,"F"
1015658,27,"E10","privé - sans psg",265,10,"F"
1004187,11,"C30","publis - communales",394,6,"F"
1000433,38,"E10","publis - communales",1165,10,"F"
1000540,21,"F15","privé - psg",192,9,"R"
1010258,22,"A30","privé - sans psg",35,9,"F"
1014384,22,"F30","privé - sans psg",213,0,"F"
1001049,33,"C20","privé - psg",241,9,"F"
1001430,15,"G22","privé - sans psg",827,6,"F"
1010566,28,"C51","privé - sans psg",310,10,"F"
1016302,17,"F30","privé - sans psg",476,9,"F"
1014333,34,"E10","publis - communales",591,9,"F"
1021990,43,"J10","privé - sans psg",142,1,"R"
1024230,31,"J10","privé - sans psg",346,2,"F"
1016269,34,"H10","privé - sans psg",1135,10,"F"
1027714,48,"G30","privé - sans psg",1072,3,"F"
1022600,9,"E10","privé - sans psg",483,9,"R"
1025613,51,"E20","privé - sans psg",800,5,"F"
1021910,13,"D12","publis - communales",363,7,"F"
1024283,19,"B62","privé - psg",175,10,"F"
1005932,26,"H30","publis - communales",1155,10,"R"
1004351,12,"I21","publis - communales",1258,9,"R"
1007864,52,"H41","privé - sans psg",687,8,"F"
1031116,22,"B32","privé - psg",125,9,"F"
1005696,20,"B22","privé - sans psg",78,7,"F"
1022897,9,"F11","publics - domaniales",154,10,"F"
1024423,18,"D12","publis - communales",270,9,"F"
1025134,18,"B32","privé - sans psg",77,10,"F"
1019851,30,"D11","publis - communales",447,7,"F"
1016881,52,"H41","publis - communales",1783,6,"R"
1004985,47,"E20","publis - communales",1009,0,"R"
1015494,13,"A30","privé - sans psg",83,8,"F"
1013960,53,"C20","privé - psg",288,8,"R"
1003530,20,"G70","privé - sans psg",426,9,"F"
1012188,17,"D11","publics - domaniales",745,0,"F"
1018352,33,"C20","privé - psg",310,10,"F"
1009616,34,"C20","privé - psg",285,9,"R"
1021738,14,"C30","publis - communales",412,9,"F"
1011991,64,"G30","privé - sans psg",733,10,"F"
1003811,33,"J10","privé - sans psg",185,3,"R"
1012190,15,"G30","privé - sans psg",1173,5,"R"
1017004,31,"K11","privé - sans psg",216,7,"F"
1013060,24,"C30","publis - communales",290,9,"F"
1005246,33,"G12","privé - sans psg",498,9,"R"
1011362,12,"D11","publics - domaniales",322,8,"F"
1016429,19,"C51","publis - communales",319,10,"F"
1001246,20,"I21","publis - communales",324,8,"R"
1018731,25,"C42","privé - psg",377,8,"F"
1004567,13,"B70","privé - psg",181,10,"F"
1017386,24,"J22","privé - sans psg",671,9,"F"
1003038,47,"H10","publis - communales",1221,10,"R"
1012944,10,"B33","publics - domaniales",229,10,"F"
1011389,13,"F23","privé - psg",127,7,"R"
1017167,12,"J30","publis - communales",262,5,"F"
1017641,17,"B10","publics - domaniales",63,10,"F"
1010829,15,"H30","privé - psg",1377,6,"R"
1015090,7,"B61","privé - psg",73,8,"R"
1004904,22,"C51","publis - communales",321,10,"F"
1007374,16,"I12","privé - sans psg",1463,10,"F"
1013013,35,"I21","privé - sans psg",697,7,"F"
1023257,26,"G22","privé - psg",360,1,"F"
1004898,13,"D11","publics - domaniales",742,7,"R"
1021303,8,"F21","privé - sans psg",32,0,"R"
1008658,17,"G13","privé - sans psg",442,9,"F"
1020934,6,"F21","publics - domaniales",112,0,"F"
1014476,22,"F52","privé - sans psg",260,10,"F"
1018724,6,"B33","publics - domaniales",157,10,"F"
1029199,41,"J22","privé - sans psg",426,9,"R"
1025959,47,"H10","privé - sans psg",893,10,"F"
1026578,52,"H42","privé - sans psg",1539,7,"F"
1009965,18,"G11","privé - sans psg",155,9,"F"
1025783,14,"D11","publics - domaniales",534,10,"F"
1001308,23,"J21","privé - sans psg",83,10,"F"
1029824,13,"B70","publics - domaniales",171,8,"F"
1021831,16,"J40","privé - sans psg",845,7,"F"
1001737,15,"B70","privé - sans psg",128,10,"F"
1014137,30,"G13","privé - sans psg",526,10,"F"
1024229,13,"H30","publis - communales",1019,5,"R"
1024817,60,"G30","privé - sans psg",815,7,"F"
1030271,16,"J40","privé - sans psg",331,10,"F"
1020312,33,"G22","publis - communales",1144,10,"F"
1002236,11,"F21","publis - communales",34,5,"R"
1015647,30,"F30","privé - sans psg",275,10,"F"
1009538,22,"F30","privé - sans psg",179,10,"F"
1013774,19,"J22","publis - communales",671,9,"R"
1010011,49,"G30","privé - sans psg",1198,8,"F"
1009930,44,"E20","publis - communales",753,10,"F"
1026275,38,"J23","privé - sans psg",234,8,"F"
1025892,33,"F40","privé - sans psg",303,9,"F"
1004545,21,"B44","privé - psg",159,9,"F"
1015061,51,"C20","publis - communales",254,7,"F"
1015732,17,"B92","privé - psg",256,8,"F"
1004459,18,"E10","publis - communales",512,9,"F"
1014522,45,"H41","privé - sans psg",669,10,"R"
1001205,30,"G11","privé - sans psg",321,8,"F"
1016716,22,"G12","privé - sans psg",214,9,"F"
1002129,32,"F40","privé - sans psg",203,10,"F"
1029193,26,"B43","privé - sans psg",174,0,"R"
1013448,21,"J23","privé - psg",692,6,"F"
1030285,34,"C52","privé - sans psg",300,10,"F"
1026427,54,"B92","privé - sans psg",379,9,"F"
1000111,22,"G60","privé - sans psg",654,8,"F"
1024122,19,"B32","privé - psg",181,9,"F"
1030673,25,"C20","publis - communales",248,9,"F"
1027133,21,"B52","privé - sans psg",187,10,"R"
1020442,24,"A11","privé - sans psg",66,9,"F"
1023331,39,"H41","privé - sans psg",1834,5,"R"
1016306,24,"C30","privé - sans psg",355,9,"F"
1014748,25,"G70","privé - psg",301,7,"F"
1017119,28,"G13","privé - sans psg",565,0,"F"
1003113,38,"J22","privé - sans psg",134,6,"R"
1014242,16,"C51","privé - psg",251,0,"F"
1028082,27,"B53","privé - psg",226,10,"F"
1020265,26,"C20","privé - psg",373,5,"F"
1027182,31,"G21","privé - sans psg",819,9,"F"
1013953,5,"I21","publis - communales",1137,10,"F"
1006777,14,"B70","publics - domaniales",133,10,"F"
1010499,18,"A13","privé - psg",86,9,"F"
1018337,60,"C20","privé - sans psg",427,4,"F"
1026678,25,"C20","publics - domaniales",298,8,"F"
1000231,12,"D12","publis - communales",313,9,"R"
1018871,12,"F21","privé - psg",56,5,"R"
1004160,10,"F21","privé - psg",75,4,"R"
1028458,43,"H30","publics - domaniales",1387,8,"R"
1016511,21,"G70","privé - psg",886,8,"R"
1013108,17,"B31","privé - sans psg",92,9,"F"
1003952,16,"F30","privé - sans psg",122,10,"F"
1007539,12,"A13","publics - domaniales",248,9,"R"
1029047,71,"E20","privé - sans psg",1001,9,"F"
1026881,32,"I21","publis - communales",1228,9,"R"
1002285,26,"G11","privé - sans psg",183,6,"F"
1026743,42,"G13","privé - sans psg",500,3,"F"
1021811,34,"C20","privé - sans psg",297,9,"F"
1026189,16,"J23","publis - communales",427,7,"F"
1002456,22,"G30","privé - sans psg",1300,9,"R"
1001192,41,"K13","privé - sans psg",696,1,"R"
1011191,13,"B43","privé - sans psg",57,9,"F"
1021609,21,"A30","privé - sans psg",22,9,"F"
1002104,23,"A13","privé - sans psg",130,10,"F"
1017841,21,"B41","privé - sans psg",74,7,"F"
1020376,27,"C20","publis - communales",295,9,"F"
1002425,19,"G11","privé - sans psg",331,7,"F"
1020382,51,"E20","publis - communales",984,9,"R"
1001597,11,"C30","publis - communales",362,9,"F"
1010556,11,"I21","publis - communales",495,7,"F"
1003085,27,"J10","privé - sans psg",308,4,"F"
1031100,11,"D11","publis - communales",1026,8,"F"
1005013,9,"G50","privé - sans psg",734,10,"F"
1025199,18,"C20","publis - communales",511,9,"F"
1014030,23,"C20","publis - communales",347,1,"F"
1025425,26,"A30","privé - sans psg",35,10,"F"
1003297,30,"G12","privé - sans psg",234,10,"F"
1025416,17,"B22","privé - psg",99,8,"F"
1030984,15,"B22","privé - psg",141,9,"F"
1023141,25,"G22","privé - sans psg",1419,2,"R"
1002808,12,"G12","privé - sans psg",229,10,"F"
1015371,12,"B32","publics - domaniales",36,10,"R"
1026329,28,"J10","privé - sans psg",214,6,"F"
1001437,27,"D11","privé - psg",607,7,"R"
1030043,15,"C51","publics - domaniales",246,8,"F"
1002418,25,"B41","publics - domaniales",143,9,"F"
1007171,3,"C51","privé - psg",209,9,"F"
1005363,13,"B41","privé - psg",114,9,"F"
1023431,22,"B42","publics - domaniales",85,8,"R"
1009473,30,"J23","privé - sans psg",177,7,"R"
1000029,20,"B32","privé - psg",146,9,"F"
1016257,24,"F23","privé - sans psg",47,10,"F"
1026833,20,"G90","privé - psg",374,10,"F"
1021563,33,"H10","privé - sans psg",729,10,"F"
1021623,23,"I21","privé - sans psg",1006,4,"F"
1018424,57,"K11","privé - sans psg",146,3,"F"
1008490,23,"G21","privé - psg",732,0,"F"
1008235,34,"G30","privé - sans psg",1199,7,"R"
1012626,8,"C30","publics - domaniales",259,9,"F"
1010894,37,"A11","privé - sans psg",44,7,"F"
1002476,13,"B52","publis - communales",226,7,"F"
1004831,20,"E10","privé - sans psg",401,9,"F"
1022115,14,"J23","privé - sans psg",502,7,"F"
1010547,26,"G30","publics - domaniales",1348,9,"R"
1002054,70,"H10","privé - sans psg",1338,8,"R"
1015193,22,"F12","privé - psg",73,4,"F"
1028505,6,"B41","privé - psg",121,8,"R"
1022253,16,"F30","privé - sans psg",268,1,"F"
1013162,21,"K12","privé - sans psg",740,8,"F"
1028914,30,"C51","privé - sans psg",236,9,"F"
1018453,17,"J10","publis - communales",118,10,"F"
1019571,25,"F14","privé - sans psg",24,9,"F"
1030691,10,"J40","privé - psg",1189,5,"R"
1000024,22,"G23","privé - sans psg",623,10,"R"
1014673,50,"B33","privé - sans psg",106,10,"F"
1015708,9,"G11","privé - sans psg",397,10,"R"
1013996,9,"F21","privé - psg",41,0,"F"
1014516,20,"B53","privé - sans psg",187,10,"F"
1022011,10,"G23","privé - psg",575,9,"R"
1015293,8,"C20","privé - psg",197,10,"R"
1023051,16,"B44","privé - psg",139,6,"F"
1002783,46,"C20","publics - domaniales",335,0,"F"
1022395,9,"B81","publics - domaniales",91,5,"R"
1026918,13,"G50","privé - sans psg",302,7,"F"
1017798,28,"A11","privé - sans psg",123,8,"F"
1020356,16,"H30","publics - domaniales",1285,8,"R"
1024384,17,"A21","privé - sans psg",64,1,"F"
1025950,13,"C51","privé - psg",240,10,"F"
1001380,32,"C20","publis - communales",375,8,"F"
1022895,6,"F21","privé - psg",69,3,"R"
1004344,19,"J22","publis - communales",387,8,"F"
1023995,15,"H41","privé - psg",1480,5,"R"
1006003,44,"G22","privé - sans psg",918,10,"F"
1023668,14,"C30","publis - communales",428,9,"F"
1019712,20,"J10","publics - domaniales",220,6,"F"
1030767,31,"F30","privé - sans psg",106,8,"F"
1016961,30,"G90","privé - psg",334,10,"F"
1013662,13,"C20","privé - psg",544,6,"F"
1020371,17,"C20","publis - communales",335,10,"F"
1021046,20,"H30","privé - sans psg",770,3,"R"
1021092,17,"G11","privé - sans psg",403,7,"F"
1016607,23,"G13","privé - sans psg",567,10,"R"
1010737,13,"B81","privé - sans psg",72,7,"F"
1026002,34,"C30","privé - psg",429,9,"F"
1001570,38,"H10","publis - communales",1652,6,"R"
1023486,12,"A21","privé - sans psg",26,9,"F"
1018132,24,"J10","publis - communales",267,8,"R"
1025097,29,"A22","privé - sans psg",69,10,"F"
1018543,37,"H10","publis - communales",1448,8,"R"
1022703,14,"G11","privé - psg",413,2,"R"
1000097,29,"J23","publis - communales",256,7,"R"
1016272,10,"G70","privé - sans psg",784,9,"F"
1000218,16,"B10","publics - domaniales",187,9,"F"
1019295,21,"J10","privé - sans psg",242,9,"F"
1014599,10,"C30","publics - domaniales",296,9,"F"
1009174,35,"G23","privé - psg",455,10,"F"
1012628,29,"J23","privé - sans psg",516,7,"F"
1015783,37,"G22","privé - sans psg",660,10,"F"
1025113,9,"B53","privé - psg",247,9,"F"
1016488,17,"H30","privé - sans psg",762,8,"F"
1003908,12,"B10","privé - psg",38,10,"F"
1028254,12,"A30","privé - sans psg",199,8,"F"
1014299,23,"F30","publis - communales",359,10,"F"
1026797,27,"D11","publis - communales",531,7,"F"
1006046,40,"I12","publics - domaniales",1509,10,"R"
1029474,25,"B10","privé - sans psg",126,9,"F"
1017176,44,"J10","publis - communales",124,3,"F"
1009825,20,"C30","publis - communales",286,9,"F"
1002378,16,"B91","privé - sans psg",265,10,"F"
1024839,12,"A30","privé - sans psg",52,5,"F"
1027735,11,"B70","privé - psg",154,10,"R"
1013255,33,"F51","privé - sans psg",63,9,"F"
1025490,11,"A11","privé - sans psg",129,3,"R"
1014202,15,"D11","publis - communales",333,8,"F"
1017360,21,"B51","privé - psg",152,8,"F"
1019375,27,"B53","privé - sans psg",185,10,"F"
1004716,28,"F30","privé - sans psg",293,8,"F"
1011578,22,"B41","privé - sans psg",73,10,"F"
1000849,25,"K13","publis - communales",849,5,"R"
1011388,44,"C20","publics - domaniales",326,7,"F"
1005997,32,"F52","privé - sans psg",102,4,"F"
1015991,23,"B44","privé - sans psg",117,10,"F"
1008914,16,"G13","privé - sans psg",601,9,"F"
1023446,22,"H30","privé - sans psg",921,0,"F"
1007260,18,"J23","publis - communales",573,9,"F"
1004517,15,"C30","publis - communales",258,10,"F"
1028264,64,"H21","privé - sans psg",1143,5,"F"
1025298,55,"C20","publics - domaniales",522,4,"F"
1017155,40,"C20","publis - communales",380,2,"F"
1012727,15,"A13","privé - sans psg",211,5,"F"
1010951,13,"H30","publics - domaniales",992,9,"F"
1023830,56,"I21","privé - sans psg",1319,6,"F"
1025571,12,"F21","privé - psg",54,0,"R"
1013654,24,"A12","privé - sans psg",61,10,"F"
1024240,15,"B33","publics - domaniales",280,10,"F"
1002255,18,"B41","privé - sans psg",169,9,"R"
1026727,18,"A11","privé - sans psg",41,10,"F"
1022931,25,"G11","privé - sans psg",400,9,"F"
1002357,13,"J10","publis - communales",198,8,"R"
1012392,21,"B53","publis - communales",278,9,"F"
1002035,7,"B41","privé - sans psg",165,8,"F"
1010368,18,"F30","privé - sans psg",136,3,"F"
1005304,51,"H30","publics - domaniales",923,9,"R"
1010239,24,"J23","privé - psg",302,4,"F"
1021187,18,"J22","publis - communales",300,0,"F"
1012744,14,"G13","privé - sans psg",448,10,"F"
1021776,24,"G13","privé - sans psg",267,9,"F"
1014374,29,"G60","privé - sans psg",873,8,"F"
1025141,32,"G60","privé - sans psg",608,10,"F"
1008091,11,"B42","publis - communales",114,9,"F"
1028878,38,"G80","privé - sans psg",407,7,"F"
1022750,15,"G50","privé - sans psg",472,9,"F"
1012341,28,"C52","privé - sans psg",536,9,"F"
1008981,7,"B70","privé - sans psg",128,9,"R"
1017960,36,"E10","publis - communales",557,9,"F"
1029220,33,"F40","privé - sans psg",339,8,"F"
1008709,23,"B51","privé - sans psg",114,8,"F"
1021940,28,"G22","publics - domaniales",1403,6,"R"
1020738,27,"F30","privé - sans psg",430,0,"R"
1025926,21,"F15","privé - sans psg",195,10,"F"
1029947,22,"B52","privé - sans psg",167,9,"F"
1012210,18,"J23","privé - sans psg",353,8,"F"
1011250,13,"B91","privé - sans psg",288,10,"F"
1000584,23,"C51","publics - domaniales",260,10,"F"
1007299,16,"B91","privé - psg",167,10,"F"
1025685,24,"D12","publis - communales",258,8,"F"
1016292,56,"H10","publis - communales",1000,7,"R"
1003446,54,"G30","privé - sans psg",576,7,"F"
1010284,14,"C30","publis - communales",347,9,"F"
1005264,21,"G41","privé - sans psg",474,9,"F"
1003929,14,"C30","privé - sans psg",220,9,"F"
1003306,20,"C30","publis - communales",236,10,"F"
1013897,16,"C52","privé - sans psg",370,9,"F"
1021087,27,"E10","publis - communales",434,10,"F"
1010684,37,"I12","privé - sans psg",642,10,"F"
1006224,89,"E20","privé - sans psg",1442,8,"R"
1009572,32,"C20","privé - sans psg",376,9,"F"
1010054,15,"A22","privé - sans psg",42,10,"R"
1001820,49,"J23","privé - sans psg",355,8,"R"
1013059,25,"C52","privé - sans psg",341,6,"F"
1018049,49,"G41","privé - sans psg",639,8,"R"
1016819,22,"C20","publis - communales",430,9,"F"
1022984,31,"D11","privé - sans psg",540,9,"R"
1025184,23,"F15","privé - sans psg",222,10,"F"
1008645,27,"C20","publics - domaniales",226,10,"F"
1011970,32,"G41","privé - sans psg",344,10,"F"
1005401,15,"K11","privé - sans psg",722,5,"F"
1018771,17,"B61","privé - psg",40,7,"R"
1025226,13,"F21","publics - domaniales",17,5,"R"
1021355,14,"D11","publics - domaniales",272,10,"F"
1005280,9,"B61","privé - psg",88,10,"F"
1008957,20,"G13","privé - sans psg",519,9,"R"
1029213,20,"A30","privé - sans psg",148,4,"F"
1006890,18,"B10","privé - sans psg",97,9,"F"
1010104,34,"C20","publics - domaniales",344,8,"F"
1028372,20,"A22","privé - sans psg",50,1,"F"
1013695,27,"C51","privé - sans psg",201,10,"F"
1007351,27,"F52","privé - psg",114,10,"F"
1018155,16,"B32","privé - sans psg",162,9,"F"
1031249,15,"B32","privé - psg",154,8,"F"
1009064,24,"B82","privé - sans psg",116,1,"F"
1027905,27,"G22","privé - sans psg",909,9,"R"
1010197,51,"I21","privé - sans psg",1081,10,"F"
1004292,18,"B52","privé - psg",218,10,"F"
1007512,25,"C51","publis - communales",238,9,"F"
1015951,13,"B70","privé - sans psg",106,10,"F"
1029222,27,"C20","privé - sans psg",174,7,"F"
1009668,21,"C20","privé - sans psg",383,7,"R"
1020115,18,"F15","privé - sans psg",239,0,"F"
1025049,18,"B62","publics - domaniales",87,10,"F"
1009510,23,"B70","privé - sans psg",92,1,"F"
1015739,62,"G30","privé - sans psg",932,5,"F"
1026402,22,"C20","publis - communales",483,10,"F"
1020056,20,"G13","privé - sans psg",395,1,"F"
1017824,22,"A11","privé - sans psg",169,10,"F"
1020896,16,"K11","publis - communales",826,8,"R"
1010910,26,"B51","privé - sans psg",192,10,"F"
1022315,13,"A21","privé - sans psg",104,10,"F"
1016331,44,"C20","publis - communales",305,3,"F"
1019904,18,"C20","privé - sans psg",409,10,"F"
1014736,17,"F15","privé - sans psg",130,10,"F"
1006957,24,"I12","privé - sans psg",777,10,"F"
1009298,26,"G50","privé - sans psg",348,10,"F"
1003467,34,"G11","privé - sans psg",235,9,"F"
1002033,10,"G70","privé - sans psg",628,10,"F"
1002598,25,"H41","privé - sans psg",1881,6,"R"
1020054,22,"A12","privé - sans psg",59,10,"R"
1019485,40,"C20","privé - psg",411,10,"F"
1018081,48,"H42","publis - communales",1713,4,"R"
1013052,18,"F21","privé - sans psg",72,4,"R"
1012495,19,"F21","privé - sans psg",14,7,"F"
1009008,15,"F52","privé - sans psg",94,0,"F"
1001217,8,"G22","privé - sans psg",1035,7,"R"
1026745,13,"A13","publics - domaniales",203,10,"F"
1015462,90,"H22","publis - communales",1330,6,"R"
1015172,29,"I11","privé - sans psg",196,6,"F"
1003826,21,"J23","privé - sans psg",194,9,"R"
1021644,31,"J22","privé - sans psg",360,10,"R"
1009814,15,"H30","privé - sans psg",837,10,"F"
1014098,59,"E10","privé - sans psg",476,8,"R"
1008567,23,"B51","privé - sans psg",107,10,"F"
1019309,8,"B41","privé - sans psg",146,9,"F"
1024505,18,"C20","publics - domaniales",459,8,"F"
1003386,38,"C20","publis - communales",311,0,"F"
1023165,11,"B52","publis - communales",261,10,"F"
1014711,37,"B53","publis - communales",341,9,"F"
1029773,12,"B62","publics - domaniales",130,10,"F"
1017365,25,"B70","privé - psg",134,10,"F"
1030965,18,"B92","privé - psg",290,10,"F"
1010974,9,"B70","publics - domaniales",169,4,"R"
1017830,30,"H41","privé - sans psg",1289,7,"R"
1025833,44,"C30","publis - communales",231,9,"F"
1010919,18,"B42","publics - domaniales",111,8,"F"
1005319,23,"B53","privé - psg",337,9,"F"
1030430,24,"F15","privé - sans psg",142,6,"R"
1008223,19,"C30","publis - communales",250,9,"F"
1023821,17,"B22","privé - sans psg",92,9,"F"
1015316,12,"D11","privé - sans psg",696,10,"F"
1016524,37,"B23","publics - domaniales",178,8,"F"
1014674,31,"G12","privé - sans psg",272,9,"F"
1001401,10,"G13","privé - psg",524,8,"R"
1026110,48,"E10","privé - sans psg",424,8,"F"
1012302,31,"G12","privé - sans psg",447,10,"F"
1009251,12,"B70","privé - psg",110,10,"F"
1013420,16,"C30","privé - psg",274,9,"F"
1029471,22,"C20","publis - communales",370,3,"F"
1025878,37,"A11","privé - sans psg",81,10,"F"
1017558,33,"J40","publis - communales",540,3,"F"
1003872,30,"C20","privé - psg",362,7,"F"
1028904,31,"C20","privé - psg",342,4,"F"
1001287,7,"H30","publics - domaniales",1380,7,"F"
1021671,19,"A12","privé - sans psg",181,10,"F"
1028317,23,"B41","publics - domaniales",74,6,"F"
1027486,12,"F21","privé - sans psg",50,5,"R"
1007472,17,"F30","privé - sans psg",105,8,"F"
1023619,26,"E10","publis - communales",447,5,"F"
1019224,28,"H21","privé - sans psg",790,10,"F"
1006868,28,"C20","privé - psg",339,7,"R"
1000429,61,"G22","privé - sans psg",544,8,"F"
1024478,9,"F21","privé - sans psg",45,0,"F"
1016271,22,"B70","privé - psg",141,6,"F"
1016137,15,"F15","privé - sans psg",161,9,"F"
1019003,26,"A30","privé - sans psg",21,10,"F"
1023587,23,"B42","privé - sans psg",164,8,"F"
1024087,11,"B61","privé - sans psg",82,10,"F"
1014285,15,"F22","publics - domaniales",19,5,"R"
1005489,24,"G80","privé - sans psg",402,2,"F"
1012312,36,"I12","privé - sans psg",954,3,"F"
1026899,11,"G70","privé - sans psg",511,8,"R"
1017854,8,"F21","privé - sans psg",27,5,"R"
1016099,16,"F21","privé - sans psg",7,6,"F"
1024702,23,"G42","privé - sans psg",560,10,"F"
1006666,14,"F21","privé - psg",96,3,"R"
1009715,30,"C20","privé - psg",372,10,"F"
1006880,38,"J23","privé - sans psg",233,6,"R"
1029896,24,"G21","publis - communales",623,5,"R"
1000751,28,"F40","privé - sans psg",227,10,"F"
1018657,13,"H30","privé - sans psg",1180,8,"R"
1011521,14,"J23","privé - sans psg",41,9,"R"
1029488,42,"B43","privé - sans psg",191,10,"F"
1017388,36,"E20","publis - communales",612,10,"F"
1018783,34,"F30","privé - sans psg",143,7,"F"
1031104,19,"B82","privé - sans psg",125,10,"F"
1012011,17,"B70","publics - domaniales",127,10,"F"
1001953,23,"G13","privé - sans psg",583,10,"F"
1024018,41,"F40","privé - sans psg",331,6,"F"
1025675,28,"B82","privé - psg",132,8,"R"
1020421,14,"G42","privé - sans psg",738,9,"R"
1005840,43,"H10","publis - communales",1229,10,"F"
1016084,34,"E10","publis - communales",541,10,"F"
1029113,14,"C30","publis - communales",326,8,"F"
1010395,23,"A11","privé - sans psg",180,6,"F"
1010576,35,"C20","privé - sans psg",269,10,"F"
1020462,30,"G13","privé - sans psg",306,8,"F"
1018062,38,"F40","privé - psg",361,7,"F"
1019047,24,"G22","privé - sans psg",491,7,"F"
1012679,23,"C20","publis - communales",329,2,"F"
1001048,25,"C20","privé - sans psg",382,9,"F"
1021884,52,"H41","publis - communales",1180,3,"F"
1004023,16,"B70","publics - domaniales",153,9,"F"
1011712,14,"B10","privé - sans psg",130,7,"F"
1025689,10,"A22","privé - sans psg",24,9,"F"
1028198,53,"G22","privé - sans psg",839,10,"R"
1028263,11,"G13","privé - sans psg",758,0,"F"
1030994,22,"E20","publis - communales",981,9,"F"
1009005,25,"F14","privé - sans psg",93,4,"R"
1025684,38,"H10","privé - sans psg",1337,10,"F"
1020439,43,"I11","privé - sans psg",614,7,"F"
1017834,12,"D12","privé - psg",364,0,"R"
1019803,18,"J22","privé - sans psg",343,10,"F"
1009461,9,"F21","privé - sans psg",61,0,"R"
1018554,10,"B41","privé - psg",134,10,"F"
1005439,10,"C20","publis - communales",274,0,"F"
1002250,22,"K11","privé - sans psg",280,8,"F"
1003087,11,"B33","privé - psg",231,10,"F"
1014716,20,"J23","privé - sans psg",515,3,"R"
1012725,33,"E10","privé - sans psg",482,9,"F"
1027738,10,"B61","privé - psg",117,8,"F"
1001097,16,"F23","privé - sans psg",87,9,"R"
1019237,8,"D12","publics - domaniales",385,9,"F"
1013957,34,"I21","publics - domaniales",497,9,"F"
1002766,31,"D11","privé - psg",789,7,"F"
1004644,25,"B41","privé - sans psg",152,1,"F"
1020108,30,"C20","publis - communales",286,8,"F"
1025918,21,"G30","publis - communales",1301,8,"F"
1002531,30,"E10","privé - sans psg",624,10,"R"
1002996,27,"B62","privé - sans psg",88,10,"F"
1030907,22,"B10","privé - psg",126,9,"F"
1023530,29,"K12","publis - communales",1300,9,"F"
1027577,21,"I21","publis - communales",966,9,"F"
1023492,29,"J23","privé - sans psg",310,9,"R"
1001757,26,"B92","privé - psg",306,10,"F"
1011175,20,"J22","privé - sans psg",340,3,"F"
1007192,12,"F15","privé - sans psg",175,10,"F"
1030338,30,"D11","publis - communales",347,10,"F"
1004387,20,"A12","privé - sans psg",101,8,"F"
1028614,12,"F15","privé - sans psg",152,0,"F"
1018365,19,"B10","privé - psg",118,9,"F"
1019475,53,"E20","privé - sans psg",979,9,"R"
1004620,28,"B42","privé - sans psg",213,0,"F"
1016448,10,"A13","privé - psg",185,9,"R"
1000126,27,"G22","publis - communales",1040,10,"R"
1021226,46,"I22","publis - communales",1751,10,"R"
1012054,5,"F22","publics - domaniales",14,5,"R"
1006716,28,"J10","privé - sans psg",250,1,"F"
1029180,10,"D12","privé - psg",585,10,"R"
1003156,22,"J40","privé - sans psg",476,8,"F"
1023661,18,"B10","privé - sans psg",127,9,"F"
1027489,30,"B52","publics - domaniales",162,9,"F"
1009914,20,"C41","publis - communales",172,6,"F"
1031133,20,"B41","privé - sans psg",40,9,"F"
1029857,12,"F52","privé - sans psg",107,7,"F"
1006925,33,"G80","privé - psg",651,10,"R"
1017603,17,"D12","publis - communales",223,9,"F"
1025502,15,"B70","privé - psg",126,10,"R"
1006591,21,"B10","privé - sans psg",150,10,"F"
1000258,5,"G13","privé - sans psg",573,10,"F"
1016615,30,"G50","privé - psg",654,10,"F"
1030703,18,"F51","privé - psg",10,6,"F"
1012828,27,"B42","privé - psg",113,2,"F"
1018952,5,"F21","privé - psg",86,0,"R"
1023253,8,"F21","privé - psg",53,0,"F"
1015503,7,"G22","privé - sans psg",598,10,"F"
1015698,12,"G50","privé - sans psg",343,10,"F"
1023537,19,"B33","privé - psg",244,10,"F"
1005582,28,"B70","privé - psg",127,9,"R"
1004968,7,"A13","privé - psg",289,0,"R"
1024188,11,"H30","publis - communales",1136,10,"R"
1016204,25,"F15","privé - sans psg",81,6,"R"
1004901,23,"B53","privé - sans psg",208,10,"F"
1008450,12,"B42","privé - psg",115,9,"F"
1021598,11,"G22","privé - sans psg",994,10,"R"
1013755,22,"C52","privé - sans psg",513,10,"F"
1029787,27,"G50","privé - sans psg",557,10,"F"
1018623,21,"J23","publis - communales",555,1,"F"
1002052,15,"B33","privé - sans psg",256,10,"F"
1009613,36,"B23","publics - domaniales",155,8,"F"
1017794,16,"A21","privé - sans psg",150,9,"R"
1014092,20,"C20","privé - sans psg",276,10,"F"
1005807,4,"H30","publis - communales",1331,10,"F"
1025575,27,"B23","publics - domaniales",149,8,"F"
1006980,35,"F30","privé - sans psg",256,4,"F"
1006193,51,"G22","privé - sans psg",733,9,"R"
1008452,28,"C20","publis - communales",230,10,"F"
1020697,26,"J10","privé - sans psg",173,8,"F"
1027094,21,"G12","privé - sans psg",386,10,"F"
1002144,24,"E10","privé - sans psg",586,10,"F"
1027680,19,"G11","privé - sans psg",222,8,"F"
1014400,34,"C20","privé - psg",375,9,"F"
1025504,65,"H30","privé - sans psg",922,10,"R"
1023006,8,"I21","privé - sans psg",576,4,"F"
1026800,24,"I13","privé - sans psg",325,2,"F"
1026701,33,"B61","privé - sans psg",53,10,"F"
1010509,18,"B31","privé - psg",172,9,"F"
1001161,30,"C20","privé - psg",277,8,"F"
1011318,22,"F40","privé - sans psg",268,10,"F"
1003042,13,"C20","privé - psg",308,10,"F"
1026330,45,"I22","publis - communales",1025,10,"F"
1018380,17,"G13","privé - sans psg",695,9,"F"
1005702,18,"B22","privé - sans psg",134,10,"F"
1030201,12,"F21","privé - sans psg",75,4,"F"
1014251,20,"C51","publics - domaniales",262,10,"F"
1020522,10,"I12","privé - sans psg",822,10,"F"
1013875,45,"I12","privé - sans psg",1357,7,"R"
1007620,2,"F52","privé - sans psg",62,0,NA
1028692,18,"H10","privé - sans psg",1064,2,"F"
1016240,47,"C20","publis - communales",387,10,"F"
1016698,16,"F21","publis - communales",28,3,"R"
1007717,3,"G22","privé - sans psg",988,9,"R"
1025608,21,"F12","privé - psg",102,10,"F"
1029646,16,"G42","privé - psg",1160,8,"R"
1024888,21,"G21","privé - sans psg",517,10,"F"
1020349,45,"G80","privé - psg",672,8,"F"
1009957,16,"C30","publics - domaniales",336,8,"F"
1011705,32,"J23","privé - sans psg",357,9,"R"
1001236,23,"B70","privé - psg",91,9,"F"
1018741,20,"A13","privé - sans psg",191,8,"F"
1025175,15,"G11","privé - sans psg",366,9,"F"
1006165,28,"B44","privé - sans psg",109,8,"F"
1016223,26,"C20","publics - domaniales",304,8,"F"
1031206,24,"F30","privé - sans psg",413,10,"F"
1027799,17,"C30","publis - communales",370,9,"F"
1015704,11,"G13","privé - sans psg",681,9,"F"
1012997,23,"C20","publis - communales",307,8,"F"
1010874,17,"K12","publis - communales",1317,9,"R"
1031032,18,"G13","privé - sans psg",642,8,"F"
1001979,29,"C11","publics - domaniales",198,10,"F"
1005653,18,"C30","publics - domaniales",246,8,"F"
1015736,12,"F21","privé - psg",63,4,"R"
1029431,9,"F22","privé - sans psg",18,6,"R"
1003843,9,"A11","publis - communales",129,6,"R"
1008673,18,"J10","publis - communales",262,7,"R"
1003162,15,"B82","privé - sans psg",146,5,"F"
1006368,17,"B70","privé - psg",125,8,"R"
1004832,19,"J30","publis - communales",311,7,"F"
1001042,36,"G12","privé - sans psg",302,5,"F"
1001669,15,"G11","privé - psg",464,10,"F"
1000687,35,"G11","privé - sans psg",379,7,"F"
1013546,14,"G11","privé - sans psg",250,5,"F"
1029114,3,"F21","privé - psg",51,0,NA
1022701,25,"C20","publis - communales",340,9,"F"
1014904,23,"I21","privé - sans psg",374,9,"F"
1001303,16,"G13","privé - sans psg",339,9,"F"
1021934,17,"C30","privé - sans psg",229,9,"F"
1019114,11,"F15","privé - psg",198,7,"R"
1000509,27,"G70","privé - sans psg",365,5,"R"
1007191,19,"G42","privé - sans psg",935,7,"R"
1008536,15,"A11","privé - sans psg",111,10,"F"
1010811,10,"D11","publis - communales",390,7,"R"
1001714,57,"E10","privé - sans psg",538,9,"F"
1013409,49,"C20","publics - domaniales",176,7,"F"
1011783,26,"J23","privé - psg",395,10,"R"
1028178,23,"B70","privé - sans psg",110,10,"F"
1018619,10,"G42","privé - sans psg",712,9,"R"
1016362,33,"H22","privé - sans psg",827,8,"F"
1022949,27,"A13","privé - sans psg",130,5,"F"
1008066,26,"C52","privé - sans psg",500,10,"F"
1021236,28,"H30","publis - communales",1355,9,"R"
1005397,14,"G13","privé - sans psg",322,10,"F"
1000434,19,"B81","privé - sans psg",101,9,"F"
1022481,11,"G21","privé - sans psg",673,9,"F"
1029996,22,"J23","privé - sans psg",385,7,"F"
1025357,11,"B91","publics - domaniales",183,9,"F"
1014583,18,"B52","privé - sans psg",179,8,"F"
1024094,12,"K13","privé - sans psg",319,10,"F"
1017536,15,"G42","privé - sans psg",617,8,"F"
1012535,18,"J23","privé - sans psg",403,6,"R"
1013401,25,"G41","privé - sans psg",317,6,"F"
1029564,29,"G60","privé - sans psg",858,7,"R"
1009777,12,"A12","publics - domaniales",108,9,"F"
1017258,18,"A22","privé - psg",80,10,"F"
1028180,14,"B41","publics - domaniales",124,9,"F"
1010809,31,"H22","privé - sans psg",763,7,"F"
1020158,33,"E10","publis - communales",862,9,"F"
1005757,17,"A21","privé - psg",68,7,"F"
1005144,15,"F21","privé - psg",112,6,"R"
1016795,6,"J22","privé - sans psg",2,2,"F"
1006551,33,"B43","privé - sans psg",78,10,"F"
1012187,34,"G23","privé - sans psg",572,8,"F"
1009249,40,"H41","privé - sans psg",1306,1,"F"
1005462,18,"B41","privé - sans psg",55,10,"F"
1013260,17,"C30","publics - domaniales",242,9,"F"
1031253,15,"D11","privé - sans psg",453,1,"R"
1024248,17,"B52","privé - sans psg",156,10,"F"
1004512,27,"C20","publis - communales",194,9,"F"
1005588,26,"K12","privé - sans psg",1473,8,"F"
1014413,45,"G22","privé - sans psg",935,10,"R"
1031072,18,"D11","privé - sans psg",306,10,"F"
1031144,12,"F30","privé - sans psg",19,9,"F"
1014458,21,"C20","privé - sans psg",330,9,"F"
1021049,13,"B32","privé - sans psg",224,10,"F"
1028057,15,"G23","privé - psg",764,9,"R"
1025764,35,"C20","publis - communales",288,9,"F"
1007122,18,"A11","publics - domaniales",119,10,"F"
1009038,14,"D11","publics - domaniales",1020,4,"F"
1013313,24,"E10","privé - sans psg",599,8,"F"
1029643,9,"A13","privé - psg",117,9,"F"
1012253,20,"B53","privé - psg",256,9,"F"
1004785,39,"G80","privé - sans psg",504,7,"F"
1005861,18,"B41","privé - psg",35,8,"F"
1014130,22,"J23","privé - psg",158,9,"F"
1026249,11,"G11","privé - sans psg",389,10,"F"
1004294,35,"H10","publis - communales",1014,9,"R"
1025956,18,"G22","privé - sans psg",1247,4,"F"
1007207,25,"C52","privé - sans psg",210,7,"F"
1021389,44,"H42","privé - sans psg",1782,4,"R"
1021300,21,"B10","privé - sans psg",80,9,"R"
1024695,63,"H10","privé - sans psg",1617,1,"F"
1027420,9,"B92","privé - sans psg",407,10,"F"
1025940,49,"G30","privé - sans psg",819,9,"F"
1031346,30,"I21","publis - communales",742,9,"F"
1029647,10,"F22","publics - domaniales",31,0,"F"
1014525,49,"J10","privé - sans psg",347,6,"F"
1000828,26,"C30","privé - sans psg",213,8,"F"
1014163,26,"J23","publis - communales",256,6,"R"
1023775,9,"D12","publis - communales",461,7,"F"
1011915,12,"B53","privé - sans psg",232,10,"F"
1002043,16,"J23","privé - sans psg",283,9,"F"
1009522,13,"C52","privé - sans psg",561,10,"F"
1009524,19,"F30","privé - sans psg",145,10,"F"
1020534,16,"B92","privé - sans psg",387,10,"F"
1000908,17,"G70","privé - sans psg",635,9,"F"
1030895,20,"B10","privé - psg",108,8,"F"
1026711,14,"B82","privé - psg",152,9,"F"
1026736,22,"G22","privé - sans psg",978,8,"R"
1015586,16,"C20","publis - communales",539,8,"R"
1018137,30,"G21","publis - communales",929,8,"R"
1003502,37,"G22","privé - sans psg",751,0,"F"
1028893,11,"F23","privé - sans psg",63,0,"F"
1012565,43,"I21","publis - communales",914,9,"F"
1017578,28,"G11","privé - psg",417,8,"R"
1004932,15,"C20","privé - sans psg",207,10,"F"
1003047,25,"G22","publis - communales",1123,10,"F"
1027164,45,"C20","privé - sans psg",285,4,"F"
1016184,25,"G13","privé - sans psg",592,9,"F"
1021145,23,"B91","privé - psg",230,10,"F"
1008189,21,"F15","privé - sans psg",220,7,"F"
1000438,25,"C52","privé - sans psg",433,10,"F"
1026432,14,"B51","privé - sans psg",186,10,"F"
1007454,23,"C11","publics - domaniales",332,7,"R"
1010969,10,"A13","publics - domaniales",242,10,"R"
1000546,6,"B81","privé - sans psg",30,5,"F"
1028447,48,"C20","publics - domaniales",356,7,"F"
1013366,49,"J10","privé - sans psg",115,8,"R"
1017323,27,"F15","privé - sans psg",174,7,"F"
1007906,19,"G22","privé - sans psg",982,9,"R"
1020255,30,"C11","privé - psg",204,9,"F"
1009339,38,"J10","privé - sans psg",256,8,"F"
1002067,23,"D11","privé - sans psg",491,10,"F"
1016068,34,"F14","privé - sans psg",69,7,"F"
1011263,23,"B22","privé - sans psg",65,0,"F"
1021556,11,"C52","privé - sans psg",565,2,"F"
1009553,23,"B62","privé - sans psg",122,4,"F"
1005904,18,"B82","privé - sans psg",133,9,"F"
1003515,17,"C51","privé - sans psg",205,8,"F"
1022631,24,"G12","publis - communales",294,10,"F"
1005185,33,"G21","privé - sans psg",771,9,"F"
1002904,22,"G22","privé - psg",857,0,"R"
1015919,41,"G22","privé - sans psg",947,10,"R"
1009841,15,"F22","privé - sans psg",26,4,"R"
1008553,37,"B31","privé - psg",277,10,"F"
1000786,24,"C20","publis - communales",208,10,"F"
1003715,28,"C20","privé - sans psg",250,6,"R"
1005379,35,"B53","privé - psg",239,8,"F"
1005248,40,"E20","publis - communales",807,8,"F"
1008161,10,"F23","privé - sans psg",111,1,"F"
1029501,13,"B70","privé - psg",109,1,"F"
1030300,11,"G22","privé - sans psg",1367,8,"F"
1013929,22,"F30","privé - sans psg",167,9,"F"
1002734,41,"E10","publis - communales",375,9,"F"
1019333,56,"J21","privé - sans psg",100,10,"F"
1026274,32,"B41","privé - psg",195,10,"F"
1024825,42,"I22","privé - sans psg",1016,10,"F"
1011982,36,"H42","publis - communales",2178,7,"R"
1001833,37,"G70","publics - domaniales",1031,8,"R"
1005310,14,"F30","privé - sans psg",275,9,"F"
1008115,11,"B52","privé - sans psg",206,10,"F"
1019971,14,"B91","privé - psg",231,9,"F"
1016986,79,"E20","publis - communales",985,7,"F"
1028437,28,"G13","privé - sans psg",556,8,"F"
1020833,11,"C30","privé - psg",277,9,"F"
1020334,30,"G60","privé - sans psg",875,6,"R"
1017022,30,"I13","publis - communales",339,3,"F"
1024496,15,"A21","privé - psg",34,9,"F"
1022282,51,"G13","privé - sans psg",681,9,"F"
1016461,27,"G11","privé - sans psg",338,8,"F"
1000279,16,"A12","privé - psg",115,10,"R"
1000452,16,"B70","privé - sans psg",129,6,"F"
1016574,16,"H30","privé - sans psg",643,9,"R"
1029484,23,"G22","privé - sans psg",704,10,"F"
1027684,15,"B70","privé - sans psg",148,9,"F"
1028814,8,"G80","privé - sans psg",859,10,"F"
1008148,35,"G22","privé - sans psg",1025,6,"R"
1009213,14,"C51","privé - sans psg",189,2,"F"
1018473,21,"D11","publics - domaniales",629,7,"F"
1013993,33,"C20","privé - sans psg",286,8,"F"
1014733,41,"I12","publics - domaniales",1626,8,"R"
1010072,6,"B33","privé - sans psg",247,10,"F"
1003819,24,"G11","privé - psg",458,6,"R"
1002869,30,"I22","publis - communales",1659,10,"R"
1029955,31,"K12","publis - communales",1576,3,"F"
1014963,13,"G50","privé - sans psg",360,10,"F"
1022089,19,"D11","publics - domaniales",222,8,"F"
1000260,7,"A21","privé - sans psg",85,5,"R"
1013177,15,"G90","privé - sans psg",576,10,"R"
1016686,14,"B51","privé - psg",149,8,"F"
1028619,33,"B43","privé - sans psg",185,7,"R"
1007844,39,"G22","privé - sans psg",1024,3,"R"
1014408,35,"C30","publis - communales",379,8,"F"
1021628,21,"F15","privé - sans psg",164,10,"F"
1011443,12,"A13","publics - domaniales",235,8,"F"
1015102,22,"A22","privé - sans psg",61,9,"F"
1001727,16,"G50","privé - sans psg",602,10,"F"
1012420,21,"B53","privé - psg",364,0,"R"
1031374,11,"F15","privé - sans psg",183,10,"F"
1002500,17,"C30","publis - communales",212,9,"F"
1000414,14,"A13","privé - psg",146,9,"F"
1017332,40,"H30","privé - sans psg",972,9,"F"
1030742,31,"C51","privé - sans psg",315,8,"F"
1018216,18,"D11","privé - sans psg",688,10,"R"
1004927,40,"C20","publis - communales",318,7,"F"
1023756,27,"A11","privé - sans psg",213,9,"F"
1006364,18,"F30","privé - sans psg",106,9,"F"
1031326,22,"B41","privé - sans psg",111,10,"F"
1025553,8,"F21","privé - psg",29,5,"R"
1001225,33,"C20","publics - domaniales",265,8,"R"
1008464,29,"G13","privé - sans psg",608,7,"F"
1014870,10,"B31","privé - sans psg",85,9,"F"
1028398,49,"E20","publis - communales",851,9,"F"
1025160,15,"B42","privé - psg",92,9,"F"
1027542,41,"I21","privé - psg",1571,10,"R"
1001666,18,"F15","privé - sans psg",99,3,"F"
1021518,43,"C20","publics - domaniales",306,4,"F"
1030600,42,"J23","privé - sans psg",50,7,"R"
1030217,22,"G22","privé - sans psg",864,0,"R"
1015742,8,"C20","publics - domaniales",366,8,"F"
1010827,11,"B33","publics - domaniales",146,9,"F"
1023422,15,"F40","privé - sans psg",394,9,"F"
1029424,16,"B70","privé - psg",195,6,"R"
1014449,48,"H10","privé - sans psg",832,9,"F"
1010426,17,"G22","privé - sans psg",927,9,"R"
1015113,12,"F21","privé - sans psg",130,5,"R"
1025994,23,"J22","privé - sans psg",538,2,"R"
1001382,9,"H41","privé - sans psg",1489,10,"R"
1029800,15,"B92","privé - psg",261,9,"F"
1014116,14,"F21","privé - psg",37,0,"R"
1001639,19,"G13","privé - sans psg",681,10,"F"
1013585,42,"H21","privé - sans psg",1784,3,"R"
1010905,26,"G60","privé - sans psg",1065,7,"R"
1017739,12,"A13","privé - psg",163,4,"F"
1006971,27,"F30","privé - sans psg",151,10,"F"
1015046,13,"B70","publics - domaniales",135,9,"F"
1008121,34,"G12","privé - sans psg",486,8,"F"
1016029,50,"H30","privé - sans psg",994,0,"F"
1019817,22,"A30","privé - sans psg",69,10,"F"
1005575,43,"H21","publis - communales",1217,8,"F"
1026817,19,"C51","publis - communales",199,9,"F"
1014954,4,"F21","privé - psg",53,5,"R"
1020582,37,"H21","privé - sans psg",1058,8,"F"
1008784,18,"B33","publis - communales",149,10,"F"
1015696,21,"C20","privé - sans psg",302,2,"R"
1019365,10,"A13","publics - domaniales",158,10,"F"
1013888,10,"D11","privé - sans psg",594,10,"F"
1023525,10,"B41","publics - domaniales",138,9,"F"
1020314,19,"J23","privé - sans psg",374,9,"F"
1015332,12,"A22","privé - sans psg",51,8,"F"
1013821,14,"D11","publis - communales",815,10,"R"
1001238,7,"B70","privé - psg",110,9,"R"
1020737,22,"C51","privé - sans psg",206,9,"F"
1031318,26,"C20","privé - psg",336,7,"R"
1015921,21,"F52","privé - sans psg",92,7,"F"
1006266,37,"B53","privé - sans psg",219,9,"F"
1018876,43,"G12","privé - sans psg",342,6,"F"
1002180,21,"B44","privé - sans psg",89,10,"F"
1020298,31,"B92","privé - sans psg",301,7,"F"
1007910,14,"B92","privé - psg",305,10,"F"
1017764,9,"F21","privé - sans psg",34,0,"R"
1019416,28,"B51","privé - sans psg",122,9,"F"
1003193,17,"B52","privé - psg",179,10,"F"
1022804,15,"B91","privé - psg",210,9,"F"
1018558,16,"B82","privé - sans psg",92,10,"F"
1014973,17,"B42","privé - psg",115,10,"F"
1013866,14,"B70","publics - domaniales",151,5,"R"
1002546,31,"J22","privé - sans psg",223,2,"R"
1025380,10,"F21","privé - psg",57,0,"F"
1000892,16,"D11","privé - sans psg",487,5,"F"
1009494,31,"B43","privé - sans psg",158,3,"R"
1029904,26,"B42","privé - sans psg",142,9,"F"
1019187,23,"F51","privé - sans psg",249,9,"F"
1020368,16,"C20","privé - sans psg",346,9,"F"
1015066,25,"B70","privé - psg",106,10,"F"
1013861,17,"B31","privé - sans psg",140,10,"F"
1019327,13,"D11","publics - domaniales",651,7,"R"
1021097,20,"F30","privé - sans psg",362,10,"F"
1007426,15,"F15","privé - sans psg",132,6,"F"
1030949,15,"J22","privé - sans psg",61,3,"F"
1025111,9,"G70","privé - sans psg",775,9,"F"
1025484,30,"C20","privé - sans psg",463,10,"F"
1020119,35,"I22","publics - domaniales",1627,7,"R"
1013815,18,"C51","publics - domaniales",253,9,"F"
1017231,19,"C30","publis - communales",271,8,"F"
1010981,32,"J40","privé - sans psg",113,7,"F"
1024006,8,"B61","privé - sans psg",85,4,"R"
1008061,25,"B61","publis - communales",109,9,"R"
1028272,17,"G21","privé - sans psg",880,9,"R"
1022430,34,"I22","privé - psg",585,10,"F"
1004978,25,"K12","privé - sans psg",1166,6,"F"
1030097,15,"B70","privé - psg",84,3,"F"
1018841,45,"J10","privé - sans psg",320,9,"F"
1017948,27,"C52","privé - sans psg",268,9,"F"
1004666,31,"C20","privé - sans psg",300,10,"F"
1010707,23,"H10","privé - psg",1296,10,"R"
1022663,25,"G23","privé - psg",443,10,"F"
1001893,17,"B91","privé - psg",160,10,"R"
1020130,20,"B41","privé - sans psg",115,9,"F"
1002532,11,"B33","privé - psg",206,10,"F"
1018341,31,"B92","privé - psg",244,9,"R"
1028828,29,"C20","privé - psg",309,6,"F"
1025891,13,"B70","privé - psg",123,10,"F"
1016074,16,"D11","publis - communales",941,9,"R"
1024126,36,"F40","privé - sans psg",257,6,"F"
1011787,27,"B81","privé - psg",50,7,"F"
1009059,28,"G13","publis - communales",506,9,"F"
1024893,26,"E10","privé - sans psg",709,8,"R"
1005610,32,"B42","privé - psg",230,10,"F"
1007183,40,"F23","privé - sans psg",133,8,"F"
1006105,16,"C20","publis - communales",253,10,"F"
1010116,32,"J10","privé - sans psg",137,6,"F"
1012947,24,"F30","privé - sans psg",295,0,"F"
1002557,13,"A22","privé - psg",57,9,"F"
1005562,31,"G80","privé - sans psg",441,10,"F"
1010343,26,"F40","privé - psg",179,8,"F"
1017340,26,"C12","publis - communales",242,7,"F"
1015700,18,"D12","publics - domaniales",508,10,"F"
1020035,23,"G11","privé - psg",219,9,"R"
1004693,27,"G80","publics - domaniales",894,10,"R"
1022862,13,"J22","publis - communales",495,4,"F"
1023879,13,"F23","privé - sans psg",87,4,"R"
1007137,15,"I22","publics - domaniales",1785,8,"R"
1024025,28,"G50","privé - psg",726,9,"F"
1027852,12,"G42","privé - sans psg",724,10,"F"
1006493,21,"B82","privé - psg",121,8,"R"
1013240,8,"D12","publics - domaniales",438,8,"R"
1004362,52,"H21","privé - sans psg",764,7,"F"
1016191,24,"D11","publis - communales",817,8,"R"
1028591,16,"B62","privé - sans psg",116,10,"F"
1004251,23,"J23","privé - sans psg",240,10,"F"
1003634,15,"F15","privé - psg",160,0,"F"
1012603,23,"B23","privé - psg",203,9,"F"
1016655,20,"F15","publics - domaniales",156,1,"R"
1008866,14,"C52","privé - sans psg",351,10,"F"
1003710,24,"B81","privé - sans psg",90,10,"F"
1023939,27,"B92","privé - sans psg",523,0,"R"
1021957,30,"H42","publis - communales",2072,5,"R"
1023679,10,"G22","privé - sans psg",956,5,"F"
1020494,16,"F30","privé - sans psg",467,10,"F"
1005065,27,"G22","publis - communales",1261,7,"R"
1005988,25,"C12","privé - sans psg",165,9,"F"
1016981,7,"B52","publics - domaniales",107,9,"R"
1004489,9,"I12","publis - communales",1199,0,"F"
1011704,15,"B92","privé - sans psg",290,10,"F"
1021335,58,"H21","publis - communales",1232,8,"R"
1009149,24,"G11","privé - sans psg",245,9,"F"
1010209,11,"A12","privé - sans psg",57,10,"F"
1028932,15,"B32","privé - psg",102,9,"F"
1023689,19,"B70","publics - domaniales",142,9,"R"
1003605,43,"G60","privé - sans psg",765,8,"R"
1010849,45,"C20","privé - psg",287,6,"F"
1029479,15,"B62","privé - psg",128,9,"F"
1020309,16,"F15","privé - sans psg",173,3,"F"
1007672,21,"G22","privé - sans psg",1052,2,"R"
1001938,36,"B62","privé - sans psg",131,10,"F"
1014942,52,"G30","privé - sans psg",1071,8,"F"
1023270,9,"B31","publis - communales",95,10,"R"
1011557,61,"E20","privé - sans psg",879,7,"R"
1020712,28,"H42","publics - domaniales",1603,8,"R"
1009145,35,"G11","privé - sans psg",275,5,"F"
1006137,6,"B70","privé - psg",132,7,"F"
1011852,18,"F52","privé - sans psg",99,8,"F"
1027990,29,"H30","privé - sans psg",939,8,"F"
1016778,23,"B92","privé - sans psg",231,7,"F"
1026242,31,"C51","publis - communales",190,10,"F"
1007852,50,"E10","publis - communales",629,7,"R"
1025430,39,"G50","privé - sans psg",244,10,"F"
1000763,17,"I21","publis - communales",875,9,"F"
1004312,20,"B92","privé - psg",236,8,"F"
1008726,21,"D11","publis - communales",604,10,"F"
1012582,63,"E20","publis - communales",854,10,"R"
1018327,19,"B82","privé - sans psg",122,7,"F"
1007466,9,"D12","publis - communales",264,10,"F"
1005205,11,"F21","privé - psg",95,3,"R"
1027582,24,"H10","privé - sans psg",984,9,"R"
1011201,11,"B70","privé - psg",114,10,"R"
1024830,24,"B41","publis - communales",113,10,"F"
1009294,14,"C12","privé - sans psg",148,10,"F"
1002186,27,"G50","privé - sans psg",364,10,"F"
1002820,22,"F51","privé - sans psg",51,6,"F"
1000180,26,"J23","privé - sans psg",259,8,"F"
1027134,28,"F15","privé - sans psg",138,8,"R"
1018637,24,"B91","privé - psg",164,10,"F"
1020656,18,"I21","privé - sans psg",1140,9,"F"
1016397,16,"B44","privé - sans psg",145,8,"F"
1020341,45,"E20","privé - sans psg",833,0,"F"
1012242,27,"B42","privé - sans psg",129,9,"F"
1018227,35,"I13","privé - sans psg",500,1,"F"
1011710,21,"C20","privé - psg",362,8,"F"
1001362,14,"H30","publis - communales",1455,10,"F"
1023803,36,"E10","privé - sans psg",437,9,"F"
1031023,7,"F21","privé - psg",82,0,"R"
1008627,38,"B53","privé - sans psg",251,3,"F"
1002271,16,"F15","privé - sans psg",166,0,"R"
1003008,28,"B51","privé - sans psg",125,10,"F"
1026903,78,"E20","publis - communales",926,7,"R"
1028229,6,"D11","publis - communales",964,7,"R"
1010366,16,"J23","publis - communales",789,9,"F"
1011558,14,"C30","publis - communales",241,9,"F"
1000686,28,"C20","publis - communales",296,9,"F"
1011837,21,"B32","privé - psg",60,9,"F"
1028693,26,"F11","privé - sans psg",158,3,"F"
1008654,44,"H21","privé - sans psg",1132,9,"R"
1004453,16,"F21","privé - sans psg",19,9,"F"
1019415,27,"E10","publis - communales",581,10,"F"
1022069,17,"C11","privé - psg",378,6,"R"
1030397,27,"F12","privé - sans psg",120,10,"F"
1002037,26,"G50","privé - sans psg",374,10,"F"
1015195,40,"J22","privé - sans psg",59,8,"R"
1015501,40,"C20","publis - communales",334,9,"F"
1003981,33,"A12","privé - psg",116,8,"R"
1001100,14,"J24","publis - communales",857,0,"F"
1016042,17,"B10","privé - psg",93,9,"F"
1020408,27,"G21","privé - psg",710,0,"F"
1013961,12,"B41","publics - domaniales",89,1,"F"
1011170,27,"B82","privé - psg",114,9,"F"
1005705,13,"G22","privé - sans psg",1040,8,"R"
1027564,12,"G42","privé - sans psg",733,9,"R"
1029554,22,"A11","privé - sans psg",179,8,"F"
1007054,20,"C12","publics - domaniales",230,10,"F"
1026543,35,"H30","publics - domaniales",1599,2,"F"
1023337,19,"C20","privé - sans psg",229,10,"F"
1023056,11,"A13","publics - domaniales",155,10,"F"
1006838,19,"B52","privé - sans psg",179,9,"F"
1023581,7,"I21","privé - sans psg",656,9,"F"
1018239,14,"G21","privé - sans psg",831,8,"R"
1018395,22,"G50","privé - sans psg",380,5,"F"
1010437,30,"J30","privé - psg",75,7,"F"
1009212,36,"I11","privé - sans psg",560,10,"F"
1022883,40,"G90","privé - sans psg",612,10,"F"
1012754,26,"B81","privé - sans psg",48,9,"R"
1027232,17,"F30","privé - sans psg",150,7,"F"
1004030,21,"B92","privé - psg",451,9,"R"
1011607,26,"C20","publis - communales",384,9,"F"
1031203,39,"F14","privé - sans psg",54,6,"F"
1018384,8,"F21","privé - psg",85,2,"R"
1020559,11,"B81","privé - psg",91,9,"F"
1011088,21,"A11","privé - psg",152,10,"R"
1005804,39,"H10","privé - sans psg",1070,0,"F"
1003248,45,"H30","publis - communales",1402,10,"R"
1018610,17,"C12","privé - psg",203,9,"F"
1001742,23,"G23","privé - sans psg",352,0,"F"
1003939,32,"G23","privé - sans psg",425,9,"R"
1017984,17,"G12","privé - sans psg",240,10,"F"
1021854,32,"F30","privé - sans psg",190,7,"F"
1030060,35,"G11","privé - sans psg",204,9,"F"
1016643,32,"F51","privé - sans psg",94,2,"F"
1018898,15,"B61","privé - psg",69,7,"R"
1025642,29,"C30","publis - communales",267,8,"F"
1030110,25,"F15","privé - sans psg",293,10,"F"
1010141,61,"H10","privé - sans psg",1097,10,"R"
1024231,36,"J23","publis - communales",400,9,"F"
1005746,27,"B70","privé - sans psg",172,9,"F"
1009993,17,"B10","privé - psg",83,9,"F"
1015032,41,"G22","privé - sans psg",1023,8,"R"
1002956,38,"B51","privé - psg",185,8,"F"
1003771,26,"F30","privé - sans psg",253,10,"F"
1030973,23,"A22","privé - psg",84,8,"F"
1027804,43,"E20","publis - communales",683,9,"F"
1022339,27,"G80","privé - sans psg",484,4,"F"
1028019,12,"F15","privé - sans psg",223,10,"F"
1018879,28,"B41","publics - domaniales",111,7,"F"
1021070,15,"C30","privé - psg",237,8,"R"
1011770,17,"E10","privé - sans psg",628,10,"R"
1006597,25,"G22","privé - sans psg",849,10,"F"
1029043,23,"G60","publics - domaniales",693,8,"R"
1005080,6,"C30","privé - sans psg",264,0,"F"
1013715,21,"G13","privé - sans psg",463,5,"F"
1030557,25,"F15","privé - sans psg",162,8,"F"
1013273,26,"H30","publics - domaniales",1168,9,"F"
1013226,5,"B32","privé - psg",159,9,"F"
1030129,14,"B44","privé - sans psg",149,10,"F"
1016666,2,"I21","privé - sans psg",968,10,"F"
1021010,37,"E20","privé - sans psg",1370,9,"F"
1018808,23,"J10","privé - sans psg",744,2,"F"
1005023,12,"B62","privé - sans psg",153,1,"F"
1017888,23,"H30","publics - domaniales",972,5,"F"
1004259,22,"F11","privé - sans psg",117,9,"F"
1018206,10,"F21","privé - psg",43,3,"R"
1011571,20,"B33","privé - psg",174,8,"F"
1002494,33,"C20","publis - communales",340,9,"F"
1012467,27,"D11","publis - communales",678,9,"R"
1001134,10,"B33","publics - domaniales",271,3,"F"
1007683,39,"G22","privé - sans psg",977,10,"R"
1001272,47,"G30","privé - sans psg",781,7,"F"
1022987,27,"A13","privé - sans psg",180,9,"F"
1029731,31,"J10","privé - sans psg",324,1,"F"
1006162,10,"B10","publics - domaniales",103,1,"F"
1001950,27,"F15","privé - sans psg",182,10,"F"
1029237,14,"B32","publics - domaniales",104,8,"R"
1016364,14,"J23","publis - communales",462,7,"F"
1023166,50,"H21","publis - communales",1350,7,"R"
1026009,19,"I21","privé - sans psg",608,10,"F"
1016896,28,"B42","privé - psg",237,8,"F"
1026215,19,"B62","privé - psg",135,9,"F"
1022359,8,"G11","publics - domaniales",354,10,"F"
1017860,34,"C20","privé - sans psg",569,9,"F"
1028522,22,"A12","privé - sans psg",78,10,"F"
1030270,22,"G60","privé - sans psg",990,4,"F"
1003295,12,"A13","publics - domaniales",214,9,"F"
1010454,42,"C52","privé - sans psg",253,10,"F"
1012558,25,"B53","privé - psg",177,10,"F"
1012715,23,"G23","privé - sans psg",430,9,"F"
1002911,17,"B33","privé - psg",174,10,"F"
1013952,40,"G30","privé - psg",1209,0,"F"
1023498,40,"E10","privé - sans psg",702,6,"F"
1009392,24,"F30","privé - sans psg",150,10,"F"
1007409,22,"H42","privé - psg",2012,7,"R"
1001569,21,"B91","publics - domaniales",244,10,"F"
1020216,7,"D11","publics - domaniales",278,9,"R"
1028922,29,"C30","publics - domaniales",251,9,"F"
1008671,21,"G70","publics - domaniales",1539,7,"F"
1017621,18,"F21","privé - psg",76,1,"F"
1007883,40,"H30","publis - communales",946,8,"R"
1019123,28,"B41","privé - psg",131,8,"F"
1019227,14,"B91","privé - psg",192,10,"F"
1002239,21,"C51","publis - communales",223,10,"F"
1030671,16,"B31","privé - sans psg",91,10,"F"
1013911,19,"B41","privé - sans psg",117,10,"F"
1009413,20,"F30","privé - sans psg",178,10,"F"
1017157,35,"I21","privé - sans psg",951,10,"F"
1013688,30,"C20","privé - sans psg",237,8,"F"
1024529,13,"B70","privé - psg",128,10,"F"
1019917,27,"J40","privé - sans psg",707,3,"R"
1027651,37,"J22","privé - sans psg",220,2,"F"
1015531,8,"F21","publis - communales",22,0,"R"
1011049,45,"H42","publis - communales",1663,6,"R"
1023511,39,"F40","privé - sans psg",144,2,"F"
1011070,21,"B10","privé - sans psg",115,5,"F"
1003628,25,"B41","publics - domaniales",44,9,"F"
1015515,23,"H30","publis - communales",938,2,"R"
1019225,29,"F30","privé - sans psg",196,10,"F"
1010063,11,"C20","privé - psg",322,10,"F"
1028867,14,"C30","publis - communales",237,10,"F"
1028511,31,"G22","privé - psg",764,8,"R"
1027225,20,"B70","privé - psg",142,7,"F"
1023894,15,"C20","publics - domaniales",334,6,"F"
1031394,30,"B41","privé - sans psg",141,6,"F"
1001109,45,"G70","privé - sans psg",409,7,"F"
1012945,20,"F23","privé - sans psg",106,10,"R"
1029512,29,"K11","privé - sans psg",156,3,"F"
1001187,9,"B32","privé - psg",136,8,"F"
1013817,30,"G22","privé - sans psg",1153,9,"R"
1023838,17,"F23","privé - sans psg",100,8,"F"
1013519,71,"E20","privé - sans psg",959,7,"F"
1030930,21,"F30","privé - sans psg",140,10,"F"
1013257,20,"G13","privé - sans psg",564,9,"F"
1013555,24,"G13","privé - sans psg",448,9,"F"
1004791,34,"G12","privé - sans psg",147,7,"F"
1001266,29,"H21","privé - sans psg",393,8,"F"
1021196,15,"C30","privé - sans psg",278,2,"F"
1014618,20,"B41","privé - sans psg",77,10,"F"
1000234,9,"B32","privé - sans psg",125,8,"F"
1005079,29,"C20","publis - communales",165,8,"F"
1000323,17,"B52","privé - psg",220,10,"F"
1008144,18,"C20","privé - sans psg",261,7,"F"
1006511,14,"A12","privé - sans psg",110,9,"R"
1019124,28,"C51","privé - sans psg",217,10,"F"
1012020,22,"C30","publis - communales",346,10,"F"
1004833,12,"G21","privé - sans psg",682,4,"F"
1013656,37,"E20","publis - communales",996,8,"R"
1031333,13,"G22","publics - domaniales",1104,8,"R"
1000793,17,"A11","privé - sans psg",254,10,"R"
1012145,19,"I21","publis - communales",1211,10,"F"
1031208,19,"H30","publis - communales",1124,4,"R"
1022268,31,"C20","publis - communales",287,7,"F"
1030008,17,"C20","publis - communales",326,10,"F"
1015517,23,"C52","privé - sans psg",669,9,"F"
1024520,22,"B42","privé - psg",76,9,"F"
1023992,17,"A11","privé - sans psg",230,5,"F"
1020903,18,"D11","privé - sans psg",536,9,"F"
1022789,26,"B92","privé - psg",238,10,"F"
1003704,12,"G11","privé - sans psg",334,9,"F"
1024897,28,"H42","publis - communales",2229,2,"R"
1016065,20,"F15","privé - psg",200,10,"F"
1023094,26,"G11","privé - sans psg",282,9,"F"
1027319,22,"I12","privé - sans psg",444,2,"F"
1012317,13,"B41","privé - sans psg",76,7,"F"
1006629,27,"B41","publics - domaniales",91,8,"F"
1000525,21,"G80","publics - domaniales",747,0,"R"
1003441,27,"B42","privé - sans psg",107,8,"F"
1021279,48,"I21","privé - sans psg",567,10,"F"
1022559,21,"G30","privé - sans psg",936,10,"R"
1031301,28,"C51","publis - communales",318,8,"F"
1014179,23,"B33","privé - sans psg",123,9,"F"
1013291,20,"C20","privé - sans psg",300,10,"F"
1025320,17,"B41","privé - sans psg",121,9,"F"
1025708,3,"F21","privé - sans psg",74,0,NA
1012061,23,"B70","privé - sans psg",105,8,"F"
1031155,31,"C20","privé - sans psg",224,10,"F"
1000834,18,"B32","privé - sans psg",102,8,"F"
1009467,27,"C20","publis - communales",512,8,"F"
1001373,25,"B41","privé - sans psg",154,9,"F"
1008018,19,"B41","publics - domaniales",201,9,"F"
1002527,47,"G42","privé - sans psg",864,9,"F"
1011802,7,"F40","privé - sans psg",307,7,"F"
1029413,56,"C20","publics - domaniales",342,7,"F"
1026426,17,"B53","publis - communales",378,9,"F"
1027767,16,"F30","privé - sans psg",16,8,"F"
1028368,6,"D11","publics - domaniales",319,9,"F"
1012071,25,"F40","publics - domaniales",308,1,"R"
1021372,14,"A13","privé - psg",300,10,"F"
1003660,10,"D11","publis - communales",718,8,"R"
1027975,32,"I21","privé - sans psg",965,10,"F"
1018570,11,"F21","privé - sans psg",42,4,"R"
1010597,28,"F15","privé - psg",188,10,"F"
1014061,20,"F11","privé - sans psg",161,10,"F"
1000737,17,"G50","privé - sans psg",516,10,"F"
1012152,19,"B51","privé - sans psg",217,10,"F"
1009261,25,"C20","privé - sans psg",258,10,"F"
1004069,18,"G90","privé - sans psg",190,3,"F"
1021334,17,"B10","privé - psg",50,9,"F"
1023601,25,"B51","privé - sans psg",142,9,"F"
1005583,21,"C51","publis - communales",190,0,"F"
1024514,16,"B41","privé - sans psg",125,9,"F"
1013186,45,"H30","privé - sans psg",759,6,"R"
1016777,35,"G60","privé - sans psg",549,10,"F"
1009415,17,"F23","privé - sans psg",34,0,"F"
1030983,53,"C20","publics - domaniales",287,8,"F"
1007085,25,"H30","privé - sans psg",1225,8,"R"
1008465,6,"A11","privé - psg",180,0,"F"
1030917,31,"F52","privé - sans psg",104,8,"F"
1016373,42,"C20","publics - domaniales",502,10,"F"
1006358,21,"G12","privé - sans psg",463,10,"F"
1015202,15,"J21","privé - sans psg",491,4,"F"
1001701,18,"G41","privé - psg",552,9,"R"
1013769,40,"C20","publics - domaniales",306,10,"F"
1008860,17,"F21","privé - psg",6,5,"R"
1003919,35,"F30","privé - sans psg",559,10,"F"
1024719,29,"B70","privé - psg",85,10,"F"
1001385,31,"C20","privé - sans psg",409,10,"F"
1007571,13,"B52","privé - sans psg",281,9,"F"
1014834,23,"G30","privé - sans psg",1303,9,"F"
1007368,20,"C51","publics - domaniales",200,9,"F"
1012377,13,"I21","privé - sans psg",645,9,"F"
1008603,17,"G13","publis - communales",523,10,"R"
1007086,15,"B61","privé - psg",94,8,"F"
1028727,21,"C51","privé - sans psg",272,10,"F"
1018099,9,"A22","publics - domaniales",52,9,"F"
1006620,15,"C51","publis - communales",208,9,"F"
1022624,14,"I22","publics - domaniales",2185,7,"R"
1019982,38,"B22","privé - psg",99,7,"F"
1026783,23,"G70","privé - sans psg",302,9,"F"
1012365,35,"J10","privé - sans psg",160,7,"R"
1017795,14,"B52","privé - sans psg",75,9,"F"
1016207,32,"I21","publis - communales",1151,7,"F"
1015887,49,"E20","privé - psg",1278,7,"R"
1018017,10,"F21","privé - psg",105,0,"F"
1005155,36,"H42","privé - sans psg",1069,1,"F"
1011041,17,"B10","privé - sans psg",30,6,"F"
1013360,25,"G90","privé - sans psg",613,9,"F"
1026861,29,"C12","publis - communales",183,6,"F"
1029576,34,"G60","privé - sans psg",609,4,"F"
1021222,26,"I11","publics - domaniales",762,10,"F"
1006942,17,"F52","privé - sans psg",139,7,"R"
1028094,28,"I11","privé - sans psg",305,9,"F"
1000866,39,"G22","privé - sans psg",859,10,"R"
1003205,37,"G12","privé - psg",307,10,"F"
1029073,21,"B82","privé - psg",109,9,"F"
1002259,15,"D11","privé - sans psg",389,8,"F"
1011910,11,"F21","privé - psg",42,0,"R"
1028248,8,"F22","privé - psg",28,5,"R"
1006848,29,"B51","publis - communales",166,7,"F"
1023800,14,"G12","privé - sans psg",202,9,"F"
1016671,14,"B32","privé - psg",145,8,"F"
1007872,34,"G42","privé - sans psg",992,8,"R"
1000894,20,"C20","privé - sans psg",443,10,"F"
1006144,32,"C20","publis - communales",484,9,"F"
1023667,22,"F30","privé - sans psg",236,6,"F"
1013692,19,"F13","privé - sans psg",5,1,"F"
1025743,16,"C20","publics - domaniales",293,10,"F"
1026301,11,"C20","privé - psg",443,9,"F"
1016537,14,"B70","privé - psg",133,9,"R"
1007413,28,"C20","publis - communales",508,9,"F"
1003525,21,"F12","privé - sans psg",100,9,"F"
1010722,27,"G13","privé - sans psg",716,8,"F"
1002024,12,"F30","publis - communales",431,10,"F"
1023706,34,"J23","privé - sans psg",164,8,"R"
1018079,23,"F40","privé - sans psg",184,10,"F"
1029784,17,"J30","privé - sans psg",165,0,"F"
1003148,54,"G70","privé - sans psg",707,8,"F"
1010190,12,"B62","privé - sans psg",113,0,"F"
1028348,33,"B52","privé - sans psg",151,8,"F"
1022939,30,"B41","publics - domaniales",38,9,"F"
1029877,11,"F21","privé - psg",36,3,"R"
1027146,60,"I21","publics - domaniales",959,8,"F"
1006233,16,"F21","privé - sans psg",18,4,"R"
1006707,16,"B53","publis - communales",380,9,"F"
1012960,15,"A21","privé - sans psg",125,7,"F"
1005556,17,"C30","privé - psg",294,10,"F"
1027138,22,"B53","privé - sans psg",311,10,"F"
1031132,53,"H10","publis - communales",1552,7,"R"
1018053,22,"J30","privé - sans psg",95,6,"F"
1022579,17,"B70","privé - psg",107,9,"F"
1014889,33,"C20","publis - communales",400,0,"F"
1004290,28,"B53","privé - sans psg",212,10,"F"
1021809,16,"B51","privé - sans psg",227,10,"F"
1029120,33,"C20","publics - domaniales",279,8,"F"
1019875,14,"F30","privé - sans psg",10,8,"F"
1015357,23,"B70","privé - psg",109,10,"F"
1031232,37,"A11","privé - sans psg",32,9,"F"
1029144,44,"J22","privé - sans psg",124,4,"F"
1027869,22,"I21","publis - communales",1315,6,"F"
1012629,30,"B91","publics - domaniales",247,9,"F"
1014344,5,"K11","privé - sans psg",826,10,"F"
1027127,11,"K11","privé - sans psg",777,10,"F"
1002021,6,"F21","privé - psg",115,0,"F"
1004419,12,"A13","privé - sans psg",111,8,"F"
1004751,3,"A13","privé - sans psg",133,10,"R"
1000678,18,"G13","privé - sans psg",590,10,"F"
1000515,75,"C52","privé - sans psg",490,7,"F"
1025492,38,"B41","privé - psg",136,7,"F"
1013872,9,"G41","privé - sans psg",522,8,"F"
1021435,26,"F52","publis - communales",326,9,"F"
1030535,16,"G13","privé - sans psg",471,10,"F"
1011144,20,"A11","privé - sans psg",50,10,"F"
1010120,10,"F21","privé - psg",80,0,"R"
1017559,18,"F30","privé - sans psg",187,10,"F"
1011029,28,"G22","privé - sans psg",523,10,"F"
1019356,15,"J23","privé - sans psg",234,0,"F"
1026267,23,"G13","privé - psg",467,10,"F"
1011436,39,"G22","privé - psg",612,10,"F"
1016646,21,"B10","privé - sans psg",118,8,"F"
1027701,16,"B41","publics - domaniales",93,9,"F"
1015146,12,"I21","privé - psg",708,10,"F"
1016656,30,"F23","privé - sans psg",35,10,"F"
1017664,6,"G70","publis - communales",277,5,"R"
1029758,13,"I12","publis - communales",1077,4,"R"
1025185,16,"G13","privé - sans psg",745,9,"F"
1024753,10,"C30","publics - domaniales",239,9,"F"
1025296,13,"F51","publis - communales",165,6,"F"
1007475,10,"F21","privé - sans psg",35,0,"F"
1030635,3,"D12","publics - domaniales",290,10,"F"
1028177,10,"F22","publics - domaniales",16,6,"R"
1020013,69,"G22","privé - sans psg",878,6,"R"
1006827,10,"B91","privé - psg",147,9,"F"
1028075,27,"F23","privé - sans psg",170,10,"F"
1008306,7,"F21","privé - psg",18,3,"R"
1012306,21,"J23","privé - sans psg",575,7,"F"
1025588,26,"B51","privé - psg",164,8,"F"
1019570,16,"D11","publis - communales",774,6,"R"
1023968,17,"C20","publics - domaniales",294,10,"R"
1016024,35,"G22","privé - sans psg",1169,7,"F"
1017190,14,"B32","publics - domaniales",114,8,"F"
1012174,50,"G30","privé - sans psg",1166,9,"F"
1014136,26,"F30","privé - sans psg",145,10,"F"
1023538,24,"G70","privé - sans psg",320,4,"F"
1017472,45,"B51","publics - domaniales",214,6,"F"
1018982,59,"E20","publis - communales",907,3,"R"
1019414,14,"F22","publics - domaniales",26,5,"R"
1005234,15,"G42","privé - sans psg",664,3,"F"
1011293,30,"C20","privé - sans psg",343,10,"R"
1021336,32,"G13","privé - sans psg",592,9,"F"
1008107,26,"C20","privé - sans psg",355,5,"F"
1014010,16,"B10","publics - domaniales",68,8,"F"
1030315,27,"F23","privé - sans psg",73,10,"F"
1021819,49,"E20","publis - communales",1003,8,"R"
1019362,16,"C30","privé - psg",237,10,"F"
1029880,19,"F15","privé - sans psg",251,10,"F"
1013767,29,"E10","publis - communales",464,10,"F"
1009139,32,"G12","privé - sans psg",363,2,"F"
1020660,19,"B82","privé - sans psg",133,10,"F"
1026360,16,"A22","privé - sans psg",35,8,"F"
1016863,8,"G21","privé - psg",794,10,"F"
1027082,82,"E20","privé - sans psg",870,6,"F"
1022093,24,"J23","privé - sans psg",156,2,"R"
1018158,11,"A12","privé - sans psg",80,10,"F"
1010569,15,"C30","publis - communales",316,7,"F"
1019219,9,"D11","publics - domaniales",252,10,"F"
1024472,21,"H21","publis - communales",997,9,"F"
1011635,35,"F40","privé - sans psg",186,2,"F"
1028732,9,"F30","privé - sans psg",102,4,"F"
1023740,31,"B70","privé - sans psg",125,10,"F"
1023032,21,"J22","privé - sans psg",304,3,"F"
1008926,28,"B23","privé - psg",180,6,"F"
1026146,6,"B70","privé - sans psg",108,10,"F"
1010000,33,"I12","publics - domaniales",910,10,"R"
1003384,16,"G50","privé - sans psg",489,10,"F"
1010223,15,"B10","privé - psg",110,9,"F"
1029487,43,"C20","publics - domaniales",378,4,"F"
1006332,21,"F23","privé - sans psg",93,6,"F"
1009714,25,"F12","privé - sans psg",105,7,"F"
