"idp","biomass","troph_r"
729317,423.393296004305,3.84374
758280,112.838398265349,2.95443
772844,76.9919953542283,2.15281
761676,47.9865943220848,1.03467
722455,218.335126237903,2.35393
738018,189.81801929967,2.91934
777046,533.776914694495,1.667
714754,145.995438134189,3.33445
703094,83.8316877181301,1.60237
764732,24.2443020019308,5.52044
770652,126.842526084992,1.26861
747924,247.873787237943,1.66048
731708,221.812240921185,0.838792
754967,263.574939600417,0.980626
731032,151.636306330549,1.40642
759013,211.810121058094,1.32327
777059,306.84320130635,1.6054
742296,279.743994658316,0.812583
734865,246.514269606111,1.6314
756109,349.611766299558,2.22661
760259,465.222175571765,2.54494
734838,104.318319333699,3.56917
757003,123.483245823257,5.67193
755526,366.632656270792,1.94693
705882,169.044475574311,2.21823
778296,167.039346114458,2.57336
737833,0.802604898865088,4.5161
742919,23.2478419437127,1.16563
751464,456.86573057606,6.69148
738331,167.768258724554,3.10399
758636,192.936628531999,6.5
857623,281.950227160493,2.10989
805726,277.332755751392,2.16226
851436,204.405816102618,5.55438
871946,38.7990235717666,2.7064
877940,241.529040862073,1.95579
878954,59.2999302023063,1.85754
844965,284.387791616653,1.54959
838231,158.021965990799,4.66197
877295,64.319775969797,4.26857
874348,106.392772885654,0.868471
872525,325.81155176357,0.846669
845064,227.750465992135,1.41418
828967,269.303489822069,1.15034
825309,31.9087544770766,1.65847
848166,263.82248729427,1.33142
873921,301.858198542905,1.25512
815411,272.158449747581,0.935053
858344,139.420915726878,1.27247
824435,31.4010260253162,2.64329
877474,264.919748432977,1.03698
856970,95.0398691231411,1.84829
871077,258.827773549064,3.08521
864332,326.944515317969,1.37588
824177,319.990725232985,2.0372
843064,172.744247656272,2.6451
847052,160.606073376461,7.203
861686,171.56045307334,2.01947
851390,233.436964193159,1.94503
836673,251.369519019937,3.20084
850719,260.261288110454,2.83123
858463,36.9677622686816,2.33979
832958,801.419675351899,4.95366
838161,323.218884911354,5.01
913856,522.090477024501,2.06254
924213,75.8172022423549,3.24868
926638,72.7228417255341,4.80969
922281,427.078584396231,1.87357
929537,240.174296688638,3.6326
925337,376.607064793867,3.72102
977387,169.627486278952,2.51049
925563,286.708333304697,1.38993
924751,33.3926492502558,1.20235
958021,224.396830303717,0.935993
915670,242.859312417229,1.36063
915083,609.701496804722,2.96193
939436,282.162408304465,2.03735
938842,399.652696684078,0.486731
945843,221.548943417306,1.41831
930019,156.887153226897,1.63591
944620,124.167612558799,1.60106
961868,367.430358138112,1.6054
960176,521.583388007247,0.877967
977507,207.092777748257,1.16358
953427,244.868218405004,1.83877
920543,216.951334397851,5.4143
938865,516.687533774485,2.81874
979760,504.937043463301,2.9254
928073,362.34227055785,2.68446
955592,12.5037404870575,2.56776
932543,428.022090818259,1.6041
927673,205.183165449125,3.61008
928996,218.368461806481,1.89331
948295,178.299126329058,2.53579
948395,364.097917786396,0.646285
934707,427.502297686796,2.66712
972654,451.12269992502,4.05778
954925,465.109480261802,3.47386
936260,236.013380766354,1.8814
973602,217.461023322733,3.67812
959164,253.617498415457,2.96832
980990,333.789730642383,4.41652
962680,200.533969574407,2.47172
914610,14.0282179104665,2.60364
907223,264.928602084392,3.97169
932635,63.3836375870537,5.97137
974367,151.287050978461,4.50207
965224,93.0357073881306,2.42393
932122,215.08217477539,3.14691
918846,133.678591280272,3.5808
927412,367.510702653684,3.04139
970631,427.032096693615,2.58819
1022984,177.960458646607,3.16754
1020067,114.333023108739,3.14504
1020903,312.483727690895,2.92065
1006684,62.2869027354331,3.53234
1022330,143.059927039465,4.04447
1018216,171.257278281773,2.48627
1015316,211.0495163611,2.19399
1012467,278.034769855596,4.61325
1021618,327.818224057944,1.57149
1027293,233.916456430763,0.647863
1023074,101.39519144153,1.25134
1010811,248.26231170132,1.61717
1012863,311.480537085518,1.81684
1019327,285.394689466742,1.17416
1017940,169.484084170879,1.80928
1003660,167.546991487777,1.50588
1005131,182.007976538595,0.813091
1031072,227.07810804157,6.10833
1024154,291.999182311726,1.00137
1014172,37.3037967235824,0.708908
1013272,334.276490461662,2.24932
1018745,301.493030972586,1.71522
1013821,357.726746108987,1.48827
1005347,95.5552254780594,0.930178
1002259,427.461192133824,5.81225
1000892,14.0648450742452,4.43114
1009466,342.259220951713,1.59331
1005440,262.182728454435,2.62156
1026419,187.823114441565,1.44248
1026766,128.345365813897,3.96421
1012690,277.904525669609,0.46944
1013683,419.796980806604,1.328
1012770,204.077783979312,3.30482
1027568,183.345857652004,2.10506
1018993,299.337397914264,1.45671
1031151,210.032836018787,1.43961
1019509,123.256624952095,2.71753
1013079,415.951838702214,4.94493
1006087,42.2862206322139,3.73349
1002067,156.788300753501,5.69337
1024807,186.279301802507,0.508417
1015187,59.951918728375,1.13535
1004097,507.693249727212,2.56983
1020983,266.063882568679,4.80763
1014153,179.775431996664,1.53124
1015611,223.040534379853,1.4768
1027705,461.680568638171,4.09118
1018208,3.43273683929634,3.90093
1013343,483.371750378406,5.05325
1014060,271.200114923459,1.46671
1011174,96.9730318953877,2.50972
1028229,237.545580745174,0.910621
1009648,254.255589803899,5.04545
1024144,410.455849846422,3.50084
1018789,30.0116505215422,3.53308
1007176,139.674379248073,4.17211
1009493,187.641345334733,3.23373
1130652,27.7679476220197,1.73507
1109021,89.4967394653297,2.71346
1106938,270.854578725995,6.01593
1130074,211.716596047899,1.08514
1120283,403.077540583935,8.52986
1111730,389.648046859689,6.94666
1104216,148.893725955089,1.97856
1111962,399.050573457257,3.41584
1200389,198.730208989307,1.38518
1230955,292.7603713147,2.28106
1219282,405.32597112146,1.70766
1207022,74.8041973440855,4.45287
1228145,171.484742937899,2.43663
1231349,269.203121277159,2.47002
1206469,197.219908023874,2.5696
1206704,121.386374054782,6.26167
1229021,44.6895324940011,0.861167
1218815,218.17406740187,1.82039
1223528,373.984667897873,1.92409
1204777,357.660123809762,1.16001
1207725,235.296340583431,4.98321
1227235,31.9124442756983,2.81983
1230582,257.85040726353,5.98308
1224854,65.028893561036,1.2409
1205964,173.854767425478,1.98871
1209366,123.354858513492,2.23865
1204456,246.265862007187,2.01529
1228177,337.234175538418,1.90339
1217034,598.291091602085,7.4586
1210228,566.682374572902,3.20809
1224483,412.523608000289,4.14617
1212777,335.360796354184,2.55697
1212178,344.431150495617,2.20312
1213876,115.443743758969,2.21957
1211047,216.680638155982,3.09264
1229086,158.07974014674,1.4238
1228729,565.197853150805,4.59947
1209852,477.010542846683,4.53837
1221547,352.064914799031,5.17461
1201912,304.550505984895,2.00575
1220185,208.691173149947,1.73656
1220096,237.92113656075,1.0221
1229182,31.5997094068134,2.96275
1207342,278.318924704725,1.75732
1208911,254.017235170421,5.6956
1210544,230.443036964687,2.27326
1229944,17.5016806856847,3.3799
1227473,519.279766289165,2.74813
1219974,533.009431867151,7.15524
1222022,238.579411187459,2.85024
1222985,254.836269545336,2.24237
1202216,507.884879659174,3.82002
1215873,184.922470933961,5.28775
1215497,132.384674407855,2.92006
1208103,394.852096676648,2.35967
1213546,90.3398585534183,1.30641
1225890,298.672435700619,3.07155
1210902,187.963994181928,6.18265
1218792,156.847870285705,0.942035
1201346,204.235097013026,3.79355
1207017,144.359542414042,1.2239
1205795,273.572171684321,5.96393
1216418,224.345440649567,2.15281
1229192,262.283751784027,5.43819
1226524,236.068663925733,3.87081
1223478,126.210056315174,2.8609
1228769,138.127518018087,6.97205
1225671,260.428376923034,2.69582
1208212,326.875842036346,2.81141
1202155,102.687869550061,8.43854
1229504,157.155575745227,6.03839
1215681,441.506454676989,6.77671
1348665,237.802226844667,2.45808
1305251,20.4587841120369,5.47327
1328241,26.9183027918884,2.18112
1350909,63.9306622175331,1.70203
1344407,186.012938890019,2.18563
1335115,38.7459805785536,2.12358
1346712,154.969117665363,2.17547
1321527,243.772481369628,0.767244
1310234,138.483882268866,1.529
1351822,379.079956515526,4.60599
1342786,292.72763075195,2.53885
1333886,284.475333351757,1.5503
1350260,333.472823604098,2.84685
1312695,236.471867359508,2.82615
1336297,190.853856483536,1.24573
1320826,413.30136382504,3.72424
1312210,205.020142537486,2.52686
1305351,138.283761071008,1.43552
1320151,399.65216930712,4.76457
1324663,296.691400112719,2.72821
1305520,230.11627423696,2.60217
1336899,158.714252082587,4.1092
1303538,170.546731055131,2.9172
1308470,125.569354886006,4.30254
1321987,262.334052270929,2.22286
1343525,332.240998884414,1.92263
1350248,385.885407003809,7.17847
1303361,154.103385692305,1.78996
1322368,381.415136079459,2.88512
1314258,405.209755669842,2.91176
1338234,312.311945677107,1.76556
1324340,90.3906781043774,1.94257
1336091,264.095466690222,3.15817
1314756,149.864926519376,3.82132
1303003,131.98296707655,1.75832
1325498,321.859114369374,6.5
1347868,294.868458934917,2.25293
1321552,130.971743616567,1.642
1321020,87.6840933181344,1.55393
1327612,385.381922054482,1.6754
1335834,144.168372173333,2.68008
1311818,100.989445056604,1.45528
1326445,302.994839464709,2.66842
1338647,378.372342326953,6.96975
1345231,326.969183868599,4.21057
1318606,34.5496467187765,3.13736
1342122,213.099560129518,4.27487
1326490,494.5001545349,1.64899
1337262,214.444758345592,4.1521
1310477,470.777290853829,4.32655
1345378,85.7327023758737,6.34207
1338358,137.531609578597,1.74408
1333038,288.967924878452,2.69836
1306574,156.47423746496,1.36839
1309368,220.829723827635,1.699
1308833,262.244011628027,2.21489
1302109,6.61910648040697,3.03603
1331695,79.930068922309,5.36407
1305800,320.614870719373,1.8525
1316856,192.509585942462,1.46528
1343566,125.1151395197,1.27437
1304228,37.5544499597271,2.78378
1347253,803.611027923315,6.868
1331452,264.523872065948,1.61359
1342982,53.8314324637382,1.23953
1309322,7.43652516448143,3.36347
1319677,320.160947950785,1.58423
1347440,335.624182820318,0.945797
1352753,299.663416025676,1.18595
1348031,444.422893929373,1.43098
1301703,172.715331131007,1.8479
1343366,443.964760254523,2.21335
1304689,180.613638506682,2.42297
1323785,227.044493282176,1.37353
1319644,131.278811634717,1.91356
1344559,180.064702863926,3.82033
1323304,169.196658456298,1.6103
1344432,416.966038130806,2.40889
1324464,197.406393603876,5.16646
1327098,158.687437410273,1.31339
1353393,189.017444207218,3.22283
1303474,256.335592292554,1.97802
1336402,545.292835499497,3.59171
1325153,213.122463566538,2.39619
1349399,97.5534644255111,0.761344
1312187,2.59482944225142,2.68606
1354500,161.453373672914,2.84646
1301087,418.41484064788,6.78883
1354108,443.770795008084,7.26892
1318887,511.646554036953,5.87928
1331181,256.863531804744,1.42085
1309328,361.246945923243,3.29311
1340801,228.489362723719,1.30872
1351958,249.098504378184,6.50072
1326028,184.714881319036,1.14084
1347741,198.396975607726,1.96658
1345332,356.415500419664,1.79458
1314747,215.227880752432,3.32537
1346267,294.540044257069,3.16709
1351115,377.374943799465,2.17905
1428318,220.061474744291,4.65114
1419597,285.526613357176,2.15659
1402833,494.113237381991,1.00255
1431192,104.067248344582,1.90534
1411999,337.10652059924,1.44428
1417271,361.484761053974,1.80688
1415865,88.915182595207,3.68203
1453603,204.572598056632,1.06122
1450613,157.380688335739,2.75055
1426985,76.6933356120321,1.41537
1408312,300.512790966678,1.04846
1444201,102.917322129517,1.16176
1412936,228.591243433286,2.96603
1430522,91.451162631342,1.53722
1443810,347.179759764866,0.877482
1402306,162.017078784593,1.25222
1438924,366.284047322791,2.30234
1454222,181.366976389382,1.56444
1436090,34.3067188209433,1.08299
1434119,249.712600564381,6.5
1425688,241.558625320979,1.90176
1438333,132.032490064966,2.26729
1416613,126.699541537609,2.16558
1448955,500.957652361558,1.85831
1443916,178.617997977475,7.14009
1417756,203.647541899033,2.69878
1441090,399.19847689548,1.43212
1416578,190.231695037298,1.36657
1427505,14.6336623835385,2.17236
1410469,170.91664803491,4.36247
1405619,295.46185473755,3.74709
1443800,83.6775868934327,2.30526
1412055,229.424652709649,4.38798
1448750,85.910433050457,1.61224
1450703,81.143261589654,1.41079
1413773,98.4866992241399,2.24303
1450830,155.290681289207,3.54947
1452217,205.799726751781,2.09557
1429015,293.228597741323,1.71973
1433922,170.067606120098,2.54069
1452445,329.895377926764,1.38947
1453740,288.055836546118,2.53823
1419826,285.193398633345,1.75462
1408729,200.606968001806,1.40857
1442092,139.916398908397,2.02167
1433669,155.906650182396,1.54542
1409986,16.4280079858674,5.19396
1429161,253.060002568111,2.46878
1417002,246.322741621952,2.1766
1406617,225.296550259578,2.03207
1430872,219.632914702067,1.62822
1435574,252.59544627876,2.30115
1422282,384.62678787793,4.93282
1408261,504.36661774822,3.39665
1417690,463.919530851448,2.28348
1439890,344.046782430835,2.03302
1428840,33.2711136245576,5.0788
1417959,289.507022211322,2.17803
1439806,430.369756337671,5.0506
1440279,93.5832219924149,1.99326
1444316,210.806935400306,2.04906
1400047,338.358713364143,1.53683
1430253,79.575343910874,1.31475
1421846,17.1992713890973,1.40048
1407615,113.845234318525,3.76104
1421515,101.800118463877,2.76393
1415090,95.8626951157336,1.80055
1425166,72.3691586106055,3.62023
1419799,214.520985765794,3.29785
1401364,16.5407488217308,1.56221
1452941,180.296738254469,3.44579
1441905,345.7258581524,2.40303
1416992,203.389355899198,2.99082
1403774,163.698288872052,4.80727
1410331,325.205061337883,5.46815
1445523,40.2563162662302,1.55684
1438612,234.635550747818,1.15176
1449355,264.808221974295,1.93123
1447447,264.632662925763,2.485
1433705,323.009430132852,1.57243
1409834,40.7665893783019,3.80673
1417510,389.989910636565,4.92547
1420210,104.170775583065,2.70472
1450172,492.651603338775,3.57424
1421796,158.238929071325,4.48731
1429970,347.585138065435,3.93111
1440002,234.269131735774,2.47718
1533736,87.177633182419,2.9872115
1512562,386.236858887536,2.2179618
1503071,310.86820527272,2.5586119
1536859,46.9907191380532,1.0261633
1550274,9.39923241258369,5.8931246
1538302,199.374102628579,3.364922
1523954,380.536959150371,2.6156147
1531019,147.821156907661,2.9148285
1553414,246.392847296621,2.7897196
1528968,64.9632700448675,1.5504626
1532732,333.127100357124,1.5098381
1537436,51.1807426310407,1.7070796
1542012,196.688898584165,2.3778868
1548418,166.111684888158,1.9919152
1509750,247.643752586695,2.4351785
1514466,353.632713035251,2.3253105
1517347,32.9372130724044,1.3962638
1531145,295.279176824585,1.2211629
1516986,308.661950997877,3.1293104
1505441,242.254017638219,1.0986619
1515573,304.447776098843,0.9863135
1538068,172.670242521761,1.8652848
1519094,182.699828215237,3.805385
1537814,258.766790849041,1.1986142
1548355,278.142242314544,1.054416
1531550,42.4089351824676,3.283561
1500522,222.442596370679,1.5983093
1521205,148.239234191292,1.7134308
1550605,80.0615650624201,0.78176945
1515058,73.5273283050205,3.9401805
1542537,292.65079073151,2.306761
1548784,104.46473551196,1.1408415
1527442,180.539503649517,2.6260984
1509541,285.482565003346,1.4916037
1519320,207.086604874166,0.93834597
1505999,289.007860390057,2.2404509
1507392,106.831286688017,1.6725713
1537593,350.690438445105,2.9979455
1531703,84.0426250780957,1.5351566
1535879,2.15701444851093,2.4851599
1541039,310.637263654021,2.2042625
1532650,192.292470455331,2.3892379
1553374,180.570860423057,7.4769897
1553666,402.971462906924,2.5036805
1500503,91.6209518344397,1.7453748
1510162,74.2182957491367,0.81161755
1500261,106.197020711303,1.9752934
1511022,311.033641806051,2.640011
1549122,347.683648073689,1.9615184
1513897,376.936505152943,3.2444265
1510745,162.206901878717,2.0448012
1504785,58.937816467244,4.3992434
1501939,230.017609704234,1.5520401
1506574,189.89720373145,1.1500603
1507775,494.034848375132,2.9630206
1524939,207.778028435644,1.1473362
1540293,270.392502683087,5.596206
1531708,384.798780435188,3.5295188
1546585,65.0442756755995,2.8442516
1502426,377.342708631959,1.3053718
1516816,435.577104050566,1.3089497
1508224,448.147312993356,2.2580345
1541903,28.4764500500394,2.402832
1539098,326.926823895403,3.095381
1502288,139.330940379218,1.5550219
1508159,84.0011557338997,0.88932127
1526044,443.653533619697,1.3865383
1503339,184.112279596757,1.2796502
1514090,225.539989417801,3.8305707
1516211,222.152834388959,1.0079474
1541763,144.929883220987,1.9184651
1535586,112.369202050334,1.498447
1515578,272.643905817323,1.5674013
1502937,198.329637007144,2.5979092
1515684,163.900797058908,2.0675187
1502847,78.5947195475717,2.084817
1554664,493.08585184291,1.8651737
1522197,195.336926006212,2.0952706
1515018,323.921196880337,2.441428
1546217,72.2186632536596,4.5889497
1506621,94.3022497989763,2.5069835
1545147,152.351076121954,2.856243
1540788,29.6113363817709,4.4792595
1504324,159.596331195175,4.3361626
1537810,326.978647695687,2.7195365
1536330,208.839714289466,3.2401717
1508544,186.567621858918,2.4958212
1502114,402.138158217967,2.4874785
1523202,155.574599803034,2.0536647
1518385,413.780178638118,2.824983
1550845,235.686850355043,2.699821
1525255,316.98135562606,2.949126
1535941,232.860468222533,1.781089
1537902,272.341082163148,2.6746056
1502812,180.106064461654,2.677158
1550310,386.644793551928,3.2209606
1511525,129.213853734081,2.690031
1529745,308.635977594749,2.244152
1540886,38.8090662559484,2.2030623
1651441,55.6523437833467,1.5407432
1613087,85.7738500079261,6.2342467
1612577,155.455647646222,0.69969285
1654324,87.915964374233,5.62675
1641749,290.156973316253,1.4229101
1626328,139.456532443706,1.8037452
1639071,203.129515064541,0.5936288
1644334,97.664836442485,1.204011
1623877,146.075453261273,1.998506
1625894,146.90498808045,2.3017976
1643290,117.434150263853,0.7290979
1621787,64.1683845852829,2.2982795
1646365,84.0911766683496,2.2159162
1610040,281.072102084972,4.421181
1620596,346.872334167116,0.5599679
1632921,299.616780819894,3.193645
1631647,652.965059009765,2.3818977
1614966,226.145195780436,2.4027145
1620671,71.5405455462586,1.5030955
1620073,349.474972658143,1.6629705
1626920,144.607408884279,2.227627
1616721,106.557083732962,0.73221874
1619146,240.615485059656,1.8345065
1620958,529.253487829721,0.25407726
1636677,277.918620242722,0.6681146
1616243,123.429291569785,2.4667943
1646068,62.1088417609328,1.5406982
1620482,273.608194081607,0.74273837
1647457,291.172820165792,1.6565325
1629186,237.039686381239,1.7986705
1636666,168.315736583707,1.8931638
1633913,496.806794131067,1.7102998
1641211,398.104528766448,3.4399574
1608268,89.0355122960242,2.2866802
1647745,221.831858808742,1.9530342
1605019,442.536640635399,3.0271883
1610951,177.135889330936,0.9069869
1620316,142.276020443567,2.8941936
1618252,87.9306505138543,2.8601675
1614533,96.4674852656644,1.7265266
1633415,381.085881773383,1.4568759
1603646,328.1538008783,4.2855544
1643728,183.793376737954,3.4604027
1611179,255.237604562996,2.6182563
1650876,154.017124757741,1.7934599
1607921,244.012908779406,2.39901
1615044,199.088500014384,7.713063
1638035,272.711932267944,2.2157817
1639648,243.689982923775,1.8260895
1603066,336.067171707234,1.110559
1626513,438.527960275555,4.3288326
1639513,91.1321047181,3.2979946
1637726,51.8087429010878,5.0919843
1618494,149.833002328404,2.6207118
1633387,369.883859527851,3.4460974
1636476,356.008114069218,4.6133814
1602732,293.561951830907,1.9224266
1635724,402.210586428731,2.467065
1630045,314.676572931976,1.9933923
1644765,579.472176396651,2.4242623
1614643,257.755527880004,2.413511
1645248,241.63437724217,2.198324
1624194,201.701097868109,1.7746849
1642631,468.221970045323,3.1765501
1651699,268.886040285139,2.1586277
1642816,28.2951601991935,4.161008
1643387,384.838142478821,3.410711
1642345,80.5255890377904,3.9528842
1609279,348.301728751965,2.1636486
1644333,173.652958556678,3.1650918
1651294,727.775457441062,3.5675545
1617378,225.193074498685,2.5491962
1652840,113.382781425973,2.107032
1636653,127.026813028337,2.1450548
1626756,38.0952554876861,1.9306005
1606071,212.813177719472,2.9613569
1649164,366.74277119343,8.738767
1652671,262.85726417912,2.6437006
1617329,221.211492362163,1.985046
1606427,159.89294846932,2.356088
1606419,300.610845329143,2.5315883
1653745,207.393362316889,3.3782659
1608598,316.005515905879,3.0274131
1643210,220.687782452654,4.1764345
1639327,389.249421158157,5.7932844
1638717,375.783483630124,3.0139494
1615781,263.019597599081,1.6626452
1645440,230.265304980162,1.5808558
1615187,365.594172205957,4.3653455
1605533,312.988413786484,2.4627082
1628287,129.576063487147,3.9836025
1613685,135.962968713819,2.325833
1602452,243.028316063225,3.8271773
1602158,92.9700902793958,2.9718053
1613024,195.781088809966,1.9448019
1644330,58.0183640831976,6.5285015
1645351,56.9314590913683,4.2444453
1735254,318.003817232738,3.082568
1700718,314.876756159408,2.0663636
1729499,311.618371558013,3.0731905
1737282,444.888530894419,2.5434582
1738160,211.476873381407,1.5840143
1739305,275.441283253781,1.3023347
1713476,202.673332769906,2.2158415
1736085,351.077708711395,3.6736188
1744993,218.327009266793,1.3762019
1748236,161.591332918624,2.2875493
1729635,302.960628189869,1.638583
1752146,166.717370792965,2.4738252
1734957,313.986051601802,1.8211076
1707345,220.613964746811,2.2564068
1705886,271.913223436594,4.2675333
1733334,214.463904086198,1.7559125
1713573,263.526326566854,1.8030933
1720820,71.3606720937187,2.1041906
1746835,134.230789183606,6.5970554
1741015,221.110568052947,2.0229645
1714193,482.909745287247,6.0041065
1726718,130.699957206422,0.93699586
1708309,293.355307667945,2.7664707
1729188,396.464390967886,2.0049536
1711738,357.93893588515,2.9125242
1702966,260.831015536723,3.6208394
1743455,606.583845109883,5.114386
1742217,231.342114886903,4.523118
1725634,320.573722345391,1.5781777
1701616,365.330264616364,3.8457305
1714651,291.337445643908,0.7980852
1752312,117.080876583631,5.519112
1720398,183.036969164751,1.9944876
1729549,95.0898349814352,2.4305174
1733528,28.8891106848101,5.256936
1844088,169.100626290925,2.1319323
1841909,150.720329467228,3.1900423
1850226,186.656684754208,3.4463212
1852481,372.897995496171,1.2921864
1824372,210.655149140809,6.163381
1816361,320.928319969919,2.8241022
1829459,148.262715376016,1.3980985
1845513,33.3872812457219,2.3505101
1826095,347.145515367255,5.1659756
1813033,308.288100099663,2.2147381
1813137,114.959612213001,2.0361755
1805546,37.8936611666529,2.4015634
1840059,214.944119175351,2.6327682
1824482,100.825876197634,2.0213904
1829416,135.679589048214,2.4173148
1828841,176.016572257283,1.6639117
1824953,253.371152963147,2.1289325
1825273,322.88546431754,2.0026908
1801887,510.185825944912,2.4757023
1816710,363.678926696665,1.8370601
1843853,162.936692212525,1.7937895
1851639,40.7008841315066,1.8704712
1839987,241.252914012394,1.8557355
1807684,456.179865296286,4.2842484
1928736,204.750411868589,2.0781558
1910033,349.45193586868,3.2393534
1940116,289.632200912139,2.7720284
1933258,222.310340854246,1.0737143
1954823,181.526753712438,0.80871606
1932482,157.890390127279,1.7446327
1907298,352.197758514322,2.4882019
1911513,102.739532843998,1.2287198
1952510,131.944799047797,1.8960688
1924383,235.692442580732,5.939623
1927017,338.650753249677,1.2079285
1932814,463.994400954429,1.3525181
1914916,280.725470154657,1.6332332
1940975,155.024821186745,1.4065548
1935467,257.961382822771,1.3668981
1908635,152.385879037357,1.3200579
1953511,128.714458741372,1.2567245
1916188,153.292606287973,1.4365596
1914367,357.165360970345,1.736829
574327,120.407967301908,1.62767
272470,184.590840922031,2.639717
675016,210.557931454173,1.10152
545456,177.629812031987,1.28326
418249,214.966252793715,2.60601
676297,114.264276182564,2.54282
262950,199.971928651097,1.91027
516677,63.2835451256262,2.06558
316496,248.857757857077,0.760706
655995,184.78829620858,2.30911
512310,132.092835040855,7.36287
303436,115.73141963691,1.69393
203594,402.165173902252,2.9984
449298,20.5400065984803,1.58353
679350,254.454800432954,2.08317
564281,228.440677159132,1.58709
262000,237.087334018113,2.28889
479037,263.313193447352,2.14193
330737,264.090712122952,1.32265
510746,46.1765346147016,0.770754
662154,121.040279989097,0.994109
430775,1.89158693998806,0.963197
224543,241.793181524614,0.842323
604079,292.618393096898,0.659169
567502,148.382866967829,1.16227
342419,135.559043194216,3.3434
228121,19.7120082004787,1.21943
445668,128.913184160013,1.01787
664710,5.62289282463513,1.23386
568706,108.256983287711,0.9282
103523,124.565290428544,2.39245
117149,43.1970457400343,1.92548
9355,206.931939927444,2.04672
43459,109.38218251166,2.10441
153921,108.786219922438,1.00272
248482,99.5389891112043,1.69841
426983,41.8341527698688,1.67535
320826,31.9184305545124,1.07644
615007,32.612383882576,1.38153
537546,180.636651234061,0.763401
259501,252.986980135342,1.12234
455065,114.236451151989,1.34174
629195,158.548500446904,1.16067
368465,231.148106270598,1.02623
122764,321.665166009756,1.63193
31356,1.06252872802191,1.33784
16571,180.20174584513,0.771893
102357,331.434891814902,0.785219
34260,231.654520295864,0.924315
542373,19.6140179816794,1.50307
655989,225.62102223557,1.56941
511167,366.92451498376,1.25563
453183,346.921995318841,3.49594
335697,108.69944439736,1.91437
280230,55.0089099889767,0.994747
680133,127.32940247209,3.64369
562892,241.240930141781,3.38634
636238,95.6424085431151,1.22399
551677,93.6577388720259,1.17595
257415,70.807694052515,1.62907
444665,348.278678543546,1.50558
202992,216.653760655161,1.191
478669,13.4548312142315,1.17672
313009,256.283866221336,1.56948
532839,243.101433897084,2.56879
533324,281.474226324936,1.77823
640588,214.41157476275,1.26941
221831,248.202979421251,2.80914
342926,220.51454298628,6.02857
378545,224.170274578877,1.5806
569566,57.3814699971366,5.6495
650827,200.848962551005,0.58376
334504,420.12793228121,2.51532
228642,146.595478489561,1.41241
655422,170.390797022944,5.67371
352898,204.81841425627,2.54477
462488,256.421832592105,4.38415
274280,324.299458174171,2.42174
379093,336.030371020614,1.27279
244160,266.716247693446,2.06937
464413,184.34239726257,2.27372
509505,203.470854948299,2.27853
322314,351.511928070989,2.07329
258022,106.686234844796,1.94545
379677,53.473459197305,0.789836
557880,131.204911260324,3.4077
673158,198.33425365075,1.52085
506685,158.38924084846,1.31723
227635,354.776309799324,4.54914
436944,251.38701542559,1.54612
342911,493.034114227558,1.69113
268361,271.040487966531,1.69817
405289,86.0468040640026,1.75359
639420,202.141058288131,1.31005
280270,154.521841931902,1.69333
471898,437.78611151619,2.02121
375013,426.043761226109,0.902729
260960,134.675996014648,1.55848
616539,158.318068051528,3.54467
632298,354.966253305404,0.684801
467230,52.05764173044,2.00972
241434,90.7247645477907,1.55912
435557,346.387030153323,2.44207
314625,168.614144505539,1.06436
575756,170.455052661034,1.74274
613719,32.5930151701541,1.46725
557455,294.585502597358,2.64964
237718,179.370677453025,3.2047
463707,288.530183066734,2.74972
367623,202.072400697165,0.818568
238561,294.806747615199,1.08481
426661,234.868975192436,1.73793
626748,3.69296655827672,2.15138
680722,103.943262210221,3.02672
256896,173.798920334214,1.26138
439048,270.779661581072,1.91207
334612,228.465426890535,2.31385
545673,138.287297678209,1.48809
602120,355.354752688708,6.5
455612,266.530418414248,2.8062
312808,354.842184469459,2.11617
666727,208.415313450739,0.860049
270479,275.31886569407,1.32522
21126,49.0065983995695,2.93908
101387,21.9620276623649,1.55602
53825,93.1640039276801,2.39471
126582,5.22452815107718,1.29285
142824,329.727696936612,1.99157
25324,108.847218127487,0.604727
110408,156.958698585708,1.47272
5797,127.642799271117,5.54146
52931,228.800293462636,1.71199
118496,198.616288461548,1.72849
152713,470.200889812373,2.67001
19393,312.247705073428,2.48065
131791,185.190118407394,1.01283
48801,110.105119648424,3.88682
134320,42.695918982622,1.37861
14457,249.297324173195,2.17616
116291,451.832740522295,1.15179
14302,428.104226916027,3.31899
103914,84.2006214358334,2.44953
39083,172.909751217042,1.69397
103193,137.387248525365,2.0092
45891,107.784553111131,3.78719
112139,342.028527598468,2.89984
9175,262.578625584415,5.6988
130257,212.220734324214,5.44014
46926,150.798202396368,2.5254
35906,254.356247255521,2.21613
13676,165.411904634204,3.84967
134325,226.343572072582,2.33486
50790,131.104006734984,1.86988
2553,397.541445039606,4.5078
144641,47.1116585238611,3.34908
5677,294.008409152628,6.5
133605,372.394194687103,6.5
135870,244.36881923181,2.17876
16326,77.2706046277182,1.27766
6243,127.892550477764,3.16307
15400,170.261774537219,0.498273
146319,378.294160813762,3.2169
25019,146.373578349061,3.01881
138012,181.801643839912,1.86199
1891,166.921974358683,6.5
125937,362.636320964693,2.16278
8318,303.432598158564,2.59694
118286,363.275683490533,3.31211
37020,440.675982563299,3.16307
148517,175.646200712287,2.72001
12385,383.716668619128,1.39008
2010360,NA,2.0666175
2036898,NA,3.7158992
2033903,NA,3.8493776
2008100,NA,2.344664
2020483,NA,1.6771125
2003263,NA,2.282549
2033957,NA,1.6120592
2001175,NA,1.8107992
2026640,NA,3.86085
2012517,NA,6.6660986
2054817,NA,2.124255
2006013,NA,2.1517303
2044531,NA,2.6555517
2031385,NA,1.3456172
2035154,NA,2.3092854
2022643,NA,1.8553278
2049825,NA,5.7903795
2023526,NA,2.8373864
2022668,NA,1.5704633
2002022,NA,1.7918702
2040604,NA,3.1140733
2017145,NA,1.6588767
2036401,NA,3.178533
2052188,NA,1.8431379
2052837,NA,2.4799542
2019537,NA,2.2205257
2001855,NA,1.6225593
2045367,NA,2.5207865
2016492,NA,2.144415
2018897,NA,1.7981215
2033870,NA,1.9956994
2004472,NA,2.3617163
2017545,NA,1.9183669
2021670,NA,1.863821
2022867,NA,2.306104
2052064,NA,2.2059672
2002874,NA,2.3402128
2010899,NA,1.9786129
2013026,NA,1.3195944
2010721,NA,3.0882444
2033245,NA,2.4464064
2053392,NA,4.1958685
2037094,NA,5.4222283
2019844,NA,5.405789
2018678,NA,2.954042
2031039,NA,4.1382637
2023736,NA,1.8070835
2031988,NA,2.002185
2024119,NA,6.9349008
2048605,NA,2.3425722
2002663,NA,4.220667
2051531,NA,4.6270986
2043279,NA,1.9044114
2025030,NA,1.904642
2043336,NA,1.6362973
2017242,NA,2.4917052
2031240,NA,2.933598
2032247,NA,1.6552058
2054819,NA,2.0471032
2042787,NA,3.4708066
2031206,NA,2.6026428
2012026,NA,1.8868402
2008672,NA,1.8890418
2037891,NA,2.2333903
2015939,NA,2.9248912
2036698,NA,1.8182751
2012873,NA,2.6059535
2020304,NA,6.3434706
2016787,NA,2.127766
2031924,NA,3.481798
2019021,NA,4.053158
2000457,NA,3.3133733
2000545,NA,2.0402718
2050136,NA,3.7892566
2005858,NA,3.0662591
2053052,NA,5.365887
2037335,NA,3.376184
2046433,NA,2.9617572
2044135,NA,2.488506
2017513,NA,3.4496336
2033265,NA,3.0607715
2033146,NA,2.8510218
2040664,NA,4.5718856
2006846,NA,2.383244
2047366,NA,6.373072
2020049,NA,4.5375113
2054353,NA,4.0999804
2022611,NA,2.8066778
2011693,NA,3.5485592
2010904,NA,5.4687004
2014871,NA,4.4611735
2028264,NA,5.4118724
2040314,NA,1.722172
2029496,NA,2.1584074
2040575,NA,1.7991418
2021081,NA,2.312712
2030467,NA,1.554916
2019113,NA,1.9506497
2015187,NA,6.74332
2017897,NA,2.2080176
2036360,NA,2.4495595
2043603,NA,1.9468651
2033422,NA,1.4342595
2025523,NA,1.7277097
2009862,NA,2.006465
2052399,NA,4.132829
2047390,NA,2.3522081
2035678,NA,4.7461085
2018913,NA,1.427014
2018510,NA,4.017368
2050122,NA,2.0503018
2046493,NA,2.4126496
2034249,NA,1.3372062
2031312,NA,1.5272869
2044771,NA,1.5484763
2019994,NA,4.7049665
2022171,NA,3.149382
2038580,NA,2.9561007
2052079,NA,1.6442537
2025235,NA,2.0973175
2019574,NA,3.0228918
2045383,NA,2.1172545
2006963,NA,2.7348583
2051922,NA,4.2300076
2038096,NA,2.024421
2043079,NA,2.1934228
2010511,NA,1.5113827
2044395,NA,3.7720122
2009733,NA,2.2794025
2015025,NA,2.866412
2029481,NA,2.0173373
2051483,NA,2.6941643
2022970,NA,5.979487
2022841,NA,3.7261407
2028004,NA,3.1981287
2030614,NA,2.6626778
2001223,NA,2.2586167
2049512,NA,1.7144396
2044922,NA,4.5376887
2046167,NA,2.8976803
2005914,NA,2.5674975
2008113,NA,3.0638533
2027226,NA,3.305433
2030160,NA,2.8273928
2022195,NA,1.4452558
2052197,NA,2.7127252
2010731,NA,3.2216592
746162,348.551784507304,2.98077
712867,238.300772703636,1.11424
720620,134.874579765623,4.04955
770767,117.608077396774,1.18779
751199,74.8411366939705,2.37592
740332,249.626883753453,1.19309
701937,22.9344223726288,1.20378
750486,169.332259630421,1.23346
718393,179.817194008086,2.03623
860369,33.5019481810055,2.84321
865439,243.046159966443,1.67614
853266,91.1890152613766,1.98676
821584,228.294696624314,2.10541
809215,188.327229386816,2.86538
851110,106.754678244188,1.38254
804111,17.3355416421202,1.31111
808225,228.316506604889,4.34554
837865,535.253895198922,5.23304
861150,346.228740814313,2.00603
847479,25.1676211561958,1.34829
854318,37.8861060956706,1.73645
872756,304.1030791876,2.28322
814953,188.291832706823,3.23749
844621,276.860215031039,1.88947
833131,229.911571895833,1.3453
862973,22.0596521791447,4.70454
829725,356.206161127876,2.68018
869208,199.990970090528,2.96569
859350,176.577221036997,0.947826
872023,154.06180676471,1.89059
876594,206.770682161427,2.49276
811798,60.2146489177759,1.76514
874309,272.272662403629,1.21131
809266,407.461172759106,2.00652
848797,259.641310328191,6.5
835139,286.262492303728,3.35373
854075,747.601799375583,3.66787
854590,266.089302883896,2.00434
822430,278.852248728691,2.60007
838261,265.531274906471,3.27709
822862,69.0306363299673,4.37834
875472,355.073506990121,2.41717
864269,560.591376535274,6.05816
869180,54.61084015163,6.06161
835530,149.826374098223,2.1413
854752,283.34544422071,3.29586
827469,113.49941024749,1.73066
816997,13.2610362746439,2.25337
828034,194.929116716115,1.19133
842681,211.400565172354,0.915279
818113,375.694678930675,4.8812
805733,240.065398910995,4.52824
843227,194.093682082239,1.88031
878743,183.955573932078,0.462556
807239,344.277396615539,4.81319
843618,258.349245268354,3.34988
840153,187.098374050343,4.03028
871394,137.576166625004,2.08774
846846,423.950791415491,6.5
841499,350.675302909846,6.28862
842426,413.032315089259,3.79273
835918,395.874202195245,1.75881
966353,299.674285738288,4.68582
904346,233.159723909223,1.5435
921106,289.242168902451,1.04117
919999,286.580386166796,1.96952
969959,218.440359031775,3.52235
941333,337.161073277714,3.50172
919102,211.820405808067,2.15135
944075,414.971300362253,3.99085
927045,186.603082046409,5.28816
1016922,399.665394280957,0.770565
1020968,225.185068100748,0.997365
1017815,43.9888282426851,2.2319
1018468,16.1831784285846,2.20209
1010162,271.13437335088,1.4582
1210631,64.3495409109962,4.52537
1725622,223.092527939453,3.9340706
1740801,134.682417194791,1.2651511
1742176,209.804476981076,1.9323447
1700384,332.643188098849,4.935149
1718191,40.2342261773209,1.7271682
1731030,86.0751214680962,1.1628997
1735402,64.841015098792,2.8922749
1727190,278.293786251811,1.910456
1754586,425.538957528015,1.6062002
1717581,278.228927589152,1.3428391
1709600,124.406556389912,1.4040898
1749046,50.6385744551906,2.0101032
1735684,52.8283366979175,1.077121
1754337,271.512465508988,1.4235177
1749073,313.896598890032,1.6334581
1735781,308.679544725892,3.7086256
1701633,24.5892284575575,1.575902
1750845,331.018205075123,3.372433
1737375,235.632761446354,2.4681692
1753769,161.456810437282,1.5518459
1724785,200.101982100039,7.3430033
1751953,75.1014131790215,3.2225072
1706048,277.642262790438,2.0756238
1734085,506.960365953499,3.342618
1733907,160.720462493743,2.151395
1750160,167.263921461384,2.4406872
1709391,548.707846633038,7.819936
1729404,113.085907473068,4.375626
1732359,228.368633095765,5.2628303
1711082,146.644076458894,2.252273
1739561,155.427447103089,1.5305256
1711464,329.445976504727,2.052306
1754333,37.7909512559398,1.9631716
1708571,176.093588843128,4.066899
1742750,161.364101065154,2.8217845
1725999,261.256933260813,2.1469197
1731957,443.456383836729,2.0707977
1747818,310.908065913804,2.1910799
1707595,331.227062689578,1.542212
1700357,246.804129086422,2.0909076
1723123,247.914973265085,2.8657677
1702957,266.513032675538,2.3120115
1735043,282.661875881905,3.283373
1718949,268.725567599953,2.3964336
1711044,168.416730766705,4.3549156
1717764,251.662232731501,2.7308288
1708359,194.725684903052,2.2042935
1837270,431.910084769975,1.8848239
1829663,265.335414666539,3.2087367
1830533,199.779857166943,3.1963398
1837675,159.978266482812,2.8728418
1815696,95.2079576478316,1.4862287
1853516,301.712764227928,2.078954
1832877,177.28982113216,3.1585104
1806834,283.26764431366,1.8846242
1837529,478.487919959112,4.1518645
1804351,384.908599170552,2.2634697
1838500,300.32833732188,2.5473306
1843033,229.746019589405,1.9916425
1851008,372.388205515711,1.9824487
1802153,143.14386784338,1.5641586
1830788,309.854113943904,1.0632956
1807894,428.285499974337,2.5210857
1851129,297.645447863515,4.4580956
1809726,236.828179016801,2.3920825
1821320,115.300975797233,1.2486713
1826075,303.001476616574,3.908853
1841769,43.5727721718392,2.7824376
1849494,76.5725643388012,4.175784
1826783,241.954803844077,2.9841268
1849864,369.399006170649,3.1983173
1821152,215.657986595397,2.3410397
1841369,332.2192253211,2.9875312
1804877,346.602274341372,2.67646
1814206,163.438254332917,5.580106
1850390,211.275631998934,1.6838771
1827084,39.6079600604165,7.191905
1830922,183.207659719545,2.0787308
1843788,346.558035490654,2.6258013
1824213,179.67266256798,2.3867702
1808984,272.357293816009,2.711282
1835429,291.828093675438,4.4409995
1842837,164.272695703199,4.9954853
1812460,799.502659997696,2.2432718
1831877,124.569891553116,1.9219791
1804622,141.040723104395,2.0886197
1843746,215.258841237788,1.763563
1846675,359.967812593815,2.0694168
1825468,1113.85793611064,3.7857144
1802542,165.203759146804,1.4566791
1803656,386.798461803808,2.6393163
1825196,291.200695742331,1.7056711
1807799,68.0258996845519,4.818281
1802069,502.175474512331,2.6117413
1808009,192.911091961651,2.1195083
1816056,260.042227877077,1.9473422
1843243,144.567091925654,1.5226629
1829332,426.68095397606,1.8658291
1812741,241.314332838966,1.5815027
1841387,420.962062027227,1.3205038
1849290,3.6996269604533,3.5370662
1850490,333.316730935217,1.6572107
1827016,215.93123704344,1.3714174
1846483,95.2029235618545,3.1592875
1850581,541.102942342321,3.2662194
1807925,66.3525647623909,1.8900582
1801441,363.595107694789,1.7336165
1832384,149.988370434826,2.011356
1802466,131.098722271941,2.7132714
1810143,64.7038687406774,1.3224534
1811508,319.564368344148,1.8748869
1801091,128.88386639569,4.0496435
1807768,209.370076473953,2.5330908
1816435,291.211217508645,1.503945
1839415,139.487533669288,2.5347893
1854366,388.49470724801,2.3849218
1816318,157.162775593818,3.7492976
1846247,313.307633979896,1.968879
1804508,469.636080716762,3.2113283
1828090,232.471916647878,4.176616
1823960,124.720567281464,1.5727456
1822920,45.8655064986752,3.3110714
1840141,257.050774762403,2.4626267
1842986,181.751281397159,2.567192
1849252,54.6450869151784,2.0418086
1813251,301.397768962235,1.9973102
1852878,399.712186084025,4.314957
1945101,228.834773902546,4.3011775
1917645,164.251826093793,1.6043328
1913425,195.605932318376,1.4195765
1915989,231.965475088999,2.6872792
1916294,395.05011771766,2.6905153
1907189,124.103182631238,1.8021315
1946282,53.2208155005476,1.3799672
1937302,282.629750992974,1.2458621
1951413,240.37551987643,2.733321
1938214,127.889808563595,3.3589625
1953760,287.042779644664,2.3523607
1925964,157.942536285588,2.5983574
1919698,279.898786699822,2.0176249
1905314,226.647063084936,2.4455183
1903311,278.882719543392,2.3526425
1927648,495.922853824153,3.5326
1931887,13.4388195313515,2.8254085
1941353,302.324856564013,1.4050931
1927606,258.169545033278,4.2184024
1907738,125.052689142604,2.7855961
1939272,120.85664855575,2.601822
1907121,461.140007376515,3.8235989
1948455,370.720372527818,2.609385
1919682,39.6461771579977,2.393399
1908121,275.565275313553,3.6094916
1909152,686.307316656475,4.0041227
1936131,303.657878650585,3.1480544
1928592,27.5693604654438,3.7467341
1940819,467.196280182732,3.5604124
1915987,214.724953526703,6.4210477
1952975,395.141421465888,4.920612
1919651,278.474873416191,4.57015
1913398,121.932052325459,5.6217074
1937448,217.057495656116,2.5213494
1911258,390.536843625064,4.2784257
1919499,388.715138325965,3.3406565
1922045,200.612486752263,4.2737117
1942000,396.467570496449,2.0045736
1950519,170.39143271907,2.2279103
1937022,225.245959424469,1.3102176
1952822,496.148645371364,2.6713262
1918008,269.523180756454,2.8984108
1908363,235.268006496719,2.7712657
1941094,302.562704128706,1.9976155
145863,295.47958300927,5.70528
34595,281.672955762357,3.66542
124957,293.437949566467,3.34577
19899,438.045273177333,3.64724
30984,359.41769867596,3.69495
114483,185.496940659259,2.08556
117118,323.562072208013,1.89216
38489,77.1742376969199,1.24118
15161,391.825578077516,5.45533
152787,257.931383635286,6.5
42624,224.70263201339,4.02829
142026,251.834201998607,3.22107
142632,407.293778660421,7.22421
12853,41.8407786832319,5.12763
125404,268.660000953727,6.83658
116249,496.877162904649,1.47934
20335,237.024654769884,4.57597
143508,179.017485996056,3.04521
40183,58.3721140389326,3.50342
113438,164.934226827617,1.9653
145291,270.754007971422,2.2158
150549,440.878307130659,4.65377
44942,284.237591930979,4.29331
100305,167.598619176372,6.17218
101176,372.827022694723,4.55783
24212,38.5656718081042,3.73357
145998,13.0752082226207,5.07491
16030,29.7175582218536,5.05047
21148,218.314712370774,1.2061
139689,295.912945058368,4.6537
149295,77.7415133904703,2.77577
244713,371.753244572142,3.32981
423236,364.160621547532,1.41815
332770,143.24247996188,1.90142
606873,264.923401948767,5.79314
374184,357.465652331708,1.61699
221309,134.159797154608,3.01187
464741,15.5709269855706,2.63642
608773,11.9608825700102,1.95308
528936,428.314833101876,4.21568
634420,211.075264835313,4.18527
257049,260.069912367835,2.01798
261343,164.768944293949,1.14383
406607,68.87187389418,2.17652
347128,558.514521822921,5.9139
530138,270.915926406769,1.25499
546607,198.989474832017,8.05521
632429,298.396402350847,2.44478
349220,398.990935252699,2.70166
320083,128.249222527819,1.05972
416119,148.162787656362,3.24746
570443,340.334516616659,2.65454
259581,61.7260638690082,1.87759
361414,155.215387556608,3.97894
571008,151.422133299203,3.94405
654458,222.657082762594,2.72642
544515,225.651119257153,2.85567
473052,105.780114161221,1.22585
380621,56.0711861484229,1.32968
460187,166.433995041636,1.68524
323258,423.940392150936,6.47913
672386,169.566370856292,0.637906
600033,5.8347484700743,3.99939
216723,142.498105870314,1.581
239633,119.200070005603,6.97787
651610,315.382248650037,6.0155
521314,161.325621379752,2.72629
305863,64.2713116242581,2.44255
463404,63.0002349380008,1.36384
327554,241.544680137377,4.375
551926,291.154758353024,6.95545
643710,50.397865480032,3.10778
547071,219.343763109213,4.3691
208325,472.811249189953,1.03994
620782,194.787141560247,1.72976
582291,110.389651160224,1.2121
228257,172.530237345828,1.75358
411638,325.406117235334,4.82588
372681,466.549279802987,4.58506
278476,201.761788482393,5.63917
660150,49.7664979405154,5.52158
529106,280.115007091027,2.8074
345305,199.177097808458,1.25508
255274,310.403958383807,4.01571
444729,161.531118241127,5.99861
370408,21.1261031219224,1.54874
17461,186.878921204963,2.12923
125337,234.442212851344,5.1013
120143,60.3717309324362,2.7139
17009,214.381659930779,5.96118
20155,206.644291548134,2.73826
348537,129.538679862829,2.40779
215922,198.883017893244,1.90692
204205,232.014801851511,6.5
523641,93.2847360933415,1.91422
612961,297.204872579848,1.3954
456823,99.1602677050466,2.01263
369721,213.051833074854,1.81752
201096,241.276936431166,2.12467
444965,219.272656102031,4.56079
300576,153.32088083495,2.61712
551997,202.836356070392,2.53519
266298,143.776696498416,1.14638
223543,193.925885616754,1.34295
616985,184.574656378931,2.54577
645209,359.620243491797,5.61036
358818,100.368310272232,0.912238
212973,187.947590328592,2.39377
236742,204.912119884765,2.07675
430166,307.363968317947,4.91564
652289,114.995170376664,2.43405
501355,343.666534858066,3.81985
608170,62.4670132418925,1.94697
305323,277.749439307048,1.51607
431875,49.1298076513899,1.5155
329526,148.828436171558,1.63358
212916,228.114618665871,2.45894
339560,314.963083915485,2.16428
268706,209.693564156057,2.03457
518026,202.094034013554,3.88269
582987,157.565393695911,2.41079
600657,67.7741422419036,4.3697
573594,413.885801492983,4.04579
264278,55.8516693466904,1.89846
472529,148.442975776144,2.2925
426712,218.43853463311,1.56707
278879,296.774981694883,1.57472
377440,82.3946056770321,2.44163
274621,267.0181415646,2.23734
503907,176.397752994802,1.30419
662081,352.369178633292,1.62494
582896,330.400640681487,5.80498
576028,116.602577712423,1.28432
628077,142.149931527272,1.75582
501892,461.299094338542,5.66092
344889,58.1560310058899,1.2746
209668,13.6446146594119,1.81456
268734,4.62283473975292,3.35249
333150,8.22701553011687,1.788
354898,109.747115815993,2.90338
276932,2.03709377050275,3.19979
541902,202.95304357179,1.5709
669604,151.147266050773,2.12899
524595,35.9108324308092,4.31798
602296,258.982319535078,3.36972
565851,231.180475966426,1.98815
668245,98.1241580363034,2.3316
581793,195.31266906885,3.02807
613178,60.8225918693721,3.78029
258665,92.6379673602542,1.76493
454958,243.945663407463,2.40126
357613,61.1156985545261,1.25511
271589,116.534585785964,1.65175
231506,289.635845934463,1.76573
359147,222.504386021324,1.64908
227133,43.5838986168853,0.551175
329672,769.923881318823,0.727632
276011,82.6388233101925,2.31598
408913,72.3898194556807,4.08318
614196,20.5206990391225,1.52133
600767,176.109094732138,1.3351
573572,246.701579669868,2.04177
600946,365.828005520195,3.02035
365947,266.333453875393,1.51688
215515,233.743012863916,1.27188
435346,258.052055185234,1.87184
328920,85.0371623680303,1.21
201930,372.058577948582,3.54188
441923,294.935719568044,1.5649
344731,465.494302247619,1.69655
442848,82.2477515564031,3.14968
200985,343.802676018366,2.19543
360051,47.7558947258657,2.04889
610063,36.2784282494663,1.57642
531556,95.517378371011,1.34441
664917,296.24305258045,2.90163
536455,481.817077757797,6.5
543553,173.658132011383,1.43872
635361,416.358131000039,5.47757
571822,61.6996055602231,2.24923
446876,80.8382740037081,0.691612
255078,107.517609901204,2.45327
344272,306.34579628238,1.67178
268278,231.520727104933,2.40019
447364,328.957630088928,1.4827
350758,69.1737505756846,5.44958
443119,41.7571163946359,4.39506
327333,230.567289528103,1.32911
458278,30.9709200180813,2.17744
534390,62.4131810602844,1.12755
622302,33.9819536526183,0.804038
531275,173.471388917165,1.53312
644451,203.302386081659,2.79959
570210,98.0500455210796,2.50337
536803,319.36037549439,2.59542
627162,234.717479646309,5.19432
566793,360.641197344888,3.67645
430925,224.936359558122,1.52471
355437,167.617186526216,0.95219
221574,270.079334175719,1.12881
463567,380.273252514865,2.95443
209592,86.4648460254789,1.9317
411777,411.897248784264,1.40925
308426,226.012615335276,1.84858
248440,307.140592567595,1.86461
453166,299.840239649802,2.08138
328577,180.042644774512,2.36102
253835,7.52386119586171,1.77683
438609,421.794497673833,2.82568
219404,162.037455449064,2.97774
522814,334.603718982928,5.402
671084,197.828461201576,1.92746
556742,306.449832699798,1.21236
608069,3.53888832308942,3.28491
605069,184.532018546464,1.40022
544954,155.519771138743,3.19554
652671,242.430921538255,1.66599
619651,320.666695321127,4.4396
626905,265.099739503379,2.6298
203285,454.552445834638,1.49919
326896,347.825836489723,1.08124
270225,38.4503309325843,2.03401
323773,436.340849958003,1.51689
217424,200.734716048908,1.78757
270222,367.20915394881,5.19936
375919,234.354098612059,2.57876
266937,555.760395635297,2.79388
304027,314.949833145106,2.97565
623733,218.430179720316,4.16659
524810,211.819826538296,0.944732
553045,308.910985930278,2.80497
560071,156.591037247,1.74389
630197,82.1534921787223,1.69293
523971,215.915788694603,1.88077
556396,294.514847920563,2.56539
425019,401.899264605744,4.44772
246528,390.600360576425,2.05118
470095,121.300984080673,1.95956
262853,273.344581786499,1.66556
404210,38.9006883416714,1.29561
325229,104.616694103692,2.16105
272228,323.023269293783,2.32453
372220,143.423448934468,2.58896
458017,252.658889811869,2.23491
564466,442.170229694952,1.62186
643986,188.127733783982,5.98075
609956,144.406508356294,3.61406
578127,210.966863426571,1.62745
538610,307.797645525635,2.02763
644483,127.393403082842,4.49395
520275,214.341533594736,2.83273
673296,121.20923335954,1.94821
322501,126.684504539057,3.82123
413898,378.813791642857,2.48646
301049,1.51249119299799,2.32427
245284,221.642501620766,2.71387
451453,255.551766032501,2.89883
275639,210.187491130536,1.34295
402874,206.869050709019,2.89912
359745,240.221233641857,2.16762
478678,98.1749229142309,1.96933
372610,190.276002994096,2.36995
229768,114.19583845106,2.10334
417962,241.595437846668,5.13948
318953,221.983908741887,2.89849
224731,353.068573870581,3.28558
510416,116.700534325393,1.64753
641815,258.555032696489,3.0615
558518,268.060481964843,3.10408
406503,97.8190914017967,3.67566
471189,374.542864413623,1.81434
350552,30.0205080289687,1.72528
241500,96.9702964579999,4.20237
413718,225.721479410424,1.81144
366599,241.053633600401,2.33957
244954,279.596772860403,1.23216
671632,0.498025893529107,4.43239
651677,297.849943497845,2.6128
515037,238.409742428699,1.6333
680461,254.494791537683,1.39036
45064,683.209004660948,6.5
49112,183.03907140795,2.6207
100641,465.49308492335,1.52356
30224,238.328406644806,2.54314
46344,376.306989827524,2.43117
101655,184.77861416504,2.11868
48812,267.409642307971,0.986992
108763,285.275886533585,5.98082
49099,324.116724074094,3.28641
137107,210.016494761759,1.34463
46346,16.6943681409007,2.11837
9714,298.489151248479,6.62423
1993,109.537432213398,2.55668
130597,309.784746327131,3.46105
22257,55.3772546035911,2.15245
152564,81.4120311551509,1.1693
54434,358.022847937045,3.52972
130105,214.31271165642,5.07499
54169,120.953174425523,2.0936
137371,62.1115353542062,0.58492
52522,4.59139759730769,1.04
110001,536.692355240645,2.38276
138511,358.063164429191,1.29359
38197,301.315432882679,2.49167
109158,183.837496839986,2.95311
147212,21.9912262585266,0.797938
5007,52.4346199041635,1.61514
39019,24.5954143738718,1.34911
144874,241.599233913031,6.74488
125661,267.756490309894,1.48585
15872,7.33031906331876,1.34242
10980,121.436601800073,1.42512
129951,142.956770520155,2.5381
48858,315.694210509211,2.57465
44843,192.962638610167,1.63469
153519,194.069606606673,6.2031
16187,13.2749961428158,1.25724
39517,57.8726214656409,1.50844
123697,62.1434985245179,1.50549
133056,279.850003153475,3.06338
128593,367.803892414802,2.48948
132583,263.765550908446,3.05171
118328,158.402629616395,2.25684
125179,219.850836865396,2.31914
36240,67.3326967398546,0.685562
144987,352.679833239134,1.10955
14475,248.774230237401,2.18341
114711,327.581633654723,2.11674
39637,315.697304984652,1.70304
101696,135.020838685423,1.92355
102466,216.059603157035,1.0574
11137,446.474026519756,2.54059
119002,203.606045595772,4.88
19423,203.399819170281,0.7427
25113,255.881630204704,1.58095
140313,324.713918978103,2.78187
13389,188.370511498043,2.83335
42131,348.043702097995,3.06763
54200,126.720551863569,4.1522
122716,67.508501890127,2.10131
178,417.765264539375,1.09072
132902,127.443117909008,1.77767
104408,281.440161259987,1.20806
32226,180.388336921933,2.20716
35110,107.788809056886,6.53705
134419,67.5921815427712,1.14197
22204,179.43610690274,0.853344
138610,203.544142697456,2.13698
28245,315.062838758853,1.35309
110712,217.057245549216,5.97198
151743,17.8151567463537,5.95124
106402,227.499918086921,3.07181
115486,186.960397975653,3.39053
335466,327.579826407654,1.08844
426761,55.0580089256437,1.92663
656481,13.4114264402923,1.13165
580823,121.882407665772,2.81108
659573,554.54279227912,3.56265
416112,414.8624084009,3.84079
502035,80.7586257357735,1.15549
541495,317.22352483773,2.92534
424774,2.05804957289942,1.49538
316166,168.669390209952,1.44316
417532,279.486016415879,3.14281
304019,35.5797389759546,3.62767
649958,311.952635768257,0.967758
518719,255.975870347247,1.31613
305055,134.231423947689,1.899
279630,160.980521086202,1.19964
416020,48.6981896942023,2.07813
217335,107.099981187694,2.79967
574401,152.220365004967,1.01529
516376,203.814194407455,NA
658061,352.141138047461,2.07539
119759,90.0914010603559,2.43972
109565,400.571865899708,2.8819
8613,231.480039156132,1.90624
105024,118.986079809004,1.28924
18832,170.969633991806,1.81579
47495,337.003221299577,2.62847
45663,333.7832447726,1.83997
119755,233.276819519562,1.85248
2364,142.513676612494,2.16996
139138,576.912139705801,4.10036
206854,92.3409284052042,1.21131
253992,4.18662294753057,5.99314
469542,15.818735686898,2.37903
216932,137.149029968862,2.32878
363104,168.045066050225,1.82409
207728,191.296696775453,2.24321
421651,258.945321627916,3.52573
518587,53.7784546277057,3.03319
500928,35.9713699190877,3.31194
553039,133.510589600227,1.979
617935,5.87482529626249,1.55145
583916,318.445739775487,1.9753
456304,4.70924015669608,3.50154
259809,89.2830011354267,2.82751
332129,243.213261885819,2.17305
234699,411.738232843171,2.45246
443018,158.589167439239,3.98667
627516,103.646142476967,1.48536
508289,84.4625250905989,2.44923
564273,219.943592306042,1.53394
630758,20.0331316829899,1.69985
249272,421.413966880695,5.3588
431890,48.5949283562087,6.99821
237144,50.3999618830242,5.54094
429431,412.669802291375,3.83213
458926,314.050263406618,2.3555
365990,272.472950942143,2.21099
570510,471.238661265134,3.4762
610491,378.888641639865,2.56013
667191,240.933475659197,2.19929
411435,178.730578779781,3.98404
374826,182.165682022456,4.81038
434486,146.591624756157,3.00109
356608,271.717050446679,1.35627
248974,126.242435316452,1.49792
466362,307.206524573578,1.18685
519629,30.145699839518,2.56503
568184,62.4125011868483,1.45145
367489,231.998742885951,5.07034
252440,105.149681785334,5.27709
371349,300.199613707541,1.87177
640457,533.477211898269,2.72524
665243,343.024831638855,4.27997
311184,325.886845541161,4.94798
570697,645.706030179114,4.43791
668758,392.253775367154,4.18607
318761,169.259810899477,3.37356
604777,203.771276748749,2.55512
219405,274.942077808716,3.33828
39171,179.391041501135,4.17675
150073,5.26242767543802,2.97649
147787,287.332069677662,1.37934
35502,247.736988467294,3.41617
121774,130.835980826305,4.64085
121219,211.774867756918,3.37723
143142,279.553792409133,3.90747
109239,190.843501984558,3.26201
41381,168.245871732612,3.81538
124429,360.226627092563,5.05804
22360,91.369284514543,2.82044
132596,13.6557103626086,1.35045
47686,121.261976968919,2.46113
117748,135.390134411242,1.51415
18974,89.1691953038543,2.61142
27374,270.121814963104,2.59357
126091,148.053211743781,3.00105
12179,137.830504955377,2.28055
25268,464.731229176501,4.28514
320091,150.316440304094,1.03133
613106,296.309426670094,4.13957
252581,332.460521553847,1.74835
404748,382.433173284605,8.21797
508277,682.488773404432,4.18289
470891,506.662787899038,3.2713
356480,164.805010247252,3.19565
677367,278.182041413931,3.18208
439749,53.778632648291,1.95876
668877,116.573488467525,3.85003
256000,377.276914598585,1.85936
510841,244.804281986432,5.84935
349754,410.844376764413,7.43765
622922,133.218513665128,4.30209
147520,149.577913232947,2.94853
45254,449.583679098496,5.1502
129441,399.767109082697,2.5044
141493,232.882735523476,3.25144
14840,259.926354460575,2.27383
105268,610.975910444442,2.7514
121896,540.018406815765,3.23635
509652,252.671558583628,1.64893
3470,417.08994392662,3.76934
2021802,NA,1.8608981
2028999,NA,3.0834763
2037351,NA,2.5902803
2037334,NA,2.4802182
2045024,NA,1.4094595
2004660,NA,2.1397603
2008237,NA,2.884806
2041522,NA,2.3068717
2053095,NA,1.417031
2004389,NA,2.265773
2027976,NA,1.7943765
2044579,NA,1.080608
2050591,NA,0.8300583
2003130,NA,2.1145642
2047218,NA,1.8674935
2039169,NA,1.5827745
2018152,NA,2.4244158
2048995,NA,1.8441417
2045896,NA,2.3436215
2025019,NA,2.4708097
2011658,NA,2.4555635
2014113,NA,1.7965314
749831,266.258394291387,5.14143
766071,282.827844142183,2.91595
706191,280.503803640783,2.66218
730967,232.284616629543,6.5
701467,45.010431166182,4.45218
701401,134.426667554968,1.42567
731856,351.510910369038,3.43727
732678,115.298675265109,2.80279
770589,291.104071050773,4.2446
733621,79.0186431180567,2.73257
760853,214.750146665627,4.56767
748705,10.507720086583,2.79103
738031,136.690856716562,1.13145
724105,224.44133876111,1.79832
754111,344.905406739915,1.47857
735918,109.128299008259,1.3761
712098,401.394394162381,2.67933
714907,75.8217032703364,2.39359
712384,47.3296908879448,1.93973
701923,298.765668017502,3.24885
764198,103.904508653238,3.35525
741051,193.10251429772,3.49906
778068,39.6368206314291,2.07453
746566,287.562661233028,1.22207
761939,127.225936726089,1.64092
747400,496.818800230411,1.63805
733084,377.583290512227,1.06692
765795,8.50078820933569,2.0807
719158,145.519978421032,1.0456
713059,322.854186503046,4.43645
729414,130.089243189263,3.17996
737188,301.098435929338,2.75475
719627,208.663508435808,3.25268
744546,366.721798575326,2.5779
776024,475.357022600971,2.41803
714068,430.309981548792,5.71921
741349,581.114726191778,3.49817
770428,286.171687434276,2.99311
737514,114.548039009826,1.84069
773149,11.1806953913557,2.76705
768932,207.836338906245,2.25121
715276,206.512129548901,3.06054
733373,240.454885201079,1.72048
764025,193.751109533044,1.67717
753013,290.541779753002,6.5
737694,187.135751399697,1.85383
763608,279.613854455162,1.45191
706016,191.729994489544,0.966366
779642,419.595410811032,1.98617
736719,368.498361631167,0.729631
756853,218.737746525808,1.35209
735919,191.036599940376,5.97647
779031,138.750493657458,1.90394
730330,209.539771125493,1.72308
727441,501.041867796687,6.34463
780158,182.141394479208,1.26484
740622,200.987434213398,1.89023
764866,9.85005655598865,1.54694
779500,175.009688237023,2.60705
706866,312.285672007651,1.15955
765290,84.2336457168582,1.08672
725379,264.465150275462,2.01698
733573,409.101533412702,3.58734
746252,218.303627303791,1.23721
718813,51.7793764685975,3.9796
740017,250.456124882027,1.56135
759671,461.860713066156,3.51737
748606,209.915061371809,1.69455
740228,298.508145451051,1.70849
728455,135.711367129594,1.33361
730871,51.0651733827743,2.48679
780475,491.416878069797,3.50985
721100,309.458475103374,1.65699
721886,347.670079983394,4.88344
719730,338.229310112989,0.913512
712485,296.470363388647,4.26417
759291,286.596411790623,1.56295
735663,44.0811710473771,3.94076
708948,103.198078714062,1.63
716020,257.340011425281,1.88156
730305,647.184806853305,4.38578
701794,38.5476603724017,1.79074
750358,176.677422359802,2.71303
753395,192.532408776851,3.92064
731596,280.193929729734,1.56969
708635,339.387750903408,3.64664
759101,166.147885479903,2.29889
722474,498.006396626485,2.15887
739850,316.449335875425,1.92486
741764,285.744818112243,1.86845
700178,322.630545576177,1.75808
756677,194.711489979678,1.64779
718233,126.540178830331,1.33047
780851,70.7964168329734,1.4342
720936,2.19836204060249,4.2939
772014,371.582831889988,1.93243
761588,237.06841238285,1.87398
743729,282.24320333579,2.85351
758698,164.120550242089,2.21461
717681,231.113696059487,1.43353
722743,131.588055038915,1.79378
749736,231.332390014166,1.33126
749958,304.611813233905,1.73876
759660,251.125302103556,3.64956
736841,110.275480012529,2.37992
713817,334.563334471506,1.98881
816099,393.302547859362,4.40823
871652,271.123062651297,3.69267
846473,113.53316533039,8.0068
853516,176.209036278433,1.20265
813179,219.959643021981,2.13784
805155,203.821732019915,3.87792
852173,352.271638178832,3.74404
858683,401.1847492524,5.28788
814734,295.860172512597,3.47802
847665,380.968960161941,3.55271
848930,306.646629722692,4.68857
804883,286.038386381203,3.62152
818224,167.084114550008,4.07945
866664,324.920770134016,2.77927
813688,247.041389780729,1.37075
861264,86.6490467067822,1.03998
803125,175.192216102751,5.5936
879937,81.9615767309411,1.71513
807959,412.766209470962,3.86139
802459,381.448386931216,3.93035
876036,320.869771458581,4.15623
862678,197.611008476806,3.39421
827923,250.240046894273,2.52752
875304,316.220113384209,2.6656
849553,275.193589143898,1.44358
873485,125.617730617563,3.47407
865813,295.586756337302,4.03813
826706,216.184994442468,2.8576
864019,234.929453118709,3.71203
864612,223.229239238324,5.10283
837801,250.475380737675,3.80518
814498,281.245134289387,4.91326
936462,47.1118098274657,1.56232
942915,434.718912410651,4.2887
974283,206.655797679565,1.21452
933186,279.578341949517,0.97492
936503,196.580016400974,0.896963
911513,239.762126630605,1.5213
953093,44.4444125173062,6.5
945537,153.748248319373,2.84849
973094,309.131389728777,2.131
979605,373.725111152058,4.00883
946287,378.288057930662,1.52776
961649,90.5196444889421,1.88874
917298,171.104554706634,2.99383
947026,128.600410520751,6.9326
945259,197.436405050183,2.12027
940688,92.7978126595078,1.17401
921308,234.483610269072,2.40632
933654,189.983339820078,2.22001
931765,251.294805515019,0.974792
928263,45.4215529329015,2.46412
902289,67.930429080275,3.64176
902912,419.342986007548,7.67603
961211,252.590826668492,1.20307
944542,446.799467110866,0.514868
939274,315.596745170935,2.50217
910012,356.406545384742,6.346
974406,34.1813123207091,5.10748
924424,288.534700832842,3.67797
957100,195.928964905053,2.95989
913461,348.831074925284,4.14377
936500,223.607963933849,2.96065
951237,171.457328969556,3.81004
954348,135.857726900575,1.95365
915192,405.280129306204,4.35908
931933,447.740870819437,3.19745
963190,59.159081890392,2.08329
959462,383.422014156997,2.7486
961467,35.0841053105306,4.01446
938536,185.802370329136,3.63896
919778,524.88444959729,5.09708
962621,239.137560273406,3.7558
959565,189.441926678678,1.25673
928625,502.879098068406,2.35144
945255,220.435133932683,2.55098
932104,101.252123316317,1.50308
939025,261.207295439057,3.39084
972185,164.831554127738,1.39431
908315,482.099910428619,2.50811
936663,25.6688066800493,1.4596
972456,178.355835838829,1.62493
943163,223.818314469733,2.14386
969871,83.0087893830431,1.21267
949966,118.51568589838,1.59971
915382,184.131042490196,1.54441
952411,726.422369993132,5.51882
934252,383.128317622921,1.52948
962953,412.774845740833,1.41655
910032,120.617820785713,1.26751
920231,319.261026215886,3.0695
924014,308.21658225709,1.42917
901988,66.0845720949764,1.46989
903281,316.891726557634,1.2316
921816,215.476253809427,1.87164
964928,490.545305056598,4.10291
944710,129.809803547473,2.48041
917299,444.659685517006,1.99388
955566,58.7797464210009,1.01736
906599,54.7912636186104,1.23362
934090,169.419381286382,1.94263
917990,259.45410388961,0.928464
901733,268.541246677847,1.30822
974846,111.428609164103,1.24865
949999,345.788523678387,4.46122
922694,440.721994797637,2.5619
923997,174.494418963308,2.27809
909408,222.738684762439,1.20988
955720,422.886206751761,6.65742
927066,46.6588572465369,2.11677
921260,306.201593262438,4.5011
966090,536.066362206103,2.65616
908694,270.014612257148,3.7236
904188,120.542921563309,1.9002
942435,330.510948337681,1.68495
922863,48.7412613515881,4.24356
950919,149.526377977662,2.37232
976343,325.876531430565,3.09618
978310,172.943899331508,2.23653
974196,308.881987814194,2.05135
918964,20.2291417219627,5.58412
931710,456.30531705916,3.89131
926829,69.1934540261599,2.61099
921188,310.874917680458,1.76324
905874,392.674021550373,3.07007
901808,149.854449934228,2.53871
946097,36.9334399413086,1.18057
905664,503.265009649676,3.37039
951847,254.497424980606,1.16541
911369,140.478757822533,3.59973
966562,88.7021196300055,3.87655
974337,204.146695441329,1.80899
929413,100.355162593999,3.48953
916119,249.666997368267,2.30074
930434,176.193494062882,2.20678
915581,440.039135311917,2.71372
1004441,421.780904131301,1.35847
1015163,71.3049106216872,3.06893
1018505,144.224434937753,5.52004
1015675,287.03369602568,2.25248
1004951,258.642451104213,2.38695
1021197,178.3583642861,1.52925
1008488,381.492279483882,5.77944
1007673,158.578796433045,2.23123
1025688,272.048644351799,2.16575
1019949,1.1292271692635,1.58805
1010879,98.9993067953743,2.23406
1021355,309.786737881141,1.05534
1020390,202.692802753439,2.1022
1026624,340.483118018276,1.52439
1012188,28.7343078152648,1.3863
1018473,35.9451572312114,2.29163
1016616,71.2375709816166,0.831873
1020216,212.90614849276,2.12682
1008139,178.09935059917,1.20583
1019315,292.5663181607,3.01881
1011362,383.579601097315,1.9822
1022405,159.978358238219,1.81718
1014755,259.263707009891,1.80487
1006612,278.077096940333,1.79271
1022089,257.676396714876,3.07788
1016510,305.325712055047,2.90174
1010557,216.678697877441,3.38942
1024329,257.434867648055,2.11679
1004898,295.170624533932,0.960736
1019219,338.440829227515,2.67046
1002168,123.048123977636,1.19857
1018347,115.488048161367,2.56522
1005108,389.821603845114,2.12973
1005736,389.190617520817,3.10259
1019570,265.537419034898,1.2605
1002291,222.406768792954,3.06671
1028374,146.827267271564,1.73415
1001437,280.231138325601,1.41236
1030308,384.186233985465,3.14189
1020033,153.754190793946,1.16081
1014909,303.870454463802,2.89677
1019630,207.370622442139,3.49932
1009253,130.557384402747,2.58955
1026797,282.43867072456,4.21015
1004393,422.060484333677,1.98455
1028368,245.10408232146,1.68934
1018252,173.346308732655,1.77856
1007784,288.817801356569,3.14428
1019435,222.925549649027,2.10968
1029885,373.940151130975,1.94163
1005086,413.294080526595,2.17866
1030573,94.1920391637734,5.80095
1027444,296.536423652626,1.25963
1003345,145.979786636854,2.11034
1026303,229.550996724031,6.95431
1025150,344.645892949261,7.76064
1014202,195.147802213679,3.21663
1030338,310.740495589555,7.05468
1013437,344.190406077849,1.53479
1017819,239.485162518855,1.64159
1005809,113.731626326098,2.80034
1016109,406.808485926837,2.03452
1007684,284.361466191587,4.76113
1011706,413.332014670753,2.83476
1016074,184.825955525908,1.68009
1013884,221.019740068807,0.968259
1000632,521.356188744413,3.79772
1003728,385.398110128424,5.81256
1022131,67.7658116979911,1.66686
1007186,326.969471054595,1.97175
1009246,697.333761394629,6.94544
1031100,112.690659653092,4.23164
1002211,214.703522374676,4.02008
1029010,306.638955257997,2.25472
1012939,342.99630946755,1.50814
1002794,529.099703227298,3.74068
1013888,153.960388017208,6.74368
1017973,383.738176524455,1.96935
1009520,398.516976677031,2.07895
1025783,460.427901781596,4.00956
1027704,72.390374848376,8.13952
1016191,170.449354636637,0.888775
1014578,403.477102699114,8.28195
1009038,103.50667423575,4.07422
1025853,258.382288152563,3.46451
1002880,221.752043685786,4.02795
1008993,158.146390168294,5.80788
1017672,308.621922114455,4.19113
1030821,269.618913950838,2.28318
1019851,253.213390902706,4.07306
1023208,389.232548242199,5.08235
1016951,427.991044598775,3.3807
1001270,272.852252045833,5.60072
1008726,163.140059529491,6.33891
1003381,275.413837305578,3.80676
1130900,221.810711367143,2.45446
1108808,115.4976287916,1.91161
1112043,10.1355289449357,1.79457
1105672,188.101697034918,2.26492
1124238,322.25797732774,1.1228
1121422,50.0773583533035,1.45045
1118443,325.588790004555,1.04586
1109037,297.436648061535,1.08432
1105236,38.553465880192,1.42301
1124961,506.253494655379,1.81876
1115773,252.972092186701,3.97811
1119674,60.6109166996697,2.46594
1119344,9.44624279437389,1.601
1101666,104.893411834949,2.66807
1121945,454.546156800176,1.69843
1116550,238.666371646105,1.23537
1121382,455.99857953191,2.13543
1119816,369.251445534516,1.75497
1128984,292.791364370524,0.875502
1107834,10.5428523147846,1.22273
1111339,465.641177756369,1.91873
1100794,437.322143563546,2.45042
1102655,263.451481180222,1.38318
1100749,34.4936784709562,1.2565
1113238,227.99860331299,1.48671
1107886,204.91032677917,2.03718
1106850,177.404307863327,3.06338
1113312,357.574132826648,2.23429
1111591,347.872528627427,2.43952
1123950,392.612641646781,3.5962
1123727,271.287448102877,5.09105
1106008,310.957116797947,0.628152
1116424,170.239497787018,5.70111
1126521,261.84455369587,1.43803
1124354,229.084413999156,2.19031
1108588,339.747209364733,1.40647
1130895,265.118158094889,2.73478
1115660,113.653098684248,1.42377
1111553,287.830250132665,1.29575
1108784,38.0309919068967,2.90462
1123997,455.743879107393,3.41388
1129716,319.902911300712,2.75729
1118098,351.545347415788,4.89112
1109229,228.476178751345,5.32119
1124512,268.75498684766,2.07571
1109289,83.8414324475333,1.25298
1103441,82.5114706475152,3.31932
1114074,13.4777464796822,3.96065
1126675,244.194200460737,2.20686
1101903,423.253081017756,2.99951
1111424,312.529497075341,2.47887
1100211,168.644993901485,1.15889
1119165,455.121824292349,6.21305
1111549,335.324077446719,3.68447
1118421,379.104602533551,5.40909
1130629,372.019044358084,5.19452
1107617,304.292702588838,3.8538
1100555,164.483002960362,3.59133
1130378,32.0866724347294,1.15657
1105567,363.212585240291,1.93343
1125527,247.799736608794,3.19773
1124721,289.995957306056,3.1237
1102276,304.675588142677,4.38325
1105913,373.475350826474,4.96199
1107443,301.880728332975,4.6103
1124541,394.925687835442,5.98317
1111303,346.488210322089,2.99871
1116861,106.92328121262,6.44493
1125271,477.991819700857,3.42308
1100910,227.098891088242,2.25163
1218956,272.351692523611,3.42626
1214606,237.336992461967,3.40863
1219789,280.286187726415,1.80917
1209076,254.500631323394,1.35599
1219544,61.8336826858694,1.87333
1208249,283.786345060045,1.61067
1225220,158.25968532543,2.14189
1202562,205.689157376591,2.32064
1214935,72.5565884900477,4.52257
1220821,308.026776812552,2.00452
1223694,270.047357006093,3.79493
1228052,325.532622498029,6.24385
1202577,406.516099926175,2.42393
1207282,272.951872761458,1.54403
1204463,382.474879760801,1.27004
1214862,292.235679268239,2.91589
1211439,300.27874128175,1.68973
1221733,459.491586261191,6.21547
1227832,243.314682984228,1.26032
1211994,378.854125816209,1.92228
1204457,351.148831981874,2.53191
1216272,245.313539122046,1.45429
1228391,188.699214952292,2.32866
1218062,180.380841270276,1.92766
1231007,167.017696092858,1.70809
1212191,101.268344792797,1.67386
1203453,263.916114930218,1.86032
1206670,191.773265710394,2.22974
1216805,111.69297595681,1.70419
1213941,223.643930865546,5.7413
1209141,7.20965630795171,1.2006
1215313,206.011039248954,1.9445
1208733,244.028079287552,2.5644
1225433,99.0258413944824,1.03457
1215389,277.953020979426,6.49943
1206552,237.16539857493,5.75907
1207302,253.242989926454,1.20108
1208849,294.86355688939,1.61857
1211942,368.077648841498,2.01519
1222733,297.747595070324,3.71224
1221078,371.850342058434,1.50573
1212232,700.918035024609,4.0593
1211330,292.674324846179,5.01633
1214517,482.034296082672,3.64842
1224948,451.089959741846,6.40076
1202098,214.249345470983,1.45624
1227250,29.2804868442768,2.30731
1212832,84.7611737264246,3.06831
1217956,88.1760921918574,1.34038
1222197,282.559383124022,3.76607
1208850,42.9053571228756,2.35554
1223176,414.813857893205,2.40612
1204560,28.0837789912933,4.66623
1214348,386.883524713701,2.43845
1202985,443.371925872998,2.3785
1210451,120.275772482168,4.32664
1210636,242.071920285179,1.16594
1229683,245.647264599827,1.46596
1220588,283.729942214743,5.86532
1217321,185.386660592972,2.25341
1200890,291.428466158887,1.87471
1208894,110.210120384126,3.42456
1219067,47.0581316771186,6.57395
1200597,257.684379784133,2.16831
1207279,180.145306154779,1.26102
1230682,316.135430129053,2.26758
1200425,181.726351009116,1.93601
1210386,284.406368767982,2.9417
1221604,477.101368196212,2.21379
1208104,217.841643575756,2.10536
1213815,137.627924903497,2.34403
1221269,220.551001436563,2.68319
1203522,326.138310944402,5.9922
1341294,363.531671675401,3.62146
1307133,184.78466190849,2.15443
1330975,108.752614249851,0.830397
1318306,271.654428640947,1.42352
1337217,167.862853350511,1.42874
1348449,218.766047598959,1.97938
1313311,300.027882402589,1.5863
1349934,102.125375958052,1.7885
1346167,244.851894280502,1.1527
1302966,327.439391714228,1.04329
1317210,86.6208970188261,5.26161
1343583,441.297630270308,2.47868
1335906,192.637276429855,3.45172
1325900,36.4924399843896,1.43892
1344900,410.792028128876,2.57675
1329778,255.115248796223,2.2707
1325740,394.761534417906,2.68008
1327760,91.0290271312173,4.67965
1336335,191.098438387297,4.19928
1332782,240.684271029249,2.47104
1313199,111.230998012092,1.03215
1337670,413.651291700778,2.53762
1315073,352.630209276217,1.44341
1354468,240.258453681876,1.31389
1315741,243.359308934256,1.46614
1327350,232.074674459387,0.717938
1308077,238.544733757363,1.18581
1319544,198.51405768772,1.94916
1311166,116.187362246944,1.9382
1347604,188.492887990445,2.20651
1348204,161.42181079906,2.23281
1350656,93.7149727516588,6.7864
1314570,101.056555864915,1.30964
1340170,109.088898106304,4.22749
1329705,267.935657448567,3.82463
1327584,427.016594412513,2.71067
1314922,311.480041277862,4.7299
1333889,349.408602424864,2.31433
1334725,195.37271156721,3.28105
1345187,107.616803455491,2.97288
1333878,42.0231404141394,2.71007
1340763,218.542416923614,2.25628
1323721,529.371786096084,2.54634
1309306,171.151750296105,2.36532
1306829,538.915292438489,3.58726
1316099,323.590807945749,5.57987
1324582,50.2345318159228,2.00161
1335837,390.451665191688,4.72035
1306297,421.046555373491,2.26091
1345384,87.219613587388,2.23784
1305258,208.426862841688,1.95411
1331218,129.05159232966,3.77227
1329440,226.883486490839,2.96293
1336076,327.631904224499,3.40021
1331520,222.365684265612,2.35255
1330904,320.518034168158,4.18729
1332017,119.356788195925,1.5851
1308879,292.952549291942,6.03081
1331565,153.818746794365,7.63328
1343426,438.006691278672,3.08175
1348235,166.742073481251,3.13741
1308924,299.836099131775,6.73053
1333546,326.028024394011,4.77634
1308338,414.634036484052,5.001
1315855,236.28107859265,5.14542
1312660,285.228916696188,4.46087
1315676,287.98961359987,2.55067
1414643,638.201057382144,4.04811
1448079,316.988057372949,2.69634
1403127,157.111677235699,2.20677
1433696,167.488300446757,1.73443
1451513,318.652881848984,2.3722
1413409,88.6998209622529,2.63814
1432061,214.427658868965,1.15527
1423952,198.295094654022,0.905689
1445107,46.0420251973759,1.46654
1448086,292.699957143729,1.46149
1453825,15.2757981988023,0.908334
1424576,110.183578190157,2.36403
1402698,401.455159809489,2.88977
1439709,342.856767830375,1.99625
1447259,251.066999974169,4.72002
1404894,313.5935241081,2.98748
1407816,170.850085584714,1.79842
1417360,97.6892106246128,1.26689
1416087,209.85274652994,3.91712
1438381,313.384259646991,2.72727
1447498,97.3893906983883,1.5658
1427852,230.750266615971,2.05184
1438717,284.43541904021,4.1817
1453896,244.467513858747,4.59524
1443554,259.71895880506,2.48944
1438600,651.294072856808,2.7982
1428716,269.386838118954,3.42728
1416429,384.526626863841,2.46073
1436502,246.804250207594,6.14288
1448800,93.7994396161528,6.14293
1441932,130.370444093774,1.44776
1410530,191.372672258143,3.93125
1414869,345.15621423973,3.94682
1413263,400.461531611452,4.01537
1441626,403.520267660939,1.87562
1419417,195.784225896291,2.02981
1402712,390.620478771717,1.04663
1431890,102.120749383641,2.87268
1445775,248.90895541082,3.42817
1451835,277.073480853575,2.27211
1400745,62.3077412056543,5.29913
1432796,436.397624575729,2.96936
1437305,380.597604243716,2.83485
1449840,333.623931375634,2.13682
1449871,142.722663413185,2.07982
1423235,132.017737813285,3.68949
1432414,178.947864939794,3.7244
1437645,418.867660670782,1.14643
1418277,143.557788324116,1.06304
1418999,79.062335801056,3.3759
1438752,163.419887880183,3.38405
1439718,115.948287198012,3.08616
1414442,345.494257228986,3.97218
1418663,243.512667273219,2.5984
1454414,306.192599529844,3.13325
1405829,341.529387296289,2.99328
1428596,28.3614323735031,5.35036
1448682,298.156620942249,3.93859
1437785,352.894721649407,2.91589
1406197,195.569493428422,3.27399
1452614,417.559640793956,5.11029
1417568,217.296337213625,5.98874
1407333,165.030643471698,7.16817
1444936,293.013436595977,4.39619
1448295,551.776105647181,6.62406
1408079,201.556354551998,0.699216
1626585,417.090145198929,2.7008483
1606052,111.714887829415,1.2597522
1643274,352.874266896507,1.769821
1628528,156.168203980849,7.2535696
1611072,450.435553068069,2.0261157
1648859,141.653442684895,0.92463917
1610731,134.594646368032,1.2073889
1628955,112.884792505043,2.8284705
1622307,5.13515671577576,2.6071463
1605912,375.304686089753,2.501219
1635081,282.807847771638,2.079883
1646322,220.132219652595,1.5195944
1646972,116.76720876948,1.493291
1630082,165.678015841543,1.1387218
1621088,299.096206195138,1.6060543
1609356,55.7843481579647,3.9913132
1621617,309.858054319031,1.7234833
1600900,112.829279409187,3.055759
1618271,9.87689123758921,3.1310716
1616020,109.857622536366,3.0802205
1643666,16.9062701775722,1.2191488
1617349,82.0722581036249,1.6209152
1637077,165.270958525604,1.6224803
1644692,124.430852060017,6.795059
1615324,285.967761905908,1.599556
1614236,159.617191715732,5.2856846
1633311,24.2538027877297,2.2790694
1611539,454.033712857805,6.838221
1645057,248.332115560573,1.8822557
1641054,95.3572431410856,1.7095551
1620578,266.778767796647,4.658533
1600072,314.654405710033,1.5280857
1650615,52.8332151206817,3.1317894
1606626,524.256998009746,3.2325554
1631214,103.507478102918,1.7810878
1630331,335.087925695095,1.4389437
1639012,356.372640265835,3.0258877
1618800,89.5163712360116,1.3844501
1654772,108.289778615108,1.3128899
1606904,139.655833432867,2.1329074
1600436,77.525162229537,0.9597208
1602295,46.4480519094539,3.077816
1625306,28.1343649362924,4.542772
1639306,143.762912541071,2.4655046
1636427,151.390072658568,3.6691372
1616980,262.810893244873,2.193546
1649554,131.808271066065,1.6207513
1618637,221.854923413288,1.8620481
1622269,403.0480384775,3.0200589
1621184,12.9395290886567,4.294788
1612255,142.369396413923,1.6510133
1647594,208.374819351614,1.4774178
1647222,287.696305053727,2.9487946
1634212,209.939147590222,3.4408908
1652591,316.922128744017,2.467408
1653839,125.767761437584,1.9349996
1615512,119.030456357155,2.1713712
1604569,61.3812434879169,2.0825832
1629253,281.279516149473,3.8313863
1635971,185.243625095329,3.522191
1630247,65.6717707956305,2.3565817
1653834,380.668537495429,2.6144843
1636039,475.760470000736,2.3455784
1722470,186.237547117452,2.594753
1722202,156.353797259124,2.1816103
1717084,266.850467615263,4.546065
1751764,42.4277196440616,1.9720963
1703671,111.123560707921,1.919672
1736076,205.538538919369,1.8371733
238246,106.696252171452,6.19714
569731,275.522167784545,2.45589
431601,128.748286555716,2.78029
304039,337.884689287117,1.50825
641378,237.519642401196,2.75404
534865,353.098735426486,0.737767
345894,214.612306722236,3.24583
263943,7.50470732131895,2.82498
453220,17.558180968892,2.65225
311677,229.911592207858,2.80092
251577,126.629712531007,1.46918
418181,258.812614698553,1.47504
582818,286.070226132685,1.40031
651115,214.568772017231,2.83696
508932,176.054812226617,1.26324
332524,428.633587006754,6.31338
279709,375.863167161494,1.34417
454019,317.416724388031,1.86432
359273,17.9192163670213,1.54315
510040,291.581642602858,1.28341
611320,170.398492870533,1.37348
546089,217.379936959423,1.46764
223751,139.403795062503,3.61509
302684,7.30937627357047,2.24274
236230,253.390950847851,1.33535
609350,196.217510774431,1.54932
615132,32.5542431992757,1.084
317125,280.139097200025,4.73045
421216,431.191689002179,1.37646
320303,204.128812105778,0.856757
660919,147.486842558671,1.37452
632661,505.849469116388,3.31931
533085,377.360622631701,1.16718
541617,454.777480644119,1.034
659059,307.002659195965,3.01881
573168,296.540780020901,2.48723
618987,203.179084614634,4.18043
327032,290.232109907001,2.99969
243561,179.196077123991,1.44885
450117,167.61068389972,2.66176
304838,109.618150160477,1.58435
236348,388.697273654921,3.69796
425127,375.090990436264,3.91469
340703,161.638205412744,2.51815
248568,331.545814517514,5.22747
420037,171.709611967242,1.81404
309277,141.874700670688,1.70689
271391,12.0611038451558,4.60125
459094,479.022543620868,4.42895
652735,499.885554499253,2.26679
534278,131.388192951789,1.78015
652722,130.128085450939,0.761573
619563,122.315649328133,2.10976
516781,241.560713314268,1.34782
636996,137.556582407357,5.89828
540727,387.284590435035,4.52869
205916,335.63125242923,1.67385
376841,322.549862819235,3.40196
379237,167.834976426164,1.05218
226945,256.357079774479,4.7157
441318,454.217193219069,5.7012
315787,34.8943465033338,4.63566
209950,88.9717456274122,1.4264
619574,16.4356257153838,1.42279
574254,213.067547182579,2.11212
602566,163.689624611068,4.10174
514754,228.060079596825,0.88684
643100,276.60110123285,3.32438
341402,254.118277279719,1.63587
270876,227.48250259492,1.48041
423115,230.470357214222,1.45568
405884,130.909922875517,2.32606
369519,78.0299779455401,3.89679
226619,295.972592697044,3.83348
336072,184.001155382025,1.87718
656812,364.036577442774,8.71538
565160,231.599232885268,4.86617
330802,291.935923593543,1.56575
222309,120.805120730686,1.44131
431746,251.773736937033,2.5878
305202,83.5511642187692,1.81481
248309,330.872309874682,6.5
462740,210.270559821624,2.28892
263901,168.033533984247,1.58293
446718,256.798816551559,1.96977
673522,257.744353557832,5.29328
431077,130.436961099408,1.72767
245614,111.456828798801,1.62397
209715,157.935705762044,1.79544
420047,630.148731090365,5.84526
310407,196.072161067989,1.69432
619264,629.929250064331,2.78349
120238,57.1225846417974,0.76595
35455,27.9598358707588,1.07106
33629,37.5110675615364,2.1107
145853,228.989159369911,2.58225
43678,383.017212405916,0.603735
20076,259.357174454292,3.00519
100393,368.447420208099,1.61346
6100,59.8085640096821,5.55501
105860,223.282563069037,3.1778
100155,327.227390904432,2.99421
50971,320.641014192312,3.0536
9491,424.99461947266,1.94732
133278,139.872147108405,1.42224
49636,196.070552862283,2.18762
28458,192.45994884666,3.79537
121472,401.40240626863,2.56273
2675,105.582587949845,2.21673
142688,437.165340493882,1.32259
24310,239.426775102597,2.66485
134630,141.219103299428,2.75438
118905,210.671131249937,1.70195
118870,243.391234856005,1.45572
49105,162.613958205069,3.22788
103776,313.398555847727,3.79071
13765,209.486448314837,4.09623
103629,186.161465234661,4.22124
139441,14.0120200172468,2.0358
13251,380.977617872794,5.14737
41796,89.9368285343486,2.512
140107,12.0589714358021,4.71092
152730,348.057775144266,2.37713
11946,214.374334746645,6.5
108165,352.884230482579,3.1771
580,242.52233943364,2.50921
150961,313.792443402614,3.95433
32374,229.609132034208,7.77273
126128,132.795470273125,4.22128
53980,127.247852593921,1.08002
109714,215.320380837293,2.74445
110117,353.801605908952,2.91839
25508,430.883584877507,3.40096
101623,194.134813120721,5.2376
137825,217.951490137904,3.05156
40555,73.8964994528573,2.87583
18226,590.17187097094,0.414749
140221,469.424706847942,0.651506
41318,75.867546455184,5.42768
140558,236.930318613784,4.85123
41481,318.429307231324,1.96854
108691,393.605107614674,2.93375
138037,104.168605139783,1.34566
51483,363.936239371396,3.25149
146586,208.299305967241,1.64575
19360,321.892282302621,4.26397
104232,318.240558469036,2.70732
29404,268.348009359713,2.10279
50887,99.4231042952483,3.20527
114276,37.2829981611432,1.91599
23941,180.412193238122,3.60498
152775,35.452862580555,8.4227
131420,82.5132957852805,2.93443
54226,5.01203985859353,3.88298
146954,236.935191349961,1.14867
23279,234.292436897938,4.74146
106519,278.153151464261,2.26896
113667,103.334355697183,2.22881
44284,203.440115836105,3.36373
120709,174.805934203256,4.1284
14611,147.388633889284,2.652
116635,344.602493342901,2.50476
150723,158.815499157348,1.85221
54855,152.956994921719,1.32087
135111,203.826393338917,2.07082
54624,325.105758385355,1.24132
150871,381.40389994648,4.67545
51128,312.363382978114,3.44758
126100,188.209144297073,3.36345
453700,147.409379547088,3.59935
505213,190.22977205389,3.28522
138733,324.777942355228,1.66044
48135,215.840588912641,2.60513
47371,236.925474068896,0.788498
40028,140.502463672575,2.06714
306323,405.921411444489,5.28792
503146,227.143534972236,1.84155
413985,360.236371584438,2.13423
646690,297.335510364878,3.34954
608174,11.3726428466157,7.88397
458873,260.654300035694,1.71713
360463,81.0190410152173,2.47765
465014,307.27958023454,2.30208
373847,492.310413166062,2.7444
259132,106.910468709451,2.0558
421531,295.578245702412,3.22668
559391,244.853956789823,1.6186
548510,201.746633932068,2.45455
629136,294.341804607689,2.99148
43606,35.2227627346902,0.934375
133964,222.091731928545,3.59934
101430,250.198247978427,2.2514
14419,356.833052257905,5.0328
131806,214.314226329081,1.89882
2056,251.690660394714,8.26959
223270,303.866647294291,4.22911
273157,151.892995910092,3.8777
461937,341.866534509714,3.13889
574449,353.296735868301,4.99847
662223,78.6783541724522,2.4257
512142,245.813477005074,2.40843
449381,154.078376056101,2.24995
372684,269.635808221281,2.06054
344431,181.31698263079,4.12437
257367,303.848517285534,1.98333
315340,293.148849602399,3.18921
604120,231.920891070842,1.65559
500865,248.494137210693,2.5068
270036,302.52935613993,0.830902
436333,151.449893177774,4.53493
332736,311.276972513024,6.97056
365646,189.580428472427,6.606681
561563,190.393623359605,1.74242
501605,201.08564355545,3.08067
578949,7.60144642454518,3.81399
633134,416.832572302295,7.11538
551197,260.173993398766,5.5952
263660,275.593406991324,1.8075
411910,443.544193412863,4.56489
319653,206.007353562083,0.82913
403739,415.609443027233,5.56024
223940,129.541913180259,5.54684
401941,620.441490690209,3.31858
358930,326.676746922249,5.68441
638117,493.959224570692,2.26727
535254,129.079851525918,3.32403
668991,150.932392129599,2.4621
564705,28.3863723348355,3.33956
226335,301.467934819588,3.15169
453210,143.849888356452,3.69033
230605,366.172318848175,4.96833
319855,211.429106406538,3.06265
217996,77.9717078261854,NA
423219,423.477457942376,2.46919
340088,286.876530435373,8.79178
254590,115.519752973543,4.12611
430517,439.101222471595,6.23448
575308,157.38992620257,4.1801
628852,158.349401416172,1.61178
667185,189.265999200666,4.3863
660444,459.089757889819,4.77858
511986,197.168448465296,1.26709
665508,291.024325380889,7.00269
515820,241.270934245833,5.02648
248745,358.694151481272,4.22274
480200,354.593776064508,3.65117
339531,158.246146390993,1.55472
217900,120.466973583394,6.18856
306363,194.495424006473,3.8519
245024,7.18565200264399,4.49032
762234,262.176957660547,2.88788
739196,152.003001836731,2.8232
844562,196.2028400774,2.67348
808815,153.24232939466,2.29331
858591,271.608470680524,1.465
856907,181.670719395837,1.74724
832849,120.910275304926,0.905705
864263,144.178203903918,4.49343
854852,89.073400373927,1.90679
831377,233.550765584372,1.57596
816202,13.1655440301802,1.85964
832241,256.750970082687,2.79892
852645,311.609292857752,1.64697
858211,145.941565246382,1.15946
827927,342.331771828047,1.8986
829947,692.992648235105,4.80637
849551,15.4695529638633,2.35285
807839,88.0437266759842,1.5837
805719,218.391967186255,1.89289
864693,373.496433664404,2.08228
867068,1.50030265075405,3.07019
817428,319.754718516573,0.828381
879983,556.76661141955,3.10909
877184,118.748863816649,2.61498
811954,192.603511708552,2.56526
870294,243.981547118122,1.3068
844857,200.085648044109,0.693478
806232,168.60795652778,4.55324
863784,149.38697183755,5.01718
845267,177.490700398783,3.82971
824470,243.538221677162,1.59574
833539,12.2440236021257,2.21594
826464,199.389313018159,1.84469
874038,301.025612190055,1.9946
815652,327.005091125873,2.32644
814880,132.140224125115,5.018
851473,28.1464442793289,4.6263
805020,156.660648079453,4.78803
833006,56.733431541619,0.99901
854295,64.258138601681,3.54952
844138,270.490721491155,2.18769
868366,676.572093703205,2.73061
818221,400.992964943344,3.59072
875656,264.643861420581,5.30576
817074,121.956544225418,6.7554
808938,820.076052924796,5.03673
871292,415.789469093255,2.15676
828424,291.936434272296,1.6768
818571,369.944851469276,4.34631
866233,32.540553125447,1.95889
865115,211.911176022063,3.04485
813192,112.839241908039,2.27826
874174,107.428373201265,2.24534
826445,236.264767350378,1.0252
817665,221.798355416727,2.88771
821645,385.985990298444,2.25954
856732,209.961601764904,5.07292
845257,110.932976795316,4.53044
856707,241.023629103899,2.74909
806645,84.2963870125348,1.80021
834912,216.001786479714,2.42989
803561,383.698484450035,2.32096
880689,96.2407449930377,1.74699
814472,134.277756430615,4.40976
824745,307.004853174543,4.00402
857703,208.34427428894,2.29935
827482,68.6085240288099,2.89361
878029,315.549081792407,1.90703
933452,473.288073152281,4.00404
976517,480.62255332611,3.36128
1002766,218.50103405194,6.34463
1001505,251.594474563783,5.55769
1023809,111.435470155615,4.01124
1018313,198.442801175444,3.46761
1109316,346.633420557382,2.0529
1131321,107.112740782569,3.60952
1107052,51.2661594723173,1.53236
1128281,153.951416680227,1.98223
1126669,292.70043672981,1.27226
1128655,199.209063933799,0.908748
1106160,170.699559419945,1.9156
1107655,143.841975284217,1.50137
1127273,309.588241463718,1.39588
1111226,283.950635888337,2.19645
1129506,143.558241443945,3.61272
1104475,45.9220078853026,1.17369
1118477,275.756496999937,5.77276
1101535,282.273442815478,3.38148
1129463,212.971809991691,1.3955
1110245,6.84728715973687,3.85039
1115137,280.097001807956,3.23267
1106347,56.2500179390069,3.82513
1128059,129.958117632664,1.4718
1122436,167.818870611222,1.67864
1110647,2.8374512454219,3.09619
1104672,3.80734592187998,3.48573
1126117,532.716806679509,2.6875
1107231,140.91773811151,1.90743
1100804,301.380239806901,5.05145
1118347,504.326108406458,3.1849
1104176,280.981313679986,2.56971
1116701,176.114141990942,2.92542
1117883,227.235032805191,4.30273
1104678,325.584981108543,2.78207
1125999,294.602996338823,1.44056
1126967,170.263052587487,3.54312
1119576,56.8351342691206,1.51384
1103128,182.49877434566,1.12263
1125729,155.346221217034,3.4197
1102439,87.9063182108307,2.65101
1117705,246.649029142459,5.51091
1117679,86.8604973217717,0.978485
1107947,251.386666459294,1.3492
1129922,217.435308140417,1.29764
1128338,96.0397045732266,1.10146
1115537,413.314726461139,4.28251
1121483,537.602164040211,6.9555
1129938,190.754217996861,1.72799
1130208,237.858708828639,0.920878
1107224,359.179728982955,1.86768
1119252,241.994428934243,2.11485
1100635,191.231448344045,4.8835
1114070,343.136383501695,2.22581
1106986,191.896851108408,1.13939
1106428,121.254760574147,6.04825
1117593,443.588605458797,2.16429
1121748,283.270811684403,2.01817
1119910,187.814890370745,6.10282
1129259,287.597587604486,4.14406
1126777,57.4665873341118,5.07801
1128286,325.502971314726,4.48177
1120794,61.9475531851784,1.18891
1119727,77.1460351520101,3.01328
1121253,179.575678978303,1.26768
1125070,119.896721586617,2.03315
1104047,75.1013475731745,1.20066
1107499,65.9329920125882,4.48996
1109378,146.050821660341,1.80456
1121381,321.022762444354,5.60748
1119583,574.803456890692,2.32564
1112119,497.175206531391,4.10824
1117136,339.919422904872,1.99582
1123505,483.729981285013,2.22136
1103425,208.402024925703,5.74331
1123517,196.544172348559,1.91473
1102246,154.377942053266,2.99643
1113664,65.8743857239199,2.01685
1111156,326.612868006252,1.87437
1130434,379.239695126078,1.43947
1104520,109.960984793695,2.64389
1101732,250.068726647266,3.20427
1126700,70.9244848360088,2.48737
1124770,194.250679918034,2.21021
1216285,163.581544863338,4.40713
1221397,285.987587549614,2.20312
1228486,392.901302878271,1.52617
1225505,194.106341364562,3.48878
1229644,84.6252362935097,1.71479
1208496,147.960588568901,1.55766
1202532,220.965783477899,1.31651
1218954,325.318994894844,1.24406
1215414,198.02818277953,0.511865
1230056,402.843660245969,1.28993
1230702,263.818602449856,2.45439
1213447,220.290266314871,1.1401
1200438,235.960770301954,1.26664
1526756,241.455798705058,1.7738867
1524963,254.140209029164,2.4226906
1504902,223.047775120693,1.8655854
1531254,177.554642520034,2.3146918
1540648,395.92781284788,1.331575
1542884,329.253674077548,1.386971
1539027,138.68657855405,2.5546253
1550786,214.240295342999,4.595552
1551560,330.448998992907,1.4356894
1513054,230.722492180388,1.3553898
1501311,136.999259617657,2.7731638
1508491,206.437378019688,2.7756708
1510213,263.359763324765,2.0686495
1522678,40.2121035531028,2.6620038
1545337,439.471697577333,7.141937
1543256,181.169612213595,3.209802
1544268,353.734033681485,1.5761925
1507619,157.933865901191,4.4476647
1520964,138.990003069862,2.7291129
1541681,250.250505046732,0.8248368
1515046,103.721095977714,5.5666666
1547392,168.843230508807,1.0933816
1553864,269.478305939563,4.129818
1519006,136.155273257462,4.4116197
1546744,456.892991558658,0.917452
1508349,222.679774117251,5.2731957
1534275,78.6522607337702,2.455434
1539908,180.394444168587,3.0365453
1540820,280.8522471704,5.3413954
1521368,481.206520271941,3.705657
1524330,157.47306054026,1.4586489
1532260,8.0169646011124,2.1318157
1539858,49.8251366064969,5.165228
1539364,258.808511435471,3.8349662
1549904,209.028986301402,3.2092025
1537427,237.857325642553,2.4279938
1547212,463.26344911198,4.811252
1533043,466.79826695578,2.476635
1534291,249.6877540895,1.5125334
1539661,252.421609426442,0.91143906
1541470,471.396309433507,3.8584058
1518868,278.289018809064,2.2223716
1535792,13.416126569686,2.5891151
1518996,382.100520366219,2.467163
1539824,311.879863753834,4.4786763
1533085,455.794683364641,5.052115
1519302,336.603321525045,2.335439
1549769,276.24841113904,3.694328
1530983,49.021958717411,6.720862
1542661,299.31896401025,1.9423655
1545542,270.296670168248,3.277672
1547540,401.417583076553,3.349849
1530348,139.127149980289,3.6391673
1520982,495.957110328302,5.552405
1550406,162.202144432067,4.965469
1548406,60.2599961132507,2.1874444
1531162,205.73613337068,4.880169
1520392,82.0459137069995,2.522152
1503533,42.3906278962474,6.514171
1533762,229.405558502774,4.5434875
1527240,282.653321747263,1.3062731
1521216,222.460531236575,6.7736506
1553093,308.612002606298,2.0757115
1516941,446.623192477492,2.5580976
1507119,184.658234091332,2.5633154
1608557,103.577282981395,2.494152
1628507,48.058072894524,2.3115876
1652252,211.305051768953,1.744265
1602290,350.751808585533,1.7139579
1613168,176.361978299911,1.5387236
1634670,522.684698798844,2.5411766
1634297,265.102392131075,2.4397078
1633495,250.19807999082,1.7639897
1609175,376.102156227472,2.9964595
1630461,334.043239382052,5.7282376
1619495,567.396106940307,4.300521
1652428,215.820170370114,0.55045533
1631952,99.8069813879684,1.4082727
1608271,229.74094301864,2.097929
1729563,78.6775993934085,2.0855842
1702356,225.437484560764,4.887769
1721253,226.098473917081,2.3127942
1737002,313.951023456419,2.6749506
1747147,79.5572209139988,4.0404215
1728407,231.481095406634,3.2237291
1705964,51.5669999781362,2.746155
1716764,252.227444684083,2.80417
1737626,630.177299968946,4.7195644
1735359,222.211085242785,2.3152826
1713489,158.994744635915,2.6391044
1738289,22.0895171491541,6.5111413
1722560,424.509336391844,3.930808
1704847,320.065023796893,3.2286427
1707289,320.732857447778,7.379031
1711817,27.1931547952065,0.91398615
1718408,326.090354208205,4.2350473
1734731,331.446372851271,2.5225172
1739924,87.5009408212081,3.7222712
1731481,198.90799326679,4.453053
1711363,105.162990014157,3.5565903
1751138,192.862004336229,5.049098
1734215,294.688515538835,1.0235572
1741097,294.419793645362,3.8340714
1751578,371.589132356688,5.1960983
1720335,341.688823157373,1.665015
1713503,57.7323945893637,2.6443233
1721267,240.735912523513,1.3302375
1754680,276.065802325858,1.1073613
1751905,87.6312377076557,1.9165953
1711661,106.871203709435,1.0975009
1724310,304.291275708653,3.639937
1752911,166.467027664588,5.178153
1711089,160.865866396925,4.3162093
1708529,239.482553371633,1.7762935
1750902,82.6816291953033,2.5109751
1742335,198.489492320027,1.4586335
1702137,93.0099263898152,2.4432826
1726647,31.0259961396297,1.3843592
1741127,221.353494896307,2.3027914
1736585,302.615056972665,2.2239451
1701882,160.1060433175,1.9815563
1704200,253.51421898148,3.687886
1740122,87.285360879876,1.4763416
1747100,432.362206771069,1.5566211
1701286,247.255481637535,1.856975
1725523,140.700173769316,1.728518
1746811,381.045995584958,5.447603
1731600,28.2506048386746,1.2328792
1706022,147.403708966788,7.3960214
1704420,338.164231458584,2.2713516
1740900,222.1090617012,2.0974815
1714586,307.462003497284,1.8715813
1701004,371.587554538747,3.2531345
1731703,305.989376052378,2.9833202
1719232,395.924755240707,1.657863
1727237,175.536657135373,1.331278
1752468,316.752179439686,2.8392227
1741188,374.183218665624,3.362441
1837301,194.286942571469,2.8366833
1813391,172.915312774692,1.9249698
1812694,259.576293045689,1.5349919
1841465,301.980153240166,1.3606905
1821785,65.5878023097107,4.2157717
1833430,169.740675200776,1.3100643
1811189,249.94904535468,0.92822385
1840359,245.352847876041,1.1258404
1829146,210.202646030454,3.9849246
1851598,125.150269607623,1.4032847
1810023,229.1537336456,1.1277486
1800947,51.0873296731065,1.3334787
1809172,448.53895508531,2.129248
1814496,106.355547166394,1.9808397
1809260,86.9461822184359,1.6540087
1835504,31.8993216489595,2.10125
1850522,267.379592654033,2.9215572
1847308,88.7002252634459,1.6992733
1838370,12.2494630514056,1.2912875
1807226,21.8913160339753,1.5456401
1823119,416.4720109186,0.6452349
1840444,340.258876013936,1.3602387
1814992,189.923597833126,1.3434092
1801252,336.35415020761,1.6006745
1800681,331.453405157138,2.9136267
1809768,348.467686595687,3.0561728
1834813,80.8393195139786,1.4898444
1820461,49.5266063276985,1.3844253
1814765,96.2930700455093,1.674255
1844674,200.169691382649,1.6538179
1847969,369.008068848602,2.3276694
1844962,169.105797082128,3.5124044
1802753,241.356257647853,3.0415518
1823515,148.856316555817,1.2528958
1817530,290.582072815195,2.497575
1837513,190.894091220338,1.1575017
1818110,332.460379864231,1.43623
1841869,372.126340778482,4.747004
1844979,404.893201423438,1.2040162
1849918,242.288560997838,2.440945
1832416,144.841267164924,2.8375905
1849695,253.612555390867,1.9055755
1852912,223.310410829594,1.5685675
1834109,407.034365961554,2.6136558
1809082,492.918487089827,2.2255197
1852990,139.196703148304,3.6598208
1846523,298.189025347005,2.0657287
1830339,260.325580605982,1.9520547
1800127,166.60606114102,1.6362908
1807803,235.226809798853,2.1752105
1839126,410.243253930721,2.8589098
1807617,161.632948288099,0.8314879
1852120,527.519607998563,3.7724326
1834949,335.750394227181,0.44106597
1806625,242.789889108404,1.8788589
1803800,213.563256736429,1.1349101
1811732,190.959991279288,3.5797482
1802292,215.002476103209,6.5
1843068,378.313186026527,3.4142985
1847387,195.112303764711,1.0859389
1942959,190.572313198527,2.1205971
1904558,234.032843449917,2.3322635
1905191,244.303330844146,1.6563277
1909668,222.250305118196,2.958318
1931824,275.184386330805,2.1655002
1907275,375.723124660864,1.1920964
1942602,328.856019840117,2.1030648
1944104,136.466210599944,1.2355384
1924671,123.80909733733,1.4917575
1909613,196.476988124472,3.5396805
1949090,209.732785711547,1.6611816
1928146,474.936305228287,4.0273786
1935412,301.795989763905,1.2449929
1916495,330.418780028068,1.3721865
1932643,336.609690099517,3.6638424
1921014,313.371849689353,2.3611615
1906693,314.905947082169,3.7197192
1929090,93.7830868659305,1.5824363
1921125,338.543194352376,1.0479317
1951466,320.419389635438,1.5722468
1928801,197.227206873597,4.123157
1932059,226.655287179443,2.8889432
1920121,390.048757320362,1.3355848
1926955,561.845888559477,5.1916127
1904212,268.099974511419,2.8030837
1927188,288.877956209809,2.0032504
1950077,380.423639959511,3.0240974
1913081,217.297333393845,1.1989739
1929999,471.405495659438,3.7367275
1929431,330.245914693989,2.815715
1928887,162.264937873936,4.083306
1924747,269.656690976749,1.4177463
1924144,23.8568680504626,2.7901814
1907618,342.349107564994,3.4232934
1915914,131.105663338039,2.1944005
1926811,508.288063523346,3.3180149
1900309,293.648441962905,3.4959753
1920883,333.284686542139,2.4430954
1937365,227.364606454883,2.4973323
1938532,128.086893550007,3.3093665
1939888,249.85941300045,5.198758
1904040,20.9882372665672,3.1574416
1901034,175.194173317072,2.1870003
1904936,425.596468319604,4.4332256
1939756,453.960019450094,2.2560935
1947666,179.287228083108,2.9498901
1903745,146.959092646541,2.9565125
1941815,313.845660808094,2.7036276
1913963,210.303798715074,4.343724
1924328,246.890624080401,1.653736
1948353,105.02417302117,1.7770722
1939374,123.943379913228,4.9188614
1920137,240.213285725216,1.6616197
1928474,272.204304988785,2.1885629
1912698,227.240841216915,1.7790684
1927651,277.064348762202,1.559353
1927491,161.354020003194,2.1637418
1913438,94.1224995455174,4.1780763
1935541,197.812836061166,1.6907356
1949841,231.552264881845,2.5351274
1947347,227.989606397197,1.403883
1945142,146.936123264296,0.9617835
1946267,273.421710796535,2.0464463
1924904,17.4200269554455,3.2887409
1937885,286.219749366986,2.4029076
1903600,74.0462752553504,1.8601024
1941303,186.076348090956,6.0837226
1933007,195.884326841169,1.7088916
1907876,277.480428911591,1.6759953
1918016,353.024165405802,2.4457922
1911069,137.972242245953,1.821732
1905539,132.454204715385,1.3970615
1915711,352.388459840297,3.1691668
1908616,147.83206562547,2.4446423
1953686,84.7340489048624,4.3895593
1916452,286.435782769401,2.1363764
1930460,278.866606398615,2.400025
1942842,106.082160260959,1.8007519
1902725,329.252386525243,5.948002
1913022,202.736737311825,2.120997
1943352,253.063256857669,2.16743
1950074,312.02630029261,2.565638
1930770,332.082807154384,2.6870942
1925911,24.9091216803269,3.0307755
1906762,305.77628620908,2.194065
1947194,259.105737638002,2.1786766
1911332,305.16888354272,2.1702511
1946701,390.604686321699,2.0175214
1902247,507.810953571346,4.10383
1902012,380.215202470824,1.8487376
1944022,427.224230910251,2.762233
1904942,333.831877515491,2.3527343
1944142,285.564640632807,1.9956561
1928518,313.377238918403,3.096588
1918194,417.654079055446,3.0357842
1901091,213.778670544395,2.1036053
1918534,270.231699557713,2.114262
1919657,155.73674206315,3.0258343
1941581,694.412193162017,3.7178013
1920222,226.421201383635,5.287863
1946407,461.100537139229,3.0431917
1951415,135.576567944243,1.4110475
106941,149.238125422087,4.70734
3930,54.8350213985203,2.64017
114572,45.0412202596057,1.19411
44503,56.0763564779662,5.87376
520856,50.7763455385113,1.09857
661908,80.3709038205469,1.20019
270019,34.9357164414366,1.52358
411958,224.446446949713,4.08845
227436,402.904804549611,2.95074
472596,42.9075329331003,1.9778
331487,115.57854714682,2.29279
680843,215.721089759386,1.17079
579106,272.594110992132,1.65639
318027,211.820559859324,2.79073
444065,318.84338365741,1.17164
370415,78.5992217912048,1.11267
466889,36.7032718695179,2.50129
323370,187.823155929191,1.74759
670423,243.684720042799,6.5
561323,489.974961832286,2.65848
671681,148.681780095688,2.05486
203584,31.2423151302534,1.20292
452773,82.5014153335318,1.58267
324637,114.124641050389,2.76459
260044,70.3773485499902,6.11075
309197,312.899213128486,1.76567
422718,7.72078839683281,2.23367
649287,21.7473298439099,2.54866
542899,25.9708694626842,2.21283
654478,403.511702296409,1.5
331857,84.0700042757246,3.10583
460918,40.4587489638082,4.4883
249586,42.7744480326701,7.04296
411287,52.6647601992101,1.86104
301747,106.011480099427,2.74294
528510,349.210105027309,2.01142
235199,171.107623627892,0.88448
329023,353.225070601523,4.11961
219869,163.108821459766,2.87461
218617,102.497678843676,3.26464
461052,286.975564373803,3.4658
618966,15.780870784655,1.97972
543583,213.148721112005,1.04518
614549,21.5186742020482,7.23435
659556,305.617390495841,3.5
510472,441.007376123231,1.64541
618872,235.696888739204,1.44215
269280,174.753010942123,2.10494
435394,359.384985718149,0.343216
240388,237.428606395862,1.51126
433635,186.479516114293,1.25235
359812,245.630159320004,2.04674
224022,127.368656186067,3.60721
231691,302.945486704137,1.51929
319367,339.440117972211,4.1298
217944,488.633670073277,4.08066
631763,180.488569233557,3.43153
502383,255.704165061056,1.81883
533323,35.726521799182,1.39274
664477,287.898178327527,2.75752
582144,264.928459907353,5.74557
665896,293.131528122047,2.42346
610441,73.9716140378529,3.71884
583138,380.565075468387,3.12566
267104,89.1225437409122,2.31883
310631,71.9215881877238,1.25817
350229,325.558002316218,1.39963
270286,374.567115303369,2.16599
440525,36.1960139338998,2.58608
236925,188.483846061471,4.78256
467070,227.505278328025,2.65693
229327,153.881772339288,6.75631
450893,336.867885753112,6.5
524010,123.506328459995,1.31167
608148,226.82445998431,4.01055
525657,235.886282574268,4.36947
504023,249.907828474754,3.99747
677941,273.255060709246,1.21852
502139,64.6641357820127,1.13971
581530,128.358429022903,2.49334
510430,325.584938757309,4.40777
636103,435.673885976791,2.37115
540190,148.564338347288,3.39217
677031,29.6305762546693,4.94447
306992,246.682580758512,3.96806
234104,26.2941949085329,3.1394
414557,439.150995405589,2.51653
318116,183.794178926302,2.62352
453366,21.7601466608564,4.26853
300912,390.669259118879,2.61012
219069,96.5548013707173,3.38742
446080,292.341364565141,0.622289
333661,656.103596521021,5.35437
248801,499.564930655257,1.15675
463837,361.502770369947,1.31684
477757,100.066245994381,2.72546
343359,192.889934256086,2.04068
277492,243.783370157859,2.93846
435902,476.191379741576,2.48351
201765,306.579023820798,2.51208
630021,159.008781425825,4.85856
582778,111.375326411109,1.60126
679387,151.583544610575,2.92046
541068,263.083335013702,2.16799
541903,103.450031842353,1.30488
539313,469.662990077469,4.0993
622596,352.604135616945,3.36568
501041,149.924639786286,3.98838
550065,162.10132031064,2.40897
656615,339.430389639167,3.90372
251218,218.097154782687,2.0985
404318,259.533215609517,1.57051
377388,16.8062442022263,1.5374
440929,555.678214881804,2.74163
380219,295.113842441007,3.67998
408365,396.633538852271,3.80305
310078,172.25723452675,3.44943
265713,34.3322854792381,5.85047
310618,216.968013304552,5.56363
658176,338.680933882463,1.3593
529060,98.5382361366267,1.87276
639589,219.540259774061,1.62357
504177,367.883567847646,1.02586
220108,312.099754045723,2.24591
415388,370.636849003107,2.21613
504592,189.52424266189,1.98983
653070,345.293026898911,6.5
352498,158.356685223019,1.26795
672506,134.861055861729,2.46679
514744,161.031165258567,2.20959
565423,128.269834291543,0.849686
557255,82.5078172227955,2.34772
236120,170.512139367138,2.75537
478832,152.187561109881,1.8107
547276,117.815254636349,1.91232
366517,284.999955998801,1.56586
619608,282.966897497781,2.23429
464872,283.176012681657,3.29586
128892,318.551719760468,1.22308
144094,65.2751527215443,1.66406
111199,276.61264353563,1.61211
24355,168.887104255031,2.39651
39425,59.3775555250122,5.08757
151983,108.802783862932,2.20804
7899,167.901901491493,2.89508
131096,238.410537248228,2.2459
2796,282.91446185458,1.09223
127,206.28734474195,2.10684
139346,321.821937704194,2.09551
11142,230.770918618099,6.5
123035,143.888093425911,1.04105
32917,312.950049667584,1.17106
142629,49.8509675013865,1.95654
12716,345.949514216606,2.36602
144247,224.646746449489,1.12715
44982,231.255558643163,4.67477
416111,295.021982590349,2.05294
524934,48.773558531935,1.10068
677559,234.52992620052,1.02895
503618,73.8823955705172,5.40434
279232,395.501147147395,4.72143
438245,352.387962477764,6.5
638219,67.4853715324127,2.55686
222239,78.4815825299363,3.76467
406543,45.3715693329996,3.02954
533853,153.60152551856,2.24081
428421,96.5616698387907,2.40429
338289,255.01265622209,3.9578
500002,301.065574017884,6.47288
463806,307.890134909283,2.1696
312944,343.445949040838,4.87445
271491,284.20848556227,4.35755
474782,332.600311442969,3.88027
356386,266.53152994585,3.82638
527431,193.565846529002,2.84592
555353,24.8552599799749,1.39676
648050,309.996238915549,1.27524
562021,361.540223192395,3.57102
608915,423.077706421754,3.84075
546122,259.218570536572,6.3289
654618,399.491476755174,3.30755
274894,179.700676021498,2.87512
227155,202.150427637626,5.30653
456198,309.826882740161,3.79523
254397,295.504422796925,1.25267
357501,112.602459728982,3.12241
277270,156.681220930469,1.63413
470201,338.299179280233,NA
205898,204.664208201181,2.62783
464677,373.317888609467,2.69555
349016,285.785012881365,5.98139
276610,59.0473451746495,3.46708
522840,123.382591133228,2.76476
676165,319.598742664611,2.37062
509332,83.4646020327426,0.98311
611344,239.02897016224,4.15735
571272,414.519726254181,5.3658
632544,248.587780689754,4.09551
577645,404.070670389342,5.35148
617158,73.0117286125982,5.76232
551042,156.591333080406,7.16839
420315,458.267025392788,4.16808
330807,443.122419790428,3.94675
441730,212.139451961734,2.44628
248624,500.5124599302,8.25
449341,436.921939178847,2.33805
337309,74.76184792428,1.4847
444570,228.13230916722,2.89965
331695,383.587347035145,4.4349
244648,511.576556841665,2.94717
303709,272.244445763161,5.33613
235171,320.690690072787,4.45612
464644,124.389637599359,3.48738
641271,154.702293234821,2.10566
632921,227.918556686075,0.718781
516780,250.49076985077,4.70963
681028,100.785861698418,3.63772
568370,207.462935666894,4.14941
673049,325.086062755618,7.11042
572543,224.480824658866,5.74785
647253,15.9570444623982,3.59625
577201,400.433809748379,4.68492
667596,307.110235538812,4.8461
205812,393.471829039122,2.96602
465897,205.206133672415,2.31787
348947,135.629565883575,3.05869
475553,222.11861830062,0.554605
418902,408.708073276414,4.61809
226604,237.178455762,2.87257
419864,207.200116799075,5.77326
362776,199.988259312449,4.62777
521638,189.651695679369,3.96856
547020,2.63296499639516,1.50051
667403,330.886847116631,4.17839
654798,143.130242813569,6.5
520097,216.477167918351,5.36966
651028,576.677904849224,5.2822
675163,304.683981685096,4.31625
314861,419.676645152306,2.5916
252076,486.327518057171,4.16217
477686,188.508269968004,1.212
319498,273.498960000539,1.27495
225972,225.105797160059,1.43344
442227,218.535680475907,NA
229005,126.842433885954,4.29725
368377,160.399037231074,3.37812
662134,248.624643505483,1.46158
617409,215.098565516634,3.76893
563205,92.6915548075956,3.04664
675964,153.623505496526,3.09488
209235,288.818410945842,1.89111
304908,67.0634570270079,3.20248
237298,350.234246259355,3.00597
419182,500.206877880042,1.28934
213687,339.938903445614,4.59155
453030,180.687517183772,3.48376
230270,194.394135640624,2.89014
669886,101.73834326405,3.45122
544976,345.193400865006,3.8296
673819,143.272583504957,3.53489
512503,100.079919046197,4.29546
564804,217.515616796492,4.90575
372601,64.4641429200749,2.59014
205744,217.515291722802,3.53009
461109,389.928263820152,2.21501
379801,249.148361900246,3.19519
257840,54.0609778966218,4.27585
467612,461.660428879962,2.57671
379526,12.1259622519681,6.6351
407148,268.139439897989,2.24304
634093,238.348558059,3.59161
562863,249.948157424393,3.44519
301117,190.843590874867,6.92038
200164,221.090609706641,6.48809
405833,318.655885885263,4.03086
577428,241.460930718448,2.39766
315647,143.254137119156,3.07816
114071,263.319793388888,1.29763
37956,211.314025635183,4.87739
129296,242.181339237672,2.19579
38656,62.0905848642812,3.53038
152944,421.591437514689,5.99929
3510,195.152180999143,2.15451
119965,23.3674615464258,3.77105
106152,172.000376340816,2.63247
52622,166.482160758125,3.09177
145369,358.340778836399,5.24214
47815,162.694411737008,3.43604
148690,439.22650624186,2.89723
27906,451.443179600387,4.02324
45487,155.94019009577,1.07393
129933,423.381493616646,4.03841
28211,366.497345380249,3.27917
22485,216.899923156538,6.63908
12368,248.975135474885,3.64315
13224,133.610648696472,0.589337
146658,352.846361036136,3.29674
120443,712.327707693444,6.48259
9999,260.213371453838,4.41579
50773,362.584409933032,4.77046
146775,471.985167559664,1.15919
53383,173.271447490744,0.549091
111745,25.2112099560078,2.34829
9859,343.449407249534,6.56762
8522,31.6667067103326,0.943704
7589,14.903349786157,4.49884
131424,156.107226446898,4.70789
16989,4.32362834674345,1.52497
25281,529.250763695037,4.69545
124854,363.057967631539,1.28263
35247,229.08305887806,3.64131
148872,100.868951588507,5.25519
41278,478.762775338834,5.103
151108,107.934960808104,2.52116
140603,339.572688369439,3.13999
137464,308.14756161545,6.5
135741,298.690763885433,3.26087
8363,99.3373855760876,1.53085
24292,97.2030800308796,2.11235
49707,154.253524046041,3.33038
129401,279.603498711118,4.25144
129304,205.250203242449,3.67681
14304,658.794420322537,7.1261
135513,367.768550609562,5.48527
120882,219.907665335217,4.61178
12430,106.562132369296,4.99861
15178,24.4146396269257,0.824072
617102,337.062748649049,1.97814
372554,41.0098010473092,2.10743
426940,72.3777075990833,1.48731
529837,187.438217743447,1.10487
378505,196.222458544791,1.36156
671465,195.86210796176,2.32122
511327,190.463279402616,0.542571
277326,77.9285332627368,1.16286
453309,136.593024050169,1.36632
671919,222.045600112148,1.82061
340190,466.173994116345,2.72843
212027,423.166294607255,2.46405
443072,255.65104263914,1.51357
225707,193.638746130851,2.29653
467639,118.312871200154,7.4144
619262,3.67555076892748,1.39856
279889,46.4208389755507,1.79706
404844,318.862267064921,0.780714
333760,338.028722425078,2.8343
558529,35.5119936771248,2.54236
647611,13.5275394850747,3.30576
320154,13.2642023167574,1.33687
206732,268.909960766564,4.12239
655389,173.596098141307,0.739954
312036,324.042376570148,2.58235
205089,287.82166829193,0.787896
343548,120.773701836114,3.16804
571348,59.0506755171827,2.02793
48962,62.1510706714862,2.27733
135257,452.497421916155,1.05836
5735,46.2421137458702,1.20069
125473,212.072714232921,0.777536
33877,59.7702689876665,1.47401
150530,88.7004809520762,1.33017
16199,148.583393472656,4.28561
48253,79.5827876044989,4.44579
135516,306.946396884997,5.20985
38131,302.523186976986,0.751295
21947,41.7230799203222,1.61533
525482,390.556591743492,3.05758
442365,104.140095197174,1.68426
355655,336.142703093096,5.79769
640611,290.248082644202,3.03733
580417,223.754492707593,6.5
606676,370.72050808331,4.10637
201790,112.083032152567,0.860587
659359,98.4947657348932,2.33885
707991,38.6470662780335,2.57372
762272,390.667766945813,3.5222
740060,290.393552496252,1.54465
717236,203.036140305568,4.81725
763896,100.130192606939,1.4454
746142,321.373604405526,4.21796
747030,575.075814853011,3.26287
722820,153.029700284516,2.7221
759263,482.342905965933,4.40569
712718,272.854269903177,3.71831
711260,427.557204182404,6.5
770499,246.568242528611,2.76948
751133,437.612958474543,4.41846
780174,404.254432489439,3.91458
751340,361.863958546441,4.0631
707206,171.794010331307,1.81059
741242,549.831710118255,3.65899
714600,189.626075263491,1.72671
779810,188.944652108585,3.02624
711200,415.895182007747,6.55365
719799,296.819507964637,4.33718
757655,235.44107948952,2.60875
732904,327.851099295141,1.41429
730551,295.136008894474,4.95105
714361,336.843161581837,2.81851
740262,150.069071416447,4.73222
753778,279.492097430578,3.56941
752168,172.827343219687,2.23621
720179,311.842175316593,5.32326
739429,262.300588509622,2.0874
731276,327.016727294555,4.02969
711750,142.939894301339,3.54194
744174,199.363644734077,1.88184
702983,262.642869207479,3.2324
725659,213.776519669587,6.28201
734970,435.356547604543,3.35423
762219,446.769669781036,3.08197
770405,154.922952368729,3.82451
725947,454.251783243532,5.97102
770261,150.562373581541,3.45682
760222,318.537645678222,5.88895
741091,243.796461136501,5.56448
