"idp","mqd","biomass","zp","reserutile","troph_r","species","ownership"
746162,0.344687956945188,348.551784507304,332,89.5,2.98077,"Pin sylvestre","Forêts domaniales RF"
712867,0.213513480389875,238.300772703636,348,62.9999961853027,1.11424,"Sapin pectiné","Autres forêts publiques RF"
720620,0.221324890016448,134.874579765623,359,35,4.04955,"Sapin pectiné","Forêts privées et autres - Hors PSG"
770767,0.157464160796435,117.608077396774,374,50.3999977111816,1.18779,"Douglas","Forêts privées et autres - En PSG"
751199,0.310139713264612,74.8411366939705,466,21,2.37592,"Sapin pectiné","Forêts domaniales RF"
740332,0.29384085761085,249.626883753453,384,29.3999977111816,1.19309,"Sapin pectiné","Forêts privées et autres - En PSG"
701937,0.195429222154134,22.9344223726288,445,108,1.20378,"Hêtre","Forêts domaniales RF"
750486,0.357771588035413,169.332259630421,507,75.5999984741211,1.23346,"Sapin pectiné","Forêts privées et autres - En PSG"
758280,0.115666036341636,112.838398265349,295,56.6999969482422,2.95443,"Hêtre","Forêts domaniales RF"
772844,0.132673677423967,76.9919953542283,417,17.5,2.15281,"Sapin pectiné","Autres forêts publiques RF"
761676,0.163288997562911,47.9865943220848,340,37.7999992370605,1.03467,"Sapin pectiné","Forêts domaniales RF"
722455,0.204662335301241,218.335126237903,382,74.25,2.35393,"Hêtre","Forêts domaniales RF"
738018,0.204886213098639,189.81801929967,460,28,2.91934,"Épicéa commun","Forêts privées et autres - En PSG"
777046,0.337149326686021,533.776914694495,416,49.5999984741211,1.667,"Sapin pectiné","Forêts privées et autres - En PSG"
714754,0.109508344793101,145.995438134189,316,82.5,3.33445,"Chêne rouvre","Forêts domaniales RF"
703094,0.255292231445382,83.8316877181301,258,56.6999969482422,1.60237,"Pin sylvestre","Forêts domaniales RF"
764732,0.100225702166823,24.2443020019308,356,135.449996948242,5.52044,"Noisetier","Forêts privées et autres - Hors PSG"
770652,0.160888064355987,126.842526084992,428,21,1.26861,"Pin sylvestre","Forêts domaniales RF"
747924,0.431668510588069,247.873787237943,649,19.6000003814697,1.66048,"Sapin pectiné","Forêts domaniales RF"
731708,0.268446239773639,221.812240921185,278,14.7000007629395,0.838792,"Pin sylvestre","Forêts domaniales RF"
754967,0.411609729306635,263.574939600417,619,62.9999961853027,0.980626,"Sapin pectiné","Forêts domaniales RF"
731032,0.411458593722081,151.636306330549,756,21,1.40642,"Sapin pectiné","Forêts domaniales RF"
759013,0.356312851817355,211.810121058094,278,24.5,1.32327,"Pin sylvestre","Forêts domaniales RF"
777059,0.227775559472263,306.84320130635,358,24.5,1.6054,"Chêne rouvre","Forêts domaniales RF"
742296,0.226916052649144,279.743994658315,338,39.2000007629395,0.812583,"Chêne rouvre","Forêts domaniales RF"
734865,0.279312488214912,246.514269606111,291,56.6999969482422,1.6314,"Pin sylvestre","Forêts privées et autres - En PSG"
756109,0.202171012641775,349.611766299558,224,76,2.22661,"Chêne pédonculé","Forêts domaniales RF"
749831,0.219812660049523,266.258394291387,253,56.6999969482422,5.14143,"Chêne rouvre","Forêts privées et autres - Hors PSG"
766071,0.286022894159359,282.827844142183,247,56.6999969482422,2.91595,"Hêtre","Forêts domaniales RF"
706191,0.335782564291532,280.503803640783,357,49,2.66218,"Hêtre","Forêts domaniales RF"
730967,0.164123032983139,232.284616629543,365,79.6500015258789,6.5,"Hêtre","Forêts domaniales RF"
701467,0.141328992475813,45.010431166182,533,68.25,4.45218,"Bouleau","Forêts privées et autres - Hors PSG"
701401,0.240391845215798,134.426667554968,314,33.5999984741211,1.42567,"Pin sylvestre","Forêts domaniales RF"
731856,0.558476867683323,351.510910369038,307,44.1000022888184,3.43727,"Hêtre","Autres forêts publiques RF"
732678,0.187776288299686,115.298675265109,310,21,2.80279,"Douglas","Autres forêts publiques RF"
770589,0.34828905416051,291.104071050773,427,71.1999969482422,4.2446,"Chêne rouvre","Forêts domaniales RF"
733621,0.261941934539293,79.0186431180567,374,56.6999969482422,2.73257,"Hêtre","Forêts domaniales RF"
760853,0.205032857052243,214.750146665627,513,52.8000030517578,4.56767,"Douglas","Autres forêts publiques RF"
748705,0.0997858713242243,10.507720086583,613,109.200004577637,2.79103,"Hêtre","Forêts domaniales RF"
738031,0.448708897862606,136.690856716562,284,56.6999969482422,1.13145,"Pin sylvestre","Forêts domaniales RF"
724105,0.184969669614633,224.44133876111,541,44.1000022888184,1.79832,"Pin sylvestre","Forêts domaniales RF"
754111,0.315119909490341,344.905406739915,848,44.1000022888184,1.47857,"Épicéa commun","Forêts domaniales RF"
735918,0.122957059294504,109.128299008259,894,9.80000019073486,1.3761,"Épicéa commun","Autres forêts publiques RF"
712098,0.331287285392925,401.394394162381,548,31.5,2.67933,"Sapin pectiné","Forêts domaniales RF"
714907,0.230420370908605,75.8217032703364,582,121.500007629395,2.39359,"Sapin pectiné","Autres forêts publiques RF"
712384,0.13140686174078,47.3296908879448,281,29.3999977111816,1.93973,"Pin sylvestre","Autres forêts publiques RF"
701923,0.280171411495519,298.765668017502,535,15,3.24885,"Mélèze d'Europe","Forêts domaniales RF"
764198,0.182536161646765,103.904508653238,435,10.8000001907349,3.35525,"Hêtre","Autres forêts publiques RF"
741051,0.396727931852541,193.10251429772,636,34.8000030517578,3.49906,"Sapin pectiné","Autres forêts publiques RF"
778068,0.328336363680942,39.6368206314291,631,104.400001525879,2.07453,"Chêne pédonculé","Forêts privées et autres - Hors PSG"
746566,0.28970260185976,287.562661233028,720,56.6999969482422,1.22207,"Sapin pectiné","Forêts privées et autres - En PSG"
761939,0.389396524741951,127.225936726089,273,62.9999961853027,1.64092,"Hêtre","Forêts privées et autres - En PSG"
747400,0.311512770203899,496.818800230411,351,50.3999977111816,1.63805,"Hêtre","Forêts domaniales RF"
733084,0.630856820003223,377.583290512227,381,28,1.06692,"Mélèze d'Europe","Forêts domaniales RF"
765795,0.0941774065705726,8.50078820933569,761,36.25,2.0807,"Épicéa commun","Autres forêts publiques RF"
719158,0.12520263926757,145.519978421032,252,44.7999992370605,1.0456,"Épicéa commun","Forêts privées et autres - En PSG"
713059,0.344217091639449,322.854186503046,251,56.6999969482422,4.43645,"Chêne rouvre","Autres forêts publiques RF"
729414,0.532069425465144,130.089243189263,477,58,3.17996,"Hêtre","Autres forêts publiques RF"
737188,0.45981525719114,301.098435929337,887,104.400001525879,2.75475,"Épicéa commun","Autres forêts publiques RF"
719627,0.268935444111843,208.663508435808,880,63,3.25268,"Hêtre","Autres forêts publiques RF"
744546,0.275884533631929,366.721798575326,475,120.150001525879,2.5779,"Pin sylvestre","Autres forêts publiques RF"
776024,0.292317825373142,475.357022600971,238,62.9999961853027,2.41803,"Pin sylvestre","Forêts domaniales RF"
714068,0.553365310145709,430.309981548792,590,60.9000053405762,5.71921,"Sapin pectiné","Autres forêts publiques RF"
741349,0.426802025187439,581.114726191778,616,56,3.49817,"Sapin pectiné","Autres forêts publiques RF"
770428,0.362554227466121,286.171687434276,260,62.9999961853027,2.99311,"Chêne rouvre","Autres forêts publiques RF"
729317,0.286122728403508,423.393296004305,602,25.1999988555908,3.84374,"Hêtre","Autres forêts publiques RF"
707991,0.302065659876972,38.6470662780335,712,37.7999992370605,2.57372,"Hêtre","Forêts domaniales RF"
762272,0.222157335874691,390.667766945813,351,117.450004577637,3.5222,"Sapin pectiné","Autres forêts publiques RF"
740060,0.237289194653425,290.393552496252,330,65.25,1.54465,"Chêne rouvre","Autres forêts publiques RF"
717236,0.258544907350456,203.036140305568,603,60.9000015258789,4.81725,"Chêne rouvre","Autres forêts publiques RF"
763896,0.344531140137946,100.130192606939,296,56.6999969482422,1.4454,"Hêtre","Autres forêts publiques RF"
746142,0.279670253120272,321.373604405526,926,94.5,4.21796,"Hêtre","Autres forêts publiques RF"
747030,0.356325123160109,575.075814853011,660,50.75,3.26287,"Sapin pectiné","Forêts privées et autres - Hors PSG"
722820,0.31297588939972,153.029700284516,888,43.3999977111816,2.7221,"Sapin pectiné","Autres forêts publiques RF"
759263,0.445579082895782,482.342905965933,966,8.70000076293945,4.40569,"Hêtre","Autres forêts publiques RF"
712718,0.490349067149571,272.854269903177,831,8.70000076293945,3.71831,"Sapin pectiné","Forêts domaniales RF"
711260,0.268960358354725,427.557204182404,898,55.5,6.5,"Sapin pectiné","Autres forêts publiques RF"
770499,0.31936316149074,246.568242528611,706,11.6000003814697,2.76948,"Épicéa commun","Autres forêts publiques RF"
751133,0.434205173038006,437.612958474543,1152,73.5,4.41846,"Hêtre","Autres forêts publiques RF"
780174,0.382938057770173,404.254432489439,746,70.2000045776367,3.91458,"Hêtre","Autres forêts publiques RF"
751340,0.554434811907139,361.863958546441,722,43.5,4.0631,"Sapin pectiné","Autres forêts publiques RF"
707206,0.183447792425027,171.794010331307,945,60.9000015258789,1.81059,"Douglas","Autres forêts publiques RF"
741242,0.388174838949809,549.831710118255,761,43.5,3.65899,"Sapin pectiné","Forêts privées et autres - Hors PSG"
714600,0.275117511959468,189.626075263491,1080,15.75,1.72671,"Hêtre","Autres forêts publiques RF"
779810,0.265614859679771,188.944652108585,815,34.8000030517578,3.02624,"Sapin pectiné","Autres forêts publiques RF"
711200,0.237065765827308,415.895182007747,572,126,6.55365,"Frêne","Forêts privées et autres - Hors PSG"
719799,0.409827338854063,296.819507964637,484,35,4.33718,"Chêne pédonculé","Autres forêts publiques RF"
757655,0.170378615740136,235.44107948952,565,31.5,2.60875,"Sapin pectiné","Autres forêts publiques RF"
732904,0.396583581654153,327.851099295141,943,44.0999984741211,1.41429,"Épicéa commun","Autres forêts publiques RF"
730551,0.177076012063388,295.136008894474,468,80,4.95105,"Frêne","Forêts privées et autres - Hors PSG"
714361,0.348415455523603,336.843161581837,891,73,2.81851,"Douglas","Forêts domaniales RF"
740262,0.318743961668549,150.069071416447,476,83.1000061035156,4.73222,"Épicéa commun","Autres forêts publiques RF"
753778,0.462757233734187,279.492097430578,830,43.5999984741211,3.56941,"Hêtre","Forêts privées et autres - En PSG"
752168,0.134880058158246,172.827343219687,812,141.75,2.23621,"Hêtre","Autres forêts publiques RF"
720179,0.198676273283727,311.842175316593,365,121.500007629395,5.32326,"Grand aulne","Autres forêts publiques RF"
739429,0.200003319048261,262.300588509622,551,13.0500011444092,2.0874,"Sapin pectiné","Autres forêts publiques RF"
731276,0.188398215759226,327.016727294555,691,58.5000038146973,4.02969,"Hêtre","Autres forêts publiques RF"
711750,0.191047738343352,142.939894301339,464,76,3.54194,"Chêne rouvre","Forêts privées et autres - Hors PSG"
744174,0.164353938695081,199.363644734077,494,36,1.88184,"Châtaignier","Forêts privées et autres - Hors PSG"
702983,0.230439622588146,262.642869207479,416,35,3.2324,"Douglas","Autres forêts publiques RF"
725659,0.194881301843449,213.776519669587,474,25,6.28201,"Douglas","Autres forêts publiques RF"
734970,0.346516137814338,435.356547604543,599,81,3.35423,"Hêtre","Forêts domaniales RF"
762219,0.242495080823825,446.769669781036,904,81,3.08197,"Épicéa commun","Autres forêts publiques RF"
770405,0.248834056079304,154.922952368729,624,81.2000045776367,3.82451,"Sapin pectiné","Autres forêts publiques RF"
725947,0.302710442061165,454.251783243532,532,101.700004577637,5.97102,"Hêtre","Forêts privées et autres - Hors PSG"
770261,0.351492496924131,150.562373581541,623,137,3.45682,"Douglas","Forêts privées et autres - En PSG"
760222,0.292323897143336,318.537645678222,440,65.25,5.88895,"Grand érable","Forêts privées et autres - Hors PSG"
741091,0.249507885635992,243.796461136501,676,58.5000038146973,5.56448,"Hêtre","Autres forêts publiques RF"
760259,0.272576720249754,465.222175571765,740,46.8999977111816,2.54494,"Épicéa commun","Forêts privées et autres - Hors PSG"
734838,0.131922566728737,104.318319333699,508,73.5,3.56917,"Épicéa commun","Forêts privées et autres - En PSG"
757003,0.212905878699481,123.483245823257,533,81.2000045776367,5.67193,"Frêne","Forêts privées et autres - Hors PSG"
755526,0.254482987357252,366.632656270792,515,44.4000015258789,1.94693,"Hêtre","Autres forêts publiques RF"
705882,0.143348465975058,169.044475574311,556,7,2.21823,"Chêne rouvre","Autres forêts publiques RF"
778296,0.147240079384833,167.039346114458,425,110.599998474121,2.57336,"Chêne pédonculé","Forêts privées et autres - Hors PSG"
737833,0.0763944014906883,0.802604898865088,689,157.5,4.5161,"Saule","Forêts privées et autres - Hors PSG"
742919,0.0923887829147912,23.2478419437127,572,66.1999969482422,1.16563,"Chêne rouvre","Forêts privées et autres - Hors PSG"
751464,0.279586128301676,456.86573057606,580,52.2000045776367,6.69148,"Frêne","Forêts privées et autres - Hors PSG"
738331,0.242425312001964,167.768258724554,833,35,3.10399,"Sapin pectiné","Forêts domaniales RF"
762234,0.257894767245263,262.176957660547,800,29,2.88788,"Sapin pectiné","Forêts domaniales RF"
739196,0.21225837259334,152.003001836731,844,21.75,2.8232,"Épicéa commun","Forêts domaniales RF"
737514,0.343501604617884,114.548039009826,560,104.400001525879,1.84069,"Hêtre","Autres forêts publiques RF"
773149,0.119905186292694,11.1806953913557,506,87.5,2.76705,"Épicéa commun","Forêts privées et autres - Hors PSG"
768932,0.21347435718636,207.836338906245,534,157.5,2.25121,"Sapin pectiné","Autres forêts publiques RF"
715276,0.215422210246908,206.512129548901,420,124.400001525879,3.06054,"Hêtre","Forêts domaniales RF"
733373,0.245421652956411,240.454885201079,418,37.7999992370605,1.72048,"Sapin pectiné","Forêts domaniales RF"
764025,0.223395546615573,193.751109533044,591,58,1.67717,"Épicéa commun","Forêts privées et autres - Hors PSG"
753013,0.193085437339866,290.541779753002,600,91.3500061035156,6.5,"Hêtre","Autres forêts publiques RF"
737694,0.243889308856727,187.135751399697,367,37.7999992370605,1.85383,"Sapin pectiné","Autres forêts publiques RF"
763608,0.330179208734498,279.613854455162,415,62.9999961853027,1.45191,"Sapin pectiné","Forêts domaniales RF"
706016,0.17784620192769,191.729994489544,406,17.5,0.966366,"Sapin pectiné","Forêts domaniales RF"
779642,0.228888500171046,419.595410811032,671,74.5,1.98617,"Sapin pectiné","Forêts domaniales RF"
736719,0.281674288182869,368.498361631167,683,43.5999984741211,0.729631,"Sapin pectiné","Autres forêts publiques RF"
756853,0.254313217295368,218.737746525808,469,56.6999969482422,1.35209,"Pin sylvestre","Autres forêts publiques RF"
735919,0.281643447979699,191.036599940376,348,175.500015258789,5.97647,"Épicéa commun","Forêts privées et autres - Hors PSG"
779031,0.385064149334013,138.750493657458,532,55.7999992370605,1.90394,"Sapin pectiné","Forêts domaniales RF"
730330,0.214144374238056,209.539771125493,550,25.1999988555908,1.72308,"Sapin pectiné","Forêts domaniales RF"
727441,0.267838680596222,501.041867796687,607,40,6.34463,"Hêtre","Forêts privées et autres - Hors PSG"
780158,0.566618671729655,182.141394479208,789,70.2000045776367,1.26484,"Épicéa commun","Autres forêts publiques RF"
740622,0.231639485792608,200.987434213398,671,21.75,1.89023,"Sapin pectiné","Autres forêts publiques RF"
764866,0.145444997768147,9.85005655598865,542,37.7999992370605,1.54694,"Sapin pectiné","Forêts domaniales RF"
779500,0.115307810190757,175.009688237023,406,62.9999961853027,2.60705,"Bouleau","Autres forêts publiques RF"
706866,0.287885479100735,312.285672007651,558,34.2999992370605,1.15955,"Sapin pectiné","Forêts privées et autres - En PSG"
765290,0.217671814251388,84.2336457168582,774,88.2000045776367,1.08672,"Épicéa commun","Autres forêts publiques RF"
725379,0.207143135440206,264.465150275462,774,49.5,2.01698,"Sapin pectiné","Autres forêts publiques RF"
733573,0.469489600808299,409.101533412702,624,20,3.58734,"Sapin pectiné","Autres forêts publiques RF"
746252,0.274868435522014,218.303627303791,607,24.5,1.23721,"Sapin pectiné","Forêts domaniales RF"
718813,0.106084201266,51.7793764685975,373,78,3.9796,"Saule","Forêts privées et autres - Hors PSG"
740017,0.23460482542811,250.456124882027,606,12.5999994277954,1.56135,"Pin sylvestre","Forêts domaniales RF"
759671,0.247527210661363,461.860713066156,656,39.25,3.51737,"Hêtre","Forêts privées et autres - Hors PSG"
748606,0.368245590830894,209.915061371809,831,22.3999996185303,1.69455,"Sapin pectiné","Forêts domaniales RF"
740228,0.550560672260877,298.508145451051,578,51.2000007629395,1.70849,"Sapin pectiné","Autres forêts publiques RF"
728455,0.185930356536381,135.711367129594,850,52,1.33361,"Épicéa commun","Autres forêts publiques RF"
730871,0.119300016698778,51.0651733827743,596,60.9000053405762,2.48679,"Chêne pédonculé","Forêts privées et autres - Hors PSG"
780475,0.276953985124384,491.416878069797,431,62.2999954223633,3.50985,"Épicéa commun","Forêts privées et autres - Hors PSG"
721100,0.35997883090412,309.458475103374,479,39.2000007629395,1.65699,"Sapin pectiné","Forêts domaniales RF"
721886,0.26236687956096,347.670079983394,470,78,4.88344,"Hêtre","Forêts privées et autres - Hors PSG"
719730,0.290240527111326,338.229310112989,515,20,0.913512,"Sapin pectiné","Autres forêts publiques RF"
712485,0.289074289966797,296.470363388647,707,20.4000015258789,4.26417,"Épicéa commun","Forêts privées et autres - Hors PSG"
759291,0.189969514462206,286.596411790622,791,68.75,1.56295,"Épicéa commun","Forêts domaniales RF"
735663,0.135870696735943,44.0811710473771,828,90,3.94076,"Frêne","Forêts privées et autres - Hors PSG"
708948,0.125361994312535,103.198078714062,741,29,1.63,"Grand érable","Autres forêts publiques RF"
716020,0.57346059350708,257.340011425281,771,41.2999992370605,1.88156,"Sapin pectiné","Forêts domaniales RF"
730305,0.439616031776418,647.184806853305,608,30,4.38578,"Épicéa commun","Forêts privées et autres - Hors PSG"
701794,0.134796651148026,38.5476603724017,861,21,1.79074,"Épicéa commun","Forêts domaniales RF"
750358,0.284599702213468,176.677422359802,409,58.5,2.71303,"Sapin pectiné","Autres forêts publiques RF"
753395,0.379728714178493,192.532408776851,758,42.7999992370605,3.92064,"Sapin pectiné","Forêts domaniales RF"
731596,0.234108412058979,280.193929729734,905,75.5999984741211,1.56969,"Sapin pectiné","Autres forêts publiques RF"
708635,0.265789285287433,339.387750903408,791,64,3.64664,"Épicéa commun","Forêts privées et autres - Hors PSG"
759101,0.17461740012588,166.147885479903,747,16.3499984741211,2.29889,"Sapin pectiné","Forêts domaniales RF"
722474,0.25154949240351,498.006396626485,505,69.6000061035156,2.15887,"Épicéa commun","Forêts privées et autres - Hors PSG"
739850,0.235838370757959,316.449335875425,780,140.400009155273,1.92486,"Sapin pectiné","Autres forêts publiques RF"
741764,0.238070398054429,285.744818112243,520,140.400009155273,1.86845,"Sapin pectiné","Autres forêts publiques RF"
700178,0.417921437583973,322.630545576177,697,36,1.75808,"Épicéa commun","Autres forêts publiques RF"
756677,0.26886650633403,194.711489979678,1019,74,1.64779,"Épicéa commun","Autres forêts publiques RF"
718233,0.2418917741059,126.540178830331,1002,57.6000022888184,1.33047,"Épicéa commun","Autres forêts publiques RF"
780851,0.174953193832913,70.7964168329734,687,117.450004577637,1.4342,"Épicéa commun","Forêts privées et autres - Hors PSG"
720936,0.0923098996281624,2.19836204060249,453,46.4000015258789,4.2939,"Bouleau","Forêts privées et autres - Hors PSG"
772014,0.214434153170439,371.582831889988,676,54,1.93243,"Épicéa commun","Forêts privées et autres - Hors PSG"
761588,0.450794194093046,237.06841238285,913,81.2000045776367,1.87398,"Épicéa commun","Forêts domaniales RF"
743729,0.387351946997948,282.24320333579,840,11.6000003814697,2.85351,"Sapin pectiné","Forêts domaniales RF"
758698,0.333042472078263,164.120550242089,1141,111.5,2.21461,"Épicéa commun","Autres forêts publiques RF"
717681,0.33036081993761,231.113696059487,857,17.4000015258789,1.43353,"Sapin pectiné","Forêts domaniales RF"
722743,0.199538687461738,131.588055038915,971,122.5,1.79378,"Épicéa commun","Autres forêts publiques RF"
749736,0.302279383993202,231.332390014166,835,75.1500015258789,1.33126,"Épicéa commun","Autres forêts publiques RF"
749958,0.294854061660824,304.611813233905,1008,64,1.73876,"Sapin pectiné","Forêts privées et autres - En PSG"
759660,0.295273660561706,251.125302103556,917,89.5999984741211,3.64956,"Hêtre","Forêts domaniales RF"
736841,0.369910071840807,110.275480012529,1074,1.75,2.37992,"Hêtre","Forêts privées et autres - Hors PSG"
713817,0.345944126051692,334.563334471506,745,70,1.98881,"Hêtre","Forêts domaniales RF"
718393,0.172977119946511,179.817194008086,698,92.8000030517578,2.03623,"Hêtre","Autres forêts publiques RF"
758636,0.161682154883181,192.936628531999,772,100.349998474121,6.5,"Hêtre","Forêts privées et autres - En PSG"
860369,0.148006614713728,33.5019481810055,384,107,2.84321,"Hêtre","Forêts domaniales RF"
865439,0.286876426164526,243.046159966443,391,90,1.67614,"Chêne rouvre","Autres forêts publiques RF"
853266,0.14265696328774,91.1890152613766,415,56.6999969482422,1.98676,"Bouleau","Autres forêts publiques RF"
821584,0.150415131085098,228.294696624314,379,104.400001525879,2.10541,"Sapin pectiné","Autres forêts publiques RF"
809215,0.209561994137989,188.327229386816,409,64,2.86538,"Hêtre","Forêts domaniales RF"
851110,0.129006624211182,106.754678244188,560,28,1.38254,"Sapin pectiné","Forêts domaniales RF"
857623,0.150399265191213,281.950227160493,410,60.9000053405762,2.10989,"Hêtre","Forêts domaniales RF"
805726,0.314806832788389,277.332755751392,372,24.5,2.16226,"Épicéa commun","Forêts privées et autres - En PSG"
851436,0.314672965161046,204.405816102618,355,68.4000015258789,5.55438,"Épicéa commun","Forêts privées et autres - Hors PSG"
871946,0.140263933390806,38.7990235717666,450,49,2.7064,"Bouleau","Forêts privées et autres - Hors PSG"
877940,0.386167552806027,241.529040862073,487,42,1.95579,"Hêtre","Forêts domaniales RF"
878954,0.202007698331953,59.2999302023063,287,50.3999977111816,1.85754,"Chêne rouvre","Forêts privées et autres - Hors PSG"
844965,0.354721524127924,284.387791616653,377,56.6999969482422,1.54959,"Pin sylvestre","Forêts domaniales RF"
838231,0.124752806211376,158.021965990799,362,49,4.66197,"Grand érable","Forêts domaniales RF"
877295,0.171369549977151,64.319775969797,280,90,4.26857,"Grand érable","Forêts privées et autres - Hors PSG"
874348,0.261013292342382,106.392772885654,601,62.9999961853027,0.868471,"Sapin pectiné","Forêts privées et autres - En PSG"
872525,0.384452798751608,325.81155176357,339,62.9999961853027,0.846669,"Pin sylvestre","Forêts domaniales RF"
845064,0.203234962202312,227.750465992135,274,39.2000007629395,1.41418,"Chêne rouvre","Forêts domaniales RF"
828967,0.336386625682035,269.303489822069,500,21,1.15034,"Sapin pectiné","Forêts domaniales RF"
825309,0.117763208718616,31.9087544770766,747,5.59999990463257,1.65847,"Épicéa commun","Forêts domaniales RF"
848166,0.253364871595815,263.82248729427,313,18.8999996185303,1.33142,"Pin sylvestre","Forêts privées et autres - Hors PSG"
873921,0.3035773848437,301.858198542905,238,90,1.25512,"Pin sylvestre","Forêts domaniales RF"
815411,0.353690467585254,272.158449747581,708,50.3999977111816,0.935053,"Sapin pectiné","Forêts domaniales RF"
858344,0.1694361952507,139.420915726878,778,28,1.27247,"Épicéa commun","Forêts domaniales RF"
824435,0.0975346112721354,31.4010260253162,371,44.0999984741211,2.64329,"Chêne rouvre","Forêts domaniales RF"
877474,0.544134096645942,264.919748432977,249,50.3999977111816,1.03698,"Chêne rouvre","Forêts domaniales RF"
856970,0.240204973229084,95.0398691231411,241,62.9999961853027,1.84829,"Épicéa commun","Forêts privées et autres - En PSG"
804111,0.331041991710663,17.3355416421202,647,35,1.31111,"Épicéa commun","Forêts privées et autres - En PSG"
808225,0.181943384495029,228.316506604889,346,56.6999969482422,4.34554,"Hêtre","Forêts domaniales RF"
837865,0.439361727526716,535.253895198921,299,62.9999961853027,5.23304,"Chêne rouvre","Forêts privées et autres - En PSG"
861150,0.429779236323772,346.228740814313,513,20,2.00603,"Sapin pectiné","Forêts domaniales RF"
847479,0.103629708927659,25.1676211561958,259,28,1.34829,"Pin sylvestre","Forêts domaniales RF"
854318,0.10846503278424,37.8861060956706,241,42,1.73645,"Épicéa commun","Forêts domaniales RF"
872756,0.418322593718071,304.1030791876,309,62.9999961853027,2.28322,"Hêtre","Forêts domaniales RF"
814953,0.234337717336041,188.291832706823,666,54,3.23749,"Sapin pectiné","Forêts domaniales RF"
844621,0.458124769514136,276.860215031039,819,50.3999977111816,1.88947,"Épicéa commun","Autres forêts publiques RF"
833131,0.448044122527722,229.911571895833,262,56.6999969482422,1.3453,"Épicéa commun","Forêts domaniales RF"
862973,0.218774188345707,22.0596521791447,202,62.9999961853027,4.70454,"Épicéa commun","Forêts domaniales RF"
829725,0.644251285390403,356.206161127876,337,62.9999961853027,2.68018,"Hêtre","Autres forêts publiques RF"
869208,0.231529864427611,199.990970090528,248,35,2.96569,"Épicéa commun","Forêts domaniales RF"
859350,0.182325895758831,176.577221036997,454,28,0.947826,"Pin sylvestre","Forêts domaniales RF"
872023,0.25868965542401,154.06180676471,523,40,1.89059,"Épicéa commun","Forêts domaniales RF"
876594,0.308201705987649,206.770682161427,548,20,2.49276,"Sapin pectiné","Autres forêts publiques RF"
811798,0.115926409319836,60.2146489177759,563,44.1000022888184,1.76514,"Sapin pectiné","Forêts domaniales RF"
874309,0.318159133318407,272.272662403629,303,50.3999977111816,1.21131,"Pin sylvestre","Autres forêts publiques RF"
809266,0.400795430683243,407.461172759106,364,16.7999992370605,2.00652,"Sapin pectiné","Forêts privées et autres - En PSG"
848797,0.228399109996165,259.641310328191,589,24.5,6.5,"Douglas","Autres forêts publiques RF"
835139,0.40221010840271,286.262492303728,598,14,3.35373,"Hêtre","Autres forêts publiques RF"
854075,0.425338777153573,747.601799375583,636,137.5,3.66787,"Hêtre","Autres forêts publiques RF"
854590,0.261401974003711,266.089302883896,260,56,2.00434,"Chêne rouvre","Autres forêts publiques RF"
822430,0.265213478022983,278.852248728691,466,39.2000007629395,2.60007,"Chêne rouvre","Autres forêts publiques RF"
838261,0.541533480270841,265.531274906471,361,56.6999969482422,3.27709,"Pin sylvestre","Autres forêts publiques RF"
822862,0.272717045774716,69.0306363299673,403,35,4.37834,"Épicéa commun","Forêts privées et autres - En PSG"
875472,0.333433355647621,355.073506990121,763,40,2.41717,"Hêtre","Autres forêts publiques RF"
864269,0.264222999653164,560.591376535274,621,49,6.05816,"Épicéa commun","Forêts privées et autres - Hors PSG"
869180,0.124150467290998,54.61084015163,591,100.799995422363,6.06161,"Sapin pectiné","Forêts privées et autres - En PSG"
835530,0.173314307571215,149.826374098223,692,21,2.1413,"Douglas","Autres forêts publiques RF"
854752,0.25092610970672,283.34544422071,430,56.6999969482422,3.29586,"Chêne rouvre","Forêts privées et autres - En PSG"
827469,0.22721832021719,113.49941024749,804,30,1.73066,"Hêtre","Autres forêts publiques RF"
816997,0.205676632070161,13.2610362746439,851,116.800003051758,2.25337,"Autre fruitier","Autres forêts publiques RF"
828034,0.181791210317149,194.929116716115,246,62.9999961853027,1.19133,"Pin sylvestre","Forêts privées et autres - En PSG"
842681,0.286431165537057,211.400565172354,685,33.5999984741211,0.915279,"Pin sylvestre","Forêts privées et autres - En PSG"
818113,0.268062717597148,375.694678930675,456,15,4.8812,"Épicéa commun","Autres forêts publiques RF"
805733,0.241083523389248,240.065398910995,370,111,4.52824,"Douglas","Autres forêts publiques RF"
843227,0.240919275880027,194.093682082239,819,22.3999996185303,1.88031,"Pin sylvestre","Forêts domaniales RF"
878743,0.329796724981913,183.955573932078,399,42,0.462556,"Pin sylvestre","Autres forêts publiques RF"
807239,0.199989240578355,344.277396615539,353,45,4.81319,"Robinier faux-acacia","Forêts privées et autres - Hors PSG"
843618,0.317010939505895,258.349245268354,487,23.2000007629395,3.34988,"Hêtre","Autres forêts publiques RF"
840153,0.283013179663163,187.098374050343,344,60.9000053405762,4.03028,"Hêtre","Autres forêts publiques RF"
871394,0.16843160949799,137.576166625004,292,62.9999961853027,2.08774,"Pin sylvestre","Autres forêts publiques RF"
816099,0.313566561848024,393.302547859362,712,65.25,4.40823,"Épicéa commun","Forêts privées et autres - Hors PSG"
871652,0.203201566984658,271.123062651297,1013,43.75,3.69267,"Hêtre","Autres forêts publiques RF"
846473,0.564281705193817,113.53316533039,923,10.5,8.0068,"Grand érable","Autres forêts publiques RF"
853516,0.228156952078301,176.209036278433,689,16,1.20265,"Sapin pectiné","Autres forêts publiques RF"
813179,0.599019151522586,219.959643021981,521,0,2.13784,"Hêtre","Forêts privées et autres - En PSG"
805155,0.232970255136025,203.821732019915,935,21.7500019073486,3.87792,"Épicéa commun","Autres forêts publiques RF"
852173,0.40210113973265,352.271638178832,772,114.450004577637,3.74404,"Épicéa commun","Autres forêts publiques RF"
858683,0.265420081316351,401.1847492524,939,43.75,5.28788,"Sapin pectiné","Autres forêts publiques RF"
814734,0.298760813248618,295.860172512597,684,99.5999984741211,3.47802,"Épicéa commun","Forêts privées et autres - En PSG"
847665,0.409322043317925,380.968960161941,875,104.800003051758,3.55271,"Grand érable","Autres forêts publiques RF"
848930,0.350689028327799,306.646629722692,711,120.400001525879,4.68857,"Hêtre","Forêts privées et autres - Hors PSG"
804883,0.370476916755009,286.038386381203,916,0,3.62152,"Sapin pectiné","Autres forêts publiques RF"
818224,0.136480823134787,167.084114550008,739,98,4.07945,"Hêtre","Autres forêts publiques RF"
866664,0.258306773851179,324.920770134016,582,110.25,2.77927,"Sapin pectiné","Autres forêts publiques RF"
813688,0.222485779318258,247.041389780729,928,47.6000022888184,1.37075,"Sapin pectiné","Autres forêts publiques RF"
861264,0.12116611292258,86.6490467067822,912,19.6000003814697,1.03998,"Pin sylvestre","Forêts domaniales RF"
803125,0.227089503950173,175.192216102751,615,21,5.5936,"Épicéa commun","Autres forêts publiques RF"
879937,0.130259808717695,81.9615767309411,772,157.5,1.71513,"Pin sylvestre","Autres forêts publiques RF"
807959,0.427874901238382,412.766209470962,1042,43.75,3.86139,"Épicéa commun","Autres forêts publiques RF"
802459,0.556711056729577,381.448386931217,932,59.3999977111816,3.93035,"Hêtre","Forêts domaniales RF"
876036,0.256724327532071,320.869771458581,551,35,4.15623,"Chêne rouvre","Forêts privées et autres - Hors PSG"
862678,0.174283282058845,197.611008476806,1118,63,3.39421,"Grand érable","Autres forêts publiques RF"
827923,0.25675716010465,250.240046894273,419,17.4000015258789,2.52752,"Chêne rouvre","Forêts domaniales RF"
875304,0.30773720371726,316.220113384209,415,78.3000030517578,2.6656,"Chêne rouvre","Autres forêts publiques RF"
849553,0.225631118056271,275.193589143898,548,60.9000053405762,1.44358,"Chêne rouvre","Autres forêts publiques RF"
873485,0.140173485615493,125.617730617563,712,50.75,3.47407,"Douglas","Autres forêts publiques RF"
865813,0.309122038411486,295.586756337302,498,97.0000076293945,4.03813,"Hêtre","Autres forêts publiques RF"
826706,0.232851123153826,216.184994442468,315,95.8499984741211,2.8576,"Châtaignier","Forêts privées et autres - Hors PSG"
864019,0.258554133852916,234.929453118709,642,69.6000061035156,3.71203,"Hêtre","Autres forêts publiques RF"
864612,0.353300530967449,223.229239238324,684,21,5.10283,"Sapin pectiné","Autres forêts publiques RF"
837801,0.465757592360243,250.475380737675,935,28,3.80518,"Hêtre","Autres forêts publiques RF"
814498,0.474049962378797,281.245134289387,484,96.75,4.91326,"Sapin pectiné","Autres forêts publiques RF"
871077,0.210115333448133,258.827773549064,430,20,3.08521,"Grand aulne","Autres forêts publiques RF"
864332,0.250782384293178,326.944515317969,726,37.7999992370605,1.37588,"Épicéa commun","Autres forêts publiques RF"
824177,0.275662032755773,319.990725232985,804,90,2.0372,"Épicéa commun","Forêts privées et autres - Hors PSG"
843064,0.306143887602693,172.744247656272,403,112.800003051758,2.6451,"Sapin pectiné","Forêts privées et autres - Hors PSG"
847052,0.155593090543763,160.606073376461,426,7,7.203,"Charme","Forêts privées et autres - Hors PSG"
861686,0.19859828165878,171.56045307334,426,42,2.01947,"Bouleau","Forêts privées et autres - Hors PSG"
851390,0.178046280807204,233.436964193159,625,117.450004577637,1.94503,"Hêtre","Forêts privées et autres - Hors PSG"
836673,0.230342539322084,251.369519019937,734,98,3.20084,"Hêtre","Forêts privées et autres - Hors PSG"
850719,0.276336122470833,260.261288110454,531,28,2.83123,"Sapin pectiné","Autres forêts publiques RF"
858463,0.520555575486309,36.9677622686816,832,126,2.33979,"Épicéa commun","Forêts privées et autres - En PSG"
832958,0.479615950660918,801.419675351899,627,50.3999977111816,4.95366,"Épicéa commun","Forêts domaniales RF"
838161,0.202397730080397,323.218884911354,513,110.25,5.01,"Chêne pédonculé","Forêts privées et autres - Hors PSG"
844562,0.170214600414906,196.2028400774,573,128.5,2.67348,"Sapin pectiné","Forêts privées et autres - Hors PSG"
808815,0.143960441638416,153.24232939466,375,150.5,2.29331,"Épicéa commun","Autres forêts publiques RF"
858591,0.198581403053415,271.608470680524,524,39.6000022888184,1.465,"Chêne rouvre","Forêts privées et autres - Hors PSG"
856907,0.313593817486524,181.670719395837,377,62.9999961853027,1.74724,"Sapin pectiné","Autres forêts publiques RF"
832849,0.201368391402575,120.910275304926,436,44.7999992370605,0.905705,"Sapin pectiné","Forêts domaniales RF"
864263,0.180958088821837,144.178203903918,533,2.90000009536743,4.49343,"Sapin pectiné","Autres forêts publiques RF"
854852,0.205698728883747,89.073400373927,635,29,1.90679,"Sapin pectiné","Autres forêts publiques RF"
831377,0.21452473065043,233.550765584372,377,69,1.57596,"Sapin pectiné","Forêts domaniales RF"
816202,0.10196466683366,13.1655440301802,366,62.9999961853027,1.85964,"Épicéa commun","Forêts domaniales RF"
832241,0.251847708142087,256.750970082686,492,97.5,2.79892,"Épicéa commun","Forêts privées et autres - Hors PSG"
852645,0.299276490535093,311.609292857752,657,67.9000091552734,1.64697,"Épicéa commun","Forêts privées et autres - Hors PSG"
858211,0.177588095370082,145.941565246382,699,60.9000053405762,1.15946,"Sapin pectiné","Forêts domaniales RF"
827927,0.23420505446955,342.331771828047,723,97.2000045776367,1.8986,"Sapin pectiné","Autres forêts publiques RF"
829947,0.343028289791581,692.992648235105,334,163.5,4.80637,"Épicéa commun","Forêts privées et autres - Hors PSG"
849551,0.15804960086036,15.4695529638633,440,62.9999961853027,2.35285,"Épicéa commun","Forêts privées et autres - Hors PSG"
807839,0.215601276331671,88.0437266759842,607,11.1999998092651,1.5837,"Sapin pectiné","Autres forêts publiques RF"
805719,0.244502439788395,218.391967186255,649,37,1.89289,"Sapin pectiné","Forêts domaniales RF"
864693,0.336283786405069,373.496433664404,407,126.5,2.08228,"Sapin pectiné","Autres forêts publiques RF"
867068,0.0795774981379509,1.50030265075405,421,60,3.07019,"Douglas","Forêts privées et autres - Hors PSG"
817428,0.35291120863627,319.754718516573,631,20.7999992370605,0.828381,"Sapin pectiné","Autres forêts publiques RF"
879983,0.329664592375854,556.76661141955,539,78.2999954223633,3.10909,"Hêtre","Forêts privées et autres - Hors PSG"
877184,0.411473999970652,118.748863816649,672,26.1000022888184,2.61498,"Sapin pectiné","Forêts privées et autres - Hors PSG"
811954,0.278665727014095,192.603511708552,571,7,2.56526,"Sapin pectiné","Autres forêts publiques RF"
870294,0.275706542533489,243.981547118122,678,71.5499954223633,1.3068,"Sapin pectiné","Autres forêts publiques RF"
844857,0.241963295371914,200.085648044109,537,17.5,0.693478,"Sapin pectiné","Forêts domaniales RF"
806232,0.199033939146589,168.60795652778,422,155.5,4.55324,"Épicéa commun","Forêts privées et autres - Hors PSG"
863784,0.135147211855817,149.38697183755,394,42,5.01718,"Frêne","Forêts privées et autres - Hors PSG"
845267,0.237877895882533,177.490700398783,458,62.9999961853027,3.82971,"Sapin pectiné","Autres forêts publiques RF"
824470,0.168998624048244,243.538221677162,630,56.6999969482422,1.59574,"Sapin pectiné","Forêts domaniales RF"
833539,0.0918030861241126,12.2440236021257,458,145.500015258789,2.21594,"Bouleau","Autres forêts publiques RF"
826464,0.150969861975123,199.389313018159,814,116,1.84469,"Sapin pectiné","Autres forêts publiques RF"
874038,0.343642920227142,301.025612190055,886,27.6000003814697,1.9946,"Sapin pectiné","Forêts domaniales RF"
815652,0.540630735081148,327.005091125873,509,90,2.32644,"Sapin pectiné","Forêts privées et autres - Hors PSG"
814880,0.226165666229017,132.140224125115,584,91.3500061035156,5.018,"Frêne","Forêts privées et autres - Hors PSG"
851473,0.164154053465455,28.1464442793289,496,115.5,4.6263,"Grand aulne","Forêts privées et autres - Hors PSG"
805020,0.150392050298486,156.660648079453,410,104.400001525879,4.78803,"Noisetier","Forêts privées et autres - Hors PSG"
833006,0.132210375013746,56.733431541619,666,65.3999938964844,0.99901,"Épicéa commun","Autres forêts publiques RF"
854295,0.177623519125785,64.258138601681,728,135.449996948242,3.54952,"Mélèze d'Europe","Forêts privées et autres - Hors PSG"
844138,0.409272552649848,270.490721491155,673,104.400001525879,2.18769,"Sapin pectiné","Autres forêts publiques RF"
868366,0.302971231508426,676.572093703205,764,90,2.73061,"Épicéa commun","Forêts privées et autres - Hors PSG"
818221,0.204759522203629,400.992964943344,693,72,3.59072,"Épicéa commun","Autres forêts publiques RF"
875656,0.185583930375014,264.643861420581,561,90,5.30576,"Épicéa commun","Autres forêts publiques RF"
817074,0.118184932177116,121.956544225418,472,120,6.7554,"Grand aulne","Forêts privées et autres - Hors PSG"
808938,0.276300360402204,820.076052924796,660,150.5,5.03673,"Épicéa commun","Forêts privées et autres - Hors PSG"
871292,0.324034361674316,415.789469093255,773,60.9000015258789,2.15676,"Épicéa commun","Forêts privées et autres - Hors PSG"
828424,0.187773944002051,291.936434272296,811,92.8000030517578,1.6768,"Épicéa commun","Forêts privées et autres - Hors PSG"
818571,0.30436063081599,369.944851469276,560,52.5,4.34631,"Chêne pédonculé","Forêts privées et autres - Hors PSG"
866233,0.170937440146431,32.540553125447,467,87.0000076293945,1.95889,"Sapin pectiné","Autres forêts publiques RF"
865115,0.246764556693298,211.911176022063,592,28,3.04485,"Chêne pédonculé","Forêts privées et autres - Hors PSG"
813192,0.187744357557354,112.839241908039,895,0,2.27826,"Sapin pectiné","Forêts domaniales RF"
874174,0.152466544248023,107.428373201264,1079,54,2.24534,"Épicéa commun","Forêts privées et autres - Hors PSG"
826445,0.232313094799679,236.264767350378,1000,46.5,1.0252,"Sapin pectiné","Autres forêts publiques RF"
817665,0.33681902332701,221.798355416727,864,78.3000030517578,2.88771,"Épicéa commun","Autres forêts publiques RF"
821645,0.319492949059832,385.985990298444,715,35,2.25954,"Sapin pectiné","Autres forêts publiques RF"
856732,0.169064242445913,209.961601764904,598,82,5.07292,"Grand érable","Forêts privées et autres - Hors PSG"
845257,0.158924385740804,110.932976795316,565,71.5999984741211,4.53044,"Épicéa commun","Forêts privées et autres - Hors PSG"
856707,0.284756173580173,241.023629103899,737,62.1000022888184,2.74909,"Épicéa commun","Forêts privées et autres - Hors PSG"
806645,0.223659031070196,84.2963870125348,950,0,1.80021,"Sapin pectiné","Forêts privées et autres - En PSG"
834912,0.253296641499018,216.001786479714,994,29,2.42989,"Sapin pectiné","Forêts domaniales RF"
803561,0.24316535567605,383.698484450035,1048,52.5,2.32096,"Hêtre","Autres forêts publiques RF"
880689,0.265191436439785,96.2407449930377,1110,82.7999954223633,1.74699,"Hêtre","Forêts domaniales RF"
814472,0.1625520100143,134.277756430614,966,69.6000061035156,4.40976,"Hêtre","Autres forêts publiques RF"
824745,0.320112751152101,307.004853174543,970,73.5,4.00402,"Sapin pectiné","Forêts domaniales RF"
857703,0.241226003883935,208.34427428894,824,76.2999954223633,2.29935,"Épicéa commun","Autres forêts publiques RF"
827482,0.460750684984821,68.6085240288099,1009,78.3000030517578,2.89361,"Épicéa commun","Autres forêts publiques RF"
878029,0.228270811086154,315.549081792407,1029,60.9000053405762,1.90703,"Sapin pectiné","Forêts privées et autres - En PSG"
846846,0.243172905652417,423.950791415491,856,29,6.5,"Hêtre","Forêts privées et autres - En PSG"
841499,0.289886709295937,350.675302909846,779,29,6.28862,"Grand érable","Autres forêts publiques RF"
842426,0.326016794055922,413.032315089259,913,61.25,3.79273,"Hêtre","Forêts privées et autres - En PSG"
835918,0.306885562584446,395.874202195245,592,113.400001525879,1.75881,"Sapin pectiné","Forêts privées et autres - En PSG"
936462,0.151986522260408,47.1118098274657,337,104.400001525879,1.56232,"Bouleau","Autres forêts publiques RF"
942915,0.431609087622847,434.718912410651,352,31.5,4.2887,"Hêtre","Forêts privées et autres - En PSG"
974283,0.242926509898313,206.655797679565,443,44.1000022888184,1.21452,"Sapin pectiné","Forêts domaniales RF"
933186,0.289614397705451,279.578341949517,391,33.5999984741211,0.97492,"Pin sylvestre","Forêts privées et autres - En PSG"
936503,0.302665457661014,196.580016400974,435,24.5,0.896963,"Sapin pectiné","Forêts privées et autres - En PSG"
913856,0.459601386038991,522.090477024501,383,161.5,2.06254,"Sapin pectiné","Forêts privées et autres - En PSG"
924213,0.18329168392484,75.8172022423548,348,32,3.24868,"Bouleau","Forêts privées et autres - Hors PSG"
926638,0.106921530316707,72.7228417255341,282,56.6999969482422,4.80969,"Hêtre","Forêts domaniales RF"
922281,0.391531993853392,427.078584396231,351,56.6999969482422,1.87357,"Sapin pectiné","Forêts domaniales RF"
929537,0.387127714617469,240.174296688638,368,62.9999961853027,3.6326,"Hêtre","Forêts domaniales RF"
925337,0.258866782025417,376.607064793867,424,126,3.72102,"Douglas","Forêts domaniales RF"
977387,0.186084647158931,169.627486278952,368,56.6999969482422,2.51049,"Épicéa commun","Forêts privées et autres - Hors PSG"
925563,0.240803404002005,286.708333304697,435,62.9999961853027,1.38993,"Sapin pectiné","Forêts domaniales RF"
924751,0.19594866156884,33.3926492502558,760,21,1.20235,"Épicéa commun","Forêts privées et autres - En PSG"
958021,0.355001999293916,224.396830303717,310,22.3999996185303,0.935993,"Pin sylvestre","Forêts privées et autres - Hors PSG"
915670,0.254725996291598,242.859312417229,278,62.9999961853027,1.36063,"Épicéa commun","Forêts domaniales RF"
915083,0.406408574405231,609.701496804722,373,37.7999992370605,2.96193,"Sapin pectiné","Forêts domaniales RF"
939436,0.309908742429761,282.162408304465,488,37.7999992370605,2.03735,"Sapin pectiné","Forêts domaniales RF"
938842,0.536603865994679,399.652696684078,615,22.3999996185303,0.486731,"Pin sylvestre","Forêts domaniales RF"
945843,0.23775215844392,221.548943417306,845,62.9999961853027,1.41831,"Sapin pectiné","Forêts domaniales RF"
930019,0.201847650857093,156.887153226897,233,49,1.63591,"Chêne rouvre","Forêts domaniales RF"
944620,0.175932768015036,124.167612558799,305,42,1.60106,"Hêtre","Forêts domaniales RF"
961868,0.38693203550435,367.430358138112,272,56.6999969482422,1.6054,"Chêne rouvre","Forêts domaniales RF"
960176,0.4092909921034,521.583388007247,237,35,0.877967,"Pin sylvestre","Forêts domaniales RF"
977507,0.296086005411238,207.092777748257,390,49,1.16358,"Pin sylvestre","Forêts domaniales RF"
911513,0.175517574901377,239.762126630605,266,62.9999961853027,1.5213,"Pin sylvestre","Forêts privées et autres - En PSG"
953093,0.0949322090072845,44.4444125173062,311,62.9999961853027,6.5,"Hêtre","Forêts domaniales RF"
945537,0.653942609770833,153.748248319373,288,62.9999961853027,2.84849,"Hêtre","Autres forêts publiques RF"
973094,0.486233128893525,309.131389728777,340,62.9999961853027,2.131,"Pin sylvestre","Forêts domaniales RF"
979605,0.667339143598194,373.725111152058,393,62.9999961853027,4.00883,"Hêtre","Forêts domaniales RF"
946287,0.501324327695437,378.288057930662,515,56,1.52776,"Sapin pectiné","Forêts domaniales RF"
961649,0.139601226278547,90.5196444889421,857,62.2999954223633,1.88874,"Épicéa commun","Autres forêts publiques RF"
917298,0.140394420517734,171.104554706634,651,107.999992370605,2.99383,"Épicéa commun","Forêts privées et autres - Hors PSG"
947026,0.152015552947254,128.600410520751,626,156,6.9326,"Épicéa commun","Forêts privées et autres - Hors PSG"
945259,0.260992347797005,197.436405050183,265,42,2.12027,"Sapin pectiné","Forêts privées et autres - En PSG"
940688,0.449365834692157,92.7978126595078,820,31.5,1.17401,"Sapin pectiné","Forêts domaniales RF"
921308,0.327853794498876,234.483610269072,453,43.5,2.40632,"Sapin pectiné","Autres forêts publiques RF"
933654,0.356087478655297,189.983339820078,563,21,2.22001,"Sapin pectiné","Autres forêts publiques RF"
931765,0.236095327428225,251.294805515019,234,62.9999961853027,0.974792,"Pin sylvestre","Autres forêts publiques RF"
928263,0.116483312363517,45.4215529329015,306,98.0999984741211,2.46412,"Chêne rouvre","Autres forêts publiques RF"
902289,0.176809513768154,67.930429080275,360,43.1999969482422,3.64176,"Douglas","Autres forêts publiques RF"
902912,0.242092796056301,419.342986007548,361,58.5,7.67603,"Frêne","Autres forêts publiques RF"
961211,0.493476023258302,252.590826668492,301,35,1.20307,"Épicéa commun","Forêts privées et autres - En PSG"
944542,0.274482468840566,446.799467110866,237,49,0.514868,"Pin sylvestre","Forêts domaniales RF"
939274,0.195653149648474,315.596745170935,354,45,2.50217,"Chêne rouvre","Autres forêts publiques RF"
910012,0.203628652592555,356.406545384742,537,42,6.346,"Hêtre","Forêts privées et autres - En PSG"
974406,0.415007836591265,34.1813123207091,265,62.9999961853027,5.10748,"Saule","Forêts privées et autres - Hors PSG"
924424,0.166462955647435,288.534700832842,241,56.6999969482422,3.67797,"Charme","Forêts privées et autres - Hors PSG"
957100,0.251659334776878,195.928964905053,293,56.6999969482422,2.95989,"Châtaignier","Forêts privées et autres - En PSG"
913461,0.221291591134435,348.831074925284,759,65.25,4.14377,"Hêtre","Autres forêts publiques RF"
936500,0.41190572644421,223.607963933849,844,24,2.96065,"Hêtre","Autres forêts publiques RF"
951237,0.195884303422987,171.457328969556,612,5.80000019073486,3.81004,"Sapin pectiné","Forêts privées et autres - Hors PSG"
954348,0.204798330707556,135.857726900575,361,42,1.95365,"Épicéa commun","Forêts privées et autres - En PSG"
915192,0.347283426939905,405.280129306204,691,62.1000022888184,4.35908,"Hêtre","Autres forêts publiques RF"
931933,0.277944790490377,447.740870819437,707,36.25,3.19745,"Épicéa commun","Forêts privées et autres - En PSG"
963190,0.117609971039816,59.159081890392,423,35,2.08329,"Pin sylvestre","Autres forêts publiques RF"
959462,0.199650548363419,383.422014156997,391,29,2.7486,"Chêne rouvre","Forêts privées et autres - Hors PSG"
961467,0.233768812764428,35.0841053105306,361,63,4.01446,"Chêne rouge d'Amérique","Forêts privées et autres - Hors PSG"
938536,0.274764465497234,185.802370329136,340,70,3.63896,"Grand aulne","Forêts privées et autres - Hors PSG"
919778,0.326262847650637,524.88444959729,538,31.5,5.09708,"Chêne rouvre","Forêts privées et autres - Hors PSG"
962621,0.149723124190737,239.137560273406,391,48,3.7558,"Hêtre","Autres forêts publiques RF"
959565,0.392337686639341,189.441926678678,415,19.6000003814697,1.25673,"Épicéa commun","Autres forêts publiques RF"
953427,0.386810295129402,244.868218405004,889,0,1.83877,"Sapin pectiné","Autres forêts publiques RF"
920543,0.251880088692469,216.951334397851,644,84.7000045776367,5.4143,"Grand érable","Forêts privées et autres - Hors PSG"
938865,0.476114608706924,516.687533774485,1041,42,2.81874,"Douglas","Autres forêts publiques RF"
979760,0.459497670753559,504.937043463301,1101,30.4500026702881,2.9254,"Hêtre","Forêts domaniales RF"
928073,0.342566093470028,362.34227055785,750,69.6000061035156,2.68446,"Sapin pectiné","Autres forêts publiques RF"
955592,0.41380301117897,12.5037404870575,1024,4,2.56776,"Épicéa commun","Autres forêts publiques RF"
932543,0.203281597612448,428.022090818259,658,69.1999969482422,1.6041,"Hêtre","Autres forêts publiques RF"
927673,0.360532002099453,205.183165449125,793,52.2000007629395,3.61008,"Hêtre","Autres forêts publiques RF"
928996,0.2461745037722,218.368461806481,777,52.5,1.89331,"Chêne rouvre","Autres forêts publiques RF"
948295,0.200887073919464,178.299126329058,702,104.849998474121,2.53579,"Douglas","Forêts privées et autres - En PSG"
948395,0.235777123586197,364.097917786396,746,25,0.646285,"Pin sylvestre","Autres forêts publiques RF"
934707,0.280290199760194,427.502297686796,708,42,2.66712,"Pin sylvestre","Forêts privées et autres - Hors PSG"
972654,0.295852918705151,451.12269992502,658,40,4.05778,"Sapin pectiné","Forêts privées et autres - Hors PSG"
954925,0.415629206409876,465.109480261802,949,61.25,3.47386,"Hêtre","Autres forêts publiques RF"
936260,0.19574849194311,236.013380766354,634,43.5000038146973,1.8814,"Sapin pectiné","Autres forêts publiques RF"
973602,0.446966513956021,217.461023322733,599,34.8000030517578,3.67812,"Sapin pectiné","Autres forêts publiques RF"
959164,0.299361065844005,253.617498415457,619,23.2000007629395,2.96832,"Chêne rouvre","Autres forêts publiques RF"
980990,0.516325861054433,333.789730642383,774,80.4000015258789,4.41652,"Sapin pectiné","Autres forêts publiques RF"
962680,0.209011498548083,200.533969574407,503,40,2.47172,"Douglas","Autres forêts publiques RF"
914610,0.0975442692373613,14.0282179104665,1101,14,2.60364,"Grand érable","Forêts domaniales RF"
907223,0.313237628155094,264.928602084392,942,43.75,3.97169,"Épicéa commun","Forêts privées et autres - En PSG"
932635,0.168969354228492,63.3836375870537,784,21.75,5.97137,"Épicéa commun","Autres forêts publiques RF"
974367,0.170457294665937,151.287050978461,566,0,4.50207,"Frêne","Autres forêts publiques RF"
965224,0.25218858177369,93.0357073881306,533,35,2.42393,"Sapin pectiné","Forêts privées et autres - En PSG"
932122,0.286912802915006,215.08217477539,386,58,3.14691,"Chêne rouvre","Autres forêts publiques RF"
918846,0.190393929614811,133.678591280272,685,23.2000007629395,3.5808,"Chêne rouvre","Autres forêts publiques RF"
927412,0.299225150088438,367.510702653684,480,94.5,3.04139,"Épicéa commun","Autres forêts publiques RF"
970631,0.255878792750829,427.032096693615,823,87.3000030517578,2.58819,"Hêtre","Autres forêts publiques RF"
966353,0.260043112002442,299.674285738288,369,63,4.68582,"Chêne pédonculé","Forêts privées et autres - Hors PSG"
904346,0.251984624165453,233.159723909223,499,45,1.5435,"Épicéa commun","Forêts privées et autres - En PSG"
921106,0.253580291588907,289.242168902451,706,96.75,1.04117,"Chêne rouvre","Forêts privées et autres - Hors PSG"
919999,0.199545493415572,286.580386166796,419,35,1.96952,"Chêne rouvre","Forêts privées et autres - Hors PSG"
969959,0.196064289350561,218.440359031775,657,26.1000022888184,3.52235,"Frêne","Forêts privées et autres - En PSG"
941333,0.315318546022165,337.161073277714,508,92.8000030517578,3.50172,"Sapin pectiné","Forêts privées et autres - Hors PSG"
919102,0.239284673885434,211.820405808067,820,50.7500038146973,2.15135,"Sapin pectiné","Forêts privées et autres - Hors PSG"
944075,0.312959402506979,414.971300362253,866,30.4500026702881,3.99085,"Sapin pectiné","Forêts domaniales RF"
927045,0.380258846809082,186.603082046409,526,80,5.28816,"Hêtre","Forêts privées et autres - Hors PSG"
928625,0.420623981755315,502.879098068406,555,126,2.35144,"Épicéa commun","Forêts privées et autres - Hors PSG"
945255,0.375710790042428,220.435133932683,588,104.400001525879,2.55098,"Sapin pectiné","Autres forêts publiques RF"
932104,0.162139407003339,101.252123316317,401,49,1.50308,"Sapin pectiné","Forêts domaniales RF"
939025,0.357652308918646,261.207295439057,446,19.6000003814697,3.39084,"Hêtre","Forêts domaniales RF"
972185,0.173728140808493,164.831554127738,425,28,1.39431,"Sapin pectiné","Forêts domaniales RF"
908315,0.305936372182046,482.099910428619,591,58.4500045776367,2.50811,"Hêtre","Forêts privées et autres - Hors PSG"
936663,0.127593386146009,25.6688066800493,417,50.3999977111816,1.4596,"Pin sylvestre","Autres forêts publiques RF"
972456,0.30488502743916,178.355835838829,340,83.7000045776367,1.62493,"Sapin pectiné","Forêts domaniales RF"
943163,0.324012802690184,223.818314469733,442,62.9999961853027,2.14386,"Sapin pectiné","Forêts domaniales RF"
969871,0.142748774652354,83.0087893830431,426,19.6000003814697,1.21267,"Sapin pectiné","Autres forêts publiques RF"
949966,0.435674755710438,118.51568589838,741,24,1.59971,"Sapin pectiné","Forêts privées et autres - Hors PSG"
915382,0.236542597118713,184.131042490196,689,104.400001525879,1.54441,"Sapin pectiné","Autres forêts publiques RF"
952411,0.273156045851209,726.422369993132,293,87.0000076293945,5.51882,"Grand aulne","Forêts privées et autres - Hors PSG"
934252,0.29665154592274,383.128317622921,546,31.5,1.52948,"Épicéa commun","Forêts privées et autres - Hors PSG"
962953,0.374876773377344,412.774845740833,662,57.75,1.41655,"Épicéa commun","Forêts privées et autres - Hors PSG"
910032,0.139052468904984,120.617820785713,612,34.2999992370605,1.26751,"Bouleau","Forêts domaniales RF"
920231,0.238557164192091,319.261026215886,318,151.5,3.0695,"Épicéa commun","Forêts privées et autres - Hors PSG"
924014,0.201426532139364,308.21658225709,652,75.1500015258789,1.42917,"Sapin pectiné","Autres forêts publiques RF"
901988,0.107976656800198,66.0845720949764,585,19.6000003814697,1.46989,"Sapin pectiné","Forêts domaniales RF"
903281,0.246687310555627,316.891726557634,577,56,1.2316,"Sapin pectiné","Autres forêts publiques RF"
921816,0.152223793462048,215.476253809427,490,46.4000015258789,1.87164,"Bouleau","Forêts privées et autres - Hors PSG"
964928,0.596554677247732,490.545305056598,671,12,4.10291,"Hêtre","Autres forêts publiques RF"
944710,0.209235139334564,129.809803547473,633,34.8000030517578,2.48041,"Grand érable","Autres forêts publiques RF"
917299,0.367588816238641,444.659685517006,423,44.1000022888184,1.99388,"Sapin pectiné","Forêts domaniales RF"
955566,0.151651536572748,58.7797464210009,473,32.7999992370605,1.01736,"Sapin pectiné","Autres forêts publiques RF"
906599,0.140227039274894,54.7912636186104,537,50.3999977111816,1.23362,"Pin sylvestre","Forêts domaniales RF"
934090,0.266330781944844,169.419381286382,773,60,1.94263,"Épicéa commun","Autres forêts publiques RF"
917990,0.287774392642536,259.45410388961,525,14,0.928464,"Sapin pectiné","Forêts domaniales RF"
901733,0.290661070029959,268.541246677847,656,24.5,1.30822,"Sapin pectiné","Forêts domaniales RF"
974846,0.153080678636577,111.428609164103,571,44.7999992370605,1.24865,"Sapin pectiné","Forêts privées et autres - Hors PSG"
949999,0.354910702094635,345.788523678387,489,60,4.46122,"Épicéa commun","Forêts privées et autres - Hors PSG"
922694,0.233054199955845,440.721994797637,450,105,2.5619,"Sapin pectiné","Forêts privées et autres - Hors PSG"
923997,0.231298615346082,174.494418963308,920,45,2.27809,"Sapin pectiné","Forêts domaniales RF"
909408,0.320913105064181,222.738684762439,1004,35,1.20988,"Épicéa commun","Autres forêts publiques RF"
955720,0.303259162887768,422.886206751761,560,72.5,6.65742,"Sapin pectiné","Forêts privées et autres - Hors PSG"
927066,0.324557189207544,46.6588572465369,899,28,2.11677,"Hêtre","Forêts domaniales RF"
921260,0.222120621728328,306.201593262438,663,52.2000007629395,4.5011,"Épicéa commun","Forêts privées et autres - Hors PSG"
966090,0.319908138112869,536.066362206104,451,118,2.65616,"Sapin pectiné","Forêts privées et autres - Hors PSG"
908694,0.263131919850386,270.014612257148,881,101.500007629395,3.7236,"Sapin pectiné","Forêts domaniales RF"
904188,0.332394592065272,120.542921563309,919,46.4000015258789,1.9002,"Sapin pectiné","Autres forêts publiques RF"
942435,0.308755693987109,330.510948337681,462,85.6000061035156,1.68495,"Sapin pectiné","Autres forêts publiques RF"
922863,0.107181075756221,48.7412613515881,427,70,4.24356,"Saule","Forêts privées et autres - Hors PSG"
950919,0.303630430025451,149.526377977662,744,40.6000022888184,2.37232,"Sapin pectiné","Autres forêts publiques RF"
976343,0.24447314248486,325.876531430565,890,71.0999984741211,3.09618,"Épicéa commun","Forêts domaniales RF"
978310,0.257232079982799,172.943899331508,934,130.5,2.23653,"Épicéa commun","Forêts privées et autres - Hors PSG"
974196,0.302017348124273,308.881987814194,958,21.7999992370605,2.05135,"Épicéa commun","Forêts domaniales RF"
918964,0.0935254622797288,20.2291417219627,440,117.000007629395,5.58412,"Grand aulne","Forêts privées et autres - Hors PSG"
931710,0.217136311360162,456.30531705916,498,34.8000030517578,3.89131,"Sapin pectiné","Forêts privées et autres - Hors PSG"
926829,0.150420349389063,69.1934540261599,781,69.6000061035156,2.61099,"Épicéa commun","Forêts privées et autres - Hors PSG"
921188,0.246267517329396,310.874917680458,1051,28,1.76324,"Épicéa commun","Forêts domaniales RF"
905874,0.457697625990169,392.674021550373,1046,17.4000015258789,3.07007,"Sapin pectiné","Forêts privées et autres - En PSG"
901808,0.240591612748512,149.854449934228,952,17.4000015258789,2.53871,"Hêtre","Autres forêts publiques RF"
946097,0.184787661939492,36.9334399413086,980,60.9000053405762,1.18057,"Hêtre","Autres forêts publiques RF"
905664,0.246621659737833,503.265009649676,727,101.500007629395,3.37039,"Épicéa commun","Forêts privées et autres - Hors PSG"
951847,0.230701459268519,254.497424980606,552,60,1.16541,"Sapin pectiné","Forêts domaniales RF"
911369,0.165310330276006,140.478757822533,635,48,3.59973,"Épicéa commun","Forêts privées et autres - Hors PSG"
966562,0.140003107868706,88.7021196300055,872,60,3.87655,"Hêtre","Autres forêts publiques RF"
974337,0.469838792122865,204.146695441329,1037,87.0000076293945,1.80899,"Épicéa commun","Autres forêts publiques RF"
929413,0.284185818521812,100.355162593999,1007,14.6999988555908,3.48953,"Sapin pectiné","Forêts privées et autres - En PSG"
916119,0.301899633167476,249.666997368267,1001,46.4000015258789,2.30074,"Sapin pectiné","Autres forêts publiques RF"
930434,0.174901179692477,176.193494062882,866,40.6000022888184,2.20678,"Sapin pectiné","Forêts domaniales RF"
915581,0.501401359622944,440.039135311917,1015,57.0499954223633,2.71372,"Hêtre","Forêts domaniales RF"
933452,0.573559546037967,473.288073152281,627,67.9000091552734,4.00404,"Sapin pectiné","Autres forêts publiques RF"
976517,0.512295558202192,480.62255332611,613,117.900001525879,3.36128,"Hêtre","Autres forêts publiques RF"
1016922,0.30236054340791,399.665394280957,310,49,0.770565,"Sapin pectiné","Autres forêts publiques RF"
1020968,0.366778843883887,225.185068100748,360,90,0.997365,"Sapin pectiné","Forêts domaniales RF"
1017815,0.126592646657355,43.9888282426851,351,89.2000045776367,2.2319,"Grand aulne","Forêts privées et autres - Hors PSG"
1018468,0.145124059319245,16.1831784285846,410,56.6999969482422,2.20209,"Épicéa commun","Forêts domaniales RF"
1010162,0.2518175303577,271.13437335088,386,31.4999980926514,1.4582,"Sapin pectiné","Forêts domaniales RF"
1004441,0.364050091002611,421.780904131301,379,24.5,1.35847,"Chêne rouvre","Forêts privées et autres - En PSG"
1015163,0.362099663805938,71.3049106216872,393,73.7999954223633,3.06893,"Épicéa commun","Forêts privées et autres - En PSG"
1018505,0.349035916221745,144.224434937753,340,45,5.52004,"Chêne rouvre","Forêts privées et autres - Hors PSG"
1015675,0.238339470956709,287.03369602568,350,62.1000022888184,2.25248,"Hêtre","Autres forêts publiques RF"
1004951,0.228452292424497,258.642451104213,364,39.2000007629395,2.38695,"Sapin pectiné","Autres forêts publiques RF"
1021197,0.299005640769815,178.3583642861,499,33.5999984741211,1.52925,"Sapin pectiné","Forêts domaniales RF"
1008488,0.231336297408845,381.492279483882,359,62.9999961853027,5.77944,"Bouleau","Forêts privées et autres - Hors PSG"
1007673,0.144603126169468,158.578796433045,258,62.9999961853027,2.23123,"Hêtre","Forêts domaniales RF"
1025688,0.202114305753422,272.048644351799,280,62.9999961853027,2.16575,"Chêne rouvre","Forêts privées et autres - Hors PSG"
1019949,0.0891268029808998,1.1292271692635,628,44.0999984741211,1.58805,"Épicéa commun","Forêts domaniales RF"
1010879,0.270536174298733,98.9993067953743,487,89,2.23406,"Sapin pectiné","Forêts privées et autres - En PSG"
1021355,0.252829271873135,309.786737881141,272,62.9999961853027,1.05534,"Chêne rouvre","Forêts domaniales RF"
1020390,0.174636684362226,202.692802753439,235,42,2.1022,"Chêne rouvre","Forêts domaniales RF"
1026624,0.205813536409783,340.483118018276,432,44.1000022888184,1.52439,"Sapin pectiné","Forêts domaniales RF"
1012188,0.299224716261109,28.7343078152648,745,17.5,1.3863,"Hêtre","Forêts domaniales RF"
1018473,0.168107671834908,35.9451572312114,629,97,2.29163,"Hêtre","Forêts domaniales RF"
1016616,0.100340416805633,71.2375709816166,322,35,0.831873,"Chêne rouvre","Forêts domaniales RF"
1020216,0.198736432301966,212.90614849276,278,62.9999961853027,2.12682,"Pin sylvestre","Forêts domaniales RF"
1008139,0.213593683188098,178.09935059917,245,42,1.20583,"Pin sylvestre","Forêts domaniales RF"
1019315,0.187823925638879,292.5663181607,290,49,3.01881,"Hêtre","Forêts domaniales RF"
1011362,0.531854736952938,383.579601097315,322,35,1.9822,"Hêtre","Forêts domaniales RF"
1022405,0.149760405363113,159.978358238219,512,50.3999977111816,1.81718,"Sapin pectiné","Forêts privées et autres - En PSG"
1014755,0.282300914213929,259.263707009891,234,35,1.80487,"Hêtre","Forêts domaniales RF"
1006612,0.400730863470868,278.077096940333,229,49,1.79271,"Pin sylvestre","Autres forêts publiques RF"
1022089,0.331141038974541,257.676396714876,222,35,3.07788,"Chêne rouvre","Forêts domaniales RF"
1016510,0.195807875170771,305.325712055047,417,39.2000007629395,2.90174,"Hêtre","Autres forêts publiques RF"
1010557,0.265641239585438,216.678697877441,350,50.3999977111816,3.38942,"Épicéa commun","Forêts domaniales RF"
1024329,0.227925353523611,257.434867648055,714,26.25,2.11679,"Épicéa commun","Forêts domaniales RF"
1004898,0.367276683085685,295.170624533932,742,14.6999988555908,0.960736,"Sapin pectiné","Forêts domaniales RF"
1019219,0.227572058322828,338.440829227515,252,62.9999961853027,2.67046,"Hêtre","Forêts domaniales RF"
1002168,0.153461024616073,123.048123977636,733,24.5,1.19857,"Pin sylvestre","Forêts domaniales RF"
1018347,0.128307692661301,115.488048161367,539,34.8000030517578,2.56522,"Hêtre","Autres forêts publiques RF"
1005108,0.290239324601392,389.821603845114,493,46.4000015258789,2.12973,"Épicéa commun","Forêts privées et autres - Hors PSG"
1005736,0.317005223594978,389.190617520817,340,31.5,3.10259,"Sapin pectiné","Forêts domaniales RF"
1019570,0.651395283329229,265.537419034898,774,8.39999961853027,1.2605,"Sapin pectiné","Autres forêts publiques RF"
1002291,0.190975088176391,222.406768792954,446,10.5,3.06671,"Douglas","Autres forêts publiques RF"
1028374,0.154087154589017,146.827267271564,688,36.75,1.73415,"Bouleau","Forêts privées et autres - Hors PSG"
1001437,0.397840838042181,280.231138325601,607,30.4500026702881,1.41236,"Épicéa commun","Forêts privées et autres - En PSG"
1030308,0.221953835309919,384.186233985465,251,62.9999961853027,3.14189,"Chêne rouvre","Forêts privées et autres - Hors PSG"
1020033,0.179734240868401,153.754190793946,271,62.9999961853027,1.16081,"Douglas","Autres forêts publiques RF"
1014909,0.295008838043602,303.870454463802,458,33.5999984741211,2.89677,"Hêtre","Autres forêts publiques RF"
1019630,0.210608741757811,207.370622442139,777,17.5,3.49932,"Hêtre","Autres forêts publiques RF"
1009253,0.249415168683482,130.557384402747,925,90.4500122070312,2.58955,"Hêtre","Forêts domaniales RF"
1026797,0.359076067445779,282.43867072456,531,46.8000030517578,4.21015,"Hêtre","Autres forêts publiques RF"
1004393,0.408594513502757,422.060484333677,290,49,1.98455,"Hêtre","Forêts domaniales RF"
1028368,0.13232038056698,245.10408232146,319,56.6999969482422,1.68934,"Hêtre","Forêts domaniales RF"
1018252,0.336136676230965,173.346308732655,386,7,1.77856,"Épicéa commun","Forêts privées et autres - En PSG"
1007784,0.380128730654481,288.817801356569,784,49,3.14428,"Sapin pectiné","Autres forêts publiques RF"
1019435,0.345160224316076,222.925549649027,965,28,2.10968,"Hêtre","Forêts domaniales RF"
1029885,0.418010736659269,373.940151130975,338,62.9999961853027,1.94163,"Épicéa commun","Forêts privées et autres - En PSG"
1005086,0.358525440870771,413.294080526595,457,50.3999977111816,2.17866,"Hêtre","Autres forêts publiques RF"
1030573,0.122713376256243,94.1920391637734,326,87.1999969482422,5.80095,"Châtaignier","Forêts privées et autres - Hors PSG"
1027444,0.288164575065503,296.536423652627,369,44.1000022888184,1.25963,"Pin sylvestre","Forêts privées et autres - En PSG"
1003345,0.266800217456845,145.979786636854,561,16.7999992370605,2.11034,"Épicéa commun","Forêts privées et autres - En PSG"
1026303,0.294177025226927,229.550996724031,452,21,6.95431,"Frêne","Forêts privées et autres - En PSG"
1025150,0.370270365549593,344.645892949261,247,30,7.76064,"Grand aulne","Forêts privées et autres - Hors PSG"
1014202,0.448416308419431,195.147802213679,333,44.7999992370605,3.21663,"Chêne rouvre","Autres forêts publiques RF"
1030338,0.210565240044943,310.740495589555,347,87.5,7.05468,"Grand érable","Autres forêts publiques RF"
1013437,0.457627268123571,344.190406077849,226,87.0000076293945,1.53479,"Sapin pectiné","Forêts domaniales RF"
1017819,0.424024757760444,239.485162518855,404,81,1.64159,"Hêtre","Autres forêts publiques RF"
1005809,0.168856434586262,113.731626326098,386,30.4500026702881,2.80034,"Hêtre","Forêts privées et autres - Hors PSG"
1016109,0.27595765523551,406.808485926837,1012,30.4500026702881,2.03452,"Sapin pectiné","Autres forêts publiques RF"
1007684,0.317702316485609,284.361466191587,658,34.8000030517578,4.76113,"Sapin pectiné","Autres forêts publiques RF"
1011706,0.368854798743353,413.332014670753,824,36,2.83476,"Hêtre","Autres forêts publiques RF"
1016074,0.175260356757561,184.825955525908,941,30.4500026702881,1.68009,"Épicéa commun","Autres forêts publiques RF"
1013884,0.210487580815132,221.019740068807,829,39.1500015258789,0.968259,"Épicéa commun","Autres forêts publiques RF"
1000632,0.240791321877036,521.356188744413,649,32,3.79772,"Épicéa commun","Forêts privées et autres - Hors PSG"
1003728,0.316943879322409,385.398110128424,609,26.1000022888184,5.81256,"Grand érable","Autres forêts publiques RF"
1022131,0.179247431430747,67.7658116979911,1069,12,1.66686,"Épicéa commun","Autres forêts publiques RF"
1007186,0.36902728003642,326.969471054595,954,40.5,1.97175,"Épicéa commun","Forêts privées et autres - Hors PSG"
1009246,0.306931517436282,697.333761394629,680,52.2000007629395,6.94544,"Grand érable","Forêts privées et autres - Hors PSG"
1031100,0.161034034072667,112.690659653092,1026,40.6000022888184,4.23164,"Grand érable","Autres forêts publiques RF"
1002211,0.332249123586386,214.703522374676,801,0,4.02008,"Hêtre","Autres forêts publiques RF"
1029010,0.232906207182194,306.638955257997,609,34.8000030517578,2.25472,"Épicéa commun","Forêts privées et autres - Hors PSG"
1012939,0.271755649195952,342.99630946755,642,30.4500026702881,1.50814,"Sapin pectiné","Forêts privées et autres - Hors PSG"
1002794,0.347241069194777,529.099703227298,336,36.75,3.74068,"Chêne rouvre","Autres forêts publiques RF"
1013888,0.140567358717367,153.960388017208,594,78.3000030517578,6.74368,"Hêtre","Forêts privées et autres - Hors PSG"
1017973,0.277815959282478,383.738176524455,1276,46.4000015258789,1.96935,"Hêtre","Autres forêts publiques RF"
1009520,0.301237199381446,398.516976677031,895,0,2.07895,"Hêtre","Forêts privées et autres - Hors PSG"
1025783,0.223213533713872,460.427901781596,534,43.5000038146973,4.00956,"Hêtre","Forêts domaniales RF"
1027704,0.304354412931174,72.390374848376,516,17.4000015258789,8.13952,"Tilleul","Autres forêts publiques RF"
1016191,0.22366328701586,170.449354636637,817,22.3999996185303,0.888775,"Pin sylvestre","Autres forêts publiques RF"
1014578,0.239663748593537,403.477102699114,744,72.5,8.28195,"Grand érable","Forêts privées et autres - Hors PSG"
1009038,0.215854651316417,103.50667423575,1020,28,4.07422,"Hêtre","Forêts domaniales RF"
1025853,0.483272232298037,258.382288152563,603,40.6000022888184,3.46451,"Sapin pectiné","Autres forêts publiques RF"
1002880,0.215634959996764,221.752043685786,709,34.8000030517578,4.02795,"Sapin pectiné","Forêts privées et autres - Hors PSG"
1008993,0.278828414577109,158.146390168294,461,58,5.80788,"Grand érable","Autres forêts publiques RF"
1017672,0.208699480544157,308.621922114455,422,56.7000007629395,4.19113,"Robinier faux-acacia","Autres forêts publiques RF"
1030821,0.329708559485316,269.618913950838,586,21,2.28318,"Pin sylvestre","Autres forêts publiques RF"
1019851,0.308581650562182,253.213390902706,447,72.5,4.07306,"Chêne rouvre","Autres forêts publiques RF"
1023208,0.382165893605098,389.232548242199,771,34.8000030517578,5.08235,"Hêtre","Autres forêts publiques RF"
1016951,0.323024300864146,427.991044598775,749,45,3.3807,"Hêtre","Autres forêts publiques RF"
1001270,0.330943646502022,272.852252045833,718,72.5,5.60072,"Douglas","Autres forêts publiques RF"
1008726,0.151841937614259,163.140059529491,604,13.0500011444092,6.33891,"Grand érable","Autres forêts publiques RF"
1003381,0.245020584050836,275.413837305578,661,21,3.80676,"Sapin pectiné","Autres forêts publiques RF"
1022984,0.362293275581774,177.960458646607,540,78.3000030517578,3.16754,"Épicéa commun","Forêts privées et autres - Hors PSG"
1020067,0.219845310932161,114.333023108739,538,91.3500061035156,3.14504,"Grand érable","Forêts privées et autres - Hors PSG"
1020903,0.173857181284308,312.483727690895,536,28,2.92065,"Chêne rouvre","Forêts privées et autres - Hors PSG"
1006684,0.171292931138526,62.2869027354331,633,97.5,3.53234,"Grand érable","Forêts privées et autres - Hors PSG"
1022330,0.187740864872073,143.059927039465,509,99.3000030517578,4.04447,"Sapin pectiné","Autres forêts publiques RF"
1018216,0.199913051505753,171.257278281773,688,46.4000015258789,2.48627,"Sapin pectiné","Forêts privées et autres - Hors PSG"
1015316,0.206815586892909,211.0495163611,696,81.2000045776367,2.19399,"Grand érable","Forêts privées et autres - Hors PSG"
1012467,0.221588160406381,278.034769855596,678,14.5,4.61325,"Sapin pectiné","Autres forêts publiques RF"
1021618,0.280188312438783,327.818224057944,591,100.099998474121,1.57149,"Hêtre","Forêts domaniales RF"
1027293,0.213900555123802,233.916456430763,432,22.3999996185303,0.647863,"Sapin pectiné","Forêts domaniales RF"
1023074,0.220066230282534,101.39519144153,489,48.2999992370605,1.25134,"Sapin pectiné","Forêts domaniales RF"
1010811,0.433434785532309,248.26231170132,390,31.5,1.61717,"Sapin pectiné","Autres forêts publiques RF"
1012863,0.336543736968585,311.480537085518,531,34.8000030517578,1.81684,"Chêne rouvre","Autres forêts publiques RF"
1019327,0.374738015601995,285.394689466742,651,88.8000030517578,1.17416,"Sapin pectiné","Forêts domaniales RF"
1017940,0.169528382964998,169.484084170879,410,28,1.80928,"Épicéa commun","Autres forêts publiques RF"
1003660,0.126138888434926,167.546991487777,718,50.75,1.50588,"Sapin pectiné","Autres forêts publiques RF"
1005131,0.246726316248644,182.007976538595,478,28,0.813091,"Sapin pectiné","Forêts domaniales RF"
1031072,0.179528715459597,227.07810804157,306,109,6.10833,"Tremble","Forêts privées et autres - Hors PSG"
1024154,0.2302847261432,291.999182311726,560,22.3999996185303,1.00137,"Sapin pectiné","Forêts domaniales RF"
1014172,0.129354058343291,37.3037967235824,604,9.80000019073486,0.708908,"Bouleau","Forêts domaniales RF"
1013272,0.310762892000075,334.276490461662,535,58,2.24932,"Sapin pectiné","Forêts privées et autres - En PSG"
1018745,0.283972486991048,301.493030972586,670,21,1.71522,"Épicéa commun","Autres forêts publiques RF"
1013821,0.223426495250362,357.726746108987,815,14,1.48827,"Sapin pectiné","Autres forêts publiques RF"
1005347,0.24054899839854,95.5552254780594,414,42,0.930178,"Sapin pectiné","Forêts domaniales RF"
1002259,0.276715965366126,427.461192133824,389,90,5.81225,"Hêtre","Forêts privées et autres - Hors PSG"
1000892,0.0976134174783905,14.0648450742452,487,90,4.43114,"Grand érable","Forêts privées et autres - Hors PSG"
1009466,0.214457150396648,342.259220951713,627,40.6000022888184,1.59331,"Sapin pectiné","Forêts privées et autres - Hors PSG"
1005440,0.20702526126483,262.182728454436,493,71.0500030517578,2.62156,"Chêne pédonculé","Forêts privées et autres - Hors PSG"
1026419,0.281826949493141,187.823114441565,810,32,1.44248,"Hêtre","Forêts domaniales RF"
1026766,0.149645895047953,128.345365813897,482,117.450004577637,3.96421,"Bouleau","Forêts privées et autres - Hors PSG"
1012690,0.229936609396619,277.904525669609,861,32,0.46944,"Sapin pectiné","Forêts domaniales RF"
1013683,0.279986184569267,419.796980806604,914,64.3500061035156,1.328,"Épicéa commun","Forêts domaniales RF"
1012770,0.209440902608437,204.077783979312,737,3.5,3.30482,"Épicéa commun","Forêts privées et autres - Hors PSG"
1027568,0.340634809658693,183.345857652004,861,50.75,2.10506,"Sapin pectiné","Autres forêts publiques RF"
1018993,0.367010588723734,299.337397914264,727,34.8000030517578,1.45671,"Hêtre","Forêts privées et autres - Hors PSG"
1031151,0.472655234172464,210.032836018787,766,14.6999988555908,1.43961,"Épicéa commun","Forêts domaniales RF"
1019509,0.328288205071114,123.256624952095,853,21.7500019073486,2.71753,"Sapin pectiné","Forêts domaniales RF"
1013079,0.286977837670862,415.951838702214,700,46.4000015258789,4.94493,"Épicéa commun","Forêts privées et autres - Hors PSG"
1006087,0.109567489532052,42.2862206322139,415,62.9999961853027,3.73349,"Grand aulne","Autres forêts publiques RF"
1002067,0.261298364650162,156.788300753501,491,80,5.69337,"Chêne pédonculé","Forêts privées et autres - Hors PSG"
1024807,0.227646792740715,186.279301802507,827,74.25,0.508417,"Sapin pectiné","Forêts privées et autres - Hors PSG"
1015187,0.232712966020365,59.951918728375,989,36,1.13535,"Épicéa commun","Autres forêts publiques RF"
1004097,0.236205507578633,507.693249727212,659,61.2000007629395,2.56983,"Hêtre","Forêts privées et autres - Hors PSG"
1020983,0.195879351526548,266.063882568679,632,30.4500026702881,4.80763,"Sapin pectiné","Autres forêts publiques RF"
1014153,0.46304029231488,179.775431996664,801,21,1.53124,"Épicéa commun","Forêts domaniales RF"
1015611,0.270504999293443,223.040534379853,924,52.2000007629395,1.4768,"Sapin pectiné","Forêts privées et autres - Hors PSG"
1027705,0.240836091074673,461.680568638171,579,34.8000030517578,4.09118,"Hêtre","Forêts privées et autres - Hors PSG"
1018208,0.11140800267458,3.43273683929634,510,39.1500015258789,3.90093,"Bouleau","Forêts privées et autres - Hors PSG"
1013343,0.530186145414138,483.371750378406,722,58,5.05325,"Sapin pectiné","Autres forêts publiques RF"
1014060,0.436387686892507,271.200114923459,851,26.1000022888184,1.46671,"Sapin pectiné","Autres forêts publiques RF"
1011174,0.166243092408025,96.9730318953877,694,52.2000007629395,2.50972,"Bouleau","Forêts privées et autres - Hors PSG"
1028229,0.488470790560518,237.545580745174,964,43.5000038146973,0.910621,"Épicéa commun","Autres forêts publiques RF"
1009648,0.527165843191623,254.255589803899,1017,26.1000022888184,5.04545,"Hêtre","Forêts domaniales RF"
1024144,0.566977296214693,410.455849846422,1050,30.4500026702881,3.50084,"Sapin pectiné","Autres forêts publiques RF"
1018789,0.18093364480737,30.0116505215422,684,50.75,3.53308,"Grand érable","Forêts privées et autres - Hors PSG"
1007176,0.177416978635026,139.674379248073,701,10.5,4.17211,"Grand érable","Forêts privées et autres - Hors PSG"
1009493,0.495294243877545,187.641345334733,912,10.5,3.23373,"Grand érable","Autres forêts publiques RF"
1002766,0.285004776854371,218.50103405194,789,21,6.34463,"Hêtre","Forêts privées et autres - En PSG"
1001505,0.261968621003754,251.594474563783,553,114.000007629395,5.55769,"Bouleau","Forêts privées et autres - Hors PSG"
1023809,0.345189350551255,111.435470155615,694,105,4.01124,"Grand érable","Forêts privées et autres - En PSG"
1018313,0.264490066319457,198.442801175444,553,29,3.46761,"Hêtre","Autres forêts publiques RF"
1130900,0.188701278546798,221.810711367142,394,60,2.45446,"Sapin pectiné","Forêts domaniales RF"
1108808,0.171264765373315,115.4976287916,418,78,1.91161,"Sapin pectiné","Forêts domaniales RF"
1112043,0.151520656918568,10.1355289449357,397,12.5999994277954,1.79457,"Épicéa commun","Forêts privées et autres - En PSG"
1105672,0.392501252465303,188.101697034918,418,36,2.26492,"Hêtre","Forêts domaniales RF"
1124238,0.436209517154932,322.25797732774,456,21,1.1228,"Sapin pectiné","Forêts domaniales RF"
1121422,0.186662717911521,50.0773583533035,511,18.8999996185303,1.45045,"Épicéa commun","Forêts privées et autres - En PSG"
1118443,0.193292372907715,325.588790004555,707,14.6999988555908,1.04586,"Sapin pectiné","Forêts privées et autres - En PSG"
1109037,0.385622181215084,297.436648061535,743,42,1.08432,"Sapin pectiné","Forêts domaniales RF"
1105236,0.132163034651681,38.553465880192,407,21,1.42301,"Pin sylvestre","Forêts domaniales RF"
1124961,0.277415334271784,506.253494655379,336,18.8999996185303,1.81876,"Chêne rouvre","Forêts privées et autres - En PSG"
1115773,0.282840865594334,252.972092186701,344,49,3.97811,"Chêne rouvre","Forêts domaniales RF"
1119674,0.221565243294275,60.6109166996697,444,18.8999996185303,2.46594,"Épicéa commun","Forêts domaniales RF"
1119344,0.110608605453915,9.4462427943739,590,42,1.601,"Douglas","Forêts privées et autres - En PSG"
1101666,0.134189952751433,104.893411834949,383,18,2.66807,"Hêtre","Forêts domaniales RF"
1121945,0.289344282422231,454.546156800176,359,42,1.69843,"Chêne rouvre","Forêts privées et autres - Hors PSG"
1116550,0.281694785282866,238.666371646105,322,0,1.23537,"Pin sylvestre","Forêts privées et autres - Hors PSG"
1121382,0.299447011278988,455.99857953191,356,62.9999961853027,2.13543,"Douglas","Forêts domaniales RF"
1119816,0.297715061206714,369.251445534516,558,49,1.75497,"Sapin pectiné","Forêts domaniales RF"
1128984,0.352604358642173,292.791364370524,686,22.3999996185303,0.875502,"Sapin pectiné","Forêts domaniales RF"
1107834,0.100210480247006,10.5428523147846,835,14,1.22273,"Épicéa commun","Forêts domaniales RF"
1111339,0.219579928675055,465.641177756369,321,0,1.91873,"Chêne rouvre","Forêts privées et autres - Hors PSG"
1100794,0.421493336328556,437.322143563546,380,28,2.45042,"Chêne rouvre","Forêts domaniales RF"
1102655,0.367083841946644,263.451481180222,290,37.7999992370605,1.38318,"Hêtre","Forêts domaniales RF"
1100749,0.133506514365028,34.4936784709562,638,28,1.2565,"Bouleau","Forêts domaniales RF"
1113238,0.182749275380288,227.99860331299,804,18.8999996185303,1.48671,"Sapin pectiné","Forêts domaniales RF"
1107886,0.422964839261381,204.91032677917,249,35,2.03718,"Douglas","Forêts privées et autres - En PSG"
1106850,0.126485801381813,177.404307863327,241,42,3.06338,"Chêne rouvre","Forêts domaniales RF"
1113312,0.489440338628822,357.574132826648,336,35,2.23429,"Hêtre","Forêts domaniales RF"
1109316,0.393092591109089,346.633420557382,325,28,2.0529,"Pin sylvestre","Forêts privées et autres - En PSG"
1131321,0.156108334256341,107.112740782569,354,37.7999992370605,3.60952,"Hêtre","Forêts domaniales RF"
1107052,0.129451727491569,51.2661594723173,223,87.0000076293945,1.53236,"Pin sylvestre","Forêts domaniales RF"
1128281,0.208173371157903,153.951416680227,267,20,1.98223,"Chêne rouvre","Forêts domaniales RF"
1126669,0.183473441116921,292.70043672981,236,35,1.27226,"Pin sylvestre","Forêts domaniales RF"
1128655,0.375660275362108,199.209063933799,467,27,0.908748,"Pin sylvestre","Forêts domaniales RF"
1106160,0.268790492113977,170.699559419945,717,36,1.9156,"Épicéa commun","Forêts domaniales RF"
1107655,0.361707400278509,143.841975284217,742,28,1.50137,"Hêtre","Forêts domaniales RF"
1127273,0.242388779142023,309.588241463718,248,42,1.39588,"Hêtre","Autres forêts publiques RF"
1111226,0.241441271054094,283.950635888337,197,28,2.19645,"Douglas","Forêts domaniales RF"
1129506,0.3989037140207,143.558241443945,356,28,3.61272,"Chêne rouvre","Forêts domaniales RF"
1104475,0.210299826718571,45.9220078853026,902,21,1.17369,"Sapin pectiné","Forêts domaniales RF"
1118477,0.303888823336069,275.756496999937,517,39.1500015258789,5.77276,"Grand aulne","Forêts privées et autres - Hors PSG"
1101535,0.263349212957884,282.273442815478,701,78.3000030517578,3.38148,"Hêtre","Autres forêts publiques RF"
1129463,0.355999682880854,212.971809991691,260,25.1999988555908,1.3955,"Pin sylvestre","Autres forêts publiques RF"
1110245,0.105394752900597,6.84728715973687,399,0,3.85039,"Grand érable","Forêts domaniales RF"
1115137,0.260776580070156,280.097001807956,482,26.1000022888184,3.23267,"Hêtre","Autres forêts publiques RF"
1106347,0.280112639989678,56.2500179390069,367,70,3.82513,"Épicéa commun","Forêts privées et autres - Hors PSG"
1128059,0.224317566970848,129.958117632664,547,40.6000022888184,1.4718,"Sapin pectiné","Autres forêts publiques RF"
1122436,0.155707049836637,167.818870611222,653,18.8999996185303,1.67864,"Hêtre","Forêts domaniales RF"
1110647,0.108225002884865,2.8374512454219,742,91.3500061035156,3.09619,"Douglas","Forêts privées et autres - Hors PSG"
1104672,0.114592000842094,3.80734592187998,563,58.5000038146973,3.48573,"Bouleau","Forêts privées et autres - Hors PSG"
1126117,0.553298892122939,532.716806679509,381,56,2.6875,"Hêtre","Forêts privées et autres - En PSG"
1107231,0.480350394361222,140.91773811151,326,35,1.90743,"Chêne rouvre","Autres forêts publiques RF"
1100804,0.26080558160434,301.380239806901,841,63,5.05145,"Sapin pectiné","Autres forêts publiques RF"
1118347,0.278903833578888,504.326108406458,290,54,3.1849,"Chêne rouvre","Forêts domaniales RF"
1104176,0.424744090149383,280.981313679986,321,75,2.56971,"Hêtre","Autres forêts publiques RF"
1116701,0.230784974877837,176.114141990942,378,42,2.92542,"Épicéa commun","Forêts privées et autres - En PSG"
1117883,0.332724772900572,227.235032805191,785,52.2000007629395,4.30273,"Épicéa commun","Autres forêts publiques RF"
1104678,0.389872822724093,325.584981108543,692,63,2.78207,"Hêtre","Autres forêts publiques RF"
1111591,0.278887601527577,347.872528627427,413,28,2.43952,"Chêne rouvre","Autres forêts publiques RF"
1123950,0.230972752306092,392.612641646781,685,39.1500015258789,3.5962,"Épicéa commun","Autres forêts publiques RF"
1123727,0.287382589573904,271.287448102877,515,35.1000022888184,5.09105,"Châtaignier","Autres forêts publiques RF"
1106008,0.359505639134943,310.957116797947,674,16.7999992370605,0.628152,"Pin sylvestre","Forêts domaniales RF"
1116424,0.310591554855447,170.239497787018,340,52.2000007629395,5.70111,"Hêtre","Autres forêts publiques RF"
1126521,0.217025461639534,261.84455369587,490,37.7999992370605,1.43803,"Douglas","Forêts domaniales RF"
1124354,0.226850846584559,229.084413999156,299,25.1999988555908,2.19031,"Pin sylvestre","Autres forêts publiques RF"
1108588,0.411139782878584,339.747209364733,943,150.75,1.40647,"Épicéa commun","Forêts privées et autres - Hors PSG"
1130895,0.159046324557913,265.118158094889,632,46.4000015258789,2.73478,"Hêtre","Autres forêts publiques RF"
1115660,0.367504968422794,113.653098684248,1171,87.0000076293945,1.42377,"Épicéa commun","Forêts domaniales RF"
1111553,0.226550043452244,287.830250132665,1102,39.1500015258789,1.29575,"Épicéa commun","Forêts privées et autres - Hors PSG"
1108784,0.328523591838809,38.0309919068967,809,47.25,2.90462,"Frêne","Forêts privées et autres - Hors PSG"
1123997,0.196871518101265,455.743879107393,1184,30.4500026702881,3.41388,"Hêtre","Autres forêts publiques RF"
1129716,0.272663298147206,319.902911300712,1141,36.75,2.75729,"Hêtre","Autres forêts publiques RF"
1118098,0.358405386869018,351.545347415788,682,58,4.89112,"Hêtre","Autres forêts publiques RF"
1109229,0.141248016233363,228.476178751345,479,26.25,5.32119,"Charme","Forêts privées et autres - Hors PSG"
1124512,0.241800894876897,268.75498684766,601,34.8000030517578,2.07571,"Chêne rouvre","Forêts privées et autres - Hors PSG"
1109289,0.169595365633094,83.8414324475333,818,22.3999996185303,1.25298,"Épicéa commun","Autres forêts publiques RF"
1103441,0.143854012313295,82.5114706475152,930,63,3.31932,"Épicéa commun","Autres forêts publiques RF"
1114074,0.107336981292205,13.4777464796822,798,42,3.96065,"Douglas","Forêts privées et autres - En PSG"
1126675,0.257041970113861,244.194200460737,425,24.5,2.20686,"Sapin pectiné","Autres forêts publiques RF"
1101903,0.396804506911662,423.253081017756,642,32,2.99951,"Sapin pectiné","Autres forêts publiques RF"
1111424,0.222486800502798,312.52949707534,552,47.25,2.47887,"Chêne rouvre","Forêts privées et autres - Hors PSG"
1100211,0.35367442261923,168.644993901485,573,21.7500019073486,1.15889,"Pin sylvestre","Autres forêts publiques RF"
1119165,0.472921709045725,455.121824292349,669,36.75,6.21305,"Sapin pectiné","Forêts domaniales RF"
1111549,0.274410718338036,335.324077446719,816,91.3500061035156,3.68447,"Épicéa commun","Autres forêts publiques RF"
1118421,0.219625472987564,379.104602533551,653,36.75,5.40909,"Sapin pectiné","Autres forêts publiques RF"
1130629,0.22946086856965,372.019044358084,576,56,5.19452,"Épicéa commun","Forêts privées et autres - En PSG"
1107617,0.384643398995174,304.292702588838,618,17.4000015258789,3.8538,"Sapin pectiné","Forêts domaniales RF"
1100555,0.302807748077288,164.483002960361,461,32,3.59133,"Hêtre","Autres forêts publiques RF"
1130378,0.133812776140858,32.0866724347294,1290,46.4000015258789,1.15657,"Hêtre","Forêts privées et autres - Hors PSG"
1105567,0.271285578256432,363.212585240291,604,46.4000015258789,1.93343,"Hêtre","Forêts domaniales RF"
1125527,0.450780088886405,247.799736608794,651,30.4500026702881,3.19773,"Douglas","Autres forêts publiques RF"
1124721,0.255809363503655,289.995957306056,462,130.950012207031,3.1237,"Sapin pectiné","Autres forêts publiques RF"
1102276,0.319831617490656,304.675588142677,598,56,4.38325,"Sapin pectiné","Autres forêts publiques RF"
1105913,0.581884122575139,373.475350826474,1022,78,4.96199,"Grand érable","Autres forêts publiques RF"
1107443,0.224470991933563,301.880728332975,423,30.4500026702881,4.6103,"Chêne rouvre","Forêts privées et autres - Hors PSG"
1124541,0.279175852502426,394.925687835442,376,105,5.98317,"Chêne rouvre","Forêts privées et autres - Hors PSG"
1111303,0.389420720974303,346.488210322089,533,46.4000015258789,2.99871,"Douglas","Autres forêts publiques RF"
1130652,0.124211538223287,27.7679476220197,742,89,1.73507,"Épicéa commun","Autres forêts publiques RF"
1109021,0.264025401780165,89.4967394653297,493,26.25,2.71346,"Sapin pectiné","Forêts privées et autres - Hors PSG"
1106938,0.286936806289054,270.854578725995,604,26.25,6.01593,"Chêne rouvre","Forêts privées et autres - En PSG"
1130074,0.452996646037545,211.716596047899,491,73.5,1.08514,"Chêne rouvre","Autres forêts publiques RF"
1120283,0.230697833301394,403.077540583935,585,78.3000030517578,8.52986,"Frêne","Forêts privées et autres - En PSG"
1111730,0.21699756075139,389.648046859689,713,52.2000007629395,6.94666,"Bouleau","Forêts privées et autres - Hors PSG"
1104216,0.210765975186184,148.893725955089,739,30.4500026702881,1.97856,"Sapin pectiné","Forêts privées et autres - Hors PSG"
1111962,0.442867396761943,399.050573457257,987,20.3000011444092,3.41584,"Sapin pectiné","Forêts domaniales RF"
1125999,0.470227007505401,294.602996338823,356,42,1.44056,"Hêtre","Autres forêts publiques RF"
1126967,0.217275668200821,170.263052587487,485,36,3.54312,"Hêtre","Forêts privées et autres - Hors PSG"
1119576,0.164936421294278,56.8351342691206,425,49,1.51384,"Sapin pectiné","Forêts domaniales RF"
1103128,0.405522547153046,182.49877434566,484,19.6000003814697,1.12263,"Sapin pectiné","Forêts domaniales RF"
1125729,0.161938662044592,155.346221217034,412,37.7999992370605,3.4197,"Sapin pectiné","Forêts domaniales RF"
1102439,0.145066760236705,87.9063182108307,372,58.5,2.65101,"Grand aulne","Forêts privées et autres - Hors PSG"
1117705,0.209367527464108,246.649029142459,553,47.25,5.51091,"Chêne pédonculé","Autres forêts publiques RF"
1117679,0.190516716356503,86.8604973217717,657,47.25,0.978485,"Sapin pectiné","Autres forêts publiques RF"
1107947,0.343963490028914,251.386666459294,458,14.6999988555908,1.3492,"Sapin pectiné","Forêts domaniales RF"
1129922,0.181293312255846,217.435308140417,560,16.7999992370605,1.29764,"Sapin pectiné","Forêts domaniales RF"
1128338,0.154696941122622,96.0397045732266,518,37.7999992370605,1.10146,"Sapin pectiné","Forêts privées et autres - Hors PSG"
1115537,0.253639994210409,413.314726461139,505,46.4000015258789,4.28251,"Sapin pectiné","Forêts privées et autres - Hors PSG"
1121483,0.397385046636047,537.602164040211,651,28,6.9555,"Sapin pectiné","Autres forêts publiques RF"
1129938,0.286044119338804,190.754217996861,618,42,1.72799,"Sapin pectiné","Forêts domaniales RF"
1130208,0.258883189370336,237.858708828639,567,19.6000003814697,0.920878,"Sapin pectiné","Forêts privées et autres - En PSG"
1107224,0.339140903660237,359.179728982955,665,46.4000015258789,1.86768,"Épicéa commun","Forêts privées et autres - Hors PSG"
1119252,0.227431738704187,241.994428934243,594,30.4500026702881,2.11485,"Épicéa commun","Forêts privées et autres - Hors PSG"
1100635,0.215095451922703,191.231448344045,560,26.1000022888184,4.8835,"Épicéa commun","Forêts privées et autres - Hors PSG"
1114070,0.346141080023527,343.136383501696,643,78.3000030517578,2.22581,"Épicéa commun","Forêts privées et autres - Hors PSG"
1106986,0.29672550189329,191.896851108408,529,25.1999988555908,1.13939,"Sapin pectiné","Forêts domaniales RF"
1106428,0.16320128147223,121.254760574147,426,17.4000015258789,6.04825,"Sapin pectiné","Forêts privées et autres - En PSG"
1117593,0.245706897869716,443.588605458797,550,92.5,2.16429,"Épicéa commun","Forêts privées et autres - Hors PSG"
1121748,0.329555043084415,283.270811684403,677,52.2000007629395,2.01817,"Épicéa commun","Forêts domaniales RF"
1119910,0.216448214269799,187.814890370745,731,46.4000015258789,6.10282,"Épicéa commun","Autres forêts publiques RF"
1129259,0.38261190120583,287.597587604486,647,65.25,4.14406,"Grand érable","Forêts privées et autres - Hors PSG"
1126777,0.125014108781628,57.4665873341118,449,81,5.07801,"Grand érable","Forêts privées et autres - Hors PSG"
1128286,0.301311347722891,325.502971314726,467,58,4.48177,"Sapin pectiné","Autres forêts publiques RF"
1120794,0.156734216063136,61.9475531851784,911,63,1.18891,"Sapin pectiné","Autres forêts publiques RF"
1119727,0.155099811250596,77.1460351520101,600,104.400001525879,3.01328,"Épicéa commun","Forêts privées et autres - Hors PSG"
1121253,0.271083697455029,179.575678978303,769,16.7999992370605,1.26768,"Sapin pectiné","Autres forêts publiques RF"
1125070,0.242977950933671,119.896721586617,386,87.5,2.03315,"Épicéa commun","Forêts privées et autres - Hors PSG"
1104047,0.225189700898201,75.1013475731745,736,46.4000015258789,1.20066,"Sapin pectiné","Autres forêts publiques RF"
1107499,0.157097800862549,65.9329920125882,994,157.5,4.48996,"Hêtre","Forêts domaniales RF"
1109378,0.404774888413049,146.050821660341,777,26.25,1.80456,"Épicéa commun","Forêts domaniales RF"
1121381,0.271098396497529,321.022762444353,557,78.3000030517578,5.60748,"Chêne pédonculé","Forêts privées et autres - Hors PSG"
1119583,0.381127433588076,574.803456890692,694,34.8000030517578,2.32564,"Hêtre","Autres forêts publiques RF"
1112119,0.513852497980989,497.175206531391,812,17.4000015258789,4.10824,"Sapin pectiné","Forêts domaniales RF"
1117136,0.21502364902634,339.919422904872,611,53.5999984741211,1.99582,"Hêtre","Forêts privées et autres - Hors PSG"
1123505,0.317119691399672,483.729981285013,887,78.3000030517578,2.22136,"Sapin pectiné","Autres forêts publiques RF"
1103425,0.237196605715808,208.402024925703,508,42,5.74331,"Chêne pédonculé","Forêts privées et autres - Hors PSG"
1123517,0.177798953803419,196.544172348559,910,34.8000030517578,1.91473,"Sapin pectiné","Autres forêts publiques RF"
1102246,0.199556282953429,154.377942053266,670,46.4000015258789,2.99643,"Grand érable","Forêts privées et autres - Hors PSG"
1113664,0.238741468515385,65.8743857239199,1000,36.75,2.01685,"Sapin pectiné","Forêts domaniales RF"
1111156,0.315393575925729,326.612868006252,1057,56,1.87437,"Épicéa commun","Autres forêts publiques RF"
1130434,0.305318790114861,379.239695126078,839,48,1.43947,"Sapin pectiné","Forêts privées et autres - Hors PSG"
1104520,0.401940298580072,109.960984793695,780,13.0500011444092,2.64389,"Sapin pectiné","Autres forêts publiques RF"
1101732,0.326702044333801,250.068726647266,976,46.4000015258789,3.20427,"Sapin pectiné","Forêts domaniales RF"
1126700,0.163778491436416,70.9244848360088,645,36.75,2.48737,"Épicéa commun","Autres forêts publiques RF"
1124770,0.354214414249758,194.250679918034,855,81.2000045776367,2.21021,"Épicéa commun","Forêts domaniales RF"
1116861,0.320581646133884,106.92328121262,787,31.5,6.44493,"Hêtre","Autres forêts publiques RF"
1125271,0.228520523227641,477.991819700857,709,46.4000015258789,3.42308,"Hêtre","Forêts privées et autres - Hors PSG"
1100910,0.624049925632649,227.098891088242,803,73.5999984741211,2.25163,"Douglas","Forêts privées et autres - En PSG"
1218956,0.447598510827745,272.351692523611,347,157.5,3.42626,"Hêtre","Forêts domaniales RF"
1214606,0.168749348258897,237.336992461967,290,157.5,3.40863,"Tremble","Forêts privées et autres - Hors PSG"
1219789,0.406588726978339,280.286187726415,366,62.9999961853027,1.80917,"Sapin pectiné","Forêts domaniales RF"
1209076,0.198072042161576,254.500631323394,402,44.1000022888184,1.35599,"Sapin pectiné","Forêts domaniales RF"
1219544,0.151043090629663,61.8336826858694,543,29.3999977111816,1.87333,"Hêtre","Forêts domaniales RF"
1208249,0.340290147739169,283.786345060045,581,33.5999984741211,1.61067,"Douglas","Forêts privées et autres - En PSG"
1216285,0.183537711368513,163.581544863338,332,56.6999969482422,4.40713,"Chêne rouge d'Amérique","Forêts domaniales RF"
1221397,0.24810900871112,285.987587549614,324,64,2.20312,"Sapin pectiné","Autres forêts publiques RF"
1228486,0.564966287316497,392.901302878271,383,44.1000022888184,1.52617,"Chêne rouvre","Forêts domaniales RF"
1225505,0.288461688853665,194.106341364562,469,22.3999996185303,3.48878,"Hêtre","Forêts domaniales RF"
1229644,0.680227994918823,84.6252362935097,305,14.6999988555908,1.71479,"Hêtre","Forêts domaniales RF"
1208496,0.138136122127344,147.960588568901,387,25.1999988555908,1.55766,"Pin sylvestre","Forêts domaniales RF"
1202532,0.325872091534952,220.965783477899,456,42,1.31651,"Sapin pectiné","Forêts domaniales RF"
1218954,0.35873291829875,325.318994894844,680,28,1.24406,"Sapin pectiné","Forêts domaniales RF"
1215414,0.181031698037967,198.02818277953,293,56.6999969482422,0.511865,"Chêne rouvre","Forêts domaniales RF"
1230056,0.365961162111312,402.843660245969,760,29.4000015258789,1.28993,"Sapin pectiné","Forêts domaniales RF"
1230702,0.294781537540867,263.818602449856,297,22.3999996185303,2.45439,"Chêne rouvre","Forêts domaniales RF"
1213447,0.416597672906972,220.290266314871,264,50.3999977111816,1.1401,"Chêne rouvre","Forêts domaniales RF"
1200438,0.248646387286567,235.960770301954,274,22.3999996185303,1.26664,"Pin sylvestre","Forêts domaniales RF"
1200389,0.346172929161318,198.730208989307,254,62.9999961853027,1.38518,"Hêtre","Forêts domaniales RF"
1230955,0.231814286655473,292.7603713147,318,68.4000015258789,2.28106,"Hêtre","Forêts domaniales RF"
1219282,0.17904162165734,405.32597112146,312,56,1.70766,"Hêtre","Forêts domaniales RF"
1207022,0.0976943375453208,74.8041973440855,645,73.5,4.45287,"Hêtre","Forêts domaniales RF"
1228145,0.202721568932597,171.484742937899,344,56.6999969482422,2.43663,"Hêtre","Autres forêts publiques RF"
1231349,0.149740500264377,269.203121277159,459,70.5,2.47002,"Hêtre","Forêts domaniales RF"
1206469,0.471494181919951,197.219908023874,719,52.5,2.5696,"Épicéa commun","Forêts domaniales RF"
1206704,0.311377471483001,121.386374054782,185,169.5,6.26167,"Grand aulne","Forêts privées et autres - Hors PSG"
1229021,0.106889770135428,44.6895324940011,599,10.5,0.861167,"Sapin pectiné","Forêts domaniales RF"
1218815,0.400827174014704,218.17406740187,957,44.1000022888184,1.82039,"Épicéa commun","Forêts domaniales RF"
1223528,0.454095149105419,373.984667897873,783,44.0999984741211,1.92409,"Épicéa commun","Autres forêts publiques RF"
1204777,0.342503714816969,357.660123809762,561,52.5,1.16001,"Épicéa commun","Autres forêts publiques RF"
1207725,0.201477672969921,235.296340583431,427,101.199996948242,4.98321,"Douglas","Forêts domaniales RF"
1227235,0.132997065806166,31.9124442756983,503,111.5,2.81983,"Hêtre","Forêts privées et autres - Hors PSG"
1230582,0.253965670718445,257.85040726353,540,92.8000030517578,5.98308,"Grand érable","Autres forêts publiques RF"
1224854,0.123108151259985,65.028893561036,345,62.9999961853027,1.2409,"Chêne rouvre","Autres forêts publiques RF"
1205964,0.259495308485713,173.854767425478,572,8,1.98871,"Épicéa commun","Forêts domaniales RF"
1209366,0.131765329638288,123.354858513492,397,21.75,2.23865,"Chêne rouvre","Autres forêts publiques RF"
1204456,0.172559305631707,246.265862007187,809,62.9999961853027,2.01529,"Épicéa commun","Forêts privées et autres - En PSG"
1228177,0.327330772778402,337.234175538418,437,56,1.90339,"Hêtre","Forêts domaniales RF"
1217034,0.27269081593679,598.291091602085,267,105,7.4586,"Robinier faux-acacia","Forêts privées et autres - Hors PSG"
1210228,0.482667552326299,566.682374572902,443,117.900001525879,3.20809,"Hêtre","Forêts domaniales RF"
1224483,0.340312021049732,412.523608000289,284,49,4.14617,"Épicéa commun","Forêts privées et autres - En PSG"
1212777,0.350518787559543,335.360796354184,830,26.25,2.55697,"Sapin pectiné","Autres forêts publiques RF"
1212178,0.458680610912308,344.431150495617,767,67.5,2.20312,"Sapin pectiné","Forêts privées et autres - En PSG"
1213876,0.133783379512642,115.443743758969,439,29.3999977111816,2.21957,"Pin sylvestre","Autres forêts publiques RF"
1211047,0.161342133284695,216.680638155982,933,50.7500038146973,3.09264,"Hêtre","Autres forêts publiques RF"
1229086,0.318288603956887,158.07974014674,333,33.5999984741211,1.4238,"Pin sylvestre","Forêts domaniales RF"
1228729,0.603111483083799,565.197853150805,632,15.75,4.59947,"Sapin pectiné","Autres forêts publiques RF"
1209852,0.416993250971183,477.010542846683,591,24,4.53837,"Sapin pectiné","Autres forêts publiques RF"
1221547,0.213193226605503,352.064914799031,332,61.25,5.17461,"Châtaignier","Forêts privées et autres - Hors PSG"
1201912,0.347528821219971,304.550505984895,749,25.1999988555908,2.00575,"Épicéa commun","Autres forêts publiques RF"
1220185,0.147789578277826,208.691173149947,614,25.1999988555908,1.73656,"Pin sylvestre","Forêts domaniales RF"
1220096,0.271856582210768,237.92113656075,392,81,1.0221,"Pin sylvestre","Autres forêts publiques RF"
1229182,0.216334792733139,31.5997094068134,362,42,2.96275,"Chêne rouvre","Forêts privées et autres - En PSG"
1207342,0.303910347004713,278.318924704725,501,58,1.75732,"Chêne rouvre","Forêts domaniales RF"
1208911,0.245613996807236,254.017235170421,225,69.6000061035156,5.6956,"Grand aulne","Forêts privées et autres - Hors PSG"
1210544,0.396350794849144,230.443036964687,386,44.1000022888184,2.27326,"Hêtre","Autres forêts publiques RF"
1229944,0.461230993270874,17.5016806856847,931,72.5,3.3799,"Hêtre","Forêts privées et autres - En PSG"
1227473,0.303961655393176,519.279766289165,693,36.25,2.74813,"Douglas","Autres forêts publiques RF"
1219974,0.364614374869426,533.009431867151,524,26.1000022888184,7.15524,"Chêne rouvre","Forêts privées et autres - Hors PSG"
1222022,0.194626199868126,238.579411187459,1171,70,2.85024,"Hêtre","Forêts domaniales RF"
1222985,0.214243122893374,254.836269545336,944,46.4000015258789,2.24237,"Sapin pectiné","Autres forêts publiques RF"
1202216,0.296261092471269,507.884879659174,572,26.1000003814697,3.82002,"Sapin pectiné","Autres forêts publiques RF"
1215873,0.315665672578772,184.922470933961,834,7,5.28775,"Sapin pectiné","Autres forêts publiques RF"
1215497,0.241024378377375,132.384674407855,569,39.1500015258789,2.92006,"Épicéa commun","Forêts privées et autres - Hors PSG"
1208103,0.276793871626212,394.852096676648,444,34.8000030517578,2.35967,"Pin sylvestre","Autres forêts publiques RF"
1213546,0.207128206480917,90.3398585534183,717,25.1999988555908,1.30641,"Épicéa commun","Autres forêts publiques RF"
1225890,0.223577573633762,298.672435700619,939,39.1500015258789,3.07155,"Épicéa commun","Autres forêts publiques RF"
1210902,0.219939332985649,187.963994181928,515,93,6.18265,"Sapin pectiné","Forêts privées et autres - Hors PSG"
1218792,0.281688637463183,156.847870285705,920,14.6999988555908,0.942035,"Pin sylvestre","Autres forêts publiques RF"
1201346,0.185207109911569,204.235097013026,621,39.1500015258789,3.79355,"Sapin pectiné","Autres forêts publiques RF"
1207017,0.268404169114388,144.359542414042,667,30.4500026702881,1.2239,"Sapin pectiné","Autres forêts publiques RF"
1205795,0.319499002313903,273.572171684321,895,52.2000007629395,5.96393,"Sapin pectiné","Autres forêts publiques RF"
1216418,0.173671539927985,224.345440649567,874,52.2000007629395,2.15281,"Mélèze d'Europe","Autres forêts publiques RF"
1229192,0.277887241500449,262.283751784027,322,122.5,5.43819,"Charme","Autres forêts publiques RF"
1226524,0.383778452927245,236.068663925733,997,65.4500045776367,3.87081,"Sapin pectiné","Autres forêts publiques RF"
1223478,0.115910513536307,126.210056315174,540,40.6000022888184,2.8609,"Châtaignier","Autres forêts publiques RF"
1228769,0.417736492297796,138.127518018087,481,39.1500015258789,6.97205,"Épicéa commun","Autres forêts publiques RF"
1225671,0.181333556650612,260.428376923034,634,26.1000003814697,2.69582,"Sapin pectiné","Autres forêts publiques RF"
1208212,0.237063413705758,326.875842036346,981,85.75,2.81141,"Épicéa commun","Autres forêts publiques RF"
1202155,0.132339675512941,102.687869550061,502,46.8000030517578,8.43854,"Hêtre","Autres forêts publiques RF"
1229504,0.306849277075489,157.155575745227,306,46.4000015258789,6.03839,"Robinier faux-acacia","Forêts privées et autres - Hors PSG"
1215681,0.317083021855377,441.506454676989,899,52.2000045776367,6.77671,"Grand érable","Forêts domaniales RF"
1225220,0.174549095251705,158.25968532543,783,112,2.14189,"Épicéa commun","Forêts privées et autres - Hors PSG"
1202562,0.337765885668213,205.689157376591,580,104.400001525879,2.32064,"Épicéa commun","Forêts privées et autres - Hors PSG"
1214935,0.154350978520107,72.5565884900477,407,52.5,4.52257,"Chêne rouvre","Forêts privées et autres - Hors PSG"
1220821,0.256066997233248,308.026776812552,674,29,2.00452,"Épicéa commun","Forêts privées et autres - Hors PSG"
1223694,0.198333277533653,270.047357006093,533,7.25,3.79493,"Chêne rouvre","Forêts privées et autres - Hors PSG"
1228052,0.294211160561727,325.532622498029,679,34.8000030517578,6.24385,"Sapin pectiné","Autres forêts publiques RF"
1202577,0.332692267475772,406.516099926175,930,70,2.42393,"Sapin pectiné","Autres forêts publiques RF"
1207282,0.330070933485645,272.951872761458,556,126,1.54403,"Hêtre","Autres forêts publiques RF"
1204463,0.337857074622622,382.474879760801,526,116.800003051758,1.27004,"Épicéa commun","Autres forêts publiques RF"
1214862,0.246053628307306,292.235679268239,427,54.6000022888184,2.91589,"Hêtre","Forêts domaniales RF"
1211439,0.268526984659105,300.27874128175,395,37.7999992370605,1.68973,"Sapin pectiné","Forêts domaniales RF"
1221733,0.288002229801191,459.491586261191,480,58,6.21547,"Épicéa commun","Forêts privées et autres - Hors PSG"
1227832,0.242977900209933,243.314682984228,456,24,1.26032,"Pin sylvestre","Autres forêts publiques RF"
1211994,0.318162775619992,378.854125816209,411,10.5,1.92228,"Pin sylvestre","Forêts privées et autres - Hors PSG"
1204457,0.296230139817806,351.148831981874,664,90.8000030517578,2.53191,"Hêtre","Autres forêts publiques RF"
1216272,0.309524129274797,245.313539122046,706,71.0500030517578,1.45429,"Sapin pectiné","Forêts domaniales RF"
1228391,0.208367699178564,188.699214952292,403,79.1999969482422,2.32866,"Sapin pectiné","Autres forêts publiques RF"
1218062,0.218642357884692,180.380841270276,483,56.6999969482422,1.92766,"Sapin pectiné","Forêts domaniales RF"
1231007,0.279980484399346,167.017696092858,584,44.1000022888184,1.70809,"Sapin pectiné","Autres forêts publiques RF"
1212191,0.247403216372049,101.268344792797,785,40,1.67386,"Épicéa commun","Forêts privées et autres - Hors PSG"
1203453,0.487870565590355,263.916114930218,677,116.800003051758,1.86032,"Sapin pectiné","Autres forêts publiques RF"
1206670,0.224778658861371,191.773265710394,600,49,2.22974,"Sapin pectiné","Autres forêts publiques RF"
1216805,0.180401198053058,111.69297595681,411,42,1.70419,"Sapin pectiné","Forêts domaniales RF"
1213941,0.160391801452968,223.643930865546,374,52.2000007629395,5.7413,"Saule","Forêts privées et autres - Hors PSG"
1209141,0.0921522882666679,7.20965630795171,755,29,1.2006,"Épicéa commun","Autres forêts publiques RF"
1215313,0.236248309511732,206.011039248954,766,89.2000045776367,1.9445,"Sapin pectiné","Forêts privées et autres - Hors PSG"
1208733,0.274732334763552,244.028079287552,426,24.5,2.5644,"Épicéa commun","Forêts privées et autres - Hors PSG"
1225433,0.13573463334083,99.0258413944824,654,45.5999984741211,1.03457,"Sapin pectiné","Forêts domaniales RF"
1215389,0.189691461495611,277.953020979426,430,98,6.49943,"Bouleau","Forêts privées et autres - Hors PSG"
1206552,0.195508775289952,237.16539857493,394,58,5.75907,"Charme","Forêts privées et autres - Hors PSG"
1207302,0.299733838673958,253.242989926454,478,50.3999977111816,1.20108,"Pin sylvestre","Forêts privées et autres - Hors PSG"
1208849,0.317646195582304,294.86355688939,577,42,1.61857,"Sapin pectiné","Forêts domaniales RF"
1211942,0.254789000173128,368.077648841498,629,113.400001525879,2.01519,"Hêtre","Forêts privées et autres - Hors PSG"
1222733,0.218934766515902,297.747595070324,549,9,3.71224,"Hêtre","Forêts privées et autres - Hors PSG"
1221078,0.334906292477957,371.850342058434,770,29,1.50573,"Sapin pectiné","Autres forêts publiques RF"
1212232,0.379539460943343,700.918035024609,733,117.450004577637,4.0593,"Épicéa commun","Forêts privées et autres - Hors PSG"
1211330,0.280520964703898,292.674324846179,628,81.2000045776367,5.01633,"Grand érable","Autres forêts publiques RF"
1214517,0.276597106272749,482.034296082672,426,81,3.64842,"Épicéa commun","Forêts domaniales RF"
1224948,0.458356267466988,451.089959741846,469,91.3499984741211,6.40076,"Hêtre","Forêts privées et autres - Hors PSG"
1202098,0.234202464043424,214.249345470983,454,104.400001525879,1.45624,"Sapin pectiné","Forêts domaniales RF"
1227250,0.117570653549448,29.2804868442768,683,48,2.30731,"Épicéa commun","Forêts privées et autres - Hors PSG"
1212832,0.460734049128034,84.7611737264246,771,84.6000061035156,3.06831,"Hêtre","Autres forêts publiques RF"
1217956,0.151118547300882,88.1760921918574,820,33.6000022888184,1.34038,"Épicéa commun","Forêts domaniales RF"
1222197,0.191535317860845,282.559383124022,539,50.75,3.76607,"Sapin pectiné","Forêts privées et autres - Hors PSG"
1208850,0.119062208832857,42.9053571228756,672,70,2.35554,"Épicéa commun","Autres forêts publiques RF"
1223176,0.57245571436503,414.813857893205,712,6.29999971389771,2.40612,"Sapin pectiné","Forêts domaniales RF"
1204560,0.107032539475273,28.0837789912932,461,61.6000022888184,4.66623,"Bouleau","Forêts privées et autres - Hors PSG"
1214348,0.40904821229588,386.883524713701,877,82.8000030517578,2.43845,"Sapin pectiné","Forêts domaniales RF"
1202985,0.372332706866469,443.371925872998,769,58,2.3785,"Sapin pectiné","Autres forêts publiques RF"
1210451,0.136648272146544,120.275772482168,759,40.2500038146973,4.32664,"Grand aulne","Forêts privées et autres - Hors PSG"
1210636,0.190839110016725,242.071920285179,913,19.6000003814697,1.16594,"Sapin pectiné","Forêts domaniales RF"
1229683,0.367556008529688,245.647264599827,790,70,1.46596,"Sapin pectiné","Autres forêts publiques RF"
1220588,0.286180331987056,283.729942214742,369,138.000015258789,5.86532,"Épicéa commun","Forêts privées et autres - Hors PSG"
1217321,0.179509061931951,185.386660592972,620,69.6000061035156,2.25341,"Bouleau","Forêts privées et autres - Hors PSG"
1200890,0.323206884149322,291.428466158887,1077,108.800003051758,1.87471,"Épicéa commun","Forêts domaniales RF"
1208894,0.161612391981204,110.210120384126,528,71.0500030517578,3.42456,"Sapin pectiné","Forêts privées et autres - Hors PSG"
1219067,0.104314757535754,47.0581316771186,473,81.2000045776367,6.57395,"Chêne pédonculé","Forêts privées et autres - Hors PSG"
1200597,0.403480120302931,257.684379784133,940,79.4500045776367,2.16831,"Épicéa commun","Forêts domaniales RF"
1207279,0.23445899811593,180.145306154779,1127,26.1000022888184,1.26102,"Hêtre","Autres forêts publiques RF"
1230682,0.277211370728364,316.135430129053,768,98,2.26758,"Sapin pectiné","Forêts domaniales RF"
1200425,0.369966694954072,181.726351009116,999,90,1.93601,"Épicéa commun","Autres forêts publiques RF"
1210386,0.291314261523483,284.406368767982,625,81.2000045776367,2.9417,"Sapin pectiné","Autres forêts publiques RF"
1221604,0.447718248046609,477.101368196212,878,73.5,2.21379,"Sapin pectiné","Autres forêts publiques RF"
1208104,0.23022376974387,217.841643575756,786,122.850006103516,2.10536,"Sapin pectiné","Autres forêts publiques RF"
1213815,0.216779600565959,137.627924903497,1088,81.2000045776367,2.34403,"Sapin pectiné","Forêts domaniales RF"
1221269,0.385645107855381,220.551001436563,1114,56,2.68319,"Hêtre","Forêts domaniales RF"
1203522,0.419840195756357,326.138310944402,562,111.600006103516,5.9922,"Hêtre","Autres forêts publiques RF"
1210631,0.332572474434059,64.3495409109962,600,91.3499984741211,4.52537,"Hêtre","Forêts privées et autres - Hors PSG"
1341294,0.234156211693624,363.531671675401,341,35,3.62146,"Sapin pectiné","Forêts privées et autres - Hors PSG"
1307133,0.280788766006442,184.78466190849,381,60,2.15443,"Hêtre","Autres forêts publiques RF"
1330975,0.483652699400858,108.752614249851,353,34.2999992370605,0.830397,"Sapin pectiné","Autres forêts publiques RF"
1318306,0.167341790852673,271.654428640947,336,62.9999961853027,1.42352,"Épicéa commun","Forêts privées et autres - Hors PSG"
1337217,0.164566997868859,167.862853350511,415,37.7999992370605,1.42874,"Sapin pectiné","Forêts domaniales RF"
1348449,0.158517723569676,218.766047598959,407,90,1.97938,"Hêtre","Autres forêts publiques RF"
1313311,0.201236688040757,300.027882402589,417,104,1.5863,"Sapin pectiné","Forêts domaniales RF"
1349934,0.11630772222797,102.125375958052,384,117.450004577637,1.7885,"Hêtre","Autres forêts publiques RF"
1346167,0.309415459870561,244.851894280502,496,49,1.1527,"Sapin pectiné","Forêts privées et autres - En PSG"
1302966,0.371625333018727,327.439391714228,501,37.7999992370605,1.04329,"Sapin pectiné","Forêts domaniales RF"
1317210,0.248673512283378,86.6208970188261,344,50.3999977111816,5.26161,"Hêtre","Forêts domaniales RF"
1343583,0.396352978819593,441.297630270308,326,49,2.47868,"Épicéa commun","Forêts privées et autres - En PSG"
1335906,0.397800843383446,192.637276429855,321,37.7999992370605,3.45172,"Épicéa commun","Forêts privées et autres - Hors PSG"
1325900,0.156277134814201,36.4924399843896,561,33.5999984741211,1.43892,"Pin sylvestre","Forêts domaniales RF"
1344900,0.332866214423948,410.792028128876,355,19.6000003814697,2.57675,"Hêtre","Autres forêts publiques RF"
1329778,0.246569394826224,255.115248796223,345,62.9999961853027,2.2707,"Chêne rouvre","Forêts domaniales RF"
1325740,0.241978789353779,394.761534417906,370,28,2.68008,"Hêtre","Forêts domaniales RF"
1327760,0.426212003515657,91.0290271312173,282,56.6999969482422,4.67965,"Charme","Forêts domaniales RF"
1336335,0.300142588207325,191.098438387297,289,130.5,4.19928,"Épicéa commun","Forêts privées et autres - Hors PSG"
1332782,0.219355995191343,240.684271029249,470,37.7999992370605,2.47104,"Sapin pectiné","Autres forêts publiques RF"
1313199,0.170774587200198,111.230998012092,496,56.6999969482422,1.03215,"Épicéa commun","Forêts privées et autres - En PSG"
1337670,0.644421728374502,413.651291700778,322,31.5,2.53762,"Hêtre","Forêts domaniales RF"
1315073,0.206125997845281,352.630209276217,414,62.9999961853027,1.44341,"Sapin pectiné","Forêts domaniales RF"
1354468,0.19626835339835,240.258453681876,765,25.1999988555908,1.31389,"Épicéa commun","Forêts domaniales RF"
1315741,0.320039778668088,243.359308934256,340,50.3999977111816,1.46614,"Chêne rouvre","Forêts domaniales RF"
1327350,0.422733407294039,232.074674459387,258,50.3999977111816,0.717938,"Chêne rouvre","Forêts domaniales RF"
1308077,0.277424870157542,238.544733757363,687,37.7999992370605,1.18581,"Sapin pectiné","Forêts domaniales RF"
1319544,0.203294390481974,198.51405768772,842,33.5999984741211,1.94916,"Sapin pectiné","Forêts domaniales RF"
1311166,0.297605895234072,116.187362246944,440,42,1.9382,"Mélèze d'Europe","Forêts domaniales RF"
1347604,0.467190686467073,188.492887990445,249,31.5,2.20651,"Pin sylvestre","Forêts privées et autres - En PSG"
1348204,0.139197877649075,161.42181079906,351,33.5999984741211,2.23281,"Pin sylvestre","Forêts domaniales RF"
1348665,0.216780898555961,237.802226844667,277,62.9999961853027,2.45808,"Épicéa commun","Forêts domaniales RF"
1305251,0.124337640038332,20.4587841120369,293,117.450004577637,5.47327,"Bouleau","Forêts privées et autres - Hors PSG"
1328241,0.104016278802509,26.9183027918884,607,92.8000030517578,2.18112,"Hêtre","Forêts domaniales RF"
1350909,0.16880462548387,63.9306622175331,295,62.9999961853027,1.70203,"Hêtre","Forêts domaniales RF"
1344407,0.314627582231231,186.012938890019,242,90,2.18563,"Hêtre","Forêts domaniales RF"
1335115,0.353663755596946,38.7459805785536,235,56.6999969482422,2.12358,"Pin sylvestre","Forêts domaniales RF"
1346712,0.283484668808199,154.969117665363,656,94.8000030517578,2.17547,"Sapin pectiné","Autres forêts publiques RF"
1321527,0.376943325670509,243.772481369628,298,90,0.767244,"Pin sylvestre","Forêts domaniales RF"
1310234,0.311406519171976,138.483882268866,236,20,1.529,"Pin sylvestre","Forêts domaniales RF"
1351822,0.297529543012005,379.079956515526,286,56.6999969482422,4.60599,"Châtaignier","Forêts privées et autres - Hors PSG"
1342786,0.271403389095943,292.72763075195,199,9.80000019073486,2.53885,"Châtaignier","Forêts privées et autres - Hors PSG"
1333886,0.209180377093142,284.475333351757,474,19.6000003814697,1.5503,"Pin sylvestre","Forêts domaniales RF"
1350260,0.27637152401552,333.472823604098,579,15.75,2.84685,"Sapin pectiné","Autres forêts publiques RF"
1312695,0.290935802531743,236.471867359508,493,70.3999938964844,2.82615,"Épicéa commun","Forêts privées et autres - Hors PSG"
1336297,0.261076768744019,190.853856483536,729,12.5999994277954,1.24573,"Pin sylvestre","Forêts domaniales RF"
1320826,0.307134155645771,413.30136382504,376,70,3.72424,"Hêtre","Forêts privées et autres - En PSG"
1312210,0.230052941412482,205.020142537486,607,62.9999961853027,2.52686,"Hêtre","Autres forêts publiques RF"
1305351,0.250010108113375,138.283761071008,582,104.400001525879,1.43552,"Épicéa commun","Autres forêts publiques RF"
1320151,0.365505352596732,399.65216930712,548,128,4.76457,"Sapin pectiné","Autres forêts publiques RF"
1324663,0.16667307157254,296.691400112719,246,56.6999969482422,2.72821,"Hêtre","Forêts domaniales RF"
1305520,0.272332330494431,230.11627423696,523,117.450004577637,2.60217,"Hêtre","Autres forêts publiques RF"
1336899,0.196958570778564,158.714252082587,498,49,4.1092,"Douglas","Forêts privées et autres - En PSG"
1303538,0.161119957035327,170.546731055131,917,46.4000015258789,2.9172,"Hêtre","Autres forêts publiques RF"
1308470,0.206667985674217,125.569354886006,741,49,4.30254,"Sapin pectiné","Autres forêts publiques RF"
1321987,0.167728672061435,262.334052270929,571,68,2.22286,"Épicéa commun","Autres forêts publiques RF"
1343525,0.410237170729243,332.240998884414,262,90,1.92263,"Épicéa commun","Forêts privées et autres - En PSG"
1350248,0.400396645565417,385.88540700381,588,87.0000076293945,7.17847,"Grand érable","Forêts privées et autres - Hors PSG"
1303361,0.197699798369656,154.103385692305,984,81.2000045776367,1.78996,"Épicéa commun","Forêts privées et autres - En PSG"
1322368,0.287672295774934,381.415136079459,693,49,2.88512,"Hêtre","Autres forêts publiques RF"
1314258,0.55613850996868,405.209755669842,355,63,2.91176,"Hêtre","Forêts privées et autres - En PSG"
1338234,0.299147740026615,312.311945677107,534,44.7999992370605,1.76556,"Hêtre","Forêts privées et autres - En PSG"
1324340,0.155046713436909,90.3906781043774,892,95.5500030517578,1.94257,"Douglas","Autres forêts publiques RF"
1336091,0.323186870482468,264.095466690222,864,40.6000022888184,3.15817,"Sapin pectiné","Forêts domaniales RF"
1314756,0.178662682453834,149.864926519376,394,57.1500015258789,3.82132,"Douglas","Autres forêts publiques RF"
1303003,0.386934339485684,131.98296707655,288,104.400001525879,1.75832,"Hêtre","Forêts privées et autres - En PSG"
1325498,0.211318518069116,321.859114369374,563,52.2000045776367,6.5,"Douglas","Autres forêts publiques RF"
1347868,0.185897826150842,294.868458934917,798,24,2.25293,"Sapin pectiné","Forêts domaniales RF"
1321552,0.490534197642203,130.971743616567,329,93.6000061035156,1.642,"Hêtre","Autres forêts publiques RF"
1350656,0.121617317124345,93.7149727516588,279,36,6.7864,"Robinier faux-acacia","Forêts privées et autres - Hors PSG"
1314570,0.239031361107818,101.056555864915,377,33.5999984741211,1.30964,"Chêne rouvre","Forêts privées et autres - Hors PSG"
1340170,0.553556253092668,109.088898106304,415,71.0500030517578,4.22749,"Hêtre","Autres forêts publiques RF"
1329705,0.404116623658643,267.935657448567,367,58,3.82463,"Chêne rouvre","Autres forêts publiques RF"
1327584,0.232013334483816,427.016594412513,291,49,2.71067,"Pin sylvestre","Autres forêts publiques RF"
1314922,0.391819131985947,311.480041277862,858,90,4.7299,"Épicéa commun","Autres forêts publiques RF"
1333889,0.210911180883431,349.408602424864,1003,28,2.31433,"Hêtre","Autres forêts publiques RF"
1334725,0.295447786031481,195.37271156721,806,40.6000022888184,3.28105,"Hêtre","Autres forêts publiques RF"
1345187,0.179105849692166,107.616803455491,900,42,2.97288,"Sapin pectiné","Autres forêts publiques RF"
1333878,0.122398409155808,42.0231404141394,522,26.1000022888184,2.71007,"Sapin pectiné","Forêts privées et autres - Hors PSG"
1340763,0.236939438874193,218.542416923614,601,42,2.25628,"Sapin pectiné","Autres forêts publiques RF"
1323721,0.426389978107468,529.371786096084,987,69.6000061035156,2.54634,"Hêtre","Autres forêts publiques RF"
1309306,0.137726543375358,171.151750296105,844,59.3999977111816,2.36532,"Hêtre","Autres forêts publiques RF"
1306829,0.452986205633515,538.915292438489,808,98,3.58726,"Hêtre","Forêts privées et autres - En PSG"
1316099,0.329760500992398,323.590807945749,770,56,5.57987,"Sapin pectiné","Autres forêts publiques RF"
1324582,0.316022700348245,50.2345318159228,737,55.5,2.00161,"Pin sylvestre","Forêts privées et autres - Hors PSG"
1335837,0.281810416394707,390.451665191688,946,61.25,4.72035,"Sapin pectiné","Autres forêts publiques RF"
1306297,0.275558382702423,421.046555373491,924,40.6000022888184,2.26091,"Hêtre","Autres forêts publiques RF"
1345384,0.18369711482154,87.219613587388,704,70,2.23784,"Hêtre","Autres forêts publiques RF"
1305258,0.309758390212178,208.426862841688,719,24.5,1.95411,"Épicéa commun","Autres forêts publiques RF"
1331218,0.430821037004985,129.05159232966,999,61.25,3.77227,"Mélèze d'Europe","Forêts privées et autres - Hors PSG"
1329440,0.298729210932456,226.883486490839,482,91.3499984741211,2.96293,"Sapin pectiné","Forêts domaniales RF"
1336076,0.241273443020221,327.631904224499,502,85.6000061035156,3.40021,"Châtaignier","Forêts privées et autres - Hors PSG"
1331520,0.461010218935379,222.365684265612,486,35.5999984741211,2.35255,"Chêne rouvre","Autres forêts publiques RF"
1330904,0.504102901834398,320.518034168158,857,58,4.18729,"Hêtre","Autres forêts publiques RF"
1332017,0.197534270323416,119.356788195925,539,36.75,1.5851,"Chêne rouvre","Forêts domaniales RF"
1308879,0.223598861820748,292.952549291942,925,72,6.03081,"Épicéa commun","Forêts privées et autres - Hors PSG"
1331565,0.288043216598261,153.818746794365,391,43.75,7.63328,"Robinier faux-acacia","Forêts privées et autres - Hors PSG"
1343426,0.434114311044987,438.006691278672,532,70,3.08175,"Hêtre","Autres forêts publiques RF"
1348235,0.17702801594167,166.742073481251,300,56,3.13741,"Châtaignier","Autres forêts publiques RF"
1308924,0.603989144022957,299.836099131775,714,42,6.73053,"Sapin pectiné","Autres forêts publiques RF"
1333546,0.37555505493637,326.028024394011,817,52.5,4.77634,"Sapin pectiné","Autres forêts publiques RF"
1308338,0.42969172594911,414.634036484052,803,49,5.001,"Sapin pectiné","Autres forêts publiques RF"
1315855,0.19911637139131,236.28107859265,421,49,5.14542,"Chêne rouvre","Autres forêts publiques RF"
1321020,0.326346451534817,87.6840933181344,673,167.5,1.55393,"Sapin pectiné","Autres forêts publiques RF"
1327612,0.503485234220086,385.381922054482,749,41.25,1.6754,"Douglas","Autres forêts publiques RF"
1335834,0.17482095313489,144.168372173333,488,157.5,2.68008,"Épicéa commun","Forêts privées et autres - Hors PSG"
1311818,0.344631638308838,100.989445056604,802,28,1.45528,"Sapin pectiné","Forêts privées et autres - Hors PSG"
1326445,0.290327040564537,302.994839464709,422,0,2.66842,"Chêne rouvre","Autres forêts publiques RF"
1338647,0.229734262582189,378.372342326953,607,45.1499977111816,6.96975,"Épicéa commun","Forêts privées et autres - Hors PSG"
1345231,0.185123329350413,326.969183868599,477,31.5,4.21057,"Charme","Forêts privées et autres - Hors PSG"
1318606,0.147032434981875,34.5496467187765,407,84.5,3.13736,"Frêne","Forêts privées et autres - En PSG"
1342122,0.287473799901276,213.099560129518,590,55.5,4.27487,"Grand érable","Forêts privées et autres - Hors PSG"
1326490,0.270992391404886,494.5001545349,585,59.1499977111816,1.64899,"Sapin pectiné","Autres forêts publiques RF"
1337262,0.305876516232258,214.444758345592,766,73.5,4.1521,"Hêtre","Forêts privées et autres - En PSG"
1310477,0.31187938862353,470.777290853829,776,42,4.32655,"Hêtre","Forêts domaniales RF"
1345378,0.146601278093514,85.7327023758737,674,43.75,6.34207,"Chêne rouvre","Forêts privées et autres - Hors PSG"
1338358,0.372080726640461,137.531609578597,553,160.5,1.74408,"Bouleau","Forêts privées et autres - Hors PSG"
1333038,0.314046119978069,288.967924878452,527,104.400001525879,2.69836,"Douglas","Autres forêts publiques RF"
1306574,0.284471698970314,156.47423746496,399,60,1.36839,"Sapin pectiné","Forêts domaniales RF"
1309368,0.361965177730271,220.829723827635,721,12,1.699,"Sapin pectiné","Autres forêts publiques RF"
1308833,0.308900374261136,262.244011628027,395,78,2.21489,"Épicéa commun","Forêts privées et autres - En PSG"
1302109,0.0806604461381537,6.61910648040697,353,145.500015258789,3.03603,"Grand aulne","Forêts privées et autres - Hors PSG"
1331695,0.112344459686609,79.930068922309,427,137.699996948242,5.36407,"Épicéa commun","Forêts privées et autres - Hors PSG"
1305800,0.279214196761915,320.614870719373,698,40.6000022888184,1.8525,"Épicéa commun","Forêts privées et autres - Hors PSG"
1316856,0.205646376655251,192.509585942462,691,50.75,1.46528,"Sapin pectiné","Forêts domaniales RF"
1343566,0.215332237510919,125.1151395197,594,24.4000015258789,1.27437,"Chêne rouvre","Forêts privées et autres - En PSG"
1304228,0.104810598392162,37.5544499597271,722,104.400001525879,2.78378,"Sapin pectiné","Autres forêts publiques RF"
1347253,0.260221264524658,803.611027923315,309,157.5,6.868,"Épicéa commun","Forêts privées et autres - Hors PSG"
1331452,0.298983287571828,264.523872065948,603,125,1.61359,"Hêtre","Forêts domaniales RF"
1342982,0.109263056208799,53.8314324637382,495,50.3999977111816,1.23953,"Sapin pectiné","Forêts domaniales RF"
1309322,0.0909352847330547,7.43652516448143,686,157,3.36347,"Grand aulne","Forêts privées et autres - En PSG"
1319677,0.317917778644568,320.160947950785,466,33.5999984741211,1.58423,"Sapin pectiné","Forêts domaniales RF"
1347440,0.259835326558668,335.624182820318,512,56.6999969482422,0.945797,"Sapin pectiné","Forêts domaniales RF"
1352753,0.187843186243834,299.663416025676,421,50.3999977111816,1.18595,"Pin sylvestre","Autres forêts publiques RF"
1348031,0.349968494444117,444.422893929373,455,16.7999992370605,1.43098,"Sapin pectiné","Autres forêts publiques RF"
1301703,0.199119440644317,172.715331131007,679,69.6000061035156,1.8479,"Épicéa commun","Forêts privées et autres - Hors PSG"
1343366,0.314728689039705,443.964760254523,719,78.75,2.21335,"Épicéa commun","Forêts privées et autres - Hors PSG"
1304689,0.270916264446056,180.613638506682,704,70,2.42297,"Sapin pectiné","Autres forêts publiques RF"
1323785,0.311112168961781,227.044493282176,856,26.6999988555908,1.37353,"Épicéa commun","Autres forêts publiques RF"
1319644,0.245350416830135,131.278811634717,477,72,1.91356,"Sapin pectiné","Forêts domaniales RF"
1344559,0.188247458601696,180.064702863926,420,130.5,3.82033,"Saule","Forêts privées et autres - Hors PSG"
1323304,0.158893934781032,169.196658456298,636,22.3999996185303,1.6103,"Sapin pectiné","Autres forêts publiques RF"
1344432,0.408442267631611,416.966038130806,744,0,2.40889,"Sapin pectiné","Forêts domaniales RF"
1324464,0.290331155449352,197.406393603876,514,17.4000015258789,5.16646,"Frêne","Forêts privées et autres - Hors PSG"
1327098,0.236464466405498,158.687437410273,771,42,1.31339,"Sapin pectiné","Forêts domaniales RF"
1353393,0.236243093355145,189.017444207218,410,124.200004577637,3.22283,"Mélèze d'Europe","Forêts privées et autres - Hors PSG"
1303474,0.302224917226179,256.335592292554,633,69.6000061035156,1.97802,"Sapin pectiné","Autres forêts publiques RF"
1336402,0.338068028249864,545.292835499497,634,54.4000015258789,3.59171,"Sapin pectiné","Forêts privées et autres - Hors PSG"
1325153,0.191398331708586,213.122463566538,590,47.6000022888184,2.39619,"Épicéa commun","Forêts privées et autres - Hors PSG"
1349399,0.130086752209958,97.5534644255111,701,44.1000022888184,0.761344,"Sapin pectiné","Autres forêts publiques RF"
1312187,0.0983577966690063,2.59482944225142,723,161.999984741211,2.68606,"Bouleau","Forêts privées et autres - Hors PSG"
1354500,0.132113027568479,161.453373672914,801,93.1500015258789,2.84646,"Autre feuillu exotique","Forêts privées et autres - Hors PSG"
1301087,0.305926523204894,418.41484064788,717,117.450004577637,6.78883,"Frêne","Forêts privées et autres - Hors PSG"
1354108,0.188065272609429,443.770795008084,570,130.5,7.26892,"Tilleul","Forêts privées et autres - Hors PSG"
1318887,0.401214330040138,511.646554036953,559,78.3000030517578,5.87928,"Sapin pectiné","Forêts privées et autres - Hors PSG"
1331181,0.277893590766507,256.863531804744,996,92.8000030517578,1.42085,"Épicéa commun","Forêts domaniales RF"
1309328,0.374682994222647,361.246945923243,856,40.6000022888184,3.29311,"Hêtre","Forêts privées et autres - Hors PSG"
1340801,0.23190780572687,228.489362723719,868,40,1.30872,"Sapin pectiné","Autres forêts publiques RF"
1351958,0.310361165285374,249.098504378184,737,108.800003051758,6.50072,"Grand érable","Forêts privées et autres - Hors PSG"
1326028,0.257876341542939,184.714881319036,911,10.5,1.14084,"Sapin pectiné","Autres forêts publiques RF"
1347741,0.32477323859455,198.396975607726,1086,42,1.96658,"Hêtre","Forêts privées et autres - En PSG"
1345332,0.261850440595122,356.415500419664,1029,69.6000061035156,1.79458,"Sapin pectiné","Autres forêts publiques RF"
1314747,0.345498938596488,215.227880752432,899,43.5,3.32537,"Hêtre","Autres forêts publiques RF"
1346267,0.366047980478314,294.540044257069,826,84,3.16709,"Hêtre","Autres forêts publiques RF"
1351115,0.256789419630499,377.374943799465,1070,104.400001525879,2.17905,"Épicéa commun","Forêts privées et autres - En PSG"
1312660,0.277981429884898,285.228916696188,822,51.25,4.46087,"Hêtre","Forêts privées et autres - En PSG"
1315676,0.327382105819377,287.98961359987,907,78.3000030517578,2.55067,"Sapin pectiné","Forêts privées et autres - En PSG"
1428318,0.274870606784407,220.061474744291,357,157.5,4.65114,"Chêne rouvre","Forêts privées et autres - Hors PSG"
1419597,0.364630980531866,285.526613357176,406,62.9999961853027,2.15659,"Sapin pectiné","Forêts domaniales RF"
1402833,0.292829604021834,494.113237381991,384,44.7999992370605,1.00255,"Sapin pectiné","Forêts privées et autres - En PSG"
1431192,0.348957351861025,104.067248344582,397,44.7999992370605,1.90534,"Sapin pectiné","Forêts privées et autres - En PSG"
1411999,0.626608593075161,337.10652059924,558,28,1.44428,"Sapin pectiné","Forêts privées et autres - En PSG"
1417271,0.604828723372362,361.484761053974,414,62.9999961853027,1.80688,"Sapin pectiné","Forêts privées et autres - En PSG"
1415865,0.495029050734826,88.915182595207,330,50.3999977111816,3.68203,"Hêtre","Forêts domaniales RF"
1453603,0.267611603942889,204.572598056632,347,31.5,1.06122,"Pin sylvestre","Forêts domaniales RF"
1450613,0.287243446290557,157.380688335739,410,39,2.75055,"Hêtre","Forêts domaniales RF"
1426985,0.150754164998403,76.6933356120321,469,22.3999996185303,1.41537,"Épicéa commun","Forêts domaniales RF"
1408312,0.276106895814143,300.512790966678,634,22.3999996185303,1.04846,"Sapin pectiné","Forêts privées et autres - En PSG"
1444201,0.174301764267633,102.917322129517,318,62.9999961853027,1.16176,"Pin sylvestre","Forêts privées et autres - Hors PSG"
1412936,0.302153867897828,228.591243433287,274,50.3999977111816,2.96603,"Hêtre","Forêts domaniales RF"
1430522,0.159288287057926,91.451162631342,438,49,1.53722,"Épicéa commun","Forêts domaniales RF"
1443810,0.333246279132402,347.179759764866,610,28,0.877482,"Pin sylvestre","Forêts domaniales RF"
1402306,0.23268573241384,162.017078784593,309,42,1.25222,"Bouleau","Forêts privées et autres - Hors PSG"
1438924,0.574856312438097,366.284047322791,293,62.9999961853027,2.30234,"Hêtre","Forêts domaniales RF"
1454222,0.325476368069591,181.366976389382,646,6.29999971389771,1.56444,"Hêtre","Forêts domaniales RF"
1436090,0.125733889659739,34.3067188209433,833,22.3999996185303,1.08299,"Épicéa commun","Forêts domaniales RF"
1434119,0.240641345667242,249.712600564381,262,17.5,6.5,"Chêne rouvre","Forêts domaniales RF"
1425688,0.231584220455033,241.558625320979,305,24.5,1.90176,"Chêne rouvre","Forêts domaniales RF"
1438333,0.137193046406623,132.032490064966,271,62.9999961853027,2.26729,"Chêne rouvre","Forêts domaniales RF"
1416613,0.271645936748399,126.699541537609,234,157.5,2.16558,"Pin sylvestre","Forêts privées et autres - En PSG"
1448955,0.472815888648635,500.957652361558,274,31.5,1.85831,"Hêtre","Forêts domaniales RF"
1414643,0.292033113542495,638.201057382144,358,43.2000007629395,4.04811,"Chêne rouvre","Forêts privées et autres - Hors PSG"
1448079,0.214662916039105,316.988057372949,291,62.9999961853027,2.69634,"Hêtre","Forêts domaniales RF"
1403127,0.164639380486349,157.111677235699,362,16.7999992370605,2.20677,"Hêtre","Forêts domaniales RF"
1433696,0.218516113423542,167.488300446757,270,44.1000022888184,1.73443,"Pin sylvestre","Autres forêts publiques RF"
1451513,0.497917619805909,318.652881848984,293,19.6000003814697,2.3722,"Chêne rouvre","Forêts domaniales RF"
1413409,0.314406620380308,88.6998209622529,400,37.7999992370605,2.63814,"Hêtre","Autres forêts publiques RF"
1432061,0.466529242623555,214.427658868965,277,33.5999984741211,1.15527,"Pin sylvestre","Forêts domaniales RF"
1423952,0.277841486804854,198.295094654022,458,62.9999961853027,0.905689,"Pin sylvestre","Forêts domaniales RF"
1445107,0.127636813969201,46.0420251973759,816,70.2000045776367,1.46654,"Pin sylvestre","Autres forêts publiques RF"
1448086,0.330740790511959,292.699957143729,316,19.6000003814697,1.46149,"Pin sylvestre","Forêts domaniales RF"
1453825,0.121348041258432,15.2757981988023,937,30.3999996185303,0.908334,"Pin sylvestre","Forêts domaniales RF"
1424576,0.24822196545762,110.183578190157,478,40,2.36403,"Hêtre","Forêts domaniales RF"
1402698,0.282716344258983,401.455159809489,309,80,2.88977,"Chêne rouvre","Autres forêts publiques RF"
1439709,0.254416847438632,342.856767830375,668,81,1.99625,"Hêtre","Autres forêts publiques RF"
1447259,0.222936976446493,251.066999974169,384,117.450004577637,4.72002,"Douglas","Autres forêts publiques RF"
1404894,0.300308341158756,313.5935241081,461,61.25,2.98748,"Épicéa commun","Autres forêts publiques RF"
1407816,0.152771726253776,170.850085584714,267,62.9999961853027,1.79842,"Épicéa commun","Forêts privées et autres - En PSG"
1417360,0.111579683220999,97.6892106246128,283,24.5,1.26689,"Chêne rouge d'Amérique","Forêts domaniales RF"
1416087,0.234326878948327,209.85274652994,408,104.400001525879,3.91712,"Hêtre","Autres forêts publiques RF"
1438381,0.310189335015719,313.384259646991,457,7,2.72727,"Douglas","Forêts privées et autres - En PSG"
1447498,0.286519121251514,97.3893906983883,1051,157.5,1.5658,"Épicéa commun","Forêts domaniales RF"
1427852,0.264305030981794,230.750266615971,271,62.9999961853027,2.05184,"Chêne rouvre","Forêts domaniales RF"
1438717,0.242048453970363,284.43541904021,223,97,4.1817,"Grand érable","Autres forêts publiques RF"
1453896,0.283871400300652,244.467513858747,451,34.2999992370605,4.59524,"Douglas","Forêts privées et autres - En PSG"
1443554,0.597541635908679,259.71895880506,765,81.2000045776367,2.48944,"Épicéa commun","Autres forêts publiques RF"
1438600,0.507109489517166,651.294072856807,790,69.6000061035156,2.7982,"Sapin pectiné","Autres forêts publiques RF"
1428716,0.204450842441935,269.386838118954,568,40,3.42728,"Épicéa commun","Autres forêts publiques RF"
1416429,0.291870475376224,384.526626863841,332,72,2.46073,"Chêne rouvre","Forêts privées et autres - En PSG"
1436502,0.528195554643636,246.804250207594,703,105.599998474121,6.14288,"Hêtre","Autres forêts publiques RF"
1448800,0.388847173896572,93.7994396161528,632,49,6.14293,"Grand érable","Autres forêts publiques RF"
1441932,0.177039986347432,130.370444093774,283,39.2000007629395,1.44776,"Pin sylvestre","Autres forêts publiques RF"
1410530,0.240220487981938,191.372672258143,450,95.2000045776367,3.93125,"Châtaignier","Autres forêts publiques RF"
1414869,0.145923588526522,345.15621423973,474,86.4000015258789,3.94682,"Hêtre","Autres forêts publiques RF"
1413263,0.334593465442198,400.461531611452,587,56.6999969482422,4.01537,"Sapin pectiné","Forêts domaniales RF"
1441626,0.368694079477269,403.520267660939,414,50.3999977111816,1.87562,"Hêtre","Forêts privées et autres - Hors PSG"
1419417,0.331543447950905,195.784225896291,885,34.8000030517578,2.02981,"Sapin pectiné","Autres forêts publiques RF"
1402712,0.309708258864372,390.620478771717,1069,46.4000015258789,1.04663,"Hêtre","Forêts domaniales RF"
1431890,0.692225337814797,102.120749383641,763,85.2000045776367,2.87268,"Sapin pectiné","Forêts domaniales RF"
1445775,0.229305874386629,248.90895541082,879,11.6000003814697,3.42817,"Douglas","Autres forêts publiques RF"
1451835,0.232802936043331,277.073480853574,1133,20.3000011444092,2.27211,"Épicéa commun","Autres forêts publiques RF"
1400745,0.105097169457516,62.3077412056543,1156,122.850006103516,5.29913,"Hêtre","Forêts domaniales RF"
1432796,0.417769642320011,436.397624575729,795,54.4000015258789,2.96936,"Hêtre","Autres forêts publiques RF"
1437305,0.31931907287725,380.597604243716,482,70,2.83485,"Hêtre","Autres forêts publiques RF"
1449840,0.355924567961762,333.623931375634,827,19.6000003814697,2.13682,"Sapin pectiné","Autres forêts publiques RF"
1449871,0.227265381182274,142.722663413185,573,56,2.07982,"Chêne rouvre","Autres forêts publiques RF"
1423235,0.176528020624871,132.017737813285,765,71.0500030517578,3.68949,"Épicéa commun","Forêts privées et autres - En PSG"
1432414,0.172839707354845,178.947864939794,805,73.5,3.7244,"Grand érable","Forêts privées et autres - En PSG"
1437645,0.275788094615701,418.867660670782,797,54.6000022888184,1.14643,"Pin sylvestre","Autres forêts publiques RF"
1418277,0.239208289861681,143.557788324116,754,28,1.06304,"Pin sylvestre","Autres forêts publiques RF"
1418999,0.136567064376116,79.062335801056,765,34.8000030517578,3.3759,"Hêtre","Autres forêts publiques RF"
1438752,0.174523051186933,163.419887880183,712,14,3.38405,"Chêne rouvre","Forêts privées et autres - En PSG"
1439718,0.272156357674955,115.948287198012,656,28,3.08616,"Épicéa commun","Autres forêts publiques RF"
1414442,0.339008660387865,345.494257228986,466,48,3.97218,"Douglas","Autres forêts publiques RF"
1418663,0.259786486147526,243.512667273219,604,48,2.5984,"Chêne rouvre","Autres forêts publiques RF"
1454414,0.288372743612086,306.192599529844,1057,4.35000038146973,3.13325,"Épicéa commun","Forêts domaniales RF"
1405829,0.413674938097944,341.529387296289,876,49,2.99328,"Sapin pectiné","Autres forêts publiques RF"
1428596,0.0887309272912178,28.3614323735031,805,42,5.35036,"Grand érable","Autres forêts publiques RF"
1448682,0.185154378201589,298.156620942249,719,50.75,3.93859,"Hêtre","Autres forêts publiques RF"
1437785,0.22862008760175,352.894721649407,530,60.4000015258789,2.91589,"Sapin pectiné","Autres forêts publiques RF"
1406197,0.206424862400171,195.569493428423,569,34.8000030517578,3.27399,"Douglas","Autres forêts publiques RF"
1452614,0.326265673980514,417.559640793956,559,13.0500011444092,5.11029,"Chêne rouvre","Autres forêts publiques RF"
1417568,0.543851154592438,217.296337213625,425,17.4000015258789,5.98874,"Sapin pectiné","Autres forêts publiques RF"
1407333,0.1585865822999,165.030643471698,715,17.5,7.16817,"Grand érable","Autres forêts publiques RF"
1443916,0.141210092268452,178.617997977475,463,48,7.14009,"Grand érable","Forêts privées et autres - Hors PSG"
1417756,0.287441817202282,203.647541899033,488,81.2000045776367,2.69878,"Chêne rouvre","Forêts privées et autres - Hors PSG"
1441090,0.332389222598318,399.19847689548,692,112,1.43212,"Épicéa commun","Forêts privées et autres - Hors PSG"
1416578,0.230787878877701,190.231695037298,599,115.200004577637,1.36657,"Chêne rouvre","Forêts privées et autres - Hors PSG"
1427505,0.100336044404494,14.6336623835385,440,69.6000061035156,2.17236,"Chêne rouvre","Forêts privées et autres - Hors PSG"
1410469,0.214358376303318,170.91664803491,628,63,4.36247,"Épicéa commun","Forêts privées et autres - Hors PSG"
1405619,0.206002325475502,295.46185473755,636,104.400001525879,3.74709,"Chêne rouvre","Forêts privées et autres - En PSG"
1443800,0.183922638520929,83.6775868934327,719,60.9000053405762,2.30526,"Chêne rouvre","Forêts privées et autres - Hors PSG"
1412055,0.260531041116856,229.424652709649,816,64,4.38798,"Hêtre","Forêts domaniales RF"
1448750,0.168639919678451,85.910433050457,682,58,1.61224,"Sapin pectiné","Forêts privées et autres - Hors PSG"
1450703,0.121914263272626,81.143261589654,451,24.5,1.41079,"Sapin pectiné","Forêts domaniales RF"
1413773,0.162096869580664,98.4866992241399,486,81,2.24303,"Pin sylvestre","Forêts domaniales RF"
1450830,0.135405182035376,155.290681289207,452,79.1999969482422,3.54947,"Pin sylvestre","Forêts domaniales RF"
1452217,0.341367433629944,205.799726751781,579,69.6000061035156,2.09557,"Épicéa commun","Forêts privées et autres - Hors PSG"
1429015,0.261720168032334,293.228597741323,417,70,1.71973,"Hêtre","Autres forêts publiques RF"
1433922,0.194347154285552,170.067606120098,323,70.2000045776367,2.54069,"Épicéa commun","Forêts privées et autres - En PSG"
1452445,0.312822957309274,329.895377926764,430,49,1.38947,"Sapin pectiné","Autres forêts publiques RF"
1453740,0.405668954962436,288.055836546118,477,101.25,2.53823,"Sapin pectiné","Autres forêts publiques RF"
1419826,0.394820571346362,285.193398633345,739,64,1.75462,"Sapin pectiné","Forêts domaniales RF"
1408729,0.335877787644885,200.606968001806,672,70.4000015258789,1.40857,"Sapin pectiné","Autres forêts publiques RF"
1442092,0.194689109565674,139.916398908397,536,52,2.02167,"Épicéa commun","Forêts privées et autres - En PSG"
1433669,0.441060486357664,155.906650182396,795,95.2000045776367,1.54542,"Sapin pectiné","Autres forêts publiques RF"
1409986,0.0905496365880701,16.4280079858674,330,79,5.19396,"Bouleau","Forêts privées et autres - Hors PSG"
1429161,0.584986315675647,253.060002568111,515,49,2.46878,"Sapin pectiné","Forêts domaniales RF"
1417002,0.247929060099013,246.322741621952,318,72,2.1766,"Sapin pectiné","Autres forêts publiques RF"
1406617,0.306480400860434,225.296550259578,622,72.9000015258789,2.03207,"Sapin pectiné","Autres forêts publiques RF"
1430872,0.182410642168827,219.632914702068,586,44.7999992370605,1.62822,"Sapin pectiné","Forêts domaniales RF"
1435574,0.180137216625778,252.59544627876,539,56.6999969482422,2.30115,"Sapin pectiné","Autres forêts publiques RF"
1422282,0.244045327200588,384.62678787793,550,117.450004577637,4.93282,"Frêne","Forêts privées et autres - Hors PSG"
1408261,0.301665351948326,504.36661774822,517,64,3.39665,"Sapin pectiné","Forêts domaniales RF"
1417690,0.435622483751767,463.919530851447,683,110,2.28348,"Sapin pectiné","Autres forêts publiques RF"
1439890,0.34782382822496,344.046782430835,795,65.1999969482422,2.03302,"Épicéa commun","Forêts privées et autres - Hors PSG"
1428840,0.107994240914516,33.2711136245576,470,118.400001525879,5.0788,"Grand érable","Forêts privées et autres - Hors PSG"
1417959,0.321929526407792,289.507022211322,557,2.79999995231628,2.17803,"Sapin pectiné","Autres forêts publiques RF"
1439806,0.329282691803822,430.369756337671,488,102.400001525879,5.0506,"Épicéa commun","Forêts privées et autres - Hors PSG"
1440279,0.179742598733873,93.5832219924149,484,72,1.99326,"Sapin pectiné","Autres forêts publiques RF"
1444316,0.196662063665066,210.806935400306,708,57.75,2.04906,"Sapin pectiné","Forêts domaniales RF"
1400047,0.603658449494685,338.358713364143,961,116.500007629395,1.53683,"Sapin pectiné","Forêts domaniales RF"
1430253,0.229476174413525,79.575343910874,988,52,1.31475,"Épicéa commun","Autres forêts publiques RF"
1421846,0.225125996726967,17.1992713890973,882,39.2000007629395,1.40048,"Épicéa commun","Forêts domaniales RF"
1407615,0.243102053168184,113.845234318525,747,73.1999969482422,3.76104,"Grand érable","Autres forêts publiques RF"
1421515,0.300703502841677,101.800118463877,626,63.2000007629395,2.76393,"Sapin pectiné","Forêts privées et autres - Hors PSG"
1415090,0.218241613947797,95.8626951157336,899,157.5,1.80055,"Épicéa commun","Forêts domaniales RF"
1425166,0.143225043407188,72.3691586106055,473,70.2000045776367,3.62023,"Épicéa commun","Forêts privées et autres - Hors PSG"
1419799,0.149241057872925,214.520985765794,667,137,3.29785,"Sapin pectiné","Autres forêts publiques RF"
1401364,0.101569336323343,16.5407488217308,844,40.6000022888184,1.56221,"Épicéa commun","Autres forêts publiques RF"
1452941,0.172444951433887,180.296738254469,945,46.4000015258789,3.44579,"Épicéa commun","Forêts domaniales RF"
1441905,0.218378103085807,345.7258581524,989,104.400001525879,2.40303,"Épicéa commun","Forêts domaniales RF"
1416992,0.210345817163588,203.389355899198,943,101.5,2.99082,"Épicéa commun","Autres forêts publiques RF"
1403774,0.172130520814739,163.698288872053,665,46.4000015258789,4.80727,"Grand érable","Forêts privées et autres - Hors PSG"
1410331,0.275552186433835,325.205061337883,478,71.1999969482422,5.46815,"Charme","Forêts privées et autres - Hors PSG"
1445523,0.117127403971839,40.2563162662302,1080,104.400001525879,1.55684,"Épicéa commun","Forêts domaniales RF"
1438612,0.249701028936585,234.635550747818,1103,81.2000045776367,1.15176,"Hêtre","Autres forêts publiques RF"
1449355,0.35316694161056,264.808221974295,979,40.6000022888184,1.93123,"Sapin pectiné","Autres forêts publiques RF"
1447447,0.341224893794041,264.632662925763,859,71.0500030517578,2.485,"Épicéa commun","Forêts domaniales RF"
1433705,0.215132852781621,323.009430132852,605,105.599998474121,1.57243,"Hêtre","Forêts domaniales RF"
1409834,0.172455654757409,40.7665893783019,667,81.2000045776367,3.80673,"Douglas","Forêts privées et autres - Hors PSG"
1417510,0.291027558013025,389.989910636565,744,92.5,4.92547,"Sapin pectiné","Autres forêts publiques RF"
1420210,0.427506603939363,104.170775583065,979,87.0000076293945,2.70472,"Hêtre","Forêts domaniales RF"
1450172,0.443753183880609,492.651603338776,1056,50.75,3.57424,"Hêtre","Forêts privées et autres - En PSG"
1421796,0.378213351183669,158.238929071325,1163,72,4.48731,"Hêtre","Autres forêts publiques RF"
1429970,0.359996164860769,347.585138065435,1023,58,3.93111,"Hêtre","Forêts domaniales RF"
1440002,0.12216544964408,234.269131735774,1082,78.75,2.47718,"Hêtre","Forêts domaniales RF"
1444936,0.279510163906799,293.013436595977,614,97.2000045776367,4.39619,"Hêtre","Forêts privées et autres - Hors PSG"
1448295,0.353492246428057,551.776105647181,653,60.9000053405762,6.62406,"Hêtre","Autres forêts publiques RF"
1408079,0.349175853496307,201.556354551998,538,54.4000015258789,0.699216,"Chêne rouvre","Autres forêts publiques RF"
1526756,0.239691507749506,241.455798705058,426,130.5,1.7738867,"Sapin pectiné","Autres forêts publiques RF"
1524963,0.399041111305053,254.140209029164,330,108,2.4226906,"Sapin pectiné","Autres forêts publiques RF"
1504902,0.228733174477201,223.047775120693,371,50.3999977111816,1.8655854,"Sapin pectiné","Autres forêts publiques RF"
1531254,0.306314608625472,177.554642520034,395,56.6999969482422,2.3146918,"Sapin pectiné","Forêts domaniales RF"
1540648,0.432647128041305,395.92781284788,443,37.7999992370605,1.331575,"Douglas","Forêts privées et autres - En PSG"
1542884,0.36730995826419,329.253674077548,587,29.3999977111816,1.386971,"Sapin pectiné","Forêts privées et autres - En PSG"
1533736,0.169729696476472,87.177633182419,310,44.0999984741211,2.9872115,"Bouleau","Forêts privées et autres - Hors PSG"
1512562,0.406449765962356,386.236858887536,392,87.0000076293945,2.2179618,"Épicéa commun","Forêts privées et autres - En PSG"
1503071,0.319633408025441,310.86820527272,322,56.6999969482422,2.5586119,"Hêtre","Forêts domaniales RF"
1536859,0.103361743310568,46.9907191380532,467,62.9999961853027,1.0261633,"Épicéa commun","Forêts domaniales RF"
1550274,0.152902469583903,9.39923241258369,258,105,5.8931246,"Autre feuillu exotique","Forêts privées et autres - Hors PSG"
1538302,0.271300743130852,199.374102628579,301,0,3.364922,"Pin sylvestre","Forêts privées et autres - Hors PSG"
1523954,0.541525312324739,380.536959150371,403,48,2.6156147,"Hêtre","Forêts domaniales RF"
1531019,0.213704379420852,147.821156907661,280,67.5,2.9148285,"Douglas","Forêts domaniales RF"
1553414,0.175674477719922,246.392847296621,506,42,2.7897196,"Hêtre","Forêts domaniales RF"
1528968,0.148372860526211,64.9632700448675,450,18.8999996185303,1.5504626,"Pin sylvestre","Forêts domaniales RF"
1532732,0.417759559583684,333.127100357124,536,28,1.5098381,"Sapin pectiné","Forêts privées et autres - En PSG"
1537436,0.19567885654809,51.1807426310407,330,56.6999969482422,1.7070796,"Chêne rouvre","Forêts privées et autres - Hors PSG"
1542012,0.274669306126955,196.688898584165,345,62.9999961853027,2.3778868,"Chêne rouvre","Forêts domaniales RF"
1548418,0.266641107349421,166.111684888158,274,81,1.9919152,"Hêtre","Forêts domaniales RF"
1509750,0.13785171851345,247.643752586695,459,37.7999992370605,2.4351785,"Hêtre","Forêts domaniales RF"
1514466,0.280898341480245,353.632713035251,426,56,2.3253105,"Sapin pectiné","Forêts domaniales RF"
1517347,0.127229756072889,32.9372130724044,556,28,1.3962638,"Hêtre","Forêts domaniales RF"
1531145,0.480974831246398,295.279176824585,718,42,1.2211629,"Sapin pectiné","Forêts domaniales RF"
1516986,0.293917991549098,308.661950997877,290,90,3.1293104,"Pin sylvestre","Forêts privées et autres - Hors PSG"
1505441,0.239513134912995,242.254017638219,308,62.9999961853027,1.0986619,"Pin sylvestre","Forêts domaniales RF"
1515573,0.293038336621494,304.447776098843,293,35,0.9863135,"Chêne rouvre","Forêts domaniales RF"
1538068,0.20729743990965,172.670242521761,285,56,1.8652848,"Hêtre","Forêts domaniales RF"
1519094,0.371717689592683,182.699828215237,231,62.9999961853027,3.805385,"Peuplier cultivé","Forêts privées et autres - En PSG"
1537814,0.280582180487688,258.766790849041,267,50,1.1986142,"Pin sylvestre","Forêts privées et autres - En PSG"
1548355,0.368337629849899,278.142242314544,293,75,1.054416,"Pin sylvestre","Forêts domaniales RF"
1531550,0.145173094755595,42.4089351824676,380,90,3.283561,"Pin sylvestre","Forêts domaniales RF"
1500522,0.33737065355181,222.442596370679,782,39.2000007629395,1.5983093,"Épicéa commun","Forêts domaniales RF"
1521205,0.168919962946007,148.239234191292,277,56.6999969482422,1.7134308,"Chêne rouge d'Amérique","Forêts domaniales RF"
1550605,0.136377668244019,80.0615650624201,298,90,0.78176945,"Pin sylvestre","Autres forêts publiques RF"
1515058,0.324784477753234,73.5273283050205,329,44.1000022888184,3.9401805,"Hêtre","Forêts domaniales RF"
1542537,0.367732644523202,292.65079073151,554,30.4500026702881,2.306761,"Hêtre","Autres forêts publiques RF"
1548784,0.207296124666092,104.46473551196,301,49,1.1408415,"Pin sylvestre","Forêts privées et autres - En PSG"
1527442,0.245059708186141,180.539503649517,439,105,2.6260984,"Hêtre","Forêts domaniales RF"
1509541,0.346370251966361,285.482565003346,639,50.3999977111816,1.4916037,"Sapin pectiné","Forêts domaniales RF"
1519320,0.230046211632053,207.086604874166,641,28,0.93834597,"Épicéa commun","Autres forêts publiques RF"
1505999,0.325817058604035,289.007860390057,522,49,2.2404509,"Hêtre","Autres forêts publiques RF"
1507392,0.122293849026448,106.831286688017,600,84,1.6725713,"Bouleau","Forêts privées et autres - Hors PSG"
1537593,0.271990139306916,350.690438445105,500,36,2.9979455,"Douglas","Autres forêts publiques RF"
1539027,0.162699317141262,138.68657855405,369,58,2.5546253,"Sapin pectiné","Forêts domaniales RF"
1550786,0.326026997829374,214.240295342999,634,58,4.595552,"Grand érable","Autres forêts publiques RF"
1551560,0.283296054917356,330.448998992907,958,42,1.4356894,"Épicéa commun","Forêts privées et autres - En PSG"
1513054,0.165789846925975,230.722492180388,260,77,1.3553898,"Pin sylvestre","Forêts privées et autres - En PSG"
1501311,0.354704135658373,136.999259617657,313,56.6999969482422,2.7731638,"Hêtre","Forêts domaniales RF"
1508491,0.250626692711796,206.437378019688,405,49,2.7756708,"Douglas","Forêts domaniales RF"
1510213,0.616928031150473,263.359763324765,839,29,2.0686495,"Sapin pectiné","Autres forêts publiques RF"
1522678,0.113459422271233,40.2121035531028,1053,117.450004577637,2.6620038,"Hêtre","Forêts privées et autres - En PSG"
1545337,0.198633825547399,439.471697577333,382,73.5,7.141937,"Frêne","Forêts privées et autres - Hors PSG"
1543256,0.497390359758904,181.169612213595,268,84,3.209802,"Épicéa commun","Forêts privées et autres - En PSG"
1544268,0.268572253004626,353.734033681485,498,60,1.5761925,"Hêtre","Autres forêts publiques RF"
1507619,0.218009007012092,157.933865901191,537,56,4.4476647,"Frêne","Autres forêts publiques RF"
1520964,0.214821271132634,138.990003069862,255,50.3999977111816,2.7291129,"Hêtre","Forêts privées et autres - En PSG"
1541681,0.321197166653666,250.250505046732,539,63,0.8248368,"Chêne rouvre","Forêts privées et autres - En PSG"
1515046,0.377697284801286,103.721095977714,551,52.5,5.5666666,"Hêtre","Forêts privées et autres - En PSG"
1547392,0.281332775094882,168.843230508807,406,56.6999969482422,1.0933816,"Pin sylvestre","Autres forêts publiques RF"
1553864,0.29286103420622,269.478305939563,408,78.3000030517578,4.129818,"Douglas","Autres forêts publiques RF"
1519006,0.141660469389674,136.155273257462,456,78.4000015258789,4.4116197,"Grand érable","Forêts privées et autres - Hors PSG"
1546744,0.305555507057801,456.892991558658,368,36,0.917452,"Pin sylvestre","Forêts privées et autres - Hors PSG"
1508349,0.279978447628823,222.679774117251,521,42,5.2731957,"Chêne rouvre","Autres forêts publiques RF"
1534275,0.186059080224413,78.6522607337702,297,45,2.455434,"Hêtre","Autres forêts publiques RF"
1539908,0.415434450147336,180.394444168587,831,81,3.0365453,"Sapin pectiné","Autres forêts publiques RF"
1540820,0.548228194805811,280.8522471704,779,0,5.3413954,"Sapin pectiné","Autres forêts publiques RF"
1521368,0.312419212355918,481.206520271942,933,88.5499954223633,3.705657,"Sapin pectiné","Autres forêts publiques RF"
1524330,0.323795292057429,157.47306054026,1141,0,1.4586489,"Épicéa commun","Autres forêts publiques RF"
1532260,0.0909843558437659,8.0169646011124,892,46.4000015258789,2.1318157,"Épicéa commun","Autres forêts publiques RF"
1539858,0.131446974194312,49.8251366064969,656,0,5.165228,"Sapin pectiné","Forêts domaniales RF"
1539364,0.32290451069568,258.808511435471,701,50.75,3.8349662,"Épicéa commun","Forêts privées et autres - En PSG"
1549904,0.163533455749217,209.028986301402,368,73.5,3.2092025,"Chêne rouvre","Forêts privées et autres - Hors PSG"
1537427,0.307396534533241,237.857325642553,1170,117.450004577637,2.4279938,"Épicéa commun","Autres forêts publiques RF"
1547212,0.385078984766682,463.26344911198,713,58,4.811252,"Hêtre","Autres forêts publiques RF"
1533043,0.42831086456336,466.79826695578,697,24.5,2.476635,"Hêtre","Forêts domaniales RF"
1534291,0.288683128861074,249.6877540895,845,34.2999992370605,1.5125334,"Épicéa commun","Autres forêts publiques RF"
1539661,0.200659534534839,252.421609426442,760,28,0.91143906,"Pin sylvestre","Autres forêts publiques RF"
1541470,0.269102804611709,471.396309433507,679,32,3.8584058,"Épicéa commun","Autres forêts publiques RF"
1518868,0.247847337810819,278.289018809064,775,43.5,2.2223716,"Sapin pectiné","Autres forêts publiques RF"
1535792,0.203344869867551,13.416126569686,1041,140.400009155273,2.5891151,"Bouleau","Forêts privées et autres - Hors PSG"
1518996,0.434666168547247,382.100520366219,1133,126,2.467163,"Hêtre","Forêts domaniales RF"
1539824,0.189776423819092,311.879863753834,876,65.25,4.4786763,"Hêtre","Autres forêts publiques RF"
1533085,0.180431017607116,455.794683364641,751,61.25,5.052115,"Hêtre","Autres forêts publiques RF"
1519302,0.291367510881556,336.603321525045,657,60.9000015258789,2.335439,"Pin sylvestre","Autres forêts publiques RF"
1549769,0.334620729560489,276.24841113904,598,52.5,3.694328,"Hêtre","Forêts domaniales RF"
1530983,0.108277996758665,49.021958717411,316,72.5,6.720862,"Robinier faux-acacia","Forêts privées et autres - Hors PSG"
1542661,0.244860137338859,299.31896401025,584,54,1.9423655,"Chêne rouvre","Autres forêts publiques RF"
1545542,0.223767412192145,270.296670168248,805,2.09999990463257,3.277672,"Épicéa commun","Forêts privées et autres - Hors PSG"
1547540,0.526775919050213,401.417583076553,743,61.25,3.349849,"Sapin pectiné","Autres forêts publiques RF"
1530348,0.700937008759711,139.127149980289,531,34.8000030517578,3.6391673,"Sapin pectiné","Autres forêts publiques RF"
1520982,0.254666002292771,495.957110328302,638,58,5.552405,"Chêne rouvre","Autres forêts publiques RF"
1550406,0.274140139650107,162.202144432067,340,78.3000030517578,4.965469,"Châtaignier","Autres forêts publiques RF"
1548406,0.147653372079646,60.2599961132507,435,58,2.1874444,"Chêne rouvre","Autres forêts publiques RF"
1531162,0.249582386048289,205.73613337068,620,72,4.880169,"Grand érable","Autres forêts publiques RF"
1520392,0.23602938373126,82.0459137069995,491,40.6000022888184,2.522152,"Chêne rouvre","Forêts domaniales RF"
1503533,0.363214047636505,42.3906278962474,696,117.450004577637,6.514171,"Grand aulne","Forêts privées et autres - Hors PSG"
1533762,0.402928752598626,229.405558502774,905,129.599990844727,4.5434875,"Frêne","Autres forêts publiques RF"
1527240,0.256899970098792,282.653321747263,480,58.8000030517578,1.3062731,"Pin sylvestre","Autres forêts publiques RF"
1531703,0.286454597717756,84.0426250780957,711,69.6000061035156,1.5351566,"Épicéa commun","Autres forêts publiques RF"
1535879,0.0853070467710495,2.15701444851093,499,40.6000022888184,2.4851599,"Sapin pectiné","Autres forêts publiques RF"
1541039,0.270209243354076,310.637263654021,617,69.6000061035156,2.2042625,"Épicéa commun","Forêts privées et autres - Hors PSG"
1532650,0.210162644598324,192.292470455331,559,35,2.3892379,"Sapin pectiné","Forêts privées et autres - Hors PSG"
1553374,0.199733934406125,180.570860423057,632,91.3500061035156,7.4769897,"Frêne","Forêts privées et autres - Hors PSG"
1553666,0.337346133837516,402.971462906924,745,58,2.5036805,"Hêtre","Forêts domaniales RF"
1500503,0.117943298591859,91.6209518344397,380,104.400001525879,1.7453748,"Hêtre","Forêts domaniales RF"
1510162,0.138475185979131,74.2182957491367,445,54,0.81161755,"Pin sylvestre","Forêts domaniales RF"
1500261,0.470458368085197,106.197020711303,470,38.7999992370605,1.9752934,"Sapin pectiné","Forêts domaniales RF"
1511022,0.427225094975742,311.033641806051,417,69.6000061035156,2.640011,"Sapin pectiné","Autres forêts publiques RF"
1549122,0.193410855226345,347.683648073689,394,132,1.9615184,"Pin sylvestre","Forêts domaniales RF"
1513897,0.207199801624457,376.936505152943,470,96.75,3.2444265,"Sapin pectiné","Forêts privées et autres - Hors PSG"
1510745,0.248938704346278,162.206901878717,719,86.4000015258789,2.0448012,"Épicéa commun","Forêts domaniales RF"
1504785,0.134217108344077,58.937816467244,361,130.5,4.3992434,"Chêne pédonculé","Forêts privées et autres - Hors PSG"
1501939,0.153003485540896,230.017609704234,540,72,1.5520401,"Sapin pectiné","Forêts domaniales RF"
1506574,0.17927662375764,189.89720373145,618,16,1.1500603,"Sapin pectiné","Autres forêts publiques RF"
1507775,0.441647326193697,494.034848375132,610,72,2.9630206,"Épicéa commun","Forêts privées et autres - Hors PSG"
1524939,0.224177160736294,207.778028435644,775,28,1.1473362,"Sapin pectiné","Autres forêts publiques RF"
1540293,0.247023086275158,270.392502683087,527,70.2000045776367,5.596206,"Chêne rouvre","Forêts privées et autres - Hors PSG"
1531708,0.181500781277829,384.798780435188,367,62.9999961853027,3.5295188,"Sapin pectiné","Forêts domaniales RF"
1546585,0.152123695183136,65.0442756755995,324,90,2.8442516,"Sapin pectiné","Autres forêts publiques RF"
1502426,0.294307811986462,377.342708631959,466,90,1.3053718,"Épicéa commun","Forêts privées et autres - En PSG"
1516816,0.314878347787706,435.577104050566,482,56.6999969482422,1.3089497,"Sapin pectiné","Forêts domaniales RF"
1508224,0.577722425904231,448.147312993356,459,29.3999977111816,2.2580345,"Sapin pectiné","Forêts domaniales RF"
1541903,0.125344173412993,28.4764500500394,476,168,2.402832,"Épicéa commun","Forêts privées et autres - Hors PSG"
1539098,0.351917248688223,326.926823895403,399,108,3.095381,"Sapin pectiné","Autres forêts publiques RF"
1502288,0.167506105899447,139.330940379218,511,56.6999969482422,1.5550219,"Sapin pectiné","Autres forêts publiques RF"
1508159,0.390018218073219,84.0011557338997,624,39.2000007629395,0.88932127,"Sapin pectiné","Forêts domaniales RF"
1526044,0.341760311419247,443.653533619697,864,117.450004577637,1.3865383,"Sapin pectiné","Autres forêts publiques RF"
1503339,0.20957838851861,184.112279596757,877,56,1.2796502,"Sapin pectiné","Forêts domaniales RF"
1514090,0.257799108296238,225.539989417801,475,32,3.8305707,"Épicéa commun","Forêts privées et autres - Hors PSG"
1516211,0.222136305176207,222.152834388959,890,76.5,1.0079474,"Sapin pectiné","Forêts domaniales RF"
1541763,0.202665508072616,144.929883220987,710,91.3500061035156,1.9184651,"Hêtre","Autres forêts publiques RF"
1535586,0.194312339441997,112.369202050334,740,56,1.498447,"Sapin pectiné","Forêts domaniales RF"
1515578,0.472905027873861,272.643905817323,703,12.5999994277954,1.5674013,"Sapin pectiné","Forêts domaniales RF"
1502937,0.132339416936087,198.329637007144,438,81,2.5979092,"Sapin pectiné","Forêts privées et autres - Hors PSG"
1515684,0.220830740007424,163.900797058908,506,18,2.0675187,"Sapin pectiné","Autres forêts publiques RF"
1502847,0.142914092753356,78.5947195475717,494,56,2.084817,"Sapin pectiné","Autres forêts publiques RF"
1554664,0.42207047269404,493.08585184291,766,124.200012207031,1.8651737,"Sapin pectiné","Forêts domaniales RF"
1522197,0.225930578562558,195.336926006212,744,6,2.0952706,"Sapin pectiné","Autres forêts publiques RF"
1515018,0.360635855739904,323.921196880337,940,72,2.441428,"Épicéa commun","Forêts domaniales RF"
1546217,0.132976660872445,72.2186632536596,600,127.500007629395,4.5889497,"Grand érable","Forêts privées et autres - Hors PSG"
1506621,0.171981367428619,94.3022497989763,704,104.400001525879,2.5069835,"Grand érable","Forêts privées et autres - Hors PSG"
1545147,0.235799891992907,152.351076121954,508,87.0000076293945,2.856243,"Pin sylvestre","Autres forêts publiques RF"
1540788,0.131090703803064,29.6113363817709,450,65.25,4.4792595,"Saule","Forêts privées et autres - Hors PSG"
1504324,0.23883958915548,159.596331195175,756,94.5,4.3361626,"Grand érable","Forêts privées et autres - Hors PSG"
1537810,0.556824066529098,326.978647695687,891,56,2.7195365,"Hêtre","Forêts domaniales RF"
1536330,0.179450440624269,208.839714289466,660,91.3500061035156,3.2401717,"Chêne pédonculé","Forêts privées et autres - Hors PSG"
1508544,0.184118422543321,186.567621858918,643,15,2.4958212,"Chêne pédonculé","Forêts privées et autres - Hors PSG"
1502114,0.447661277330052,402.138158217967,616,81.2000045776367,2.4874785,"Sapin pectiné","Autres forêts publiques RF"
1523202,0.184950413183782,155.574599803034,939,48,2.0536647,"Sapin pectiné","Autres forêts publiques RF"
1518385,0.370858717887137,413.780178638118,595,64.4000015258789,2.824983,"Sapin pectiné","Forêts domaniales RF"
1550845,0.290060552533488,235.686850355043,1023,51.4500045776367,2.699821,"Hêtre","Forêts privées et autres - En PSG"
1525255,0.238097254562492,316.98135562606,814,69.6000061035156,2.949126,"Hêtre","Forêts domaniales RF"
1535941,0.299954712195211,232.860468222533,1053,63,1.781089,"Sapin pectiné","Autres forêts publiques RF"
1537902,0.35748591758778,272.341082163148,715,50.75,2.6746056,"Sapin pectiné","Autres forêts publiques RF"
1502812,0.391323591650106,180.106064461654,648,30.4500026702881,2.677158,"Hêtre","Forêts privées et autres - Hors PSG"
1550310,0.363073598396591,386.644793551928,716,64,3.2209606,"Épicéa commun","Autres forêts publiques RF"
1511525,0.196460435368924,129.213853734081,1066,56,2.690031,"Hêtre","Forêts domaniales RF"
1529745,0.306383709880226,308.635977594749,1163,72,2.244152,"Hêtre","Autres forêts publiques RF"
1540886,0.207745063420823,38.8090662559484,1164,46.4000015258789,2.2030623,"Hêtre","Forêts domaniales RF"
1521216,0.366831539369483,222.460531236575,632,21.7500019073486,6.7736506,"Hêtre","Forêts privées et autres - Hors PSG"
1553093,0.296953163888262,308.612002606298,716,46.4000015258789,2.0757115,"Sapin pectiné","Forêts privées et autres - Hors PSG"
1516941,0.310786821226543,446.623192477492,857,40.6000022888184,2.5580976,"Hêtre","Forêts privées et autres - Hors PSG"
1507119,0.35541739443695,184.658234091332,629,58,2.5633154,"Épicéa commun","Forêts privées et autres - En PSG"
1651441,0.111361149027528,55.6523437833467,329,103.5,1.5407432,"Sapin pectiné","Autres forêts publiques RF"
1613087,0.171238561449154,85.7738500079261,275,157.5,6.2342467,"Peuplier cultivé","Forêts privées et autres - Hors PSG"
1612577,0.17755193497461,155.455647646222,347,50.3999977111816,0.69969285,"Sapin pectiné","Forêts domaniales RF"
1654324,0.167008408750392,87.915964374233,340,159.5,5.62675,"Bouleau","Forêts privées et autres - En PSG"
1641749,0.339274142094473,290.156973316253,332,56.6999969482422,1.4229101,"Sapin pectiné","Forêts privées et autres - En PSG"
1626328,0.224045712381985,139.456532443706,441,24.5,1.8037452,"Sapin pectiné","Forêts domaniales RF"
1639071,0.318279473164521,203.129515064541,406,34.2999992370605,0.5936288,"Pin sylvestre","Forêts domaniales RF"
1644334,0.144552061119351,97.664836442485,505,19.6000003814697,1.204011,"Sapin pectiné","Forêts domaniales RF"
1623877,0.1735053277167,146.075453261273,496,44.0999984741211,1.998506,"Douglas","Forêts privées et autres - En PSG"
1625894,0.290486938690209,146.90498808045,542,44.0999984741211,2.3017976,"Sapin pectiné","Forêts privées et autres - En PSG"
1643290,0.259826072119423,117.434150263853,522,50.3999977111816,0.7290979,"Sapin pectiné","Forêts domaniales RF"
1621787,0.230604529291433,64.1683845852829,321,62.9999961853027,2.2982795,"Épicéa commun","Forêts privées et autres - En PSG"
1646365,0.179344562941919,84.0911766683496,372,62.9999961853027,2.2159162,"Douglas","Forêts privées et autres - Hors PSG"
1610040,0.228231669718561,281.072102084972,459,18.8999996185303,4.421181,"Hêtre","Forêts domaniales RF"
1620596,0.419449542085856,346.872334167116,447,56.6999969482422,0.5599679,"Sapin pectiné","Forêts privées et autres - En PSG"
1632921,0.263998119503069,299.616780819894,429,50.3999977111816,3.193645,"Hêtre","Forêts domaniales RF"
1631647,0.392858944336202,652.965059009765,333,62.9999961853027,2.3818977,"Hêtre","Forêts privées et autres - En PSG"
1614966,0.381835402461284,226.145195780436,292,0,2.4027145,"Chêne rouvre","Forêts privées et autres - Hors PSG"
1620671,0.181939733663073,71.5405455462586,348,62.9999961853027,1.5030955,"Hêtre","Forêts domaniales RF"
1620073,0.366911454591177,349.474972658144,263,35,1.6629705,"Pin sylvestre","Forêts domaniales RF"
1626920,0.487930450873983,144.607408884279,410,62.9999961853027,2.227627,"Hêtre","Forêts domaniales RF"
1616721,0.310622458591811,106.557083732962,351,44.7999992370605,0.73221874,"Pin sylvestre","Forêts domaniales RF"
1619146,0.273109655398506,240.615485059656,434,18.8999996185303,1.8345065,"Épicéa commun","Forêts domaniales RF"
1620958,0.465482860005185,529.253487829721,679,25.1999988555908,0.25407726,"Sapin pectiné","Forêts privées et autres - Hors PSG"
1636677,0.362496481955848,277.918620242722,332,0,0.6681146,"Chêne rouvre","Forêts privées et autres - Hors PSG"
1616243,0.244196178286301,123.429291569785,286,62.9999961853027,2.4667943,"Hêtre","Forêts domaniales RF"
1646068,0.400946516155685,62.1088417609328,240,37.7999992370605,1.5406982,"Hêtre","Forêts domaniales RF"
1620482,0.213236460060358,273.608194081607,555,50.3999977111816,0.74273837,"Pin sylvestre","Forêts domaniales RF"
1647457,0.35124301681311,291.172820165792,812,37.7999992370605,1.6565325,"Sapin pectiné","Forêts domaniales RF"
1629186,0.197443732501217,237.039686381239,363,12.5999994277954,1.7986705,"Chêne rouvre","Forêts domaniales RF"
1636666,0.584574048301141,168.315736583707,239,33.5999984741211,1.8931638,"Chêne rouvre","Forêts domaniales RF"
1633913,0.21897095480783,496.806794131067,318,62.9999961853027,1.7102998,"Chêne rouvre","Forêts domaniales RF"
1626585,0.330560916044949,417.090145198929,391,22.3999996185303,2.7008483,"Chêne rouvre","Forêts domaniales RF"
1606052,0.161631370246457,111.714887829415,684,95.2000045776367,1.2597522,"Sapin pectiné","Forêts domaniales RF"
1643274,0.353567780999348,352.874266896507,274,50.3999977111816,1.769821,"Pin sylvestre","Forêts domaniales RF"
1628528,0.266530146306228,156.168203980849,346,22.3999996185303,7.2535696,"Charme","Forêts privées et autres - Hors PSG"
1641211,0.367557136939997,398.104528766448,253,62.9999961853027,3.4399574,"Douglas","Forêts domaniales RF"
1608268,0.140744180203088,89.0355122960242,230,28,2.2866802,"Épicéa commun","Autres forêts publiques RF"
1647745,0.181873207164824,221.831858808742,300,62.9999961853027,1.9530342,"Hêtre","Forêts domaniales RF"
1605019,0.280192946313471,442.536640635399,369,80,3.0271883,"Hêtre","Forêts domaniales RF"
1610951,0.623332559175753,177.135889330936,458,44.1000022888184,0.9069869,"Sapin pectiné","Forêts domaniales RF"
1620316,0.220731265156991,142.276020443567,605,157.950012207031,2.8941936,"Épicéa commun","Autres forêts publiques RF"
1618252,0.112418776499409,87.9306505138543,283,90,2.8601675,"Hêtre","Forêts domaniales RF"
1614533,0.135128346891946,96.4674852656644,252,62.9999961853027,1.7265266,"Pin sylvestre","Autres forêts publiques RF"
1633415,0.294372535285324,381.085881773383,543,64,1.4568759,"Sapin pectiné","Forêts domaniales RF"
1603646,0.45835757175352,328.1538008783,441,71,4.2855544,"Sapin pectiné","Autres forêts publiques RF"
1643728,0.355150259451956,183.793376737954,374,14,3.4604027,"Douglas","Forêts domaniales RF"
1611179,0.26750048839603,255.237604562996,523,73.5,2.6182563,"Douglas","Autres forêts publiques RF"
1650876,0.143274055899935,154.017124757741,238,35,1.7934599,"Pin sylvestre","Autres forêts publiques RF"
1607921,0.316127644267596,244.012908779406,681,121.500007629395,2.39901,"Hêtre","Forêts domaniales RF"
1615044,0.23434575828223,199.088500014384,499,21,7.713063,"Noisetier","Autres forêts publiques RF"
1638035,0.285399305883889,272.711932267944,543,58,2.2157817,"Épicéa commun","Autres forêts publiques RF"
1639648,0.191829924102177,243.689982923775,304,44.1000022888184,1.8260895,"Hêtre","Forêts privées et autres - En PSG"
1603066,0.285128439530775,336.067171707234,360,56.6999969482422,1.110559,"Épicéa commun","Autres forêts publiques RF"
1626513,0.465842840210862,438.527960275555,251,81,4.3288326,"Chêne rouvre","Forêts domaniales RF"
1639513,0.617146989260282,91.1321047181,428,90,3.2979946,"Chêne rouvre","Autres forêts publiques RF"
1637726,0.163839554272513,51.8087429010878,556,126,5.0919843,"Hêtre","Autres forêts publiques RF"
1618494,0.18067668752699,149.833002328404,956,100.350006103516,2.6207118,"Épicéa commun","Forêts privées et autres - En PSG"
1633387,0.616808861697359,369.883859527851,782,50.75,3.4460974,"Épicéa commun","Forêts domaniales RF"
1636476,0.307317966827905,356.008114069218,636,75.1999969482422,4.6133814,"Hêtre","Autres forêts publiques RF"
1602732,0.232746564632492,293.561951830907,337,56,1.9224266,"Pin sylvestre","Forêts domaniales RF"
1635724,0.551253110010207,402.210586428731,236,62.1000022888184,2.467065,"Hêtre","Forêts domaniales RF"
1630045,0.3310770947691,314.676572931976,260,148.5,1.9933923,"Épicéa commun","Forêts privées et autres - En PSG"
1644765,0.272591816086467,579.472176396651,795,78.3000030517578,2.4242623,"Hêtre","Autres forêts publiques RF"
1614643,0.212579522881165,257.755527880004,897,101.500007629395,2.413511,"Hêtre","Autres forêts publiques RF"
1645248,0.460717463561727,241.63437724217,430,22.3999996185303,2.198324,"Chêne rouvre","Forêts privées et autres - En PSG"
1624194,0.395520374695039,201.701097868109,529,83.5,1.7746849,"Sapin pectiné","Autres forêts publiques RF"
1642631,0.480959934538937,468.221970045323,793,89.0999984741211,3.1765501,"Hêtre","Autres forêts publiques RF"
1651699,0.289404785833347,268.886040285139,696,85.75,2.1586277,"Douglas","Autres forêts publiques RF"
1642816,0.125365868595598,28.2951601991935,409,2.90000009536743,4.161008,"Frêne","Forêts privées et autres - Hors PSG"
1643387,0.386802049836713,384.838142478821,269,136.5,3.410711,"Grand aulne","Forêts privées et autres - Hors PSG"
1642345,0.126216841452174,80.5255890377904,372,159.5,3.9528842,"Tremble","Forêts privées et autres - Hors PSG"
1609279,0.289667016521717,348.301728751965,384,62.9999961853027,2.1636486,"Bouleau","Forêts privées et autres - Hors PSG"
1644333,0.306159283427673,173.652958556678,362,58,3.1650918,"Chêne rouvre","Autres forêts publiques RF"
1651294,0.431059716985529,727.775457441062,1081,56,3.5675545,"Hêtre","Autres forêts publiques RF"
1617378,0.283383210931487,225.193074498685,871,40.6000022888184,2.5491962,"Douglas","Autres forêts publiques RF"
1652840,0.277651430460561,113.382781425973,1185,50.75,2.107032,"Épicéa commun","Autres forêts publiques RF"
1636653,0.18801479409383,127.026813028337,1220,50.75,2.1450548,"Hêtre","Forêts privées et autres - Hors PSG"
1626756,0.190865260862658,38.0952554876861,693,1.45000004768372,1.9306005,"Sapin pectiné","Autres forêts publiques RF"
1606071,0.280906687114538,212.813177719472,712,43.75,2.9613569,"Épicéa commun","Autres forêts publiques RF"
1649164,0.239143982623486,366.74277119343,690,58,8.738767,"Sapin pectiné","Autres forêts publiques RF"
1652671,0.353008508941906,262.85726417912,719,50.75,2.6437006,"Épicéa commun","Autres forêts publiques RF"
1617329,0.326859403144748,221.211492362163,1044,39.2000007629395,1.985046,"Sapin pectiné","Autres forêts publiques RF"
1606427,0.369629036171653,159.89294846932,787,48,2.356088,"Sapin pectiné","Autres forêts publiques RF"
1606419,0.303681674721738,300.610845329143,706,96.8000030517578,2.5315883,"Sapin pectiné","Forêts privées et autres - Hors PSG"
1653745,0.543110603935947,207.393362316889,973,49,3.3782659,"Hêtre","Forêts privées et autres - Hors PSG"
1608598,0.293015091166499,316.005515905879,1218,59.1499977111816,3.0274131,"Hêtre","Forêts domaniales RF"
1643210,0.31653410196119,220.687782452654,907,61.25,4.1764345,"Hêtre","Autres forêts publiques RF"
1639327,0.312185223058157,389.249421158157,775,52.5,5.7932844,"Hêtre","Autres forêts publiques RF"
1638717,0.340582851951881,375.783483630124,490,112.049995422363,3.0139494,"Sapin pectiné","Forêts privées et autres - Hors PSG"
1615781,0.251895888574585,263.019597599081,852,43.2000007629395,1.6626452,"Épicéa commun","Autres forêts publiques RF"
1645440,0.243591326853936,230.265304980162,816,21,1.5808558,"Pin sylvestre","Autres forêts publiques RF"
1615187,0.404640277293458,365.594172205957,675,79.1999969482422,4.3653455,"Sapin pectiné","Autres forêts publiques RF"
1605533,0.397836116727777,312.988413786484,985,98,2.4627082,"Sapin pectiné","Forêts domaniales RF"
1628287,0.32444391897807,129.576063487147,831,21,3.9836025,"Sapin pectiné","Autres forêts publiques RF"
1613685,0.238765783931632,135.962968713819,391,63,2.325833,"Sapin pectiné","Autres forêts publiques RF"
1602452,0.394959931882967,243.028316063225,715,48,3.8271773,"Hêtre","Autres forêts publiques RF"
1602158,0.271821242566358,92.9700902793958,696,21,2.9718053,"Douglas","Forêts domaniales RF"
1613024,0.197228678403645,195.781088809966,575,58,1.9448019,"Pin sylvestre","Forêts domaniales RF"
1644330,0.186718832042532,58.0183640831976,585,62.4000015258789,6.5285015,"Sapin pectiné","Autres forêts publiques RF"
1645351,0.425598708545572,56.9314590913683,613,40.6000022888184,4.2444453,"Chêne rouvre","Autres forêts publiques RF"
1608557,0.26048678576665,103.577282981395,555,157.5,2.494152,"Épicéa commun","Forêts privées et autres - Hors PSG"
1628507,0.153645092277582,48.058072894524,581,36.75,2.3115876,"Épicéa commun","Forêts privées et autres - Hors PSG"
1652252,0.208677885340652,211.305051768953,603,79.2000045776367,1.744265,"Sapin pectiné","Forêts privées et autres - Hors PSG"
1602290,0.237231289629159,350.751808585533,560,49,1.7139579,"Chêne rouvre","Forêts privées et autres - Hors PSG"
1613168,0.379523582073399,176.361978299912,411,117.450004577637,1.5387236,"Sapin pectiné","Autres forêts publiques RF"
1634670,0.194400910389493,522.684698798844,423,17.4000015258789,2.5411766,"Chêne rouvre","Forêts privées et autres - Hors PSG"
1634297,0.241473133748596,265.102392131075,689,31.5,2.4397078,"Chêne rouvre","Forêts privées et autres - Hors PSG"
1633495,0.316340419753466,250.19807999082,782,117.900001525879,1.7639897,"Sapin pectiné","Forêts privées et autres - En PSG"
1609175,0.408962167332211,376.102156227472,945,50.75,2.9964595,"Hêtre","Autres forêts publiques RF"
1630461,0.275346388062352,334.043239382052,791,58,5.7282376,"Hêtre","Forêts privées et autres - Hors PSG"
1619495,0.42998835948755,567.396106940307,1014,117.450004577637,4.300521,"Hêtre","Autres forêts publiques RF"
1611072,0.400053122079945,450.435553068069,546,72.5,2.0261157,"Hêtre","Forêts privées et autres - Hors PSG"
1648859,0.178770423180953,141.653442684895,316,56.6999969482422,0.92463917,"Pin sylvestre","Forêts domaniales RF"
1610731,0.162434027245409,134.594646368032,411,29.3999977111816,1.2073889,"Pin sylvestre","Autres forêts publiques RF"
1628955,0.102658418850866,112.884792505043,365,90,2.8284705,"Hêtre","Autres forêts publiques RF"
1622307,0.115490439503926,5.13515671577576,441,46.4000015258789,2.6071463,"Épicéa commun","Forêts privées et autres - Hors PSG"
1605912,0.205414643790419,375.304686089753,521,117.450004577637,2.501219,"Sapin pectiné","Autres forêts publiques RF"
1635081,0.248731326898341,282.807847771638,579,110.25,2.079883,"Sapin pectiné","Forêts privées et autres - Hors PSG"
1646322,0.189225663047693,220.132219652595,380,69,1.5195944,"Épicéa commun","Autres forêts publiques RF"
1646972,0.187372161790238,116.76720876948,485,34.2999992370605,1.493291,"Hêtre","Autres forêts publiques RF"
1630082,0.15959699522573,165.678015841543,773,42,1.1387218,"Sapin pectiné","Forêts domaniales RF"
1621088,0.22690772873464,299.096206195138,328,56.6999969482422,1.6060543,"Sapin pectiné","Forêts domaniales RF"
1609356,0.109109651871749,55.7843481579647,351,94.0000076293945,3.9913132,"Bouleau","Forêts privées et autres - Hors PSG"
1621617,0.280635485336275,309.858054319032,446,44.1000022888184,1.7234833,"Douglas","Forêts privées et autres - En PSG"
1600900,0.191283328615787,112.829279409187,539,104.400001525879,3.055759,"Hêtre","Forêts privées et autres - Hors PSG"
1618271,0.0935694393344096,9.87689123758921,713,72,3.1310716,"Autre fruitier","Forêts privées et autres - Hors PSG"
1616020,0.133093965775351,109.857622536366,676,61.6000022888184,3.0802205,"Hêtre","Autres forêts publiques RF"
1643666,0.198142288780083,16.9062701775722,713,104.400001525879,1.2191488,"Épicéa commun","Forêts privées et autres - Hors PSG"
1617349,0.13920052457962,82.0722581036249,535,50.3999977111816,1.6209152,"Pin sylvestre","Forêts domaniales RF"
1637077,0.190296764403874,165.270958525604,526,39.2000007629395,1.6224803,"Sapin pectiné","Forêts domaniales RF"
1644692,0.398625248200113,124.430852060017,307,81.6000061035156,6.795059,"Chêne pédonculé","Forêts privées et autres - Hors PSG"
1615324,0.264119167947041,285.967761905908,495,64.7999954223633,1.599556,"Sapin pectiné","Forêts domaniales RF"
1614236,0.226524500123802,159.617191715732,710,104.400001525879,5.2856846,"Tremble","Forêts privées et autres - Hors PSG"
1633311,0.236341627713252,24.2538027877297,577,66.5999984741211,2.2790694,"Sapin pectiné","Forêts privées et autres - Hors PSG"
1611539,0.247923263766787,454.033712857805,617,63,6.838221,"Grand aulne","Forêts privées et autres - Hors PSG"
1645057,0.195032054932265,248.332115560573,807,50.3999977111816,1.8822557,"Épicéa commun","Forêts domaniales RF"
1641054,0.138725515716912,95.3572431410856,493,50.3999977111816,1.7095551,"Pin sylvestre","Autres forêts publiques RF"
1620578,0.206240972889751,266.778767796647,408,98,4.658533,"Sapin pectiné","Forêts privées et autres - En PSG"
1600072,0.226314582900381,314.654405710033,632,29.3999977111816,1.5280857,"Sapin pectiné","Autres forêts publiques RF"
1650615,0.248096353542487,52.8332151206817,583,104.400001525879,3.1317894,"Grand érable","Forêts privées et autres - Hors PSG"
1606626,0.501510650578765,524.256998009746,657,104.400001525879,3.2325554,"Sapin pectiné","Forêts privées et autres - Hors PSG"
1631214,0.160645881567085,103.507478102918,422,71.0500030517578,1.7810878,"Épicéa commun","Forêts privées et autres - Hors PSG"
1630331,0.329183033301822,335.087925695095,681,24.5,1.4389437,"Sapin pectiné","Autres forêts publiques RF"
1639012,0.262341147253756,356.372640265835,470,62.9999961853027,3.0258877,"Sapin pectiné","Autres forêts publiques RF"
1618800,0.16488153434258,89.5163712360116,551,35,1.3844501,"Douglas","Autres forêts publiques RF"
1654772,0.220665915183552,108.289778615108,812,78.3000030517578,1.3128899,"Épicéa commun","Forêts privées et autres - Hors PSG"
1606904,0.186260045003156,139.655833432867,935,84.1500015258789,2.1329074,"Épicéa commun","Autres forêts publiques RF"
1600436,0.209547887979143,77.525162229537,864,33.5999984741211,0.9597208,"Épicéa commun","Forêts domaniales RF"
1602295,0.37083101272583,46.4480519094539,583,72,3.077816,"Hêtre","Forêts privées et autres - Hors PSG"
1625306,0.0988404686780036,28.1343649362924,390,97,4.542772,"Bouleau","Forêts privées et autres - Hors PSG"
1639306,0.340258936324995,143.762912541071,564,79.2000045776367,2.4655046,"Hêtre","Forêts privées et autres - Hors PSG"
1636427,0.23164491807327,151.390072658568,831,81.2000045776367,3.6691372,"Sapin pectiné","Autres forêts publiques RF"
1616980,0.429675951398204,262.810893244873,760,10.5,2.193546,"Épicéa commun","Autres forêts publiques RF"
1649554,0.147600506619933,131.808271066065,998,57.6000022888184,1.6207513,"Hêtre","Forêts domaniales RF"
1618637,0.180769324558562,221.854923413288,819,36.25,1.8620481,"Sapin pectiné","Autres forêts publiques RF"
1622269,0.394586781016499,403.0480384775,657,92.8000030517578,3.0200589,"Épicéa commun","Forêts privées et autres - En PSG"
1621184,0.198307052254677,12.9395290886567,511,63,4.294788,"Bouleau","Forêts privées et autres - Hors PSG"
1612255,0.241557026712055,142.369396413923,816,0,1.6510133,"Sapin pectiné","Autres forêts publiques RF"
1647594,0.618311621606512,208.374819351614,1042,60.9000053405762,1.4774178,"Sapin pectiné","Forêts domaniales RF"
1647222,0.253598927445038,287.696305053727,759,72,2.9487946,"Épicéa commun","Forêts privées et autres - Hors PSG"
1634212,0.205964664979647,209.939147590223,508,54,3.4408908,"Sapin pectiné","Forêts privées et autres - Hors PSG"
1652591,0.308099618053434,316.922128744017,728,32,2.467408,"Sapin pectiné","Autres forêts publiques RF"
1653839,0.205815469253336,125.767761437584,922,64,1.9349996,"Épicéa commun","Forêts domaniales RF"
1615512,0.171835826852238,119.030456357155,1093,79.2000045776367,2.1713712,"Hêtre","Autres forêts publiques RF"
1604569,0.33774459285958,61.3812434879169,686,78.3000030517578,2.0825832,"Chêne pédonculé","Forêts privées et autres - Hors PSG"
1629253,0.280492635592255,281.279516149473,665,34.8000030517578,3.8313863,"Sapin pectiné","Autres forêts publiques RF"
1635971,0.219507178902999,185.243625095329,683,78.3000030517578,3.522191,"Épicéa commun","Forêts privées et autres - Hors PSG"
1630247,0.239367734986153,65.6717707956305,794,81.2000045776367,2.3565817,"Épicéa commun","Forêts privées et autres - Hors PSG"
1653834,0.220762768898275,380.668537495429,1013,117.900001525879,2.6144843,"Grand érable","Forêts domaniales RF"
1636039,0.312561165187843,475.760470000736,917,91.3500061035156,2.3455784,"Sapin pectiné","Forêts domaniales RF"
1652428,0.337275344792255,215.820170370114,545,50,0.55045533,"Chêne rouvre","Autres forêts publiques RF"
1631952,0.240595360459217,99.8069813879684,679,3.5,1.4082727,"Sapin pectiné","Forêts privées et autres - En PSG"
1608271,0.23570440372088,229.74094301864,517,117.450004577637,2.097929,"Chêne rouvre","Forêts privées et autres - Hors PSG"
1722470,0.217186811574398,186.237547117452,337,130.5,2.594753,"Hêtre","Forêts domaniales RF"
1722202,0.389646075722096,156.353797259124,369,97.2000045776367,2.1816103,"Hêtre","Forêts domaniales RF"
1717084,0.256204929557119,266.850467615263,334,62.1000022888184,4.546065,"Épicéa commun","Forêts privées et autres - En PSG"
1751764,0.161184356033358,42.4277196440616,390,56.6999969482422,1.9720963,"Épicéa commun","Forêts privées et autres - En PSG"
1703671,0.179428982622746,111.123560707921,386,50.3999977111816,1.919672,"Sapin pectiné","Forêts privées et autres - En PSG"
1736076,0.360599443483152,205.538538919369,542,44.7999992370605,1.8371733,"Sapin pectiné","Forêts privées et autres - En PSG"
1729563,0.168835624270414,78.6775993934085,280,62.9999961853027,2.0855842,"Épicéa commun","Forêts privées et autres - En PSG"
1725622,0.37984417775947,223.092527939453,333,56.6999969482422,3.9340706,"Grand aulne","Forêts domaniales RF"
1740801,0.134512356929874,134.682417194791,354,50.3999977111816,1.2651511,"Pin sylvestre","Forêts domaniales RF"
1742176,0.469700942186944,209.804476981076,392,56.6999969482422,1.9323447,"Sapin pectiné","Forêts privées et autres - En PSG"
1700384,0.509482852632968,332.643188098849,339,62.9999961853027,4.935149,"Chêne rouvre","Forêts domaniales RF"
1718191,0.14724295994233,40.2342261773209,610,37.7999992370605,1.7271682,"Épicéa commun","Forêts domaniales RF"
1731030,0.20174613041652,86.0751214680962,285,62.9999961853027,1.1628997,"Pin sylvestre","Forêts domaniales RF"
1735402,0.259187745181058,64.841015098792,467,16.7999992370605,2.8922749,"Bouleau","Forêts domaniales RF"
1727190,0.393178492997522,278.293786251811,404,62.9999961853027,1.910456,"Hêtre","Forêts privées et autres - Hors PSG"
1754586,0.38479719985763,425.538957528015,274,62.9999961853027,1.6062002,"Chêne rouvre","Forêts domaniales RF"
1717581,0.343067226563135,278.228927589152,295,50.3999977111816,1.3428391,"Hêtre","Forêts domaniales RF"
1709600,0.211219910690822,124.406556389912,712,31.5,1.4040898,"Épicéa commun","Forêts domaniales RF"
1749046,0.130471190225601,50.6385744551906,370,62.9999961853027,2.0101032,"Pin sylvestre","Forêts domaniales RF"
1735684,0.255761496941242,52.8283366979175,235,42,1.077121,"Pin sylvestre","Forêts domaniales RF"
1754337,0.289293521206724,271.512465508988,249,62.9999961853027,1.4235177,"Chêne rouvre","Forêts domaniales RF"
1749073,0.361069567337214,313.896598890032,291,31.5,1.6334581,"Chêne rouvre","Forêts domaniales RF"
1735254,0.302400477151677,318.003817232738,336,62.9999961853027,3.082568,"Hêtre","Forêts domaniales RF"
1700718,0.381197015709618,314.876756159408,265,62.9999961853027,2.0663636,"Pin sylvestre","Forêts domaniales RF"
1729499,0.215350922552959,311.618371558013,331,130.5,3.0731905,"Hêtre","Forêts domaniales RF"
1737282,0.336513571267139,444.888530894419,343,56.6999969482422,2.5434582,"Hêtre","Forêts domaniales RF"
1738160,0.439393299542064,211.476873381407,791,30.4500026702881,1.5840143,"Sapin pectiné","Forêts domaniales RF"
1739305,0.219622446288573,275.441283253781,281,56.6999969482422,1.3023347,"Épicéa commun","Forêts domaniales RF"
1713476,0.220898080278568,202.673332769906,308,62.9999961853027,2.2158415,"Châtaignier","Forêts domaniales RF"
1736085,0.223204367359497,351.077708711395,284,81,3.6736188,"Hêtre","Forêts privées et autres - En PSG"
1744993,0.392445806486505,218.327009266793,292,62.9999961853027,1.3762019,"Pin sylvestre","Forêts domaniales RF"
1748236,0.325416639292467,161.591332918624,501,56.6999969482422,2.2875493,"Sapin pectiné","Forêts domaniales RF"
1729635,0.263084021069864,302.960628189869,649,56.6999969482422,1.638583,"Épicéa commun","Autres forêts publiques RF"
1752146,0.455320872791103,166.717370792965,604,36.75,2.4738252,"Sapin pectiné","Autres forêts publiques RF"
1734957,0.24216605312957,313.986051601802,356,19.6000003814697,1.8211076,"Hêtre","Autres forêts publiques RF"
1707345,0.430919193677866,220.613964746811,532,40.6000022888184,2.2564068,"Chêne rouvre","Forêts domaniales RF"
1705886,0.307479882346997,271.913223436594,342,31.5,4.2675333,"Douglas","Autres forêts publiques RF"
1733334,0.219136167573931,214.463904086198,393,26.25,1.7559125,"Chêne rouvre","Autres forêts publiques RF"
1713573,0.203940559604603,263.526326566854,738,62.9999961853027,1.8030933,"Épicéa commun","Autres forêts publiques RF"
1720820,0.181038606295407,71.3606720937187,322,90,2.1041906,"Hêtre","Autres forêts publiques RF"
1746835,0.205931144736859,134.230789183606,608,46.4000015258789,6.5970554,"Épicéa commun","Autres forêts publiques RF"
1741015,0.511111869036668,221.110568052947,810,39.1500015258789,2.0229645,"Sapin pectiné","Autres forêts publiques RF"
1714193,0.235737400507929,482.909745287247,591,52.2000007629395,6.0041065,"Épicéa commun","Forêts privées et autres - Hors PSG"
1726718,0.316007847124587,130.699957206422,358,62.9999961853027,0.93699586,"Hêtre","Autres forêts publiques RF"
1708309,0.167545984725113,293.355307667945,817,50.75,2.7664707,"Hêtre","Autres forêts publiques RF"
1729188,0.200490262257864,396.464390967886,455,17.4000015258789,2.0049536,"Chêne rouvre","Forêts privées et autres - Hors PSG"
1711738,0.383051449151289,357.93893588515,304,22.3999996185303,2.9125242,"Hêtre","Autres forêts publiques RF"
1702966,0.33853105337544,260.831015536723,688,30.4500026702881,3.6208394,"Épicéa commun","Autres forêts publiques RF"
1743455,0.516342304973292,606.583845109883,670,117.450004577637,5.114386,"Hêtre","Autres forêts publiques RF"
1742217,0.265909121968477,231.342114886903,324,56,4.523118,"Chêne rouvre","Forêts privées et autres - Hors PSG"
1725634,0.372199298566393,320.573722345391,678,33.5999984741211,1.5781777,"Sapin pectiné","Autres forêts publiques RF"
1701616,0.627851307219582,365.330264616364,687,49,3.8457305,"Épicéa commun","Autres forêts publiques RF"
1714651,0.369186321519526,291.337445643908,366,21,0.7980852,"Sapin pectiné","Forêts privées et autres - En PSG"
1752312,0.144633524307469,117.080876583631,331,17.4000015258789,5.519112,"Robinier faux-acacia","Forêts privées et autres - Hors PSG"
1720398,0.290905894027252,183.036969164751,262,130.5,1.9944876,"Épicéa commun","Forêts domaniales RF"
1729549,0.276142267647678,95.0898349814352,363,83.5,2.4305174,"Hêtre","Autres forêts publiques RF"
1733528,0.129922686877205,28.8891106848101,235,138.000015258789,5.256936,"Grand aulne","Autres forêts publiques RF"
1702356,0.290152526613662,225.437484560764,828,92.8000030517578,4.887769,"Grand érable","Autres forêts publiques RF"
1721253,0.381908438870662,226.098473917081,890,157.950012207031,2.3127942,"Hêtre","Autres forêts publiques RF"
1737002,0.470829397428792,313.951023456419,880,104.400001525879,2.6749506,"Douglas","Autres forêts publiques RF"
1747147,0.168401670975749,79.5572209139988,544,61.25,4.0404215,"Hêtre","Forêts privées et autres - Hors PSG"
1728407,0.257510197339402,231.481095406634,546,34.8000030517578,3.2237291,"Sapin pectiné","Autres forêts publiques RF"
1705964,0.137872867728451,51.5669999781362,853,24,2.746155,"Épicéa commun","Autres forêts publiques RF"
1716764,0.2529857323923,252.227444684083,846,28,2.80417,"Épicéa commun","Autres forêts publiques RF"
1737626,0.224455857907617,630.177299968946,502,84,4.7195644,"Châtaignier","Forêts privées et autres - Hors PSG"
1735359,0.278670282518495,222.211085242785,726,69.6000061035156,2.3152826,"Épicéa commun","Autres forêts publiques RF"
1713489,0.166111710578298,158.994744635915,1012,78,2.6391044,"Hêtre","Autres forêts publiques RF"
1738289,0.241171824284835,22.0895171491541,699,93.5999984741211,6.5111413,"Épicéa commun","Forêts privées et autres - Hors PSG"
1722560,0.343170642387201,424.509336391844,938,21.75,3.930808,"Sapin pectiné","Autres forêts publiques RF"
1704847,0.214982603153327,320.065023796893,295,34.8000030517578,3.2286427,"Chêne rouvre","Autres forêts publiques RF"
1707289,0.202282086668502,320.732857447778,469,63,7.379031,"Chêne rouvre","Autres forêts publiques RF"
1711817,0.191038496833183,27.1931547952065,759,26.1000022888184,0.91398615,"Chêne rouvre","Forêts privées et autres - Hors PSG"
1718408,0.290600531456929,326.090354208205,893,61.25,4.2350473,"Épicéa commun","Autres forêts publiques RF"
1734731,0.296650416199423,331.446372851271,631,69.6000061035156,2.5225172,"Douglas","Autres forêts publiques RF"
1739924,0.31306854946765,87.5009408212081,592,24,3.7222712,"Châtaignier","Forêts privées et autres - Hors PSG"
1731481,0.340228927291847,198.90799326679,445,30.4500026702881,4.453053,"Chêne rouvre","Autres forêts publiques RF"
1711363,0.208745698685647,105.162990014157,494,34.8000030517578,3.5565903,"Chêne rouvre","Autres forêts publiques RF"
1751138,0.317598421645236,192.862004336229,727,42,5.049098,"Sapin pectiné","Forêts domaniales RF"
1734215,0.325200649004105,294.688515538835,1194,42,1.0235572,"Hêtre","Autres forêts publiques RF"
1741097,0.316758665969115,294.419793645362,853,40.6000022888184,3.8340714,"Sapin pectiné","Forêts domaniales RF"
1751578,0.375264669993871,371.589132356688,688,43.75,5.1960983,"Sapin pectiné","Autres forêts publiques RF"
1735781,0.203925205574246,308.679544725892,432,81.2000045776367,3.7086256,"Hêtre","Forêts privées et autres - Hors PSG"
1701633,0.283674548214331,24.5892284575575,785,117.450004577637,1.575902,"Épicéa commun","Forêts privées et autres - Hors PSG"
1750845,0.394336629191262,331.018205075123,451,91.3500061035156,3.372433,"Sapin pectiné","Forêts privées et autres - En PSG"
1737375,0.223122135772325,235.632761446354,716,157.5,2.4681692,"Bouleau","Forêts privées et autres - Hors PSG"
1753769,0.21476079026172,161.456810437282,588,110.25,1.5518459,"Bouleau","Forêts privées et autres - Hors PSG"
1724785,0.18319299547246,200.101982100039,408,78.75,7.3430033,"Chêne pédonculé","Forêts privées et autres - Hors PSG"
1751953,0.175684529058533,75.1014131790215,631,21,3.2225072,"Autre fruitier","Forêts privées et autres - Hors PSG"
1706048,0.28453415082891,277.642262790438,739,84,2.0756238,"Sapin pectiné","Autres forêts publiques RF"
1734085,0.342528186287833,506.960365953499,1034,78.3000030517578,3.342618,"Sapin pectiné","Forêts domaniales RF"
1733907,0.211935480146801,160.720462493743,788,102.150001525879,2.151395,"Sapin pectiné","Autres forêts publiques RF"
1720335,0.337722958902269,341.688823157373,509,104.400001525879,1.665015,"Chêne rouvre","Autres forêts publiques RF"
1713503,0.151089612996907,57.7323945893637,349,63,2.6443233,"Bouleau","Forêts domaniales RF"
1721267,0.275643622804688,240.735912523513,561,69.6000061035156,1.3302375,"Sapin pectiné","Autres forêts publiques RF"
1754680,0.303795905204119,276.065802325858,381,56.6999969482422,1.1073613,"Sapin pectiné","Forêts domaniales RF"
1751905,0.176515534395873,87.6312377076557,453,66.8000030517578,1.9165953,"Bouleau","Forêts domaniales RF"
1711661,0.132129107222647,106.871203709435,414,50.3999977111816,1.0975009,"Bouleau","Forêts domaniales RF"
1724310,0.302678831086893,304.291275708653,518,34.8000030517578,3.639937,"Sapin pectiné","Forêts domaniales RF"
1752911,0.293569058858836,166.467027664588,438,63,5.178153,"Épicéa commun","Forêts privées et autres - Hors PSG"
1711089,0.198785057511664,160.865866396925,383,104.400001525879,4.3162093,"Bouleau","Forêts privées et autres - Hors PSG"
1708529,0.203528975385813,239.482553371633,487,28,1.7762935,"Sapin pectiné","Autres forêts publiques RF"
1750902,0.504163438044403,82.6816291953033,669,40,2.5109751,"Chêne rouvre","Forêts privées et autres - Hors PSG"
1742335,0.231107303784161,198.489492320027,765,89.5999984741211,1.4586335,"Sapin pectiné","Autres forêts publiques RF"
1702137,0.539828395856836,93.0099263898152,513,50.3999977111816,2.4432826,"Hêtre","Autres forêts publiques RF"
1726647,0.141465015762425,31.0259961396297,631,48,1.3843592,"Pin sylvestre","Autres forêts publiques RF"
1741127,0.213160138045464,221.353494896307,478,10.5,2.3027914,"Chêne rouvre","Autres forêts publiques RF"
1736585,0.202791993618732,302.615056972665,548,34.2999992370605,2.2239451,"Sapin pectiné","Forêts domaniales RF"
1701882,0.174085637352613,160.1060433175,386,130.5,1.9815563,"Sapin pectiné","Autres forêts publiques RF"
1704200,0.157977928894188,253.51421898148,361,80,3.687886,"Épicéa commun","Forêts privées et autres - Hors PSG"
1740122,0.188350975240709,87.285360879876,487,70,1.4763416,"Sapin pectiné","Autres forêts publiques RF"
1747100,0.29068289172275,432.362206771069,469,72,1.5566211,"Sapin pectiné","Forêts domaniales RF"
1701286,0.373112979918321,247.255481637535,694,26.1000022888184,1.856975,"Hêtre","Forêts privées et autres - Hors PSG"
1725523,0.275614787413369,140.700173769316,622,88.2000045776367,1.728518,"Sapin pectiné","Autres forêts publiques RF"
1746811,0.36717500913604,381.045995584958,599,46.4000015258789,5.447603,"Épicéa commun","Forêts privées et autres - Hors PSG"
1731600,0.161944930672129,28.2506048386746,762,28,1.2328792,"Épicéa commun","Forêts domaniales RF"
1706022,0.417254788265565,147.403708966788,388,130.5,7.3960214,"Charme","Forêts privées et autres - Hors PSG"
1704420,0.384942029661431,338.164231458584,788,58.8000030517578,2.2713516,"Hêtre","Forêts privées et autres - Hors PSG"
1740900,0.250253043480632,222.1090617012,765,95.5500030517578,2.0974815,"Hêtre","Autres forêts publiques RF"
1714586,0.271020868207361,307.462003497284,793,62.9999961853027,1.8715813,"Sapin pectiné","Forêts domaniales RF"
1701004,0.258970165472811,371.587554538747,593,78.3000030517578,3.2531345,"Chêne pédonculé","Forêts privées et autres - Hors PSG"
1731703,0.294136562784841,305.989376052378,537,72,2.9833202,"Sapin pectiné","Forêts domaniales RF"
1719232,0.354142383947499,395.924755240707,409,117.450004577637,1.657863,"Sapin pectiné","Autres forêts publiques RF"
1727237,0.310645947657281,175.536657135373,510,56,1.331278,"Épicéa commun","Autres forêts publiques RF"
1752468,0.199092609349243,316.752179439686,597,21.7500019073486,2.8392227,"Épicéa commun","Forêts privées et autres - Hors PSG"
1741188,0.483592413909883,374.183218665624,927,30.4500026702881,3.362441,"Épicéa commun","Forêts privées et autres - Hors PSG"
1750160,0.257634674686573,167.263921461384,953,81.2000045776367,2.4406872,"Grand érable","Forêts privées et autres - Hors PSG"
1709391,0.446568856678299,548.707846633038,459,48,7.819936,"Épicéa commun","Forêts privées et autres - Hors PSG"
1729404,0.168265371358659,113.085907473068,642,99,4.375626,"Grand aulne","Forêts privées et autres - Hors PSG"
1732359,0.246499266090014,228.368633095765,575,69.6000061035156,5.2628303,"Charme","Forêts privées et autres - Hors PSG"
1711082,0.208093225279816,146.644076458894,814,91.3500061035156,2.252273,"Hêtre","Autres forêts publiques RF"
1739561,0.559009663569588,155.427447103089,928,59.2000007629395,1.5305256,"Sapin pectiné","Forêts domaniales RF"
1711464,0.347183240389647,329.445976504727,840,81.2000045776367,2.052306,"Sapin pectiné","Autres forêts publiques RF"
1754333,0.102456719519974,37.7909512559398,1058,131.5,1.9631716,"Hêtre","Autres forêts publiques RF"
1708571,0.155514663873526,176.093588843128,708,84,4.066899,"Noisetier","Forêts privées et autres - Hors PSG"
1742750,0.141349325033076,161.364101065154,795,40.6000022888184,2.8217845,"Sapin pectiné","Autres forêts publiques RF"
1725999,0.386462115478172,261.256933260813,944,48,2.1469197,"Épicéa commun","Autres forêts publiques RF"
1731957,0.237468036282031,443.456383836729,975,40,2.0707977,"Sapin pectiné","Forêts domaniales RF"
1747818,0.241356815870079,310.908065913804,1012,58,2.1910799,"Sapin pectiné","Autres forêts publiques RF"
1707595,0.273872872994072,331.227062689578,1147,56.25,1.542212,"Hêtre","Forêts domaniales RF"
1700357,0.272694097383487,246.804129086422,864,83.6000061035156,2.0909076,"Épicéa commun","Autres forêts publiques RF"
1723123,0.174823167674907,247.914973265085,1014,34.8000030517578,2.8657677,"Hêtre","Forêts domaniales RF"
1702957,0.32590322361734,266.513032675538,834,48,2.3120115,"Épicéa commun","Forêts domaniales RF"
1735043,0.187961926691292,282.661875881905,745,72,3.283373,"Épicéa commun","Autres forêts publiques RF"
1718949,0.232361247466931,268.725567599953,1108,92.8000030517578,2.3964336,"Épicéa commun","Autres forêts publiques RF"
1711044,0.288460521163255,168.416730766705,886,28,4.3549156,"Hêtre","Forêts domaniales RF"
1717764,0.302329920443437,251.662232731501,878,85.5999984741211,2.7308288,"Sapin pectiné","Forêts privées et autres - En PSG"
1708359,0.21699803680656,194.725684903052,564,64.4000091552734,2.2042935,"Chêne rouvre","Autres forêts publiques RF"
1837301,0.182253530619066,194.286942571469,342,133,2.8366833,"Hêtre","Autres forêts publiques RF"
1813391,0.330765448537667,172.915312774692,349,143,1.9249698,"Hêtre","Autres forêts publiques RF"
1812694,0.230569881837852,259.576293045689,418,112.5,1.5349919,"Sapin pectiné","Forêts domaniales RF"
1841465,0.222171874348232,301.980153240166,354,24.5,1.3606905,"Sapin pectiné","Autres forêts publiques RF"
1821785,0.150812464453997,65.5878023097107,471,62.9999961853027,4.2157717,"Épicéa commun","Forêts privées et autres - Hors PSG"
1833430,0.257646454908927,169.740675200776,404,31.5,1.3100643,"Sapin pectiné","Autres forêts publiques RF"
1811189,0.216008889181541,249.94904535468,391,42,0.92822385,"Sapin pectiné","Forêts privées et autres - En PSG"
1840359,0.250388198695648,245.352847876041,407,37.7999992370605,1.1258404,"Sapin pectiné","Forêts privées et autres - En PSG"
1829146,0.178186503544536,210.202646030454,379,103.5,3.9849246,"Épicéa commun","Forêts privées et autres - Hors PSG"
1851598,0.119337302390211,125.150269607623,362,62.9999961853027,1.4032847,"Épicéa commun","Forêts domaniales RF"
1810023,0.166959651116623,229.1537336456,349,50.3999977111816,1.1277486,"Sapin pectiné","Autres forêts publiques RF"
1800947,0.120068914936634,51.0873296731065,628,56.6999969482422,1.3334787,"Épicéa commun","Forêts domaniales RF"
1809172,0.365689694519371,448.53895508531,312,56.6999969482422,2.129248,"Chêne rouvre","Forêts privées et autres - Hors PSG"
1814496,0.353059461052543,106.355547166394,300,0,1.9808397,"Pin sylvestre","Forêts privées et autres - Hors PSG"
1809260,0.120755546688934,86.9461822184359,279,62.9999961853027,1.6540087,"Chêne rouvre","Forêts domaniales RF"
1835504,0.574549317359924,31.8993216489595,244,62.9999961853027,2.10125,"Épicéa commun","Forêts domaniales RF"
1850522,0.427533073176749,267.379592654033,490,56.6999969482422,2.9215572,"Sapin pectiné","Forêts domaniales RF"
1847308,0.431822082537834,88.7002252634459,441,62.9999961853027,1.6992733,"Sapin pectiné","Forêts domaniales RF"
1838370,0.091975588897384,12.2494630514056,599,18.8999996185303,1.2912875,"Épicéa commun","Forêts domaniales RF"
1807226,0.2237718552351,21.8913160339753,282,0,1.5456401,"Bouleau","Forêts privées et autres - Hors PSG"
1823119,0.610893123769442,416.4720109186,740,39.2000007629395,0.6452349,"Sapin pectiné","Forêts domaniales RF"
1840444,0.25545754612159,340.258876013936,259,62.9999961853027,1.3602387,"Pin sylvestre","Forêts privées et autres - En PSG"
1814992,0.224930859665859,189.923597833126,256,62.9999961853027,1.3434092,"Pin sylvestre","Forêts domaniales RF"
1801252,0.260952898767694,336.35415020761,252,62.9999961853027,1.6006745,"Pin sylvestre","Forêts domaniales RF"
1800681,0.37984510588534,331.453405157138,371,18,2.9136267,"Hêtre","Forêts domaniales RF"
1809768,0.309387660520759,348.467686595687,373,62.9999961853027,3.0561728,"Hêtre","Forêts domaniales RF"
1834813,0.338539077292776,80.8393195139786,647,78.3000030517578,1.4898444,"Sapin pectiné","Forêts domaniales RF"
1820461,0.179697606096793,49.5266063276985,872,90,1.3844253,"Épicéa commun","Forêts domaniales RF"
1814765,0.111339935564684,96.2930700455093,382,62.9999961853027,1.674255,"Pin sylvestre","Forêts domaniales RF"
1844674,0.270214830624521,200.169691382649,245,62.9999961853027,1.6538179,"Pin sylvestre","Forêts privées et autres - En PSG"
1847969,0.478300575942247,369.008068848602,219,62.9999961853027,2.3276694,"Douglas","Forêts domaniales RF"
1844962,0.42387843657541,169.105797082128,396,72,3.5124044,"Grand érable","Autres forêts publiques RF"
1802753,0.403538571343848,241.356257647853,439,50.3999977111816,3.0415518,"Hêtre","Forêts domaniales RF"
1823515,0.187412744852523,148.856316555817,675,50.3999977111816,1.2528958,"Sapin pectiné","Forêts domaniales RF"
1817530,0.321689331765891,290.582072815195,454,46.4000015258789,2.497575,"Douglas","Autres forêts publiques RF"
1837513,0.284385690467644,190.894091220338,818,37.7999992370605,1.1575017,"Épicéa commun","Forêts domaniales RF"
1818110,0.402846666718963,332.460379864231,784,37.7999992370605,1.43623,"Sapin pectiné","Autres forêts publiques RF"
1841869,0.315940053924155,372.126340778482,452,31.5,4.747004,"Douglas","Autres forêts publiques RF"
1844979,0.387313895150373,404.893201423438,400,56.6999969482422,1.2040162,"Pin sylvestre","Forêts domaniales RF"
1849918,0.359896334998153,242.288560997838,546,50.3999977111816,2.440945,"Hêtre","Forêts domaniales RF"
1832416,0.237065612549293,144.841267164924,463,28,2.8375905,"Douglas","Autres forêts publiques RF"
1849695,0.543862510711568,253.612555390867,589,97.1999969482422,1.9055755,"Sapin pectiné","Autres forêts publiques RF"
1852912,0.307074841722166,223.310410829594,244,62.9999961853027,1.5685675,"Épicéa commun","Forêts privées et autres - En PSG"
1834109,0.511957198299683,407.034365961554,279,62.9999961853027,2.6136558,"Hêtre","Forêts domaniales RF"
1809082,0.290231107220138,492.918487089827,332,151.5,2.2255197,"Hêtre","Autres forêts publiques RF"
1852990,0.166899675367344,139.196703148304,929,26.25,3.6598208,"Hêtre","Autres forêts publiques RF"
1846523,0.427261784229514,298.189025347005,305,37.7999992370605,2.0657287,"Chêne rouvre","Forêts domaniales RF"
1830339,0.365121937041891,260.325580605982,372,62.9999961853027,1.9520547,"Chêne rouvre","Autres forêts publiques RF"
1800127,0.263134612738526,166.60606114102,584,12.5999994277954,1.6362908,"Douglas","Forêts privées et autres - En PSG"
1807803,0.402125431645878,235.226809798853,797,58.0500030517578,2.1752105,"Épicéa commun","Autres forêts publiques RF"
1839126,0.205494346724424,410.243253930721,497,61.25,2.8589098,"Châtaignier","Forêts privées et autres - Hors PSG"
1807617,0.386267081144386,161.632948288099,430,62.9999961853027,0.8314879,"Pin sylvestre","Forêts domaniales RF"
1852120,0.38820459009488,527.519607998563,787,151.5,3.7724326,"Épicéa commun","Autres forêts publiques RF"
1834949,0.211806253619927,335.750394227181,733,49,0.44106597,"Pin sylvestre","Forêts domaniales RF"
1806625,0.319645853679165,242.789889108404,330,62.9999961853027,1.8788589,"Hêtre","Forêts domaniales RF"
1803800,0.256956741337612,213.563256736429,655,37.7999992370605,1.1349101,"Pin sylvestre","Autres forêts publiques RF"
1811732,0.250209658572361,190.959991279288,600,49,3.5797482,"Chêne rouvre","Forêts domaniales RF"
1802292,0.164490026857444,215.002476103209,358,17.4000015258789,6.5,"Sapin pectiné","Autres forêts publiques RF"
1843068,0.33874052867867,378.313186026527,297,24.5,3.4142985,"Chêne rouvre","Autres forêts publiques RF"
1847387,0.220993387403481,195.112303764711,335,44.1000022888184,1.0859389,"Pin sylvestre","Autres forêts publiques RF"
1837270,0.341476892998672,431.910084769975,813,26.25,1.8848239,"Hêtre","Autres forêts publiques RF"
1829663,0.214784533123882,265.335414666539,883,138.800003051758,3.2087367,"Épicéa commun","Forêts domaniales RF"
1830533,0.188226315190307,199.779857166943,661,48,3.1963398,"Hêtre","Autres forêts publiques RF"
1837675,0.15023272679395,159.978266482812,626,54.6000022888184,2.8728418,"Bouleau","Autres forêts publiques RF"
1815696,0.183772304699792,95.2079576478316,1225,40.6000022888184,1.4862287,"Épicéa commun","Forêts domaniales RF"
1853516,0.37003347819743,301.712764227928,864,91.3500061035156,2.078954,"Sapin pectiné","Autres forêts publiques RF"
1832877,0.229296891654095,177.28982113216,738,1.75,3.1585104,"Grand érable","Autres forêts publiques RF"
1806834,0.37207664020647,283.26764431366,834,94.1500091552734,1.8846242,"Épicéa commun","Autres forêts publiques RF"
1837529,0.424803049971129,478.487919959112,569,36.6000022888184,4.1518645,"Hêtre","Forêts privées et autres - Hors PSG"
1804351,0.271706969258334,384.908599170552,1136,31.5,2.2634697,"Hêtre","Autres forêts publiques RF"
1838500,0.237257585207652,300.32833732188,669,70,2.5473306,"Sapin pectiné","Autres forêts publiques RF"
1843033,0.1735304105506,229.746019589405,544,28,1.9916425,"Chêne rouvre","Autres forêts publiques RF"
1851008,0.359054598986209,372.388205515711,930,71.0500030517578,1.9824487,"Sapin pectiné","Autres forêts publiques RF"
1802153,0.307548947197709,143.14386784338,705,58,1.5641586,"Pin sylvestre","Forêts privées et autres - Hors PSG"
1830788,0.324763493239044,309.854113943904,1186,76.4000015258789,1.0632956,"Hêtre","Autres forêts publiques RF"
1807894,0.3429470092184,428.285499974337,981,53.2000045776367,2.5210857,"Hêtre","Autres forêts publiques RF"
1851129,0.186339154550919,297.645447863515,656,54.6000022888184,4.4580956,"Sapin pectiné","Autres forêts publiques RF"
1809726,0.362426863345252,236.828179016801,718,53.5499992370605,2.3920825,"Épicéa commun","Autres forêts publiques RF"
1821320,0.114621445541023,115.300975797233,902,28,1.2486713,"Pin sylvestre","Autres forêts publiques RF"
1826075,0.444387759553443,303.001476616574,846,3.5,3.908853,"Grand érable","Forêts privées et autres - Hors PSG"
1841769,0.108572881868405,43.5727721718392,495,62.4000015258789,2.7824376,"Sapin pectiné","Forêts privées et autres - Hors PSG"
1849494,0.303602411553428,76.5725643388012,319,69.6000061035156,4.175784,"Grand aulne","Autres forêts publiques RF"
1826783,0.473352175818794,241.954803844077,683,0,2.9841268,"Sapin pectiné","Forêts domaniales RF"
1849864,0.176078894516258,369.399006170649,672,63,3.1983173,"Châtaignier","Forêts privées et autres - Hors PSG"
1821152,0.29026547488892,215.657986595397,584,21,2.3410397,"Chêne rouvre","Autres forêts publiques RF"
1841369,0.340086253236795,332.2192253211,644,1.75,2.9875312,"Sapin pectiné","Forêts domaniales RF"
1804877,0.232107142046576,346.602274341372,1047,73.5,2.67646,"Sapin pectiné","Autres forêts publiques RF"
1814206,0.129442601223162,163.438254332917,591,112,5.580106,"Hêtre","Forêts domaniales RF"
1850390,0.23475616451887,211.275631998934,383,39.1500015258789,1.6838771,"Chêne rouvre","Autres forêts publiques RF"
1827084,0.180054274231586,39.6079600604165,283,145.799987792969,7.191905,"Frêne","Forêts privées et autres - Hors PSG"
1830922,0.189425852370938,183.207659719545,631,7,2.0787308,"Tremble","Autres forêts publiques RF"
1843788,0.413866952719153,346.558035490654,666,81,2.6258013,"Sapin pectiné","Autres forêts publiques RF"
1824213,0.18739821516223,179.67266256798,809,42,2.3867702,"Épicéa commun","Autres forêts publiques RF"
1808984,0.349331119849295,272.357293816009,693,40.6000022888184,2.711282,"Sapin pectiné","Autres forêts publiques RF"
1835429,0.295453276691676,291.828093675438,420,61.25,4.4409995,"Épicéa commun","Autres forêts publiques RF"
1842837,0.443870603222456,164.272695703199,445,34.8000030517578,4.9954853,"Sapin pectiné","Autres forêts publiques RF"
1844088,0.364334464622788,169.100626290925,777,93.6000061035156,2.1319323,"Chêne rouvre","Autres forêts publiques RF"
1841909,0.130219641736389,150.720329467228,420,104.400001525879,3.1900423,"Charme","Forêts privées et autres - Hors PSG"
1850226,0.221480049029387,186.656684754208,573,104.400001525879,3.4463212,"Épicéa commun","Forêts privées et autres - Hors PSG"
1852481,0.253701246783179,372.897995496171,486,50.75,1.2921864,"Chêne rouvre","Forêts privées et autres - Hors PSG"
1824372,0.266163282323346,210.655149140809,418,46.8000030517578,6.163381,"Charme","Forêts privées et autres - Hors PSG"
1816361,0.260868496099635,320.928319969919,628,78,2.8241022,"Hêtre","Autres forêts publiques RF"
1829459,0.23818058227768,148.262715376016,747,28.8000011444092,1.3980985,"Sapin pectiné","Autres forêts publiques RF"
1845513,0.174052959741353,33.3872812457219,670,65.25,2.3505101,"Bouleau","Forêts privées et autres - Hors PSG"
1826095,0.227104764109993,347.145515367255,554,40.9500045776367,5.1659756,"Sapin pectiné","Forêts privées et autres - Hors PSG"
1813033,0.305299547167416,308.288100099663,846,109.200004577637,2.2147381,"Hêtre","Forêts privées et autres - En PSG"
1813137,0.214080176415894,114.959612213001,1082,107.600006103516,2.0361755,"Épicéa commun","Forêts domaniales RF"
1812460,0.461476906962959,799.502659997696,487,50.75,2.2432718,"Douglas","Forêts privées et autres - Hors PSG"
1831877,0.192480019145203,124.569891553116,567,69.6000061035156,1.9219791,"Hêtre","Forêts domaniales RF"
1804622,0.526158460788087,141.040723104395,598,96.3000030517578,2.0886197,"Douglas","Autres forêts publiques RF"
1843746,0.21734927224023,215.258841237788,401,56.6999969482422,1.763563,"Douglas","Forêts domaniales RF"
1846675,0.212313108563801,359.967812593815,514,104.400001525879,2.0694168,"Sapin pectiné","Autres forêts publiques RF"
1825468,0.42950491395302,1113.85793611064,599,91.3500061035156,3.7857144,"Hêtre","Forêts privées et autres - Hors PSG"
1802542,0.164761770874183,165.203759146804,487,45,1.4566791,"Sapin pectiné","Autres forêts publiques RF"
1803656,0.305185339953565,386.798461803808,364,75.1500015258789,2.6393163,"Bouleau","Forêts privées et autres - Hors PSG"
1825196,0.192513939707076,291.200695742331,469,81,1.7056711,"Sapin pectiné","Forêts domaniales RF"
1807799,0.107015447749134,68.0258996845519,398,130.5,4.818281,"Bouleau","Forêts privées et autres - Hors PSG"
1802069,0.300468197965708,502.175474512331,584,78.3000030517578,2.6117413,"Épicéa commun","Forêts privées et autres - Hors PSG"
1808009,0.322642121279246,192.911091961651,712,63.2000007629395,2.1195083,"Sapin pectiné","Autres forêts publiques RF"
1816056,0.22075653179468,260.042227877077,497,25.1999988555908,1.9473422,"Sapin pectiné","Autres forêts publiques RF"
1843243,0.127192648177389,144.567091925654,405,50.3999977111816,1.5226629,"Sapin pectiné","Forêts domaniales RF"
1829332,0.417035318917177,426.68095397606,430,81,1.8658291,"Sapin pectiné","Forêts domaniales RF"
1812741,0.231980745403927,241.314332838966,528,42,1.5815027,"Sapin pectiné","Autres forêts publiques RF"
1841387,0.281856661226412,420.962062027227,688,105,1.3205038,"Épicéa commun","Forêts privées et autres - Hors PSG"
1849290,0.0870127649012438,3.6996269604533,493,52.2000007629395,3.5370662,"Noisetier","Forêts privées et autres - Hors PSG"
1850490,0.207270490677973,333.316730935217,544,56.6999969482422,1.6572107,"Sapin pectiné","Forêts domaniales RF"
1827016,0.264711906428915,215.93123704344,585,39.8999977111816,1.3714174,"Sapin pectiné","Forêts privées et autres - En PSG"
1846483,0.303721652185431,95.2029235618545,482,93,3.1592875,"Bouleau","Forêts privées et autres - Hors PSG"
1850581,0.442164431520927,541.102942342321,673,69.6000061035156,3.2662194,"Hêtre","Forêts privées et autres - Hors PSG"
1807925,0.189033533189966,66.3525647623909,613,50.75,1.8900582,"Sapin pectiné","Autres forêts publiques RF"
1801441,0.438302167580764,363.595107694789,748,58,1.7336165,"Sapin pectiné","Autres forêts publiques RF"
1832384,0.147068833757544,149.988370434826,466,104.400001525879,2.011356,"Sapin pectiné","Autres forêts publiques RF"
1802466,0.233447740551524,131.098722271941,801,40.6000022888184,2.7132714,"Chêne rouvre","Autres forêts publiques RF"
1810143,0.115311579976482,64.7038687406774,475,56.6999969482422,1.3224534,"Sapin pectiné","Forêts domaniales RF"
1811508,0.433353970516229,319.564368344148,622,35.5999984741211,1.8748869,"Épicéa commun","Forêts privées et autres - Hors PSG"
1801091,0.324968926572598,128.88386639569,508,46.4000015258789,4.0496435,"Épicéa commun","Autres forêts publiques RF"
1807768,0.314336059938627,209.370076473953,472,62.9999961853027,2.5330908,"Épicéa commun","Forêts domaniales RF"
1816435,0.407606909213207,291.211217508645,734,29.3999977111816,1.503945,"Sapin pectiné","Forêts domaniales RF"
1839415,0.235695518762974,139.487533669288,856,63,2.5347893,"Hêtre","Autres forêts publiques RF"
1854366,0.451517589344843,388.49470724801,658,26.1000022888184,2.3849218,"Sapin pectiné","Autres forêts publiques RF"
1816318,0.282733393021631,157.162775593818,887,104.400001525879,3.7492976,"Épicéa commun","Autres forêts publiques RF"
1846247,0.200859793769202,313.307633979896,879,42,1.968879,"Sapin pectiné","Forêts domaniales RF"
1804508,0.492093478021051,469.636080716762,598,62.9999961853027,3.2113283,"Hêtre","Forêts domaniales RF"
1828090,0.181960683942369,232.471916647878,677,81.2000045776367,4.176616,"Douglas","Autres forêts publiques RF"
1823960,0.175214872332173,124.720567281464,801,39.2000007629395,1.5727456,"Sapin pectiné","Autres forêts publiques RF"
1822920,0.167800902025928,45.8655064986752,479,93.6000061035156,3.3110714,"Douglas","Forêts privées et autres - Hors PSG"
1840141,0.363120044406764,257.050774762403,860,112.5,2.4626267,"Sapin pectiné","Forêts domaniales RF"
1842986,0.292572523511694,181.751281397159,836,74.4000015258789,2.567192,"Grand érable","Forêts privées et autres - Hors PSG"
1849252,0.12361110815949,54.6450869151784,667,98,2.0418086,"Épicéa commun","Autres forêts publiques RF"
1813251,0.340313203066709,301.397768962235,497,81,1.9973102,"Sapin pectiné","Autres forêts publiques RF"
1852878,0.276628076911795,399.712186084025,504,117.450004577637,4.314957,"Épicéa commun","Forêts privées et autres - Hors PSG"
1805546,0.498791605234146,37.8936611666529,791,13.0500011444092,2.4015634,"Sapin pectiné","Autres forêts publiques RF"
1840059,0.309513043788187,214.944119175351,972,122.850006103516,2.6327682,"Épicéa commun","Forêts domaniales RF"
1824482,0.406814582003284,100.825876197634,658,39.1500015258789,2.0213904,"Épicéa commun","Forêts privées et autres - Hors PSG"
1829416,0.120761115960311,135.679589048214,892,122.850006103516,2.4173148,"Hêtre","Autres forêts publiques RF"
1828841,0.252177900651631,176.016572257283,668,78,1.6639117,"Sapin pectiné","Autres forêts publiques RF"
1824953,0.342191289476579,253.371152963147,1031,84,2.1289325,"Sapin pectiné","Autres forêts publiques RF"
1825273,0.26968119780948,322.88546431754,1118,157.950012207031,2.0026908,"Hêtre","Autres forêts publiques RF"
1801887,0.358642280694367,510.185825944912,956,60.9000053405762,2.4757023,"Sapin pectiné","Autres forêts publiques RF"
1816710,0.235095013032678,363.678926696665,677,81.2000045776367,1.8370601,"Sapin pectiné","Autres forêts publiques RF"
1843853,0.289196490112463,162.936692212525,1017,120.150001525879,1.7937895,"Épicéa commun","Forêts privées et autres - En PSG"
1851639,0.275099096839232,40.7008841315066,1019,104.400001525879,1.8704712,"Sapin pectiné","Autres forêts publiques RF"
1839987,0.388059454247134,241.252914012394,892,34.8000030517578,1.8557355,"Épicéa commun","Forêts privées et autres - En PSG"
1807684,0.394787379526706,456.179865296286,822,136.800003051758,4.2842484,"Hêtre","Autres forêts publiques RF"
1945101,0.270002271131788,228.834773902546,294,77.6000061035156,4.3011775,"Hêtre","Forêts privées et autres - Hors PSG"
1917645,0.189350442780544,164.251826093793,354,33.5999984741211,1.6043328,"Sapin pectiné","Forêts privées et autres - Hors PSG"
1913425,0.168967732191325,195.605932318376,327,56.6999969482422,1.4195765,"Pin sylvestre","Autres forêts publiques RF"
1915989,0.271622537649666,231.965475088999,369,159.5,2.6872792,"Sapin pectiné","Forêts privées et autres - En PSG"
1916294,0.221993146047118,395.05011771766,436,62.9999961853027,2.6905153,"Hêtre","Forêts domaniales RF"
1907189,0.158767795816209,124.103182631238,454,30,1.8021315,"Épicéa commun","Forêts privées et autres - En PSG"
1946282,0.138534275391976,53.2208155005476,466,56,1.3799672,"Sapin pectiné","Forêts domaniales RF"
1937302,0.174666361187877,282.629750992974,488,62.9999961853027,1.2458621,"Épicéa commun","Forêts privées et autres - En PSG"
1928736,0.268000985087982,204.750411868589,395,44.1000022888184,2.0781558,"Hêtre","Forêts domaniales RF"
1910033,0.463717104785631,349.45193586868,361,90,3.2393534,"Hêtre","Forêts domaniales RF"
1940116,0.169361647934066,289.632200912139,360,56.6999969482422,2.7720284,"Sapin pectiné","Forêts domaniales RF"
1933258,0.33432049619915,222.310340854246,373,18.8999996185303,1.0737143,"Sapin pectiné","Forêts domaniales RF"
1954823,0.251433125890498,181.526753712438,693,44.1000022888184,0.80871606,"Épicéa commun","Forêts privées et autres - En PSG"
1932482,0.271175511465978,157.890390127279,324,89.0999984741211,1.7446327,"Hêtre","Forêts privées et autres - Hors PSG"
1907298,0.287131869348321,352.197758514322,405,31.5,2.4882019,"Hêtre","Forêts domaniales RF"
1911513,0.268885025775942,102.739532843998,659,18.8999996185303,1.2287198,"Épicéa commun","Forêts domaniales RF"
1952510,0.388107840003134,131.944799047797,316,94.5,1.8960688,"Pin sylvestre","Forêts privées et autres - Hors PSG"
1924383,0.212622565092925,235.692442580732,414,60,5.939623,"Douglas","Forêts domaniales RF"
1927017,0.211389481163021,338.650753249677,631,31.5,1.2079285,"Pin sylvestre","Forêts domaniales RF"
1932814,0.525061445143315,463.994400954429,753,37.7999992370605,1.3525181,"Pin sylvestre","Forêts domaniales RF"
1914916,0.34513059504259,280.725470154657,384,27,1.6332332,"Chêne rouvre","Forêts privées et autres - Hors PSG"
1940975,0.43658362100023,155.024821186745,255,69,1.4065548,"Chêne rouvre","Forêts domaniales RF"
1935467,0.31662424069042,257.961382822771,346,65,1.3668981,"Chêne rouvre","Forêts domaniales RF"
1908635,0.19992507253152,152.385879037357,862,54,1.3200579,"Sapin pectiné","Autres forêts publiques RF"
1953511,0.309985395986849,128.714458741372,243,72,1.2567245,"Pin sylvestre","Forêts privées et autres - En PSG"
1916188,0.16031571044259,153.292606287973,232,55.7999992370605,1.4365596,"Pin sylvestre","Forêts domaniales RF"
1914367,0.601212636259261,357.165360970345,268,115.5,1.736829,"Chêne rouvre","Forêts privées et autres - En PSG"
1942959,0.124920752508097,190.572313198527,326,56.6999969482422,2.1205971,"Hêtre","Forêts domaniales RF"
1904558,0.392360807839264,234.032843449917,256,62.9999961853027,2.3322635,"Chêne rouvre","Forêts privées et autres - Hors PSG"
1905191,0.284974805303043,244.303330844146,252,60,1.6563277,"Pin sylvestre","Autres forêts publiques RF"
1909668,0.18369348690847,222.250305118196,331,62.9999961853027,2.958318,"Hêtre","Forêts domaniales RF"
1931824,0.267292140325022,275.184386330805,269,62.9999961853027,2.1655002,"Hêtre","Forêts domaniales RF"
1907275,0.469861976489424,375.723124660864,310,81,1.1920964,"Pin sylvestre","Forêts domaniales RF"
1942602,0.218164487492736,328.856019840117,451,90,2.1030648,"Hêtre","Forêts domaniales RF"
1944104,0.163788432924118,136.466210599944,701,90,1.2355384,"Épicéa commun","Autres forêts publiques RF"
1924671,0.569136365623831,123.80909733733,597,35,1.4917575,"Sapin pectiné","Forêts domaniales RF"
1909613,0.16965378035667,196.476988124472,536,37.7999992370605,3.5396805,"Grand aulne","Forêts domaniales RF"
1949090,0.323661965327681,209.732785711547,313,62.9999961853027,1.6611816,"Hêtre","Forêts domaniales RF"
1928146,0.275709048437198,474.936305228287,215,90,4.0273786,"Châtaignier","Forêts privées et autres - Hors PSG"
1935412,0.338744702003775,301.795989763905,437,81,1.2449929,"Sapin pectiné","Autres forêts publiques RF"
1916495,0.253536927302759,330.418780028069,656,60,1.3721865,"Pin sylvestre","Forêts domaniales RF"
1932643,0.269608340357754,336.609690099517,575,89.1999969482422,3.6638424,"Douglas","Autres forêts publiques RF"
1921014,0.368908285553143,313.371849689353,462,18,2.3611615,"Hêtre","Autres forêts publiques RF"
1906693,0.299034441982289,314.905947082169,515,58,3.7197192,"Épicéa commun","Forêts privées et autres - En PSG"
1929090,0.165248059894288,93.7830868659305,523,160.500015258789,1.5824363,"Pin sylvestre","Autres forêts publiques RF"
1921125,0.285975773913782,338.543194352376,237,62.9999961853027,1.0479317,"Pin sylvestre","Autres forêts publiques RF"
1951466,0.22058634570487,320.419389635438,478,60,1.5722468,"Sapin pectiné","Forêts domaniales RF"
1928801,0.286650084657655,197.227206873597,430,65.25,4.123157,"Sapin pectiné","Autres forêts publiques RF"
1932059,0.222715737345702,226.655287179443,443,92.8000030517578,2.8889432,"Hêtre","Autres forêts publiques RF"
1920121,0.340784015493591,390.048757320362,654,58,1.3355848,"Épicéa commun","Autres forêts publiques RF"
1926955,0.227009382458014,561.845888559477,560,153,5.1916127,"Grand aulne","Forêts privées et autres - Hors PSG"
1904212,0.488005096818891,268.099974511419,291,50.3999977111816,2.8030837,"Chêne rouvre","Forêts domaniales RF"
1927188,0.335568237920262,288.877956209809,928,65.25,2.0032504,"Douglas","Autres forêts publiques RF"
1950077,0.426502935808869,380.423639959511,674,65.25,3.0240974,"Sapin pectiné","Autres forêts publiques RF"
1913081,0.242055592303933,217.297333393845,984,130.5,1.1989739,"Épicéa commun","Autres forêts publiques RF"
1929999,0.36392031698852,471.405495659438,604,52.2000007629395,3.7367275,"Épicéa commun","Autres forêts publiques RF"
1929431,0.461234452526891,330.245914693989,481,42,2.815715,"Sapin pectiné","Forêts privées et autres - En PSG"
1928887,0.149997287902955,162.264937873936,357,123,4.083306,"Châtaignier","Forêts privées et autres - Hors PSG"
1924747,0.296144749797227,269.656690976749,573,62.9999961853027,1.4177463,"Pin sylvestre","Autres forêts publiques RF"
1924144,0.41825920343399,23.8568680504626,234,90,2.7901814,"Épicéa commun","Forêts domaniales RF"
1907618,0.388271650807957,342.349107564994,518,31.5,3.4232934,"Pin sylvestre","Forêts privées et autres - En PSG"
1915914,0.21151531289208,131.105663338039,671,52.2000045776367,2.1944005,"Sapin pectiné","Autres forêts publiques RF"
1926811,0.375122360516019,508.288063523346,484,130.5,3.3180149,"Hêtre","Autres forêts publiques RF"
1900309,0.534212834300964,293.648441962905,547,28,3.4959753,"Hêtre","Forêts domaniales RF"
1920883,0.255594861745148,333.284686542139,331,91.3499984741211,2.4430954,"Hêtre","Autres forêts publiques RF"
1937365,0.185961719135291,227.364606454883,393,80,2.4973323,"Chêne rouge d'Amérique","Autres forêts publiques RF"
1938532,0.264819390801037,128.086893550007,282,104.400001525879,3.3093665,"Chêne rouvre","Autres forêts publiques RF"
1951413,0.242861678019476,240.37551987643,1076,69.2999954223633,2.733321,"Hêtre","Forêts domaniales RF"
1938214,0.176815593277752,127.889808563595,908,40.6000022888184,3.3589625,"Grand érable","Forêts privées et autres - Hors PSG"
1953760,0.330881328450672,287.042779644664,960,98,2.3523607,"Hêtre","Forêts domaniales RF"
1925964,0.200653926310131,157.942536285588,629,81.9000091552734,2.5983574,"Chêne rouvre","Forêts privées et autres - Hors PSG"
1919698,0.329183278976497,279.898786699822,741,16.1499996185303,2.0176249,"Sapin pectiné","Autres forêts publiques RF"
1905314,0.257377204314299,226.647063084936,783,81.2000045776367,2.4455183,"Épicéa commun","Autres forêts publiques RF"
1903311,0.308011149210814,278.882719543392,1027,96,2.3526425,"Grand aulne","Autres forêts publiques RF"
1927648,0.387686237268532,495.922853824153,946,36.25,3.5326,"Hêtre","Autres forêts publiques RF"
1931887,0.403298616409302,13.4388195313515,799,73.5,2.8254085,"Épicéa commun","Forêts privées et autres - Hors PSG"
1941353,0.346869757627641,302.324856564013,746,50.3999977111816,1.4050931,"Épicéa commun","Autres forêts publiques RF"
1927606,0.515614815999816,258.169545033278,556,9,4.2184024,"Chêne rouvre","Autres forêts publiques RF"
1907738,0.228421326455018,125.052689142604,972,52.2000045776367,2.7855961,"Épicéa commun","Autres forêts publiques RF"
1939272,0.219339500110109,120.85664855575,684,50.3999977111816,2.601822,"Noisetier","Forêts privées et autres - Hors PSG"
1907121,0.40328080846748,461.140007376515,1031,84,3.8235989,"Hêtre","Autres forêts publiques RF"
1948455,0.546649478559309,370.720372527818,734,81.9000091552734,2.609385,"Hêtre","Autres forêts publiques RF"
1919682,0.120407080430067,39.6461771579977,687,54.6000022888184,2.393399,"Sapin pectiné","Forêts privées et autres - Hors PSG"
1908121,0.614201266487734,275.565275313553,625,40.6000022888184,3.6094916,"Sapin pectiné","Autres forêts publiques RF"
1909152,0.361537639233723,686.307316656475,589,60.9000053405762,4.0041227,"Sapin pectiné","Autres forêts publiques RF"
1936131,0.278299775574245,303.657878650585,674,19.6000003814697,3.1480544,"Hêtre","Autres forêts publiques RF"
1928592,0.161640697544082,27.5693604654438,431,81,3.7467341,"Hêtre","Autres forêts publiques RF"
1940819,0.496077256286068,467.196280182732,701,42,3.5604124,"Sapin pectiné","Forêts domaniales RF"
1915987,0.154589784170321,214.724953526703,552,52.2000007629395,6.4210477,"Frêne","Forêts privées et autres - Hors PSG"
1952975,0.298451819387598,395.141421465888,940,85.75,4.920612,"Hêtre","Autres forêts publiques RF"
1919651,0.400806601180114,278.474873416191,631,58.8000030517578,4.57015,"Hêtre","Autres forêts publiques RF"
1913398,0.295225208795166,121.932052325459,466,163,5.6217074,"Grand aulne","Forêts privées et autres - Hors PSG"
1937448,0.203617312678001,217.057495656116,433,40.6000022888184,2.5213494,"Chêne rouvre","Autres forêts publiques RF"
1911258,0.54126937496232,390.536843625064,687,92.8000030517578,4.2784257,"Douglas","Autres forêts publiques RF"
1919499,0.330073093219669,388.715138325965,557,126.450012207031,3.3406565,"Chêne rouvre","Autres forêts publiques RF"
1922045,0.344144614319274,200.612486752263,885,61.25,4.2737117,"Hêtre","Autres forêts publiques RF"
1939888,0.196680802602557,249.85941300045,382,145.500015258789,5.198758,"Grand aulne","Forêts privées et autres - Hors PSG"
1904040,0.412529617547989,20.9882372665672,480,30.4500026702881,3.1574416,"Grand érable","Forêts privées et autres - Hors PSG"
1901034,0.21860986174741,175.194173317072,687,69.6000061035156,2.1870003,"Sapin pectiné","Autres forêts publiques RF"
1904936,0.276728012688861,425.596468319604,491,40.6000022888184,4.4332256,"Chêne rouvre","Forêts privées et autres - En PSG"
1939756,0.252563810695435,453.960019450094,419,46.4000015258789,2.2560935,"Chêne rouvre","Forêts privées et autres - Hors PSG"
1947666,0.204462420562057,179.287228083108,678,40.6000022888184,2.9498901,"Grand aulne","Forêts privées et autres - Hors PSG"
1903745,0.178127004943708,146.959092646541,379,70,2.9565125,"Charme","Forêts privées et autres - Hors PSG"
1941815,0.22877570398982,313.845660808094,623,81.2000045776367,2.7036276,"Sapin pectiné","Forêts privées et autres - Hors PSG"
1913963,0.298652386994538,210.303798715074,767,74.9000015258789,4.343724,"Sapin pectiné","Forêts domaniales RF"
1924328,0.531831402944107,246.890624080401,798,84,1.653736,"Hêtre","Forêts privées et autres - Hors PSG"
1942000,0.240549010683242,396.467570496449,333,90,2.0045736,"Douglas","Autres forêts publiques RF"
1950519,0.262964335694313,170.39143271907,517,35,2.2279103,"Sapin pectiné","Autres forêts publiques RF"
1937022,0.193663513052304,225.245959424469,398,81,1.3102176,"Sapin pectiné","Autres forêts publiques RF"
1948353,0.147401848133461,105.02417302117,555,97.2000045776367,1.7770722,"Épicéa commun","Autres forêts publiques RF"
1939374,0.137338665857231,123.943379913228,380,117.450004577637,4.9188614,"Hêtre","Forêts privées et autres - Hors PSG"
1920137,0.154812032354653,240.213285725216,355,90,1.6616197,"Sapin pectiné","Forêts domaniales RF"
1928474,0.240892363658373,272.204304988785,383,84,2.1885629,"Épicéa commun","Autres forêts publiques RF"
1912698,0.23877115146129,227.240841216915,679,65.25,1.7790684,"Sapin pectiné","Forêts domaniales RF"
1927651,0.282042264906673,277.064348762202,441,40,1.559353,"Sapin pectiné","Forêts domaniales RF"
1927491,0.239964822125882,161.354020003194,549,48,2.1637418,"Sapin pectiné","Forêts domaniales RF"
1913438,0.15990289638323,94.1224995455174,321,144.5,4.1780763,"Grand aulne","Forêts privées et autres - Hors PSG"
1935541,0.514907532459021,197.812836061166,402,56,1.6907356,"Sapin pectiné","Forêts domaniales RF"
1949841,0.355240373573905,231.552264881845,324,168,2.5351274,"Épicéa commun","Forêts domaniales RF"
1947347,0.254160437617815,227.989606397197,502,28,1.403883,"Sapin pectiné","Autres forêts publiques RF"
1945142,0.212136670504683,146.936123264296,557,39.2000007629395,0.9617835,"Sapin pectiné","Forêts domaniales RF"
1946267,0.42240475045839,273.421710796535,649,40.6000022888184,2.0464463,"Hêtre","Autres forêts publiques RF"
1924904,0.562771856784821,17.4200269554455,721,109.350006103516,3.2887409,"Grand érable","Forêts privées et autres - Hors PSG"
1937885,0.219779383094254,286.219749366986,725,104.400001525879,2.4029076,"Chêne rouvre","Autres forêts publiques RF"
1903600,0.107246136874348,74.0462752553504,405,39.2000007629395,1.8601024,"Sapin pectiné","Autres forêts publiques RF"
1941303,0.211939993091172,186.076348090956,359,62.9999961853027,6.0837226,"Grand aulne","Forêts privées et autres - Hors PSG"
1933007,0.160781192183182,195.884326841169,579,33.5999984741211,1.7088916,"Sapin pectiné","Autres forêts publiques RF"
1907876,0.237869292289186,277.480428911591,715,65.25,1.6759953,"Épicéa commun","Forêts privées et autres - Hors PSG"
1918016,0.404353178582381,353.024165405802,831,130.5,2.4457922,"Hêtre","Autres forêts publiques RF"
1911069,0.178228910862218,137.972242245953,569,44.1000022888184,1.821732,"Sapin pectiné","Autres forêts publiques RF"
1905539,0.173654383914526,132.454204715385,497,32,1.3970615,"Sapin pectiné","Forêts domaniales RF"
1915711,0.364807596752053,352.388459840297,455,81,3.1691668,"Sapin pectiné","Forêts privées et autres - Hors PSG"
1908616,0.204227634854119,147.83206562547,454,56,2.4446423,"Châtaignier","Autres forêts publiques RF"
1953686,0.173048429832538,84.7340489048624,421,161.999984741211,4.3895593,"Douglas","Forêts privées et autres - Hors PSG"
1916452,0.36788480401085,286.435782769401,796,42,2.1363764,"Sapin pectiné","Forêts domaniales RF"
1930460,0.455919700476739,278.866606398615,801,40.6000022888184,2.400025,"Épicéa commun","Autres forêts publiques RF"
1942842,0.410360065259433,106.082160260959,746,40,1.8007519,"Sapin pectiné","Forêts domaniales RF"
1902725,0.237833710460668,329.252386525243,588,81,5.948002,"Charme","Forêts privées et autres - Hors PSG"
1913022,0.270376935278271,202.736737311825,741,21,2.120997,"Sapin pectiné","Autres forêts publiques RF"
1943352,0.2923646061327,253.063256857669,756,42,2.16743,"Sapin pectiné","Forêts domaniales RF"
1950074,0.291407373604627,312.02630029261,771,112.5,2.565638,"Épicéa commun","Autres forêts publiques RF"
1930770,0.437145690502306,332.082807154384,493,132.300003051758,2.6870942,"Sapin pectiné","Autres forêts publiques RF"
1925911,0.101309182221604,24.9091216803269,627,117.450004577637,3.0307755,"Bouleau","Autres forêts publiques RF"
1906762,0.278948152009488,305.77628620908,868,81,2.194065,"Sapin pectiné","Autres forêts publiques RF"
1947194,0.243636215580411,259.105737638002,959,91.3499984741211,2.1786766,"Sapin pectiné","Forêts domaniales RF"
1911332,0.334738210292837,305.16888354272,1003,84,2.1702511,"Sapin pectiné","Forêts domaniales RF"
1946701,0.432838317119027,390.604686321699,506,81,2.0175214,"Sapin pectiné","Forêts domaniales RF"
1902247,0.250276784979964,507.810953571346,587,104.400001525879,4.10383,"Chêne pédonculé","Forêts privées et autres - Hors PSG"
1902012,0.422195664693896,380.215202470824,1029,46.4000015258789,1.8487376,"Sapin pectiné","Forêts domaniales RF"
1944022,0.326405900172415,427.224230910251,865,73.5,2.762233,"Hêtre","Forêts domaniales RF"
1904942,0.471504264625426,333.831877515491,1093,93.2000045776367,2.3527343,"Hêtre","Autres forêts publiques RF"
1944142,0.205668085467774,285.564640632807,1015,60.9000053405762,1.9956561,"Sapin pectiné","Autres forêts publiques RF"
1928518,0.327668490633655,313.377238918403,997,71.0500030517578,3.096588,"Hêtre","Autres forêts publiques RF"
1918194,0.28069647900609,417.654079055446,649,34.8000030517578,3.0357842,"Sapin pectiné","Autres forêts publiques RF"
1901091,0.280098837415462,213.778670544395,952,81.9000015258789,2.1036053,"Sapin pectiné","Autres forêts publiques RF"
1918534,0.201133587805337,270.231699557713,948,117.450004577637,2.114262,"Sapin pectiné","Forêts domaniales RF"
1919657,0.21279648386492,155.73674206315,859,29,3.0258343,"Hêtre","Autres forêts publiques RF"
1941581,0.304463324154948,694.412193162016,902,99.4500045776367,3.7178013,"Sapin pectiné","Autres forêts publiques RF"
1920222,0.221190332282086,226.421201383635,1082,104.400001525879,5.287863,"Hêtre","Forêts domaniales RF"
1946407,0.368917448453515,461.100537139229,634,69.6000061035156,3.0431917,"Épicéa commun","Forêts domaniales RF"
1951415,0.242508920553853,135.576567944243,1192,68,1.4110475,"Épicéa commun","Forêts privées et autres - En PSG"
1952822,0.294007871408369,496.148645371364,579,58,2.6713262,"Hêtre","Autres forêts publiques RF"
1918008,0.457846470783052,269.523180756454,941,26.25,2.8984108,"Hêtre","Forêts privées et autres - En PSG"
1908363,0.472047102231383,235.268006496719,840,69.6000061035156,2.7712657,"Hêtre","Autres forêts publiques RF"
1941094,0.41360296459174,302.562704128706,643,81.2000045776367,1.9976155,"Chêne rouvre","Forêts privées et autres - En PSG"
2010360,0.151465368071601,NA,298,67,2.0666175,"Épicéa commun","Autres forêts publiques RF"
2036898,0.31972403784997,NA,323,90,3.7158992,"Douglas","Forêts privées et autres - Hors PSG"
2033903,0.254547139338148,NA,384,90,3.8493776,"Sapin pectiné","Autres forêts publiques RF"
2008100,0.282089809843773,NA,418,130.5,2.344664,"Hêtre","Autres forêts publiques RF"
2020483,0.186271161172597,NA,373,63,1.6771125,"Pin sylvestre","Forêts domaniales RF"
2003263,0.176890493027984,NA,492,29.6000003814697,2.282549,"Sapin pectiné","Forêts privées et autres - Hors PSG"
2033957,0.270447993446022,NA,476,48.6000022888184,1.6120592,"Douglas","Forêts privées et autres - En PSG"
2001175,0.0948563441634178,NA,661,86,1.8107992,"Épicéa commun","Forêts privées et autres - En PSG"
2021802,0.337329814022215,NA,402,108,1.8608981,"Mélèze d'Europe","Forêts privées et autres - En PSG"
2028999,0.199476820329059,NA,258,90,3.0834763,"Charme","Forêts privées et autres - En PSG"
2037351,0.24519287355079,NA,284,90,2.5902803,"Épicéa commun","Forêts privées et autres - Hors PSG"
2037334,0.456533799417881,NA,385,130.5,2.4802182,"Hêtre","Forêts privées et autres - En PSG"
2045024,0.275116508138236,NA,324,108,1.4094595,"Pin sylvestre","Forêts domaniales RF"
2004660,0.222113364957979,NA,476,101.25,2.1397603,"Sapin pectiné","Forêts domaniales RF"
2008237,0.338579444354663,NA,404,80,2.884806,"Chêne rouvre","Forêts domaniales RF"
2041522,0.134473475145648,NA,343,90,2.3068717,"Hêtre","Forêts domaniales RF"
2053095,0.170706732135367,NA,330,99,1.417031,"Épicéa commun","Forêts domaniales RF"
2004389,0.338061931312326,NA,509,81,2.265773,"Hêtre","Forêts domaniales RF"
2027976,0.272338458734599,NA,449,102.5,1.7943765,"Sapin pectiné","Forêts domaniales RF"
2044579,0.255354465276074,NA,303,0,1.080608,"Pin sylvestre","Forêts privées et autres - Hors PSG"
2050591,0.323255252187046,NA,304,48,0.8300583,"Pin sylvestre","Forêts domaniales RF"
2003130,0.127073855030459,NA,308,42,2.1145642,"Pin sylvestre","Forêts domaniales RF"
2047218,0.301153868555749,NA,466,90,1.8674935,"Sapin pectiné","Forêts domaniales RF"
2039169,0.193033805647754,NA,531,65.25,1.5827745,"Sapin pectiné","Forêts domaniales RF"
2018152,0.151074895588325,NA,267,72,2.4244158,"Épicéa commun","Forêts domaniales RF"
2048995,0.252588393478671,NA,771,62.4000015258789,1.8441417,"Sapin pectiné","Forêts domaniales RF"
2045896,0.284866639416883,NA,265,116,2.3436215,"Chêne rouvre","Forêts domaniales RF"
2025019,0.179111983044363,NA,265,90,2.4708097,"Hêtre","Forêts domaniales RF"
2011658,0.255311248492638,NA,258,40,2.4555635,"Hêtre","Forêts domaniales RF"
2014113,0.531151343675606,NA,236,62.9999961853027,1.7965314,"Pin sylvestre","Forêts domaniales RF"
2026640,0.194917456848861,NA,375,81,3.86085,"Chêne rouvre","Forêts domaniales RF"
2012517,0.322573013776614,NA,368,90,6.6660986,"Douglas","Forêts privées et autres - Hors PSG"
2054817,0.485760445405347,NA,629,56.6999969482422,2.124255,"Sapin pectiné","Forêts domaniales RF"
2006013,0.147463038750555,NA,239,72,2.1517303,"Pin sylvestre","Forêts domaniales RF"
2044531,0.189100004586632,NA,215,90,2.6555517,"Hêtre","Forêts domaniales RF"
2031385,0.319209033541671,NA,392,56,1.3456172,"Pin sylvestre","Forêts domaniales RF"
2035154,0.262295937347338,NA,742,141.75,2.3092854,"Hêtre","Forêts domaniales RF"
2022643,0.13317041478304,NA,830,56,1.8553278,"Sapin pectiné","Forêts domaniales RF"
2049825,0.421381945231661,NA,241,121.500007629395,5.7903795,"Grand aulne","Forêts privées et autres - Hors PSG"
2023526,0.283886645478102,NA,219,72,2.8373864,"Épicéa commun","Forêts domaniales RF"
2022668,0.143472659750791,NA,772,75.5999984741211,1.5704633,"Épicéa commun","Autres forêts publiques RF"
2002022,0.322596507967555,NA,457,56,1.7918702,"Chêne rouvre","Autres forêts publiques RF"
2040604,0.227921901971464,NA,209,84,3.1140733,"Grand aulne","Forêts privées et autres - En PSG"
2017145,0.296118898777639,NA,391,104.400001525879,1.6588767,"Pin sylvestre","Autres forêts publiques RF"
2036401,0.363307241982145,NA,556,60.9000015258789,3.178533,"Douglas","Forêts domaniales RF"
2052188,0.131335560127729,NA,468,60.4000015258789,1.8431379,"Hêtre","Autres forêts publiques RF"
2052837,0.371488810197937,NA,417,42,2.4799542,"Chêne rouvre","Autres forêts publiques RF"
2019537,0.428726991149056,NA,598,78,2.2205257,"Pin sylvestre","Autres forêts publiques RF"
2001855,0.194119588229507,NA,560,49,1.6225593,"Pin sylvestre","Autres forêts publiques RF"
2045367,0.219639205787052,NA,819,56,2.5207865,"Épicéa commun","Autres forêts publiques RF"
2016492,0.403321722640262,NA,611,109.200004577637,2.144415,"Épicéa commun","Forêts domaniales RF"
2018897,0.339248723591798,NA,284,33.5999984741211,1.7981215,"Hêtre","Forêts privées et autres - En PSG"
2033870,0.302906353663683,NA,387,26.25,1.9956994,"Chêne rouvre","Autres forêts publiques RF"
2004472,0.281157337073534,NA,448,81.2000045776367,2.3617163,"Douglas","Forêts privées et autres - En PSG"
2017545,0.17977540043741,NA,847,117.450004577637,1.9183669,"Épicéa commun","Autres forêts publiques RF"
2021670,0.121594376862049,NA,1054,158.5,1.863821,"Bouleau","Forêts domaniales RF"
2022867,0.23100544776511,NA,522,61.25,2.306104,"Châtaignier","Forêts privées et autres - Hors PSG"
2052064,0.45470956959329,NA,265,81,2.2059672,"Épicéa commun","Forêts privées et autres - En PSG"
2018678,0.229410990388325,NA,565,39.2000007629395,2.954042,"Épicéa commun","Autres forêts publiques RF"
2031039,0.290917592928855,NA,396,109.200004577637,4.1382637,"Châtaignier","Forêts privées et autres - Hors PSG"
2023736,0.440742692111262,NA,427,62.9999961853027,1.8070835,"Pin sylvestre","Forêts privées et autres - En PSG"
2031988,0.444056940872521,NA,563,39.2000007629395,2.002185,"Sapin pectiné","Autres forêts publiques RF"
2024119,0.176730815392001,NA,269,122.850006103516,6.9349008,"Cerisier ou merisier","Forêts privées et autres - Hors PSG"
2048605,0.417722585284401,NA,437,37.7999992370605,2.3425722,"Hêtre","Autres forêts publiques RF"
2002663,0.304066046382566,NA,375,104.400001525879,4.220667,"Chêne rouvre","Autres forêts publiques RF"
2051531,0.136082344541812,NA,370,81.2000045776367,4.6270986,"Hêtre","Autres forêts publiques RF"
2043279,0.256091417591727,NA,306,72,1.9044114,"Épicéa commun","Forêts domaniales RF"
2025030,0.286759950622851,NA,386,56,1.904642,"Hêtre","Forêts domaniales RF"
2043336,0.302792008189092,NA,474,58,1.6362973,"Chêne rouvre","Autres forêts publiques RF"
2017242,0.180467639563289,NA,381,58,2.4917052,"Pin sylvestre","Autres forêts publiques RF"
2031240,0.461394515657459,NA,1000,108,2.933598,"Épicéa commun","Autres forêts publiques RF"
2032247,0.387188623237951,NA,1168,65.25,1.6552058,"Épicéa commun","Forêts domaniales RF"
2054819,0.155151960476151,NA,945,56,2.0471032,"Hêtre","Autres forêts publiques RF"
2042787,0.332352151444183,NA,723,81.2000045776367,3.4708066,"Sapin pectiné","Autres forêts publiques RF"
2031206,0.165752067088577,NA,475,40.6000022888184,2.6026428,"Chêne rouvre","Autres forêts publiques RF"
2012026,0.403996563090284,NA,1073,60.9000053405762,1.8868402,"Épicéa commun","Autres forêts publiques RF"
2008672,0.214275355613099,NA,1054,81,1.8890418,"Pin sylvestre","Forêts privées et autres - Hors PSG"
2037891,0.480792380706902,NA,967,116.400009155273,2.2333903,"Épicéa commun","Autres forêts publiques RF"
2015939,0.459135250486302,NA,748,26.25,2.9248912,"Hêtre","Autres forêts publiques RF"
2036698,0.60312398690081,NA,807,40.6000022888184,1.8182751,"Épicéa commun","Forêts privées et autres - Hors PSG"
2012873,0.0854995352791396,NA,783,21.7500019073486,2.6059535,"Hêtre","Forêts privées et autres - Hors PSG"
2020304,0.334039007049624,NA,352,33.5999984741211,6.3434706,"Charme","Forêts domaniales RF"
2016787,0.367813825361976,NA,706,14.6999988555908,2.127766,"Pin sylvestre","Forêts domaniales RF"
2031924,0.363957275636614,NA,685,36,3.481798,"Hêtre","Autres forêts publiques RF"
2019021,0.33740466203247,NA,500,33.5999984741211,4.053158,"Grand aulne","Forêts privées et autres - Hors PSG"
2000457,0.30700772171975,NA,679,21,3.3133733,"Sapin pectiné","Autres forêts publiques RF"
2000545,0.300837408435393,NA,1193,28,2.0402718,"Épicéa commun","Autres forêts publiques RF"
2050136,0.233483304633152,NA,1067,56,3.7892566,"Hêtre","Autres forêts publiques RF"
2005858,0.173751869549516,NA,493,34.8000030517578,3.0662591,"Sapin pectiné","Autres forêts publiques RF"
2053052,0.419544412154451,NA,589,35,5.365887,"Tilleul","Autres forêts publiques RF"
2037335,0.281194129842672,NA,464,81,3.376184,"Sapin pectiné","Autres forêts publiques RF"
2046433,0.312942082878997,NA,673,14,2.9617572,"Chêne rouvre","Autres forêts publiques RF"
2044135,0.310767700885839,NA,507,32,2.488506,"Chêne rouvre","Autres forêts publiques RF"
2017513,0.312267980390575,NA,395,29.3999977111816,3.4496336,"Sapin pectiné","Autres forêts publiques RF"
2033265,0.290255931749683,NA,468,28,3.0607715,"Hêtre","Autres forêts publiques RF"
2033146,0.371982757646177,NA,750,8.39999961853027,2.8510218,"Sapin pectiné","Autres forêts publiques RF"
2040664,0.213765136138882,NA,554,33.5999984741211,4.5718856,"Frêne","Forêts privées et autres - Hors PSG"
2006846,0.292809747870092,NA,620,100.799995422363,2.383244,"Sapin pectiné","Autres forêts publiques RF"
2047366,0.252754938829568,NA,416,46.4000015258789,6.373072,"Chêne rouvre","Forêts privées et autres - Hors PSG"
2020049,0.409715444702595,NA,499,46.8000030517578,4.5375113,"Hêtre","Autres forêts publiques RF"
2054353,0.246820436140602,NA,522,64,4.0999804,"Douglas","Autres forêts publiques RF"
2022611,0.363265484551664,NA,409,54.6000022888184,2.8066778,"Sapin pectiné","Forêts domaniales RF"
2011693,0.451957363234781,NA,909,73.5,3.5485592,"Grand érable","Autres forêts publiques RF"
2010904,0.291386070634346,NA,656,15.75,5.4687004,"Tilleul","Autres forêts publiques RF"
2002874,0.410331468505232,NA,714,89.0999984741211,2.3402128,"Hêtre","Forêts privées et autres - Hors PSG"
2010899,0.353936014878392,NA,764,91.3500061035156,1.9786129,"Hêtre","Autres forêts publiques RF"
2013026,0.212694509347162,NA,600,26.1000022888184,1.3195944,"Chêne rouvre","Forêts privées et autres - En PSG"
2010721,0.19512243603358,NA,389,54.6000022888184,3.0882444,"Chêne rouvre","Forêts privées et autres - Hors PSG"
2033245,0.418334506873991,NA,623,104.400001525879,2.4464064,"Hêtre","Forêts privées et autres - Hors PSG"
2053392,0.350402226995447,NA,635,34.8000030517578,4.1958685,"Sapin pectiné","Autres forêts publiques RF"
2037094,0.137144678261549,NA,577,117.450004577637,5.4222283,"Grand érable","Forêts privées et autres - Hors PSG"
2019844,0.267916626257218,NA,605,29,5.405789,"Sapin pectiné","Autres forêts publiques RF"
2014871,0.407436681780325,NA,440,46.4000015258789,4.4611735,"Grand érable","Forêts privées et autres - Hors PSG"
2028264,0.106323976433747,NA,550,145.799987792969,5.4118724,"Douglas","Forêts privées et autres - Hors PSG"
2040314,0.132122540190319,NA,392,97.2000045776367,1.722172,"Hêtre","Forêts domaniales RF"
2029496,0.169078871403757,NA,430,44.1000022888184,2.1584074,"Sapin pectiné","Forêts domaniales RF"
2040575,0.177327844453367,NA,471,81,1.7991418,"Hêtre","Forêts domaniales RF"
2021081,0.283397000178026,NA,596,81.2000045776367,2.312712,"Sapin pectiné","Forêts privées et autres - Hors PSG"
2030467,0.156218704446063,NA,336,63,1.554916,"Sapin pectiné","Autres forêts publiques RF"
2019113,0.235100852933026,NA,460,117.450004577637,1.9506497,"Sapin pectiné","Autres forêts publiques RF"
2015187,0.374056425210193,NA,462,72,6.74332,"Épicéa commun","Forêts privées et autres - Hors PSG"
2017897,0.231814085789018,NA,624,70,2.2080176,"Sapin pectiné","Forêts privées et autres - Hors PSG"
2036360,0.322071064082915,NA,684,78.8000030517578,2.4495595,"Épicéa commun","Autres forêts publiques RF"
2043603,0.247792857305031,NA,367,84,1.9468651,"Sapin pectiné","Autres forêts publiques RF"
2033422,0.633118391036987,NA,486,28,1.4342595,"Pin sylvestre","Forêts domaniales RF"
2025523,0.183432906796746,NA,625,39.2000007629395,1.7277097,"Sapin pectiné","Autres forêts publiques RF"
2009862,0.457490123951848,NA,577,58,2.006465,"Sapin pectiné","Autres forêts publiques RF"
2052399,0.235033425346823,NA,467,34.8000030517578,4.132829,"Chêne pédonculé","Forêts privées et autres - Hors PSG"
2047390,0.170770837469372,NA,402,56.6999969482422,2.3522081,"Sapin pectiné","Forêts domaniales RF"
2035678,0.30849746737833,NA,343,142.500015258789,4.7461085,"Hêtre","Forêts privées et autres - Hors PSG"
2018913,0.242337210342113,NA,476,22.3999996185303,1.427014,"Sapin pectiné","Forêts domaniales RF"
2018510,0.246726733477271,NA,545,28,4.017368,"Épicéa commun","Forêts privées et autres - Hors PSG"
2050122,0.410021694770913,NA,523,14.6999988555908,2.0503018,"Sapin pectiné","Forêts domaniales RF"
2046493,0.16961057945848,NA,377,44.4500045776367,2.4126496,"Charme","Forêts privées et autres - Hors PSG"
2034249,0.171226535225483,NA,919,62,1.3372062,"Sapin pectiné","Autres forêts publiques RF"
2031312,0.248142489827018,NA,819,28,1.5272869,"Épicéa commun","Forêts domaniales RF"
2044771,0.18363832055179,NA,724,31.5,1.5484763,"Sapin pectiné","Forêts domaniales RF"
2019994,0.240364133049702,NA,472,171,4.7049665,"Épicéa commun","Forêts privées et autres - Hors PSG"
2022171,0.320284044659311,NA,494,34.8000030517578,3.149382,"Épicéa commun","Forêts privées et autres - Hors PSG"
2038580,0.226732651822773,NA,788,30.4500026702881,2.9561007,"Sapin pectiné","Forêts domaniales RF"
2052079,0.235805559697688,NA,798,15,1.6442537,"Sapin pectiné","Autres forêts publiques RF"
2025235,0.368168791252018,NA,979,104.400001525879,2.0973175,"Sapin pectiné","Autres forêts publiques RF"
2019574,0.155131941525779,NA,617,56,3.0228918,"Noisetier","Forêts privées et autres - Hors PSG"
2045383,0.340516342054061,NA,679,98,2.1172545,"Épicéa commun","Forêts privées et autres - En PSG"
2006963,0.168426915791264,NA,719,98,2.7348583,"Épicéa commun","Forêts privées et autres - Hors PSG"
2051922,0.244786501094987,NA,391,130.5,4.2300076,"Épicéa commun","Forêts privées et autres - Hors PSG"
2038096,0.302387199302866,NA,830,55.8000030517578,2.024421,"Sapin pectiné","Forêts privées et autres - Hors PSG"
2043079,0.222352403492193,NA,971,51.5999984741211,2.1934228,"Hêtre","Forêts domaniales RF"
2010511,0.269280674307713,NA,685,78.3000030517578,1.5113827,"Bouleau","Forêts privées et autres - Hors PSG"
2044395,0.132881205606166,NA,430,137.699996948242,3.7720122,"Bouleau","Forêts privées et autres - Hors PSG"
2009733,0.308813084772516,NA,859,44.1000022888184,2.2794025,"Sapin pectiné","Forêts domaniales RF"
2015025,0.496689871836575,NA,917,49,2.866412,"Épicéa commun","Forêts privées et autres - En PSG"
2029481,0.197306796636119,NA,793,78.3000030517578,2.0173373,"Sapin pectiné","Autres forêts publiques RF"
2051483,0.210064077638405,NA,478,148.949996948242,2.6941643,"Douglas","Autres forêts publiques RF"
2022970,0.333402114425612,NA,539,97.2000045776367,5.979487,"Chêne rouvre","Forêts privées et autres - Hors PSG"
2022841,0.321022806273462,NA,644,56,3.7261407,"Grand érable","Forêts privées et autres - Hors PSG"
2028004,0.380781443357029,NA,783,61.25,3.1981287,"Sapin pectiné","Autres forêts publiques RF"
2030614,0.300826490567494,NA,1014,61.25,2.6626778,"Sapin pectiné","Forêts domaniales RF"
2001223,0.63185743078617,NA,1056,70,2.2586167,"Hêtre","Forêts domaniales RF"
2049512,0.338001079348504,NA,887,60.9000053405762,1.7144396,"Sapin pectiné","Autres forêts publiques RF"
2044922,0.1465101701861,NA,675,92.8000030517578,4.5376887,"Grand érable","Forêts privées et autres - Hors PSG"
2046167,0.250329540027989,NA,841,60.9000053405762,2.8976803,"Sapin pectiné","Forêts domaniales RF"
2005914,0.272559399986757,NA,747,61.25,2.5674975,"Sapin pectiné","Autres forêts publiques RF"
2008113,0.284010483711457,NA,798,141.75,3.0638533,"Sapin pectiné","Autres forêts publiques RF"
2027226,0.755869139316416,NA,826,117.450004577637,3.305433,"Épicéa commun","Forêts privées et autres - Hors PSG"
2030160,0.207269653040425,NA,1037,84.7000045776367,2.8273928,"Hêtre","Forêts privées et autres - Hors PSG"
2022195,0.285363931419162,NA,1102,73.5,1.4452558,"Hêtre","Autres forêts publiques RF"
2052197,0.339241895723457,NA,579,129.199996948242,2.7127252,"Hêtre","Forêts privées et autres - Hors PSG"
2010731,0.54192109693115,NA,712,132.399993896484,3.2216592,"Hêtre","Autres forêts publiques RF"
574327,0.499906543667749,120.407967301908,305,139,1.62767,"Sapin pectiné","Autres forêts publiques RF"
272470,0.196905638501044,184.590840922031,358,99,2.639717,"Hêtre","Forêts domaniales RF"
675016,0.29770559767807,210.557931454173,338,133,1.10152,"Chêne rouvre","Autres forêts publiques RF"
545456,0.153422031681034,177.629812031987,329,58.1000022888184,1.28326,"Sapin pectiné","Autres forêts publiques RF"
418249,0.37914787599397,214.966252793715,339,156,2.60601,"Hêtre","Autres forêts publiques RF"
676297,0.47049667682626,114.264276182564,348,94.8499984741211,2.54282,"Sapin pectiné","Forêts domaniales RF"
262950,0.245238085273572,199.971928651097,321,62.9999961853027,1.91027,"Sapin pectiné","Autres forêts publiques RF"
516677,0.125296702384152,63.2835451256262,348,100.800003051758,2.06558,"Sapin pectiné","Forêts domaniales RF"
316496,0.289474620395893,248.857757857077,385,62.9999961853027,0.760706,"Sapin pectiné","Forêts domaniales RF"
655995,0.452642761279892,184.78829620858,397,126,2.30911,"Hêtre","Forêts domaniales RF"
512310,0.18012058466309,132.092835040855,288,69.5,7.36287,"Grand aulne","Forêts privées et autres - Hors PSG"
303436,0.259391146327434,115.73141963691,350,121.500007629395,1.69393,"Sapin pectiné","Forêts privées et autres - Hors PSG"
203594,0.361885303085896,402.165173902252,407,62.9999961853027,2.9984,"Sapin pectiné","Forêts privées et autres - Hors PSG"
449298,0.0961231068522252,20.5400065984803,406,37.7999992370605,1.58353,"Sapin pectiné","Forêts domaniales RF"
679350,0.320191632963506,254.454800432954,397,130.5,2.08317,"Hêtre","Forêts domaniales RF"
564281,0.240342403487987,228.440677159132,405,76,1.58709,"Sapin pectiné","Forêts domaniales RF"
262000,0.332885581735291,237.087334018113,363,62.9999961853027,2.28889,"Sapin pectiné","Forêts domaniales RF"
479037,0.307427251153799,263.313193447352,454,24.5,2.14193,"Sapin pectiné","Forêts domaniales RF"
330737,0.263422513867451,264.090712122952,362,50.3999977111816,1.32265,"Épicéa commun","Forêts domaniales RF"
510746,0.217620867096927,46.1765346147016,372,77.7000045776367,0.770754,"Hêtre","Forêts domaniales RF"
662154,0.225299269659032,121.040279989097,444,34.2999992370605,0.994109,"Sapin pectiné","Forêts domaniales RF"
430775,0.0859436988830566,1.89158693998806,390,44.0999984741211,0.963197,"Bouleau","Forêts domaniales RF"
224543,0.256222125589033,241.793181524614,385,62.9999961853027,0.842323,"Sapin pectiné","Forêts domaniales RF"
604079,0.366696004307462,292.618393096898,456,56.6999969482422,0.659169,"Sapin pectiné","Forêts domaniales RF"
567502,0.353568162491918,148.382866967829,451,56.6999969482422,1.16227,"Sapin pectiné","Forêts domaniales RF"
342419,0.163033823116266,135.559043194216,432,62.9999961853027,3.3434,"Mélèze d'Europe","Autres forêts publiques RF"
228121,0.134527086514774,19.7120082004787,374,35,1.21943,"Sapin pectiné","Forêts domaniales RF"
445668,0.115559907052131,128.913184160013,459,34.2999992370605,1.01787,"Bouleau","Forêts privées et autres - En PSG"
664710,0.0844471699279945,5.62289282463513,338,62.9999961853027,1.23386,"Épicéa commun","Forêts privées et autres - En PSG"
568706,0.221585466518871,108.256983287711,365,35,0.9282,"Sapin pectiné","Forêts privées et autres - En PSG"
238246,0.242947754101274,106.696252171452,270,160,6.19714,"Épicéa commun","Forêts privées et autres - Hors PSG"
106941,0.253275233256681,149.238125422087,318,72.5,4.70734,"Hêtre","Forêts privées et autres - Hors PSG"
3930,0.150909778079275,54.8350213985203,341,133,2.64017,"Épicéa commun","Forêts privées et autres - Hors PSG"
114572,0.128278970938312,45.0412202596057,390,53.1000022888184,1.19411,"Sapin pectiné","Forêts domaniales RF"
44503,0.118226698623226,56.0763564779662,313,140.5,5.87376,"Épicéa commun","Forêts privées et autres - Hors PSG"
103523,0.277638983552916,124.565290428544,420,31.5,2.39245,"Épicéa commun","Forêts privées et autres - Hors PSG"
117149,0.177205519985811,43.1970457400343,464,37.7999992370605,1.92548,"Sapin pectiné","Forêts domaniales RF"
9355,0.230103681333066,206.931939927444,409,90,2.04672,"Sapin pectiné","Forêts domaniales RF"
43459,0.322339407332758,109.38218251166,363,62.9999961853027,2.10441,"Épicéa commun","Forêts domaniales RF"
153921,0.234750333846718,108.786219922438,394,17.5,1.00272,"Sapin pectiné","Autres forêts publiques RF"
248482,0.143807086512003,99.5389891112043,415,39.2000007629395,1.69841,"Épicéa commun","Forêts privées et autres - En PSG"
426983,0.257231755317762,41.8341527698688,403,66,1.67535,"Sapin pectiné","Forêts privées et autres - En PSG"
320826,0.135952107171351,31.9184305545124,426,37.7999992370605,1.07644,"Sapin pectiné","Forêts domaniales RF"
615007,0.127127942571649,32.612383882576,506,42,1.38153,"Bouleau","Forêts privées et autres - En PSG"
537546,0.229638292839193,180.636651234061,623,34.2999992370605,0.763401,"Sapin pectiné","Autres forêts publiques RF"
259501,0.191715422812818,252.986980135342,489,37.7999992370605,1.12234,"Sapin pectiné","Forêts privées et autres - En PSG"
455065,0.201413741737257,114.236451151989,452,22.3999996185303,1.34174,"Sapin pectiné","Forêts domaniales RF"
629195,0.219944015079696,158.548500446904,590,40,1.16067,"Sapin pectiné","Forêts privées et autres - En PSG"
368465,0.208044395707471,231.148106270598,570,37.7999992370605,1.02623,"Sapin pectiné","Forêts privées et autres - En PSG"
122764,0.457306021488456,321.665166009756,402,50.3999977111816,1.63193,"Sapin pectiné","Forêts privées et autres - En PSG"
31356,0.0891268029808998,1.06252872802191,598,12.5999994277954,1.33784,"Douglas","Forêts privées et autres - En PSG"
16571,0.245311491368009,180.20174584513,487,50.3999977111816,0.771893,"Sapin pectiné","Forêts privées et autres - En PSG"
102357,0.387180929602637,331.434891814902,572,14,0.785219,"Sapin pectiné","Forêts privées et autres - En PSG"
34260,0.241737654291086,231.654520295864,555,80.0999984741211,0.924315,"Sapin pectiné","Forêts privées et autres - En PSG"
569731,0.625922158661017,275.522167784545,395,50.3999977111816,2.45589,"Hêtre","Forêts privées et autres - En PSG"
431601,0.286037818497599,128.748286555716,296,111,2.78029,"Épicéa commun","Forêts privées et autres - Hors PSG"
304039,0.354836379072177,337.884689287117,427,62.9999961853027,1.50825,"Sapin pectiné","Forêts privées et autres - En PSG"
641378,0.328416941429524,237.519642401196,379,56.6999969482422,2.75404,"Hêtre","Forêts domaniales RF"
534865,0.445461965153071,353.098735426486,442,62.9999961853027,0.737767,"Sapin pectiné","Forêts privées et autres - En PSG"
345894,0.432104735376639,214.612306722236,329,90,3.24583,"Hêtre","Forêts domaniales RF"
263943,0.100889170767374,7.50470732131895,453,56.6999969482422,2.82498,"Épicéa commun","Forêts domaniales RF"
453220,0.103725420909856,17.558180968892,368,28,2.65225,"Épicéa commun","Forêts domaniales RF"
311677,0.631829433066201,229.911592207858,425,44.0999984741211,2.80092,"Hêtre","Forêts domaniales RF"
251577,0.221839604516691,126.629712531007,530,25.1999988555908,1.46918,"Sapin pectiné","Forêts privées et autres - En PSG"
418181,0.501910771791873,258.812614698553,683,16.7999992370605,1.47504,"Sapin pectiné","Forêts privées et autres - En PSG"
582818,0.199923049870236,286.070226132685,348,44.1000022888184,1.40031,"Sapin pectiné","Forêts privées et autres - En PSG"
651115,0.211475890036782,214.568772017231,396,56.6999969482422,2.83696,"Hêtre","Forêts domaniales RF"
508932,0.519321293295585,176.054812226617,566,44.7999992370605,1.26324,"Sapin pectiné","Forêts domaniales RF"
332524,0.226918558723669,428.633587006754,358,72.5,6.31338,"Épicéa commun","Forêts privées et autres - Hors PSG"
279709,0.426693717188933,375.863167161493,337,62.9999961853027,1.34417,"Sapin pectiné","Forêts domaniales RF"
454019,0.350880489418406,317.416724388031,370,62.9999961853027,1.86432,"Sapin pectiné","Forêts domaniales RF"
359273,0.430000007152557,17.9192163670213,416,42,1.54315,"Hêtre","Forêts domaniales RF"
510040,0.295898586278218,291.581642602858,359,62.9999961853027,1.28341,"Sapin pectiné","Forêts privées et autres - Hors PSG"
611320,0.353374717165343,170.398492870533,500,56,1.37348,"Sapin pectiné","Forêts domaniales RF"
546089,0.429385848661316,217.379936959423,554,64.5,1.46764,"Sapin pectiné","Forêts privées et autres - En PSG"
223751,0.233959080199774,139.403795062503,384,44.1000022888184,3.61509,"Épicéa commun","Autres forêts publiques RF"
302684,0.25,7.30937627357047,511,81,2.24274,"Épicéa commun","Forêts privées et autres - En PSG"
236230,0.423734979004777,253.390950847851,486,42,1.33535,"Sapin pectiné","Forêts domaniales RF"
609350,0.262253837415095,196.217510774431,416,31.5,1.54932,"Sapin pectiné","Forêts domaniales RF"
615132,0.134116732419932,32.5542431992757,720,31.5,1.084,"Douglas","Forêts privées et autres - En PSG"
317125,0.246003823453373,280.139097200025,445,56.6999969482422,4.73045,"Hêtre","Forêts domaniales RF"
421216,0.400173926829318,431.191689002179,589,24.5,1.37646,"Sapin pectiné","Forêts domaniales RF"
320303,0.504950075748519,204.128812105778,591,37.7999992370605,0.856757,"Sapin pectiné","Forêts domaniales RF"
542373,0.0941717884252124,19.6140179816794,334,29.3999977111816,1.50307,"Épicéa commun","Forêts domaniales RF"
655989,0.614178756339193,225.62102223557,589,56.6999969482422,1.56941,"Sapin pectiné","Forêts domaniales RF"
511167,0.240664808188969,366.92451498376,865,28,1.25563,"Sapin pectiné","Forêts domaniales RF"
453183,0.336313219271727,346.921995318841,384,62.9999961853027,3.49594,"Douglas","Forêts privées et autres - Hors PSG"
335697,0.136625866683395,108.69944439736,577,37.7999992370605,1.91437,"Pin sylvestre","Forêts domaniales RF"
280230,0.162673216430115,55.0089099889767,648,7,0.994747,"Hêtre","Forêts domaniales RF"
680133,0.594977829128475,127.32940247209,291,50.3999977111816,3.64369,"Hêtre","Forêts domaniales RF"
562892,0.31487755597839,241.240930141781,369,81,3.38634,"Hêtre","Forêts domaniales RF"
636238,0.206574693999583,95.6424085431151,435,34.2999992370605,1.22399,"Sapin pectiné","Forêts domaniales RF"
551677,0.292505916863476,93.6577388720259,651,50.3999977111816,1.17595,"Sapin pectiné","Forêts domaniales RF"
257415,0.137512014392214,70.807694052515,250,64,1.62907,"Douglas","Forêts domaniales RF"
444665,0.507561190420481,348.278678543546,382,21,1.50558,"Hêtre","Forêts domaniales RF"
202992,0.227476654390372,216.653760655161,499,21,1.191,"Sapin pectiné","Forêts domaniales RF"
478669,0.152482954531699,13.4548312142315,531,31.4999980926514,1.17672,"Sapin pectiné","Forêts domaniales RF"
313009,0.275944207427613,256.283866221336,704,31.5,1.56948,"Sapin pectiné","Forêts domaniales RF"
532839,0.399648916549172,243.101433897084,338,63,2.56879,"Pin sylvestre","Forêts domaniales RF"
533324,0.27702752845478,281.474226324936,424,21,1.77823,"Sapin pectiné","Forêts domaniales RF"
640588,0.514121519176738,214.41157476275,756,42,1.26941,"Sapin pectiné","Forêts domaniales RF"
221831,0.207614384938727,248.202979421251,332,56.6999969482422,2.80914,"Sapin pectiné","Forêts domaniales RF"
342926,0.179945625685865,220.51454298628,436,44.1000022888184,6.02857,"Hêtre","Forêts domaniales RF"
378545,0.314597336900066,224.170274578877,691,62.9999961853027,1.5806,"Sapin pectiné","Forêts domaniales RF"
569566,0.13704895580753,57.3814699971366,255,62.9999961853027,5.6495,"Charme","Forêts privées et autres - Hors PSG"
650827,0.168849267044653,200.848962551005,573,56,0.58376,"Sapin pectiné","Forêts domaniales RF"
334504,0.270174733415529,420.12793228121,278,50.3999977111816,2.51532,"Hêtre","Forêts domaniales RF"
228642,0.153173726792991,146.595478489561,659,39.2000007629395,1.41241,"Sapin pectiné","Forêts domaniales RF"
655422,0.270892131216658,170.390797022944,276,56.6999969482422,5.67371,"Chêne rouvre","Forêts privées et autres - Hors PSG"
352898,0.262236304781213,204.81841425627,286,50.3999977111816,2.54477,"Épicéa commun","Forêts privées et autres - En PSG"
462488,0.206519156153185,256.421832592105,356,31.5,4.38415,"Hêtre","Forêts domaniales RF"
274280,0.20729527951384,324.299458174171,398,56.6999969482422,2.42174,"Épicéa commun","Forêts privées et autres - Hors PSG"
379093,0.309239220300743,336.030371020614,327,56.6999969482422,1.27279,"Hêtre","Forêts domaniales RF"
244160,0.224071035446591,266.716247693446,316,62.9999961853027,2.06937,"Chêne rouvre","Forêts domaniales RF"
464413,0.338113413351081,184.34239726257,311,28,2.27372,"Pin sylvestre","Forêts domaniales RF"
509505,0.346060685431045,203.470854948299,274,56.6999969482422,2.27853,"Chêne rouvre","Forêts domaniales RF"
322314,0.358430121731458,351.511928070989,341,56.6999969482422,2.07329,"Hêtre","Forêts privées et autres - Hors PSG"
258022,0.159699744410907,106.686234844796,290,62.9999961853027,1.94545,"Épicéa commun","Forêts domaniales RF"
379677,0.110647193322803,53.473459197305,277,34.2999992370605,0.789836,"Épicéa commun","Forêts domaniales RF"
557880,0.218738966322691,131.204911260324,303,62.9999961853027,3.4077,"Pin sylvestre","Forêts privées et autres - Hors PSG"
673158,0.357997313146375,198.33425365075,293,44.0999984741211,1.52085,"Pin sylvestre","Forêts domaniales RF"
506685,0.165298716619986,158.38924084846,261,24.5,1.31723,"Épicéa commun","Forêts domaniales RF"
227635,0.287025715509244,354.776309799324,354,42,4.54914,"Douglas","Forêts domaniales RF"
436944,0.18714944067707,251.38701542559,296,62.9999961853027,1.54612,"Bouleau","Forêts privées et autres - Hors PSG"
342911,0.350132792621626,493.034114227558,310,62.9999961853027,1.69113,"Chêne rouvre","Forêts domaniales RF"
268361,0.269932441615508,271.040487966531,360,31.5,1.69817,"Douglas","Forêts domaniales RF"
405289,0.44854952156424,86.0468040640026,231,34.2999992370605,1.75359,"Chêne rouvre","Forêts domaniales RF"
639420,0.209790584530306,202.141058288131,279,44.7999992370605,1.31005,"Pin sylvestre","Forêts domaniales RF"
280270,0.351040181997151,154.521841931902,305,62.9999961853027,1.69333,"Pin sylvestre","Forêts privées et autres - Hors PSG"
471898,0.284911840415528,437.78611151619,266,56.6999969482422,2.02121,"Épicéa commun","Forêts domaniales RF"
375013,0.326987268951152,426.043761226109,261,62.9999961853027,0.902729,"Chêne pédonculé","Forêts domaniales RF"
260960,0.192231088843974,134.675996014648,295,31.5,1.55848,"Pin sylvestre","Forêts domaniales RF"
616539,0.183662748087712,158.318068051528,390,49,3.54467,"Épicéa commun","Forêts privées et autres - Hors PSG"
632298,0.382394311675506,354.966253305404,256,39.2000007629395,0.684801,"Chêne rouvre","Forêts domaniales RF"
467230,0.250744854408332,52.05764173044,353,62.9999961853027,2.00972,"Bouleau","Forêts privées et autres - Hors PSG"
241434,0.143458799783919,90.7247645477907,256,50.3999977111816,1.55912,"Pin sylvestre","Forêts domaniales RF"
435557,0.34183245388276,346.387030153323,325,50.3999977111816,2.44207,"Chêne rouvre","Forêts domaniales RF"
314625,0.123921776456909,168.614144505539,295,44.7999992370605,1.06436,"Pin sylvestre","Forêts domaniales RF"
575756,0.130361992489079,170.455052661034,364,16.7999992370605,1.74274,"Chêne rouvre","Forêts domaniales RF"
613719,0.124852931337058,32.5930151701541,224,62.9999961853027,1.46725,"Pin sylvestre","Forêts domaniales RF"
557455,0.355273260526309,294.585502597358,235,62.9999961853027,2.64964,"Hêtre","Forêts domaniales RF"
237718,0.163869637214251,179.370677453025,404,56.6999969482422,3.2047,"Hêtre","Forêts domaniales RF"
463707,0.234148799658479,288.530183066733,307,28,2.74972,"Hêtre","Forêts domaniales RF"
367623,0.211267722796699,202.072400697165,245,62.9999961853027,0.818568,"Pin sylvestre","Forêts domaniales RF"
238561,0.209872213905734,294.806747615199,261,62.9999961853027,1.08481,"Pin sylvestre","Forêts domaniales RF"
426661,0.172434722331621,234.868975192436,249,56.6999969482422,1.73793,"Pin sylvestre","Forêts domaniales RF"
626748,0.0813093340671232,3.69296655827672,251,115.5,2.15138,"Bouleau","Forêts domaniales RF"
680722,0.330743510143889,103.943262210221,227,93,3.02672,"Chêne rouvre","Forêts privées et autres - Hors PSG"
256896,0.245471203992308,173.798920334214,294,31.5,1.26138,"Pin sylvestre","Forêts privées et autres - En PSG"
439048,0.24446342324347,270.779661581071,325,44.0999984741211,1.91207,"Chêne rouvre","Forêts domaniales RF"
334612,0.263580956757232,228.465426890535,288,62.9999961853027,2.31385,"Pin sylvestre","Forêts domaniales RF"
545673,0.167174127317037,138.287297678209,342,21,1.48809,"Pin sylvestre","Forêts domaniales RF"
602120,0.347655502911242,355.354752688708,388,50.3999977111816,6.5,"Hêtre","Forêts domaniales RF"
455612,0.293308104636945,266.530418414248,317,31.5,2.8062,"Hêtre","Forêts domaniales RF"
312808,0.38206025753168,354.84218446946,313,39.2000007629395,2.11617,"Chêne rouvre","Forêts privées et autres - En PSG"
666727,0.205272930130744,208.415313450739,254,56.6999969482422,0.860049,"Pin sylvestre","Forêts privées et autres - En PSG"
270479,0.431104279801365,275.31886569407,270,56.6999969482422,1.32522,"Chêne rouvre","Forêts privées et autres - En PSG"
21126,0.104348071992599,49.0065983995695,339,49,2.93908,"Bouleau","Forêts privées et autres - Hors PSG"
101387,0.41380301117897,21.9620276623649,392,50.3999977111816,1.55602,"Hêtre","Forêts privées et autres - En PSG"
53825,0.237240305258838,93.16400392768,394,56.6999969482422,2.39471,"Hêtre","Forêts domaniales RF"
126582,0.115864775878847,5.22452815107718,464,56.6999969482422,1.29285,"Sapin pectiné","Forêts privées et autres - En PSG"
142824,0.458545257327273,329.727696936612,384,31.5,1.99157,"Hêtre","Forêts domaniales RF"
25324,0.167144718465109,108.847218127487,402,39.2000007629395,0.604727,"Sapin pectiné","Forêts domaniales RF"
110408,0.400997094966883,156.958698585708,458,50.3999977111816,1.47272,"Sapin pectiné","Forêts domaniales RF"
5797,0.392615191931025,127.642799271117,363,50.3999977111816,5.54146,"Charme","Forêts privées et autres - En PSG"
52931,0.306550845953182,228.800293462636,556,38.7999992370605,1.71199,"Sapin pectiné","Forêts domaniales RF"
118496,0.237502319255518,198.616288461548,564,69.6000061035156,1.72849,"Sapin pectiné","Forêts privées et autres - En PSG"
152713,0.382215121061188,470.200889812373,303,56.6999969482422,2.67001,"Hêtre","Forêts domaniales RF"
19393,0.247824533288867,312.247705073428,502,17.5,2.48065,"Hêtre","Forêts domaniales RF"
131791,0.372292500115695,185.190118407394,622,24.5,1.01283,"Sapin pectiné","Forêts domaniales RF"
48801,0.191515358281008,110.105119648424,425,29.3999977111816,3.88682,"Hêtre","Forêts domaniales RF"
134320,0.472642999266297,42.695918982622,388,39.2000007629395,1.37861,"Sapin pectiné","Forêts domaniales RF"
14457,0.340667189726196,249.297324173195,503,56.6999969482422,2.17616,"Sapin pectiné","Forêts domaniales RF"
116291,0.647752875109331,451.832740522295,693,21,1.15179,"Sapin pectiné","Forêts domaniales RF"
14302,0.374471890540407,428.104226916027,290,62.9999961853027,3.31899,"Hêtre","Forêts privées et autres - En PSG"
103914,0.158133328049888,84.2006214358334,343,56.6999969482422,2.44953,"Douglas","Forêts domaniales RF"
39083,0.380577429842523,172.909751217042,744,44.0999984741211,1.69397,"Sapin pectiné","Forêts domaniales RF"
103193,0.367657987857428,137.387248525365,273,56.6999969482422,2.0092,"Chêne rouvre","Forêts domaniales RF"
45891,0.186753196829287,107.784553111131,313,102.000007629395,3.78719,"Hêtre","Forêts domaniales RF"
112139,0.255753099164161,342.028527598468,278,63,2.89984,"Hêtre","Forêts privées et autres - Hors PSG"
9175,0.261135287452945,262.578625584415,293,50.3999977111816,5.6988,"Épicéa commun","Forêts privées et autres - En PSG"
130257,0.267626619644799,212.220734324214,391,72.5,5.44014,"Douglas","Autres forêts publiques RF"
46926,0.648464619480027,150.798202396368,369,44.0999984741211,2.5254,"Hêtre","Forêts domaniales RF"
35906,0.222774067182524,254.356247255521,318,56.6999969482422,2.21613,"Chêne rouvre","Forêts domaniales RF"
13676,0.239502015408232,165.411904634204,316,44.0999984741211,3.84967,"Pin sylvestre","Forêts privées et autres - Hors PSG"
134325,0.472164990770489,226.343572072582,278,62.9999961853027,2.33486,"Chêne rouvre","Forêts domaniales RF"
50790,0.121570583073015,131.104006734984,248,44.0999984741211,1.86988,"Chêne rouvre","Forêts domaniales RF"
2553,0.334065242227968,397.541445039606,339,62.9999961853027,4.5078,"Chêne rouvre","Forêts domaniales RF"
144641,0.329267409051036,47.1116585238611,298,35,3.34908,"Pin sylvestre","Forêts privées et autres - Hors PSG"
5677,0.174303891105915,294.008409152628,323,62.9999961853027,6.5,"Hêtre","Forêts domaniales RF"
133605,0.205173413614707,372.394194687103,310,44.0999984741211,6.5,"Chêne rouvre","Forêts domaniales RF"
135870,0.170577115400386,244.36881923181,324,50.3999977111816,2.17876,"Douglas","Forêts domaniales RF"
16326,0.247803012329166,77.2706046277181,317,24.5,1.27766,"Chêne rouvre","Forêts privées et autres - Hors PSG"
6243,0.170771708896055,127.892550477764,237,34.2999992370605,3.16307,"Hêtre","Forêts domaniales RF"
15400,0.149114979717273,170.261774537219,289,14,0.498273,"Chêne rouvre","Forêts domaniales RF"
146319,0.313802504265757,378.294160813762,225,56,3.2169,"Pin sylvestre","Forêts domaniales RF"
25019,0.201489071641252,146.373578349061,273,44.0999984741211,3.01881,"Hêtre","Forêts domaniales RF"
138012,0.198579991577967,181.801643839912,255,62.9999961853027,1.86199,"Chêne pédonculé","Forêts domaniales RF"
1891,0.166795678527475,166.921974358684,291,56.6999969482422,6.5,"Pin sylvestre","Forêts domaniales RF"
125937,0.282363201458457,362.636320964693,207,19.6000003814697,2.16278,"Chêne rouvre","Forêts privées et autres - Hors PSG"
8318,0.25625693279055,303.432598158564,290,62.9999961853027,2.59694,"Hêtre","Forêts domaniales RF"
118286,0.250601157977256,363.275683490533,274,62.9999961853027,3.31211,"Hêtre","Forêts domaniales RF"
37020,0.282301278110795,440.675982563299,391,17.5,3.16307,"Hêtre","Forêts domaniales RF"
148517,0.305498163891204,175.646200712287,299,50.3999977111816,2.72001,"Hêtre","Forêts domaniales RF"
12385,0.307400694958001,383.716668619128,255,62.9999961853027,1.39008,"Pin sylvestre","Forêts domaniales RF"
520856,0.19133097522712,50.7763455385113,703,44.1000022888184,1.09857,"Épicéa commun","Forêts privées et autres - En PSG"
661908,0.29486611907553,80.3709038205469,804,37.7999992370605,1.20019,"Sapin pectiné","Forêts domaniales RF"
270019,0.14169433803985,34.9357164414366,573,22.3999996185303,1.52358,"Pin sylvestre","Forêts domaniales RF"
411958,0.184937832809046,224.446446949713,662,31.5,4.08845,"Hêtre","Forêts domaniales RF"
227436,0.454018416799457,402.904804549612,556,21,2.95074,"Hêtre","Forêts domaniales RF"
472596,0.134891234159385,42.9075329331003,608,13.0500011444092,1.9778,"Bouleau","Autres forêts publiques RF"
331487,0.140569536912919,115.57854714682,749,58,2.29279,"Hêtre","Autres forêts publiques RF"
680843,0.245285558054026,215.721089759386,798,81.5499954223633,1.17079,"Hêtre","Forêts domaniales RF"
579106,0.4008886037247,272.594110992132,701,22.3999996185303,1.65639,"Sapin pectiné","Forêts domaniales RF"
318027,0.213662874619057,211.820559859324,546,21.7500019073486,2.79073,"Hêtre","Forêts domaniales RF"
444065,0.497744781873596,318.84338365741,613,56.6999969482422,1.17164,"Sapin pectiné","Forêts domaniales RF"
370415,0.180887519891538,78.5992217912048,730,18.8999996185303,1.11267,"Sapin pectiné","Forêts domaniales RF"
466889,0.112413665899849,36.7032718695179,518,87.0000076293945,2.50129,"Douglas","Forêts privées et autres - En PSG"
323370,0.215811409021975,187.823155929191,563,119.000007629395,1.74759,"Douglas","Autres forêts publiques RF"
670423,0.224213209054483,243.684720042799,573,56.6999969482422,6.5,"Sapin pectiné","Forêts domaniales RF"
561323,0.273330897950501,489.974961832286,500,137.5,2.65848,"Épicéa commun","Forêts privées et autres - Hors PSG"
671681,0.171873613500997,148.681780095688,581,160,2.05486,"Épicéa commun","Forêts privées et autres - Hors PSG"
203584,0.124486862365719,31.2423151302534,765,18.8999996185303,1.20292,"Douglas","Autres forêts publiques RF"
452773,0.157173435069553,82.5014153335318,889,39.2000007629395,1.58267,"Épicéa commun","Autres forêts publiques RF"
324637,0.148081307435265,114.124641050389,576,14.5,2.76459,"Sapin pectiné","Forêts domaniales RF"
260044,0.223854160691081,70.3773485499902,462,10.5,6.11075,"Sapin pectiné","Forêts domaniales RF"
309197,0.26205632474754,312.899213128486,536,90,1.76567,"Épicéa commun","Autres forêts publiques RF"
422718,0.0895307117019785,7.72078839683281,591,94.5,2.23367,"Épicéa commun","Forêts privées et autres - En PSG"
649287,0.10253360469516,21.7473298439099,542,47.75,2.54866,"Sapin pectiné","Autres forêts publiques RF"
542899,0.117343807643566,25.9708694626842,434,22.8000011444092,2.21283,"Hêtre","Autres forêts publiques RF"
654478,0.326512846527989,403.511702296409,541,60.9000015258789,1.5,"Douglas","Autres forêts publiques RF"
331857,0.170420600683047,84.0700042757246,450,14.5,3.10583,"Douglas","Forêts domaniales RF"
460918,0.234278237461469,40.4587489638082,463,70,4.4883,"Grand érable","Autres forêts publiques RF"
249586,0.0950987565087407,42.7744480326701,605,78,7.04296,"Noisetier","Autres forêts publiques RF"
411287,0.522462551351611,52.6647601992101,577,78.3000030517578,1.86104,"Autre fruitier","Forêts privées et autres - Hors PSG"
301747,0.198333973208627,106.011480099427,622,110,2.74294,"Sapin pectiné","Autres forêts publiques RF"
528510,0.437703712356499,349.210105027309,484,40.6000022888184,2.01142,"Épicéa commun","Autres forêts publiques RF"
235199,0.414635469132749,171.107623627892,755,33.5999984741211,0.88448,"Sapin pectiné","Autres forêts publiques RF"
329023,0.497183185682846,353.225070601523,482,47.6000022888184,4.11961,"Sapin pectiné","Autres forêts publiques RF"
219869,0.134655546735252,163.108821459766,484,36,2.87461,"Hêtre","Autres forêts publiques RF"
218617,0.168723542692416,102.497678843676,649,21.5999984741211,3.26464,"Épicéa commun","Forêts privées et autres - Hors PSG"
461052,0.359399976650918,286.975564373803,682,26.25,3.4658,"Hêtre","Autres forêts publiques RF"
618966,0.0917756894689733,15.780870784655,477,12.5999994277954,1.97972,"Pin sylvestre","Forêts domaniales RF"
543583,0.43665221565958,213.148721112005,552,14,1.04518,"Sapin pectiné","Autres forêts publiques RF"
614549,0.101005179478849,21.5186742020482,413,36.4499969482422,7.23435,"Douglas","Autres forêts publiques RF"
659556,0.298507989616,305.617390495841,868,8.70000076293945,3.5,"Douglas","Autres forêts publiques RF"
510472,0.380076793084965,441.007376123231,928,76.0499954223633,1.64541,"Épicéa commun","Forêts domaniales RF"
618872,0.190092083800813,235.696888739204,511,48,1.44215,"Épicéa commun","Forêts privées et autres - Hors PSG"
269280,0.193260205836063,174.753010942123,412,62.9999961853027,2.10494,"Sapin pectiné","Forêts domaniales RF"
435394,0.46206218054557,359.384985718149,386,62.9999961853027,0.343216,"Épicéa commun","Forêts domaniales RF"
240388,0.236074627416953,237.428606395862,791,22.3999996185303,1.51126,"Sapin pectiné","Forêts domaniales RF"
433635,0.174390911110901,186.479516114293,736,56.6999969482422,1.25235,"Sapin pectiné","Autres forêts publiques RF"
359812,0.203408835004943,245.630159320004,596,28,2.04674,"Épicéa commun","Autres forêts publiques RF"
224022,0.151766913218502,127.368656186067,352,54.8999977111816,3.60721,"Mélèze d'Europe","Autres forêts publiques RF"
231691,0.200851868784985,302.945486704137,974,112,1.51929,"Hêtre","Autres forêts publiques RF"
319367,0.207723407600689,339.440117972211,498,34,4.1298,"Chêne rouvre","Forêts privées et autres - Hors PSG"
217944,0.242622113756499,488.633670073277,476,91.3499984741211,4.08066,"Châtaignier","Forêts privées et autres - En PSG"
631763,0.360943496972374,180.488569233557,234,56.6999969482422,3.43153,"Hêtre","Forêts domaniales RF"
502383,0.444308970263008,255.704165061056,280,56.6999969482422,1.81883,"Sapin pectiné","Forêts domaniales RF"
533323,0.217059393063294,35.726521799182,740,37.7999992370605,1.39274,"Sapin pectiné","Forêts domaniales RF"
664477,0.239434272865656,287.898178327527,491,71.0500030517578,2.75752,"Sapin pectiné","Forêts domaniales RF"
582144,0.280481428601946,264.928459907353,472,30,5.74557,"Sapin pectiné","Autres forêts publiques RF"
665896,0.27918303291958,293.131528122047,651,148.949996948242,2.42346,"Épicéa commun","Autres forêts publiques RF"
610441,0.111176350615646,73.9716140378529,928,43.75,3.71884,"Hêtre","Autres forêts publiques RF"
583138,0.186915979081606,380.565075468387,406,103.5,3.12566,"Châtaignier","Forêts privées et autres - Hors PSG"
267104,0.24668032187541,89.1225437409122,442,42,2.31883,"Hêtre","Forêts domaniales RF"
310631,0.144847247875479,71.9215881877238,515,37.7999992370605,1.25817,"Pin sylvestre","Forêts domaniales RF"
350229,0.428523984164058,325.558002316218,918,28,1.39963,"Sapin pectiné","Forêts domaniales RF"
270286,0.462997785369296,374.567115303369,532,15.6000003814697,2.16599,"Sapin pectiné","Autres forêts publiques RF"
440525,0.588873028755188,36.1960139338998,458,31.5,2.58608,"Douglas","Autres forêts publiques RF"
236925,0.530492085858469,188.483846061471,568,93.6000061035156,4.78256,"Sapin pectiné","Autres forêts publiques RF"
467070,0.345376083389902,227.505278328025,846,71.0500030517578,2.65693,"Épicéa commun","Autres forêts publiques RF"
229327,0.214175272174883,153.881772339288,906,10.5,6.75631,"Hêtre","Autres forêts publiques RF"
450893,0.221626558878583,336.867885753111,589,57,6.5,"Hêtre","Forêts privées et autres - Hors PSG"
524010,0.14088996057121,123.506328459995,328,28,1.31167,"Hêtre","Forêts domaniales RF"
608148,0.296076956917775,226.82445998431,357,33.5999984741211,4.01055,"Hêtre","Forêts domaniales RF"
525657,0.390069418809197,235.886282574268,239,62.9999961853027,4.36947,"Chêne pédonculé","Forêts privées et autres - Hors PSG"
504023,0.262048853914181,249.907828474754,422,90,3.99747,"Hêtre","Autres forêts publiques RF"
677941,0.257564083168273,273.255060709246,434,56.6999969482422,1.21852,"Pin sylvestre","Forêts domaniales RF"
502139,0.112852104730044,64.6641357820127,373,14.6999988555908,1.13971,"Pin sylvestre","Forêts domaniales RF"
581530,0.19575825069607,128.358429022903,600,39.2000007629395,2.49334,"Hêtre","Autres forêts publiques RF"
510430,0.335330539778507,325.584938757309,610,28,4.40777,"Hêtre","Autres forêts publiques RF"
636103,0.328799227220663,435.673885976791,822,52.2000045776367,2.37115,"Sapin pectiné","Forêts privées et autres - Hors PSG"
540190,0.204579732877737,148.564338347288,888,157.5,3.39217,"Hêtre","Forêts domaniales RF"
677031,0.111759887321418,29.6305762546693,304,55.7999954223633,4.94447,"Chêne rouvre","Forêts domaniales RF"
306992,0.185639346464128,246.682580758512,310,50.3999977111816,3.96806,"Hêtre","Forêts domaniales RF"
234104,0.0953982869373081,26.2941949085329,277,82.5,3.1394,"Hêtre","Forêts domaniales RF"
414557,0.543131207036425,439.150995405589,311,56.6999969482422,2.51653,"Hêtre","Forêts domaniales RF"
318116,0.202227613482257,183.794178926302,223,44.1000022888184,2.62352,"Hêtre","Forêts domaniales RF"
453366,0.432900995016098,21.7601466608564,365,56.6999969482422,4.26853,"Hêtre","Forêts domaniales RF"
300912,0.474125078735952,390.669259118879,225,49,2.61012,"Hêtre","Autres forêts publiques RF"
219069,0.118388019038357,96.5548013707173,377,62.9999961853027,3.38742,"Hêtre","Autres forêts publiques RF"
446080,0.252135353430898,292.341364565141,393,62.9999961853027,0.622289,"Pin sylvestre","Autres forêts publiques RF"
333661,0.353811715280733,656.103596521021,360,122.5,5.35437,"Sapin pectiné","Forêts privées et autres - En PSG"
248801,0.342557480603063,499.564930655257,442,37.7999992370605,1.15675,"Sapin pectiné","Forêts domaniales RF"
463837,0.3264549409523,361.502770369947,599,44.1000022888184,1.31684,"Pin sylvestre","Forêts domaniales RF"
477757,0.129059342551456,100.066245994381,354,29.4000015258789,2.72546,"Bouleau","Forêts privées et autres - En PSG"
343359,0.338936156836756,192.889934256086,809,80,2.04068,"Épicéa commun","Autres forêts publiques RF"
277492,0.317896312889608,243.783370157859,1012,52.5,2.93846,"Hêtre","Autres forêts publiques RF"
435902,0.361854088871788,476.191379741576,877,43.5,2.48351,"Épicéa commun","Autres forêts publiques RF"
201765,0.27463127868867,306.579023820798,337,21,2.51208,"Chêne rouvre","Forêts domaniales RF"
630021,0.310331243123192,159.008781425825,346,50.3999977111816,4.85856,"Hêtre","Forêts domaniales RF"
582778,0.144262583766268,111.375326411109,238,56,1.60126,"Épicéa commun","Forêts privées et autres - Hors PSG"
679387,0.265810790872881,151.583544610575,261,93,2.92046,"Grand aulne","Forêts domaniales RF"
541068,0.421535057309876,263.083335013702,253,62.9999961853027,2.16799,"Chêne rouvre","Forêts domaniales RF"
541903,0.370131084586938,103.450031842353,334,21,1.30488,"Sapin pectiné","Forêts domaniales RF"
539313,0.233103616163317,469.662990077469,306,40,4.0993,"Sapin pectiné","Forêts domaniales RF"
622596,0.225286823714584,352.604135616945,728,56.6999969482422,3.36568,"Hêtre","Forêts domaniales RF"
501041,0.247844242793332,149.924639786286,323,25,3.98838,"Douglas","Forêts privées et autres - En PSG"
550065,0.147140139932327,162.10132031064,775,24,2.40897,"Hêtre","Autres forêts publiques RF"
656615,0.508752157556055,339.430389639167,663,124.800003051758,3.90372,"Sapin pectiné","Autres forêts publiques RF"
251218,0.430685061636116,218.097154782687,341,62.9999961853027,2.0985,"Pin sylvestre","Forêts domaniales RF"
404318,0.424227845676336,259.533215609517,324,56.6999969482422,1.57051,"Épicéa commun","Forêts domaniales RF"
377388,0.11077102744929,16.8062442022263,217,62.9999961853027,1.5374,"Pin sylvestre","Autres forêts publiques RF"
440929,0.431834117047657,555.678214881804,316,56.6999969482422,2.74163,"Sapin pectiné","Autres forêts publiques RF"
380219,0.465916395469806,295.113842441007,408,42,3.67998,"Sapin pectiné","Forêts domaniales RF"
408365,0.29393500276585,396.633538852271,762,29,3.80305,"Sapin pectiné","Autres forêts publiques RF"
310078,0.265894080144136,172.25723452675,906,32,3.44943,"Épicéa commun","Autres forêts publiques RF"
265713,0.0981093995895069,34.3322854792381,641,121.500007629395,5.85047,"Sapin pectiné","Autres forêts publiques RF"
310618,0.243497778700651,216.968013304552,348,91,5.56363,"Épicéa commun","Autres forêts publiques RF"
658176,0.464205490646815,338.680933882463,229,62.9999961853027,1.3593,"Chêne rouvre","Forêts domaniales RF"
529060,0.167956159418505,98.5382361366267,273,56,1.87276,"Pin sylvestre","Autres forêts publiques RF"
660919,0.340973647167231,147.486842558671,229,44.1000022888184,1.37452,"Pin sylvestre","Forêts privées et autres - En PSG"
632661,0.270081575834075,505.849469116388,297,33.5999984741211,3.31931,"Hêtre","Autres forêts publiques RF"
533085,0.217741039081231,377.360622631701,621,75,1.16718,"Chêne rouvre","Autres forêts publiques RF"
541617,0.289248391077394,454.777480644119,383,29.3999977111816,1.034,"Pin sylvestre","Forêts privées et autres - En PSG"
659059,0.147794189760499,307.002659195964,756,50.3999977111816,3.01881,"Hêtre","Autres forêts publiques RF"
573168,0.386226275229579,296.540780020901,836,131,2.48723,"Sapin pectiné","Autres forêts publiques RF"
618987,0.167028960172838,203.179084614634,485,31.2000007629395,4.18043,"Châtaignier","Autres forêts publiques RF"
327032,0.471660184756186,290.232109907001,318,62.9999961853027,2.99969,"Hêtre","Forêts domaniales RF"
243561,0.220913244845245,179.196077123991,276,56.6999969482422,1.44885,"Hêtre","Forêts domaniales RF"
450117,0.143907418611668,167.61068389972,239,56.6999969482422,2.66176,"Pin sylvestre","Autres forêts publiques RF"
304838,0.134406135828186,109.618150160477,262,62.9999961853027,1.58435,"Pin sylvestre","Autres forêts publiques RF"
236348,0.273523339656651,388.697273654921,314,62.9999961853027,3.69796,"Châtaignier","Forêts privées et autres - En PSG"
425127,0.498638039429796,375.090990436264,350,50.3999977111816,3.91469,"Sapin pectiné","Autres forêts publiques RF"
340703,0.227980994644883,161.638205412744,397,44.1000022888184,2.51815,"Douglas","Forêts privées et autres - En PSG"
248568,0.341147162792829,331.545814517514,466,20,5.22747,"Chêne pédonculé","Autres forêts publiques RF"
420037,0.129371045349802,171.709611967242,681,21,1.81404,"Sapin pectiné","Autres forêts publiques RF"
309277,0.297818290731217,141.874700670688,478,21.75,1.70689,"Chêne rouvre","Autres forêts publiques RF"
271391,0.0955350675266375,12.0611038451558,547,66.6000061035156,4.60125,"Grand aulne","Forêts privées et autres - Hors PSG"
459094,0.391694998473483,479.022543620868,364,90,4.42895,"Pin sylvestre","Autres forêts publiques RF"
652735,0.519076904966685,499.885554499253,400,37.7999992370605,2.26679,"Hêtre","Forêts domaniales RF"
534278,0.240742764594167,131.388192951789,221,28,1.78015,"Hêtre","Forêts domaniales RF"
652722,0.265206808221324,130.128085450939,301,31.5,0.761573,"Pin sylvestre","Autres forêts publiques RF"
619563,0.142847652553126,122.315649328133,355,44.1000022888184,2.10976,"Hêtre","Forêts privées et autres - En PSG"
516781,0.243120850300083,241.560713314268,619,8.39999961853027,1.34782,"Pin sylvestre","Autres forêts publiques RF"
636996,0.752112270395881,137.556582407357,596,120.400001525879,5.89828,"Sapin pectiné","Autres forêts publiques RF"
540727,0.424348165592869,387.284590435035,492,18,4.52869,"Sapin pectiné","Forêts privées et autres - En PSG"
205916,0.228808629030113,335.63125242923,311,56.6999969482422,1.67385,"Bouleau","Forêts domaniales RF"
376841,0.399570864356705,322.549862819235,294,62.9999961853027,3.40196,"Hêtre","Forêts domaniales RF"
379237,0.30657864130418,167.834976426164,502,28,1.05218,"Pin sylvestre","Forêts privées et autres - En PSG"
226945,0.685492958868714,256.357079774479,602,94.0499954223633,4.7157,"Sapin pectiné","Autres forêts publiques RF"
441318,0.330100466509731,454.217193219069,352,96.25,5.7012,"Chêne rouvre","Autres forêts publiques RF"
315787,0.135336544643805,34.8943465033338,471,25.1999988555908,4.63566,"Cerisier ou merisier","Forêts privées et autres - Hors PSG"
209950,0.158857542814477,88.9717456274122,293,102.000007629395,1.4264,"Sapin pectiné","Autres forêts publiques RF"
619574,0.237274395527447,16.4356257153838,255,62.9999961853027,1.42279,"Pin sylvestre","Forêts domaniales RF"
574254,0.310430256588281,213.067547182579,290,28,2.11212,"Hêtre","Forêts domaniales RF"
602566,0.122589471209541,163.689624611068,433,11.1999998092651,4.10174,"Châtaignier","Autres forêts publiques RF"
514754,0.255686342760307,228.060079596825,662,44.1000022888184,0.88684,"Pin sylvestre","Autres forêts publiques RF"
643100,0.254883122342567,276.60110123285,393,26.8499984741211,3.32438,"Douglas","Forêts privées et autres - En PSG"
341402,0.240018175203039,254.118277279719,278,62.9999961853027,1.63587,"Hêtre","Forêts domaniales RF"
270876,0.174509712409685,227.48250259492,320,62.9999961853027,1.48041,"Pin sylvestre","Forêts domaniales RF"
423115,0.304386801545642,230.470357214222,234,29.3999977111816,1.45568,"Pin sylvestre","Forêts domaniales RF"
405884,0.210804663873146,130.909922875517,679,37.7999992370605,2.32606,"Mélèze d'Europe","Forêts privées et autres - En PSG"
369519,0.279569232207078,78.0299779455401,388,30,3.89679,"Chêne rouvre","Autres forêts publiques RF"
226619,0.165140743482439,295.972592697044,367,53.9999961853027,3.83348,"Châtaignier","Forêts privées et autres - Hors PSG"
336072,0.299814825828016,184.001155382025,454,54,1.87718,"Chêne rouvre","Forêts domaniales RF"
656812,0.292565747085061,364.036577442774,453,30.4500007629395,8.71538,"Épicéa commun","Autres forêts publiques RF"
565160,0.156188356677593,231.599232885268,365,60,4.86617,"Châtaignier","Autres forêts publiques RF"
330802,0.212149416019224,291.935923593543,215,34.2999992370605,1.56575,"Pin sylvestre","Forêts domaniales RF"
222309,0.218231329228434,120.805120730686,314,39.2000007629395,1.44131,"Pin sylvestre","Autres forêts publiques RF"
431746,0.439377849079148,251.773736937033,302,19.6000003814697,2.5878,"Hêtre","Autres forêts publiques RF"
305202,0.116502854165193,83.5511642187692,270,62.9999961853027,1.81481,"Pin sylvestre","Forêts domaniales RF"
248309,0.255747289610236,330.872309874682,414,62.9999961853027,6.5,"Hêtre","Forêts domaniales RF"
462740,0.186492332201201,210.270559821624,221,56,2.28892,"Pin sylvestre","Forêts domaniales RF"
263901,0.169208658577282,168.033533984247,375,37.7999992370605,1.58293,"Pin sylvestre","Forêts privées et autres - En PSG"
446718,0.474462551628309,256.798816551559,471,37.7999992370605,1.96977,"Hêtre","Autres forêts publiques RF"
673522,0.185119100463883,257.744353557831,288,34.2999992370605,5.29328,"Hêtre","Autres forêts publiques RF"
431077,0.321141178544635,130.436961099408,239,157.5,1.72767,"Pin sylvestre","Forêts privées et autres - En PSG"
245614,0.141769353460629,111.456828798801,348,14,1.62397,"Mélèze d'Europe","Autres forêts publiques RF"
639589,0.209452464192466,219.540259774061,297,33.5999984741211,1.62357,"Pin sylvestre","Forêts privées et autres - En PSG"
504177,0.262656498952118,367.883567847646,491,33.5999984741211,1.02586,"Hêtre","Autres forêts publiques RF"
220108,0.404279087085052,312.099754045723,269,44.7999992370605,2.24591,"Hêtre","Forêts privées et autres - En PSG"
415388,0.369109767493463,370.636849003107,266,56.6999969482422,2.21613,"Hêtre","Forêts privées et autres - En PSG"
504592,0.446264943949803,189.52424266189,273,50.3999977111816,1.98983,"Hêtre","Forêts domaniales RF"
653070,0.281085390188676,345.293026898911,416,50.3999977111816,6.5,"Chêne rouvre","Autres forêts publiques RF"
352498,0.223099266774511,158.356685223019,409,28,1.26795,"Pin sylvestre","Forêts privées et autres - En PSG"
672506,0.440468069188851,134.861055861729,304,50.3999977111816,2.46679,"Hêtre","Forêts privées et autres - Hors PSG"
514744,0.343781219427554,161.031165258567,434,33.5999984741211,2.20959,"Pin sylvestre","Forêts privées et autres - En PSG"
565423,0.289777790094862,128.269834291543,326,56.6999969482422,0.849686,"Épicéa commun","Forêts domaniales RF"
557255,0.381533777013627,82.5078172227955,416,56.6999969482422,2.34772,"Épicéa commun","Forêts privées et autres - En PSG"
236120,0.456474174050219,170.512139367138,298,62.9999961853027,2.75537,"Hêtre","Autres forêts publiques RF"
478832,0.470968444230451,152.187561109881,222,140.500015258789,1.8107,"Épicéa commun","Forêts privées et autres - En PSG"
547276,0.111659018224054,117.815254636349,393,32,1.91232,"Chêne rouge d'Amérique","Autres forêts publiques RF"
366517,0.207671851509913,284.999955998801,421,56.6999969482422,1.56586,"Hêtre","Autres forêts publiques RF"
619608,0.335013754319012,282.966897497781,444,118,2.23429,"Hêtre","Autres forêts publiques RF"
464872,0.357824455246978,283.176012681657,416,44.1000022888184,3.29586,"Hêtre","Autres forêts publiques RF"
209715,0.15939758854684,157.935705762044,341,54,1.79544,"Pin sylvestre","Autres forêts publiques RF"
420047,0.447926771972091,630.148731090365,349,107,5.84526,"Hêtre","Autres forêts publiques RF"
310407,0.248294800578951,196.072161067989,417,50.3999977111816,1.69432,"Pin sylvestre","Autres forêts publiques RF"
619264,0.347307478590466,629.929250064331,226,50.3999977111816,2.78349,"Pin sylvestre","Forêts privées et autres - Hors PSG"
120238,0.103491760886707,57.1225846417974,569,22.3999996185303,0.76595,"Sapin pectiné","Forêts domaniales RF"
35455,0.506112992763519,27.9598358707588,701,33.5999984741211,1.07106,"Sapin pectiné","Forêts domaniales RF"
33629,0.198401181477735,37.5110675615364,809,28,2.1107,"Sapin pectiné","Forêts domaniales RF"
145853,0.320208711708467,228.989159369911,748,84,2.58225,"Épicéa commun","Autres forêts publiques RF"
43678,0.305770492548059,383.017212405916,613,44.1000022888184,0.603735,"Pin sylvestre","Autres forêts publiques RF"
20076,0.282978006845683,259.357174454292,752,117.599990844727,3.00519,"Épicéa commun","Forêts domaniales RF"
100393,0.264163724925772,368.447420208099,687,34.2999992370605,1.61346,"Hêtre","Forêts domaniales RF"
6100,0.183259191118301,59.8085640096821,442,62.9999961853027,5.55501,"Tremble","Forêts privées et autres - Hors PSG"
105860,0.41542013120462,223.282563069037,527,145.799987792969,3.1778,"Chêne rouvre","Forêts privées et autres - En PSG"
100155,0.324927650330311,327.227390904432,545,17.5,2.99421,"Hêtre","Autres forêts publiques RF"
50971,0.339392005652168,320.641014192312,620,28,3.0536,"Épicéa commun","Autres forêts publiques RF"
9491,0.274713848438971,424.99461947266,636,100,1.94732,"Épicéa commun","Autres forêts publiques RF"
133278,0.295132677362192,139.872147108405,746,8.39999961853027,1.42224,"Épicéa commun","Forêts domaniales RF"
49636,0.294312131201745,196.070552862283,561,37.7999992370605,2.18762,"Douglas","Autres forêts publiques RF"
28458,0.28184766100273,192.45994884666,511,139.949996948242,3.79537,"Épicéa commun","Autres forêts publiques RF"
121472,0.294168734083366,401.40240626863,567,142.650009155273,2.56273,"Épicéa commun","Forêts privées et autres - Hors PSG"
2675,0.292637568026197,105.582587949845,611,104.800003051758,2.21673,"Noisetier","Forêts privées et autres - Hors PSG"
142688,0.272521756561927,437.165340493882,305,44.1000022888184,1.32259,"Pin sylvestre","Forêts domaniales RF"
24310,0.577318244583545,239.426775102597,786,31.5,2.66485,"Sapin pectiné","Autres forêts publiques RF"
134630,0.215665661569592,141.219103299428,425,52.5,2.75438,"Douglas","Autres forêts publiques RF"
118905,0.145323559521855,210.671131249937,665,85.75,1.70195,"Grand érable","Forêts privées et autres - Hors PSG"
118870,0.302431234638854,243.391234856005,624,84,1.45572,"Pin sylvestre","Autres forêts publiques RF"
49105,0.144197364859795,162.613958205069,401,56.6999969482422,3.22788,"Hêtre","Forêts domaniales RF"
103776,0.422422051944516,313.398555847727,519,50.3999977111816,3.79071,"Hêtre","Autres forêts publiques RF"
13765,0.299268667418959,209.486448314837,513,37.7999992370605,4.09623,"Hêtre","Autres forêts publiques RF"
103629,0.132741979307292,186.161465234661,579,27.4499988555908,4.22124,"Frêne","Autres forêts publiques RF"
139441,0.106050033596174,14.0120200172468,997,141.75,2.0358,"Épicéa commun","Forêts domaniales RF"
13251,0.330006290309973,380.977617872794,433,100.799995422363,5.14737,"Grand érable","Forêts privées et autres - Hors PSG"
41796,0.151560021617844,89.9368285343486,341,62.9999961853027,2.512,"Douglas","Forêts domaniales RF"
140107,0.19098599255085,12.0589714358021,305,62.9999961853027,4.71092,"Douglas","Forêts privées et autres - Hors PSG"
152730,0.440300410282493,348.057775144266,296,56.6999969482422,2.37713,"Hêtre","Forêts domaniales RF"
11946,0.161848409388476,214.374334746645,479,50.3999977111816,6.5,"Douglas","Forêts domaniales RF"
108165,0.314768063904369,352.884230482579,722,37.7999992370605,3.1771,"Hêtre","Forêts domaniales RF"
580,0.459692253068099,242.52233943364,542,21,2.50921,"Sapin pectiné","Forêts domaniales RF"
150961,0.293098600644412,313.792443402614,360,30,3.95433,"Hêtre","Autres forêts publiques RF"
32374,0.225098145004562,229.609132034208,538,36.25,7.77273,"Douglas","Autres forêts publiques RF"
126128,0.133814207787686,132.795470273125,737,24.5,4.22128,"Noisetier","Autres forêts publiques RF"
53980,0.448255368052853,127.247852593921,1071,78,1.08002,"Épicéa commun","Forêts domaniales RF"
109714,0.201787461892329,215.320380837293,395,57.5,2.74445,"Châtaignier","Forêts privées et autres - Hors PSG"
110117,0.374932910710417,353.801605908952,329,44.0999984741211,2.91839,"Chêne rouvre","Forêts privées et autres - En PSG"
25508,0.32119682947827,430.883584877507,290,56.6999969482422,3.40096,"Épicéa commun","Forêts privées et autres - En PSG"
101623,0.205643733408867,194.134813120721,391,62.9999961853027,5.2376,"Hêtre","Forêts domaniales RF"
137825,0.482334402491803,217.951490137904,430,7,3.05156,"Hêtre","Autres forêts publiques RF"
40555,0.646169006824493,73.8964994528573,236,62.9999961853027,2.87583,"Hêtre","Forêts domaniales RF"
18226,0.322663360619166,590.171870970939,371,39.2000007629395,0.414749,"Pin sylvestre","Forêts domaniales RF"
140221,0.368448435448487,469.424706847942,652,8.39999961853027,0.651506,"Épicéa commun","Forêts domaniales RF"
41318,0.250027409813867,75.867546455184,330,101.850006103516,5.42768,"Sapin pectiné","Forêts privées et autres - En PSG"
140558,0.233046810765312,236.930318613784,695,48,4.85123,"Sapin pectiné","Autres forêts publiques RF"
41481,0.350187984318345,318.429307231324,902,37.7999992370605,1.96854,"Sapin pectiné","Autres forêts publiques RF"
108691,0.264070845514257,393.605107614674,763,36.25,2.93375,"Épicéa commun","Autres forêts publiques RF"
138037,0.178062669901503,104.168605139783,235,50.3999977111816,1.34566,"Épicéa commun","Forêts domaniales RF"
51483,0.314301248979351,363.936239371396,242,56.6999969482422,3.25149,"Hêtre","Forêts domaniales RF"
146586,0.321036599327079,208.299305967241,342,62.9999961853027,1.64575,"Pin sylvestre","Forêts domaniales RF"
19360,0.391978286239449,321.892282302621,316,62.9999961853027,4.26397,"Sapin pectiné","Forêts domaniales RF"
104232,0.210714008913372,318.240558469036,535,31.5,2.70732,"Pin sylvestre","Forêts domaniales RF"
29404,0.326499946054144,268.348009359713,542,34.2999992370605,2.10279,"Douglas","Autres forêts publiques RF"
50887,0.212147471538862,99.4231042952483,469,28,3.20527,"Douglas","Forêts privées et autres - En PSG"
114276,0.329515516971614,37.2829981611432,876,29,1.91599,"Hêtre","Autres forêts publiques RF"
23941,0.490399037834342,180.412193238122,778,65.25,3.60498,"Sapin pectiné","Autres forêts publiques RF"
152775,0.247441106281858,35.452862580555,362,49,8.4227,"Chêne rouvre","Forêts privées et autres - Hors PSG"
131420,0.114951810834014,82.5132957852804,333,31.5,2.93443,"Hêtre","Forêts domaniales RF"
54226,0.0900428082934977,5.01203985859353,251,78,3.88298,"Épicéa commun","Forêts privées et autres - Hors PSG"
146954,0.166180098646483,236.935191349961,307,50.3999977111816,1.14867,"Pin sylvestre","Autres forêts publiques RF"
23279,0.227916451133165,234.292436897938,248,62.9999961853027,4.74146,"Châtaignier","Forêts privées et autres - Hors PSG"
106519,0.256387315338647,278.153151464261,444,44.7999992370605,2.26896,"Chêne rouvre","Autres forêts publiques RF"
113667,0.154282220145531,103.334355697183,329,37.7999992370605,2.22881,"Douglas","Forêts privées et autres - En PSG"
44284,0.172218569533207,203.440115836104,517,28,3.36373,"Hêtre","Autres forêts publiques RF"
120709,0.131691185914101,174.805934203256,756,36.25,4.1284,"Frêne","Autres forêts publiques RF"
14611,0.164291982196949,147.388633889284,730,52.2000045776367,2.652,"Épicéa commun","Forêts domaniales RF"
116635,0.252730002150096,344.602493342901,272,57.2000007629395,2.50476,"Sapin pectiné","Forêts privées et autres - En PSG"
150723,0.234956264364462,158.815499157347,221,62.9999961853027,1.85221,"Épicéa commun","Forêts domaniales RF"
54855,0.240849781592026,152.956994921719,212,56.6999969482422,1.32087,"Pin sylvestre","Autres forêts publiques RF"
135111,0.223243850282541,203.826393338917,565,21,2.07082,"Pin sylvestre","Autres forêts publiques RF"
54624,0.303836502591228,325.105758385355,575,39.2000007629395,1.24132,"Sapin pectiné","Autres forêts publiques RF"
150871,0.492060132512002,381.40389994648,570,23.4000015258789,4.67545,"Sapin pectiné","Forêts privées et autres - En PSG"
51128,0.325297441592104,312.363382978114,367,86.3999938964844,3.44758,"Sapin pectiné","Autres forêts publiques RF"
126100,0.257904491661769,188.209144297073,243,62.9999961853027,3.36345,"Épicéa commun","Forêts domaniales RF"
128892,0.277561570383395,318.551719760468,625,37.7999992370605,1.22308,"Pin sylvestre","Autres forêts publiques RF"
144094,0.129728351912236,65.2751527215443,309,28,1.66406,"Sapin pectiné","Autres forêts publiques RF"
111199,0.270847556832308,276.61264353563,226,35,1.61211,"Épicéa commun","Forêts domaniales RF"
24355,0.23279013948612,168.887104255031,268,42,2.39651,"Pin sylvestre","Forêts privées et autres - En PSG"
39425,0.130400226410352,59.3775555250122,308,56.6999969482422,5.08757,"Mélèze d'Europe","Autres forêts publiques RF"
151983,0.134961759421396,108.802783862932,284,50.3999977111816,2.20804,"Hêtre","Autres forêts publiques RF"
7899,0.214273505088871,167.901901491493,227,109.350006103516,2.89508,"Chêne rouvre","Forêts domaniales RF"
131096,0.479965815805548,238.410537248228,266,44.7999992370605,2.2459,"Hêtre","Forêts privées et autres - En PSG"
2796,0.321976918897754,282.91446185458,401,35,1.09223,"Hêtre","Autres forêts publiques RF"
127,0.209084225451407,206.28734474195,399,14,2.10684,"Pin sylvestre","Forêts privées et autres - En PSG"
139346,0.360799206903699,321.821937704194,476,50.3999977111816,2.09551,"Hêtre","Autres forêts publiques RF"
11142,0.360295941090392,230.770918618099,438,28,6.5,"Hêtre","Forêts privées et autres - En PSG"
123035,0.165346393642192,143.888093425911,427,44.7999992370605,1.04105,"Pin sylvestre","Forêts domaniales RF"
32917,0.258379790978259,312.950049667584,397,56.6999969482422,1.17106,"Pin sylvestre","Autres forêts publiques RF"
142629,0.107119614753105,49.8509675013865,448,145.500015258789,1.95654,"Pin sylvestre","Forêts privées et autres - En PSG"
12716,0.283218797184922,345.949514216606,359,39.2000007629395,2.36602,"Hêtre","Forêts domaniales RF"
144247,0.294171489996946,224.646746449489,263,44.0999984741211,1.12715,"Pin sylvestre","Autres forêts publiques RF"
44982,0.172057678542695,231.255558643163,280,63,4.67477,"Pin sylvestre","Autres forêts publiques RF"
416111,0.256466214960226,295.021982590349,760,52.5,2.05294,"Épicéa commun","Forêts privées et autres - Hors PSG"
524934,0.254714771561948,48.773558531935,650,37.7999992370605,1.10068,"Sapin pectiné","Forêts domaniales RF"
677559,0.285137013552743,234.52992620052,607,17.5,1.02895,"Pin sylvestre","Forêts domaniales RF"
503618,0.22356106597086,73.8823955705172,289,168,5.40434,"Châtaignier","Forêts privées et autres - Hors PSG"
279232,0.227166071521519,395.501147147395,545,39.2000007629395,4.72143,"Douglas","Forêts domaniales RF"
438245,0.279947828364812,352.387962477764,697,21,6.5,"Épicéa commun","Forêts domaniales RF"
638219,0.275345299032045,67.4853715324127,238,34.2999992370605,2.55686,"Sapin pectiné","Forêts domaniales RF"
222239,0.132488639436947,78.4815825299363,235,21,3.76467,"Pin sylvestre","Forêts domaniales RF"
406543,0.353323996067047,45.3715693329996,414,10,3.02954,"Hêtre","Autres forêts publiques RF"
533853,0.184028315043243,153.60152551856,245,27,2.24081,"Douglas","Autres forêts publiques RF"
428421,0.29820483835007,96.5616698387907,358,48,2.40429,"Chêne rouvre","Autres forêts publiques RF"
338289,0.316463168124926,255.01265622209,248,25.1999988555908,3.9578,"Hêtre","Autres forêts publiques RF"
500002,0.373159347901181,301.065574017884,338,87.5,6.47288,"Chêne rouvre","Autres forêts publiques RF"
453700,0.219172216059328,147.409379547088,398,42,3.59935,"Chêne rouvre","Autres forêts publiques RF"
505213,0.186074154819324,190.22977205389,337,69.6000061035156,3.28522,"Chêne rouvre","Autres forêts publiques RF"
138733,0.309551294445312,324.777942355228,449,56.6999969482422,1.66044,"Hêtre","Forêts domaniales RF"
48135,0.145561955180114,215.840588912642,293,39.2000007629395,2.60513,"Douglas","Forêts domaniales RF"
47371,0.234255490337002,236.925474068896,419,49,0.788498,"Pin sylvestre","Autres forêts publiques RF"
40028,0.254150319364831,140.502463672575,407,63,2.06714,"Chêne rouvre","Autres forêts publiques RF"
306323,0.285808057886183,405.921411444489,845,25,5.28792,"Sapin pectiné","Forêts privées et autres - Hors PSG"
503146,0.313895188069612,227.143534972236,931,35,1.84155,"Sapin pectiné","Forêts privées et autres - Hors PSG"
413985,0.232547552231099,360.236371584438,878,35,2.13423,"Hêtre","Autres forêts publiques RF"
646690,0.557956693890409,297.335510364878,898,17.5,3.34954,"Sapin pectiné","Autres forêts publiques RF"
608174,0.104952505935509,11.3726428466157,520,29.4000015258789,7.88397,"Frêne","Forêts privées et autres - Hors PSG"
458873,0.246454518704015,260.654300035694,947,47.25,1.71713,"Hêtre","Autres forêts publiques RF"
360463,0.228960524363821,81.0190410152173,954,104.400001525879,2.47765,"Grand érable","Forêts privées et autres - Hors PSG"
465014,0.460253002531304,307.27958023454,971,50.7500038146973,2.30208,"Sapin pectiné","Autres forêts publiques RF"
373847,0.30305603065577,492.310413166062,1029,81.2000045776367,2.7444,"Hêtre","Autres forêts publiques RF"
259132,0.156983197881007,106.910468709451,534,42,2.0558,"Chêne rouvre","Forêts privées et autres - Hors PSG"
421531,0.41926789360533,295.578245702412,904,110.25,3.22668,"Hêtre","Autres forêts publiques RF"
559391,0.456963764028233,244.853956789824,1108,45,1.6186,"Épicéa commun","Autres forêts publiques RF"
548510,0.179805585189465,201.746633932068,833,52.2000007629395,2.45455,"Sapin pectiné","Autres forêts publiques RF"
629136,0.189147866487092,294.341804607689,915,94.5,2.99148,"Sapin pectiné","Autres forêts publiques RF"
43606,0.119141395030685,35.2227627346902,985,91.3499984741211,0.934375,"Bouleau","Forêts privées et autres - Hors PSG"
133964,0.26369294363537,222.091731928545,682,70.2000045776367,3.59934,"Sapin pectiné","Forêts privées et autres - Hors PSG"
101430,0.292712573820898,250.198247978427,983,43.5,2.2514,"Sapin pectiné","Autres forêts publiques RF"
14419,0.284455616864563,356.833052257905,1134,21,5.0328,"Grand érable","Autres forêts publiques RF"
131806,0.152281386953629,214.314226329081,926,15.6000003814697,1.89882,"Sapin pectiné","Autres forêts publiques RF"
2056,0.207348619631419,251.690660394714,663,157.950012207031,8.26959,"Sapin pectiné","Forêts privées et autres - Hors PSG"
223270,0.229954347778225,303.866647294291,520,10.5,4.22911,"Hêtre","Forêts privées et autres - Hors PSG"
273157,0.345572269096271,151.892995910092,697,42,3.8777,"Hêtre","Autres forêts publiques RF"
461937,0.303342918979874,341.866534509714,781,70,3.13889,"Sapin pectiné","Autres forêts publiques RF"
574449,0.357593811785484,353.296735868301,863,70.2000045776367,4.99847,"Hêtre","Autres forêts publiques RF"
662223,0.12214443369648,78.6783541724522,690,98.8000030517578,2.4257,"Épicéa commun","Forêts privées et autres - En PSG"
512142,0.348902116854906,245.813477005074,492,43.5000038146973,2.40843,"Sapin pectiné","Autres forêts publiques RF"
449381,0.143250089079668,154.078376056101,1132,81.9000091552734,2.24995,"Hêtre","Forêts domaniales RF"
372684,0.258964431749678,269.635808221281,782,67.9000091552734,2.06054,"Hêtre","Autres forêts publiques RF"
344431,0.181842061548811,181.31698263079,876,26.25,4.12437,"Sapin pectiné","Autres forêts publiques RF"
257367,0.210198988596595,303.848517285534,647,73.5,1.98333,"Chêne rouvre","Forêts privées et autres - En PSG"
315340,0.40092370966464,293.148849602399,600,104.400001525879,3.18921,"Sapin pectiné","Autres forêts publiques RF"
604120,0.206187787677116,231.920891070842,1191,111,1.65559,"Hêtre","Autres forêts publiques RF"
500865,0.136114206244649,248.494137210693,1063,84,2.5068,"Hêtre","Autres forêts publiques RF"
270036,0.24298586167502,302.52935613993,1236,48,0.830902,"Hêtre","Forêts privées et autres - En PSG"
436333,0.138882524680786,151.449893177774,1010,40.9500007629395,4.53493,"Hêtre","Autres forêts publiques RF"
332736,0.319118900357389,311.276972513024,867,10.5,6.97056,"Sapin pectiné","Autres forêts publiques RF"
365646,0.203759450750708,189.580428472427,1001,52.2000045776367,6.606681,"Épicéa commun","Autres forêts publiques RF"
561563,0.343735620441723,190.393623359605,1006,23.2000007629395,1.74242,"Épicéa commun","Autres forêts publiques RF"
501605,0.123491814317944,201.08564355545,1076,89.0999984741211,3.08067,"Hêtre","Autres forêts publiques RF"
578949,0.106208560598177,7.60144642454518,642,69.6000061035156,3.81399,"Autre feuillu indigène","Forêts privées et autres - Hors PSG"
633134,0.192288496036246,416.832572302295,867,142.199996948242,7.11538,"Grand érable","Autres forêts publiques RF"
551197,0.221775759497972,260.173993398766,790,26.25,5.5952,"Hêtre","Autres forêts publiques RF"
263660,0.251464454953474,275.593406991324,825,85.0500030517578,1.8075,"Sapin pectiné","Autres forêts publiques RF"
411910,0.281959418202728,443.544193412863,893,93.6000061035156,4.56489,"Hêtre","Autres forêts publiques RF"
319653,0.202749008998746,206.007353562083,1235,76.0499954223633,0.82913,"Hêtre","Autres forêts publiques RF"
403739,0.335172576244283,415.609443027233,751,35.1000022888184,5.56024,"Sapin pectiné","Autres forêts publiques RF"
223940,0.338876157631815,129.541913180259,631,7,5.54684,"Sapin pectiné","Autres forêts publiques RF"
401941,0.289702882659045,620.441490690209,1044,58.5000038146973,3.31858,"Sapin pectiné","Autres forêts publiques RF"
358930,0.27549511336973,326.676746922249,737,85.75,5.68441,"Sapin pectiné","Forêts domaniales RF"
638117,0.435004152246559,493.959224570692,976,26.25,2.26727,"Épicéa commun","Autres forêts publiques RF"
535254,0.521232990908116,129.079851525918,810,54.5,3.32403,"Frêne","Forêts privées et autres - Hors PSG"
668991,0.559421033591162,150.932392129599,977,42,2.4621,"Épicéa commun","Autres forêts publiques RF"
564705,0.0942447133436266,28.3863723348355,492,67.9500045776367,3.33956,"Noisetier","Forêts privées et autres - Hors PSG"
226335,0.230012352079967,301.467934819588,769,20,3.15169,"Douglas","Autres forêts publiques RF"
453210,0.159740087875455,143.849888356452,586,0,3.69033,"Sapin pectiné","Autres forêts publiques RF"
230605,0.412229427983387,366.172318848175,811,43.75,4.96833,"Sapin pectiné","Autres forêts publiques RF"
319855,0.411245312294867,211.429106406538,1105,105,3.06265,"Hêtre","Forêts domaniales RF"
217996,0.179695478172472,77.9717078261854,857,81,NA,"Épicéa commun","Autres forêts publiques RF"
423219,0.253523066606669,423.477457942376,502,50.75,2.46919,"Douglas","Autres forêts publiques RF"
340088,0.242490024595109,286.876530435373,480,10.7999992370605,8.79178,"Hêtre","Autres forêts publiques RF"
254590,0.155616372536706,115.519752973543,623,35,4.12611,"Chêne rouvre","Forêts domaniales RF"
430517,0.296591003581849,439.101222471595,462,69.6000061035156,6.23448,"Chêne rouvre","Forêts privées et autres - Hors PSG"
575308,0.129322127135172,157.38992620257,785,65.25,4.1801,"Frêne","Forêts privées et autres - Hors PSG"
628852,0.180843345692471,158.349401416172,1257,17.4000015258789,1.61178,"Autre fruitier","Forêts domaniales RF"
667185,0.127150838509712,189.265999200666,530,32,4.3863,"Mélèze d'Europe","Autres forêts publiques RF"
660444,0.62743421710773,459.089757889819,831,32.0999984741211,4.77858,"Sapin pectiné","Forêts domaniales RF"
511986,0.18028521369299,197.168448465296,1165,87.0000076293945,1.26709,"Épicéa commun","Forêts privées et autres - Hors PSG"
665508,0.183630376709459,291.024325380889,458,88.5499954223633,7.00269,"Robinier faux-acacia","Forêts privées et autres - Hors PSG"
515820,0.457893758157087,241.270934245833,447,43.5,5.02648,"Hêtre","Forêts privées et autres - Hors PSG"
248745,0.354180933024286,358.694151481272,932,54,4.22274,"Hêtre","Autres forêts publiques RF"
480200,0.369119820669666,354.593776064508,787,58,3.65117,"Épicéa commun","Forêts privées et autres - Hors PSG"
339531,0.386635592289368,158.246146390993,1122,40.6000022888184,1.55472,"Épicéa commun","Autres forêts publiques RF"
217900,0.193434437323469,120.466973583394,954,54,6.18856,"Hêtre","Forêts domaniales RF"
306363,0.1856398138511,194.495424006473,1054,77.6000061035156,3.8519,"Hêtre","Autres forêts publiques RF"
245024,0.123116564202991,7.18565200264399,696,17.5,4.49032,"Douglas","Forêts domaniales RF"
463806,0.277471631418206,307.890134909283,1026,34.8000030517578,2.1696,"Sapin pectiné","Forêts privées et autres - En PSG"
312944,0.388751771217955,343.445949040838,889,21,4.87445,"Hêtre","Autres forêts publiques RF"
271491,0.265042403828534,284.20848556227,553,58.4000015258789,4.35755,"Hêtre","Autres forêts publiques RF"
474782,0.242541109580247,332.600311442969,385,50.75,3.88027,"Chêne rouvre","Forêts privées et autres - Hors PSG"
356386,0.211665074935054,266.53152994585,464,65.8000030517578,3.82638,"Châtaignier","Forêts privées et autres - Hors PSG"
527431,0.23895281605495,193.565846529002,863,87.3000030517578,2.84592,"Épicéa commun","Autres forêts publiques RF"
555353,0.223017110118248,24.8552599799749,1010,153.450012207031,1.39676,"Tremble","Forêts privées et autres - Hors PSG"
648050,0.267627935992189,309.996238915549,920,16.7999992370605,1.27524,"Épicéa commun","Autres forêts publiques RF"
562021,0.221958573190153,361.540223192395,751,43.75,3.57102,"Bouleau","Forêts privées et autres - Hors PSG"
608915,0.26202346933293,423.077706421754,1275,141.75,3.84075,"Hêtre","Autres forêts publiques RF"
546122,0.325542953762889,259.218570536572,538,31.5,6.3289,"Épicéa commun","Forêts privées et autres - Hors PSG"
654618,0.257170502971998,399.491476755174,407,17.4000015258789,3.30755,"Châtaignier","Forêts privées et autres - Hors PSG"
274894,0.312379078667723,179.700676021498,886,50.3999977111816,2.87512,"Épicéa commun","Autres forêts publiques RF"
227155,0.190033964892835,202.150427637626,767,20,5.30653,"Frêne","Forêts privées et autres - Hors PSG"
456198,0.330351900741704,309.826882740161,830,81.2000045776367,3.79523,"Épicéa commun","Autres forêts publiques RF"
254397,0.31827948364641,295.504422796925,943,50.3999977111816,1.25267,"Pin sylvestre","Autres forêts publiques RF"
357501,0.238308932708025,112.602459728982,615,64,3.12241,"Sapin pectiné","Autres forêts publiques RF"
277270,0.289522829589962,156.681220930469,1022,35,1.63413,"Sapin pectiné","Forêts privées et autres - Hors PSG"
470201,0.22950940798968,338.299179280233,1081,119.25,NA,"Épicéa commun","Autres forêts publiques RF"
205898,0.455805907256074,204.664208201181,1089,56,2.62783,"Hêtre","Autres forêts publiques RF"
464677,0.300403387999373,373.317888609467,990,130.5,2.69555,"Hêtre","Forêts privées et autres - Hors PSG"
349016,0.281461961970649,285.785012881365,876,35.1000022888184,5.98139,"Sapin pectiné","Autres forêts publiques RF"
276610,0.187198484470513,59.0473451746495,526,46.8000030517578,3.46708,"Chêne rouvre","Forêts privées et autres - Hors PSG"
522840,0.132061178334435,123.382591133228,821,15.75,2.76476,"Hêtre","Autres forêts publiques RF"
676165,0.534990811023921,319.598742664611,593,29.25,2.37062,"Sapin pectiné","Autres forêts publiques RF"
509332,0.109422049710521,83.4646020327426,790,33.5999984741211,0.98311,"Pin sylvestre","Autres forêts publiques RF"
611344,0.284101459430028,239.02897016224,468,20,4.15735,"Chêne rouvre","Forêts privées et autres - Hors PSG"
571272,0.628830297601988,414.519726254181,822,90,5.3658,"Douglas","Autres forêts publiques RF"
632544,0.236770592233957,248.587780689754,619,53.5,4.09551,"Hêtre","Forêts domaniales RF"
577645,0.246690586071726,404.070670389342,877,90,5.35148,"Sapin pectiné","Forêts domaniales RF"
617158,0.160365543008626,73.0117286125982,819,99.5999984741211,5.76232,"Grand érable","Autres forêts publiques RF"
551042,0.17957330930403,156.591333080406,657,7.25,7.16839,"Grand érable","Autres forêts publiques RF"
420315,0.351480887890201,458.267025392788,774,81.2000045776367,4.16808,"Épicéa commun","Autres forêts publiques RF"
330807,0.325393816519277,443.122419790428,753,48,3.94675,"Épicéa commun","Forêts privées et autres - En PSG"
441730,0.247908645649126,212.139451961734,1047,42,2.44628,"Sapin pectiné","Autres forêts publiques RF"
248624,0.238982130141748,500.5124599302,576,81,8.25,"Épicéa commun","Forêts privées et autres - Hors PSG"
449341,0.407885823826902,436.921939178847,549,48,2.33805,"Hêtre","Forêts privées et autres - Hors PSG"
337309,0.14457895183221,74.76184792428,935,24.5,1.4847,"Pin sylvestre","Autres forêts publiques RF"
444570,0.227335991804943,228.13230916722,637,48,2.89965,"Sapin pectiné","Autres forêts publiques RF"
331695,0.413363870179149,383.587347035145,808,56,4.4349,"Sapin pectiné","Autres forêts publiques RF"
244648,0.225841668549721,511.576556841665,514,84,2.94717,"Chêne rouvre","Forêts domaniales RF"
303709,0.248984490959504,272.244445763161,675,91.3500061035156,5.33613,"Épicéa commun","Autres forêts publiques RF"
235171,0.376665669731364,320.690690072787,686,86.3999938964844,4.45612,"Hêtre","Autres forêts publiques RF"
464644,0.120087628288128,124.389637599359,1073,7.80000019073486,3.48738,"Hêtre","Autres forêts publiques RF"
641271,0.149503494202742,154.70229323482,649,63,2.10566,"Sapin pectiné","Autres forêts publiques RF"
632921,0.252279574856835,227.918556686075,638,45,0.718781,"Pin sylvestre","Autres forêts publiques RF"
516780,0.188641935711761,250.49076985077,593,56,4.70963,"Hêtre","Autres forêts publiques RF"
681028,0.161692095275861,100.785861698418,702,9,3.63772,"Tremble","Forêts privées et autres - Hors PSG"
568370,0.14646161911775,207.462935666894,593,33.5999984741211,4.14941,"Châtaignier","Autres forêts publiques RF"
673049,0.209243830052487,325.086062755618,502,147.150009155273,7.11042,"Grand érable","Forêts privées et autres - Hors PSG"
572543,0.357004296811917,224.480824658866,628,32.7999992370605,5.74785,"Hêtre","Autres forêts publiques RF"
647253,0.124750834451166,15.9570444623982,629,70,3.59625,"Douglas","Forêts domaniales RF"
577201,0.527930058805421,400.433809748379,699,36.25,4.68492,"Sapin pectiné","Autres forêts publiques RF"
667596,0.448133521257702,307.110235538812,451,103.599998474121,4.8461,"Sapin pectiné","Autres forêts publiques RF"
205812,0.209065809598689,393.471829039121,467,28,2.96602,"Chêne rouvre","Forêts privées et autres - Hors PSG"
465897,0.317601745877564,205.206133672415,470,44.5999984741211,2.31787,"Chêne rouvre","Forêts domaniales RF"
348947,0.137511486229086,135.629565883575,681,8.70000076293945,3.05869,"Épicéa commun","Autres forêts publiques RF"
475553,0.236444757309253,222.11861830062,894,31.5,0.554605,"Pin sylvestre","Autres forêts publiques RF"
418902,0.401463439974875,408.708073276414,698,63,4.61809,"Hêtre","Autres forêts publiques RF"
226604,0.275297661317819,237.178455762,472,63,2.87257,"Sapin pectiné","Forêts domaniales RF"
419864,0.376412648948072,207.200116799075,607,21,5.77326,"Hêtre","Autres forêts publiques RF"
362776,0.342284740044457,199.988259312449,596,36,4.62777,"Hêtre","Autres forêts publiques RF"
521638,0.269262094012926,189.651695679369,524,81.2000045776367,3.96856,"Frêne","Forêts privées et autres - Hors PSG"
547020,0.0828013909188427,2.63296499639516,1052,105.200004577637,1.50051,"Épicéa commun","Autres forêts publiques RF"
667403,0.312881697223725,330.886847116631,431,28,4.17839,"Sapin pectiné","Autres forêts publiques RF"
654798,0.188001229255838,143.130242813569,556,83.25,6.5,"Douglas","Autres forêts publiques RF"
520097,0.181385586728564,216.477167918351,452,69.6000061035156,5.36966,"Douglas","Autres forêts publiques RF"
651028,0.207166117544241,576.677904849224,399,113.849998474121,5.2822,"Robinier faux-acacia","Forêts privées et autres - Hors PSG"
675163,0.290420152607612,304.683981685096,421,32.7000007629395,4.31625,"Châtaignier","Autres forêts publiques RF"
314861,0.331431196395406,419.676645152306,617,12,2.5916,"Chêne rouvre","Autres forêts publiques RF"
252076,0.429977311917105,486.327518057171,545,23.2000007629395,4.16217,"Sapin pectiné","Autres forêts publiques RF"
477686,0.267800135638825,188.508269968004,745,17.5,1.212,"Pin sylvestre","Autres forêts publiques RF"
319498,0.372591671624355,273.498960000539,828,50.3999977111816,1.27495,"Pin sylvestre","Forêts domaniales RF"
225972,0.320477077182461,225.105797160059,412,30,1.43344,"Pin sylvestre","Autres forêts publiques RF"
442227,0.200678324332851,218.535680475907,669,12,NA,"Douglas","Autres forêts publiques RF"
229005,0.193057217221546,126.842433885954,383,56,4.29725,"Chêne rouvre","Autres forêts publiques RF"
368377,0.170608404649718,160.399037231073,635,25,3.37812,"Sapin pectiné","Autres forêts publiques RF"
662134,0.271786296704878,248.624643505483,650,33.5999984741211,1.46158,"Pin sylvestre","Autres forêts publiques RF"
617409,0.310266264371746,215.098565516634,573,8.5,3.76893,"Chêne rouvre","Autres forêts publiques RF"
563205,0.115414268542591,92.6915548075956,429,58,3.04664,"Pin sylvestre","Autres forêts publiques RF"
675964,0.209977640066757,153.623505496526,535,94.5,3.09488,"Douglas","Autres forêts publiques RF"
209235,0.385090073315147,288.818410945842,513,44.0999984741211,1.89111,"Chêne rouvre","Forêts privées et autres - Hors PSG"
304908,0.177358713307763,67.0634570270079,691,17.5,3.20248,"Épicéa commun","Autres forêts publiques RF"
237298,0.223900956550848,350.234246259355,528,24,3.00597,"Sapin pectiné","Autres forêts publiques RF"
419182,0.250085430600805,500.206877880042,852,21,1.28934,"Sapin pectiné","Forêts domaniales RF"
213687,0.394235808643784,339.938903445615,487,40,4.59155,"Sapin pectiné","Autres forêts publiques RF"
453030,0.281218842148709,180.687517183772,541,30,3.48376,"Chêne rouvre","Autres forêts publiques RF"
230270,0.275145312831829,194.394135640624,758,23.2000007629395,2.89014,"Chêne rouvre","Autres forêts publiques RF"
669886,0.14271053519615,101.73834326405,420,56.4000015258789,3.45122,"Douglas","Autres forêts publiques RF"
544976,0.323982505203932,345.193400865006,531,72,3.8296,"Hêtre","Forêts domaniales RF"
673819,0.313119357835428,143.272583504957,598,15,3.53489,"Hêtre","Autres forêts publiques RF"
512503,0.234783136677887,100.079919046197,469,27,4.29546,"Robinier faux-acacia","Autres forêts publiques RF"
564804,0.344112489196446,217.515616796492,647,49.5999984741211,4.90575,"Sapin pectiné","Autres forêts publiques RF"
372601,0.155873863088904,64.4641429200749,553,24.5,2.59014,"Sapin pectiné","Autres forêts publiques RF"
205744,0.332526709165123,217.515291722802,508,49.5,3.53009,"Hêtre","Autres forêts publiques RF"
461109,0.34911924778786,389.928263820152,786,31.5,2.21501,"Sapin pectiné","Autres forêts publiques RF"
379801,0.515694262007688,249.148361900246,465,6,3.19519,"Sapin pectiné","Forêts domaniales RF"
257840,0.132211945192478,54.0609778966218,663,9,4.27585,"Mélèze d'Europe","Autres forêts publiques RF"
467612,0.287072954588061,461.660428879962,542,42,2.57671,"Chêne rouvre","Autres forêts publiques RF"
379526,0.145773372885278,12.1259622519681,386,35,6.6351,"Chêne rouvre","Forêts privées et autres - Hors PSG"
407148,0.241212319035936,268.139439897989,457,72,2.24304,"Chêne rouvre","Forêts domaniales RF"
634093,0.490476919764193,238.348558059,667,44.5999984741211,3.59161,"Chêne rouvre","Autres forêts publiques RF"
562863,0.313288443317519,249.948157424393,501,9,3.44519,"Chêne rouvre","Autres forêts publiques RF"
301117,0.16821046669978,190.843590874867,442,52.5,6.92038,"Épicéa commun","Autres forêts publiques RF"
200164,0.194907301243672,221.090609706641,527,45,6.48809,"Hêtre","Autres forêts publiques RF"
405833,0.357779015625779,318.655885885263,421,42.8000030517578,4.03086,"Chêne rouvre","Forêts domaniales RF"
577428,0.282544455043427,241.460930718448,534,48,2.39766,"Sapin pectiné","Autres forêts publiques RF"
315647,0.149885578033211,143.254137119156,310,48,3.07816,"Robinier faux-acacia","Autres forêts publiques RF"
114071,0.341939419816089,263.319793388888,1036,60.9000053405762,1.29763,"Sapin pectiné","Autres forêts publiques RF"
37956,0.212936199531492,211.314025635183,601,68.25,4.87739,"Sapin pectiné","Autres forêts publiques RF"
129296,0.16299238073012,242.181339237672,590,96.2999954223633,2.19579,"Épicéa commun","Forêts privées et autres - Hors PSG"
38656,0.09878942748499,62.0905848642812,699,114.099990844727,3.53038,"Bouleau","Autres forêts publiques RF"
152944,0.302825700870519,421.591437514689,1063,81.2000045776367,5.99929,"Hêtre","Autres forêts publiques RF"
3510,0.236352777718029,195.152180999143,841,24,2.15451,"Épicéa commun","Autres forêts publiques RF"
119965,0.141076043805934,23.3674615464258,465,21.75,3.77105,"Chêne pédonculé","Forêts privées et autres - Hors PSG"
106152,0.167798765970767,172.000376340816,996,16,2.63247,"Hêtre","Autres forêts publiques RF"
52622,0.146940397392092,166.482160758125,569,95.5500030517578,3.09177,"Chêne rouvre","Forêts privées et autres - Hors PSG"
145369,0.238718285308976,358.340778836399,855,21,5.24214,"Sapin pectiné","Autres forêts publiques RF"
47815,0.338992985225861,162.694411737008,601,48.75,3.43604,"Sapin pectiné","Autres forêts publiques RF"
148690,0.250686271557405,439.22650624186,893,42,2.89723,"Épicéa commun","Autres forêts publiques RF"
27906,0.494639056510525,451.443179600387,948,109.200004577637,4.02324,"Épicéa commun","Autres forêts publiques RF"
45487,0.193219970693177,155.94019009577,1098,78,1.07393,"Hêtre","Forêts domaniales RF"
129933,0.332847013344841,423.381493616646,719,101.850006103516,4.03841,"Hêtre","Autres forêts publiques RF"
28211,0.166549801043914,366.497345380249,473,58.5,3.27917,"Grand érable","Autres forêts publiques RF"
22485,0.224343188887568,216.899923156538,409,157.950012207031,6.63908,"Épicéa commun","Forêts privées et autres - Hors PSG"
12368,0.267027279806235,248.975135474885,991,128.400009155273,3.64315,"Épicéa commun","Autres forêts publiques RF"
13224,0.271227152084463,133.610648696472,890,25,0.589337,"Sapin pectiné","Autres forêts publiques RF"
146658,0.294035157796793,352.846361036136,974,91.3499984741211,3.29674,"Sapin pectiné","Autres forêts publiques RF"
120443,0.469175835592168,712.327707693444,868,60.9000015258789,6.48259,"Sapin pectiné","Forêts domaniales RF"
9999,0.394838643106205,260.213371453838,1077,95.5500030517578,4.41579,"Hêtre","Autres forêts publiques RF"
50773,0.369269692474418,362.584409933032,561,6,4.77046,"Sapin pectiné","Autres forêts publiques RF"
146775,0.255440590763218,471.985167559664,755,60.9000053405762,1.15919,"Hêtre","Forêts privées et autres - Hors PSG"
53383,0.190455415906371,173.271447490744,1075,50.75,0.549091,"Épicéa commun","Autres forêts publiques RF"
111745,0.4597001543791,25.2112099560078,787,80.4000015258789,2.34829,"Bouleau","Forêts privées et autres - Hors PSG"
9859,0.253354088866456,343.449407249534,538,48,6.56762,"Châtaignier","Forêts privées et autres - Hors PSG"
8522,0.234219458029868,31.6667067103326,1030,70.2000045776367,0.943704,"Épicéa commun","Forêts privées et autres - Hors PSG"
7589,0.124859222522133,14.903349786157,625,81.2000045776367,4.49884,"Hêtre","Autres forêts publiques RF"
131424,0.159070979745883,156.107226446898,416,60.9000015258789,4.70789,"Pin weymouth","Autres forêts publiques RF"
16989,0.0932106537294162,4.32362834674345,1021,42,1.52497,"Épicéa commun","Autres forêts publiques RF"
25281,0.45420753144224,529.250763695037,721,40,4.69545,"Douglas","Autres forêts publiques RF"
124854,0.281421253891165,363.057967631539,660,61.25,1.28263,"Chêne rouvre","Forêts domaniales RF"
35247,0.237592407694884,229.08305887806,789,20,3.64131,"Épicéa commun","Autres forêts publiques RF"
148872,0.225028559517918,100.868951588507,797,36.25,5.25519,"Épicéa commun","Autres forêts publiques RF"
41278,0.292422278908667,478.762775338834,593,81.9000091552734,5.103,"Hêtre","Autres forêts publiques RF"
151108,0.142367706413655,107.934960808104,846,48,2.52116,"Épicéa commun","Autres forêts publiques RF"
145863,0.336224691598239,295.47958300927,665,69,5.70528,"Épicéa commun","Autres forêts publiques RF"
34595,0.349417468598351,281.672955762357,586,63,3.66542,"Sapin pectiné","Autres forêts publiques RF"
124957,0.407284632067878,293.437949566467,804,56,3.34577,"Sapin pectiné","Autres forêts publiques RF"
19899,0.319587306458732,438.045273177333,911,42,3.64724,"Épicéa commun","Forêts domaniales RF"
30984,0.184499629277674,359.41769867596,842,54.6000022888184,3.69495,"Hêtre","Autres forêts publiques RF"
114483,0.236253187264069,185.496940659259,610,46.4000015258789,2.08556,"Chêne rouvre","Autres forêts publiques RF"
117118,0.196293620519687,323.562072208013,497,28,1.89216,"Hêtre","Autres forêts publiques RF"
38489,0.310357905931279,77.1742376969199,1065,30,1.24118,"Épicéa commun","Autres forêts publiques RF"
15161,0.22851288880496,391.825578077516,693,62.2999954223633,5.45533,"Douglas","Forêts privées et autres - Hors PSG"
152787,0.196351433612969,257.931383635286,639,11.6000003814697,6.5,"Douglas","Autres forêts publiques RF"
42624,0.176860678620747,224.70263201339,624,28,4.02829,"Épicéa commun","Autres forêts publiques RF"
142026,0.340619061765187,251.834201998607,603,42,3.22107,"Chêne rouvre","Autres forêts publiques RF"
142632,0.273297214205161,407.293778660421,687,34.8000030517578,7.22421,"Douglas","Autres forêts publiques RF"
12853,0.123150457594638,41.8407786832319,589,93.8000030517578,5.12763,"Douglas","Forêts privées et autres - En PSG"
125404,0.250920428998181,268.660000953727,528,9,6.83658,"Hêtre","Autres forêts publiques RF"
116249,0.334109879460822,496.877162904649,770,11.1999998092651,1.47934,"Pin sylvestre","Forêts privées et autres - Hors PSG"
20335,0.223813829478115,237.024654769884,622,29.3999977111816,4.57597,"Sapin pectiné","Autres forêts publiques RF"
143508,0.173811972847784,179.017485996056,544,30,3.04521,"Chêne rouvre","Autres forêts publiques RF"
40183,0.164419376007244,58.3721140389326,456,36,3.50342,"Sapin pectiné","Autres forêts publiques RF"
113438,0.190468554891647,164.934226827617,582,7.25,1.9653,"Chêne rouvre","Autres forêts publiques RF"
145291,0.301991632015845,270.754007971422,412,14.5,2.2158,"Pin sylvestre","Autres forêts publiques RF"
150549,0.502136858608524,440.878307130659,561,58,4.65377,"Hêtre","Autres forêts publiques RF"
44942,0.305330493118743,284.237591930979,524,35,4.29331,"Chêne rouvre","Autres forêts publiques RF"
100305,0.221340630665561,167.598619176372,312,96.3000030517578,6.17218,"Grand aulne","Forêts privées et autres - Hors PSG"
101176,0.474625291199917,372.827022694722,619,29.3999977111816,4.55783,"Hêtre","Forêts domaniales RF"
24212,0.366186065848489,38.5656718081042,670,39,3.73357,"Chêne rouvre","Autres forêts publiques RF"
145998,0.0810641930744805,13.0752082226207,381,32,5.07491,"Robinier faux-acacia","Autres forêts publiques RF"
16030,0.200703608890423,29.7175582218536,391,12,5.05047,"Chêne rouvre","Forêts privées et autres - Hors PSG"
21148,0.244180081892635,218.314712370774,545,71.0500030517578,1.2061,"Pin sylvestre","Autres forêts publiques RF"
139689,0.243800419618619,295.912945058368,381,10.5,4.6537,"Pin sylvestre","Autres forêts publiques RF"
149295,0.222888564933323,77.7415133904703,436,37.7999992370605,2.77577,"Châtaignier","Forêts privées et autres - En PSG"
244713,0.473133855155432,371.753244572142,518,87.0000076293945,3.32981,"Hêtre","Autres forêts publiques RF"
423236,0.208325433192345,364.160621547532,628,104.400001525879,1.41815,"Épicéa commun","Forêts privées et autres - Hors PSG"
332770,0.317793118838916,143.24247996188,550,69.6000061035156,1.90142,"Épicéa commun","Forêts privées et autres - Hors PSG"
606873,0.205106019485889,264.923401948767,507,104.400001525879,5.79314,"Épicéa commun","Forêts privées et autres - Hors PSG"
374184,0.314180772467287,357.465652331708,738,80,1.61699,"Douglas","Autres forêts publiques RF"
221309,0.209148238909901,134.159797154608,601,11.7000007629395,3.01187,"Grand érable","Forêts privées et autres - En PSG"
464741,0.254648000001907,15.5709269855706,567,122.5,2.63642,"Grand érable","Forêts privées et autres - Hors PSG"
608773,0.0941031579696459,11.9608825700102,710,105,1.95308,"Épicéa commun","Forêts privées et autres - Hors PSG"
528936,0.334628055881055,428.314833101876,527,78.3000030517578,4.21568,"Épicéa commun","Forêts privées et autres - Hors PSG"
634420,0.209068372885058,211.075264835313,430,0,4.18527,"Frêne","Autres forêts publiques RF"
257049,0.273246075761257,260.069912367835,751,46.8000030517578,2.01798,"Épicéa commun","Forêts privées et autres - Hors PSG"
261343,0.254332911289683,164.768944293949,524,87.1999969482422,1.14383,"Chêne rouvre","Autres forêts publiques RF"
406607,0.132676429676045,68.87187389418,434,54,2.17652,"Sapin pectiné","Forêts privées et autres - En PSG"
347128,0.200454981425843,558.514521822921,372,13.0500011444092,5.9139,"Charme","Forêts privées et autres - Hors PSG"
530138,0.477994692311216,270.915926406769,792,104.400001525879,1.25499,"Épicéa commun","Autres forêts publiques RF"
546607,0.15717373413074,198.989474832017,411,56,8.05521,"Chêne pédonculé","Forêts privées et autres - Hors PSG"
632429,0.357784044801269,298.396402350847,446,43.5999984741211,2.44478,"Épicéa commun","Forêts privées et autres - En PSG"
349220,0.283959452300013,398.990935252699,713,157.5,2.70166,"Épicéa commun","Forêts privées et autres - Hors PSG"
320083,0.113634883417427,128.249222527819,527,35,1.05972,"Chêne rouvre","Forêts privées et autres - Hors PSG"
416119,0.210619992230806,148.162787656362,381,39,3.24746,"Chêne pédonculé","Forêts privées et autres - Hors PSG"
570443,0.226138586821147,340.334516616659,516,56.1000022888184,2.65454,"Épicéa commun","Forêts privées et autres - Hors PSG"
259581,0.119094957676667,61.7260638690082,582,7.80000019073486,1.87759,"Chêne rouvre","Forêts privées et autres - Hors PSG"
361414,0.156945100459119,155.215387556608,450,52.5,3.97894,"Sapin pectiné","Forêts privées et autres - Hors PSG"
571008,0.1679709149954,151.422133299203,641,40.6000022888184,3.94405,"Grand aulne","Forêts privées et autres - Hors PSG"
654458,0.187292361832021,222.657082762594,527,21,2.72642,"Charme","Forêts privées et autres - Hors PSG"
544515,0.141322867068481,225.651119257153,416,35,2.85567,"Chêne rouvre","Forêts privées et autres - Hors PSG"
473052,0.108593024778857,105.780114161221,710,43.5,1.22585,"Bouleau","Forêts privées et autres - Hors PSG"
380621,0.281146835459453,56.0711861484229,612,40.6000022888184,1.32968,"Bouleau","Forêts privées et autres - Hors PSG"
460187,0.145762009412993,166.433995041636,398,12,1.68524,"Chêne rouvre","Forêts privées et autres - Hors PSG"
323258,0.389766526590451,423.940392150936,484,104.400001525879,6.47913,"Grand érable","Forêts privées et autres - Hors PSG"
672386,0.147951327550157,169.566370856292,665,28,0.637906,"Hêtre","Forêts privées et autres - Hors PSG"
600033,0.0957506043164531,5.8347484700743,647,84,3.99939,"Grand érable","Forêts privées et autres - Hors PSG"
216723,0.221829949209238,142.498105870314,715,104.400001525879,1.581,"Épicéa commun","Forêts privées et autres - Hors PSG"
239633,0.213277739895322,119.200070005603,596,73.5,6.97787,"Frêne","Forêts privées et autres - Hors PSG"
651610,0.338247829221285,315.382248650037,603,126,6.0155,"Hêtre","Forêts privées et autres - Hors PSG"
521314,0.20039486188647,161.325621379752,555,52.2000045776367,2.72629,"Sapin pectiné","Forêts privées et autres - Hors PSG"
305863,0.238778759563809,64.2713116242581,673,60.9000053405762,2.44255,"Grand érable","Forêts privées et autres - Hors PSG"
463404,0.167604379812374,63.0002349380008,796,39.1500015258789,1.36384,"Épicéa commun","Forêts privées et autres - Hors PSG"
327554,0.323243830230169,241.544680137377,715,58,4.375,"Sapin pectiné","Autres forêts publiques RF"
551926,0.177439366056551,291.154758353024,575,97.0000076293945,6.95545,"Frêne","Forêts privées et autres - Hors PSG"
643710,0.11101487648535,50.397865480032,626,145.349990844727,3.10778,"Épicéa commun","Forêts privées et autres - Hors PSG"
547071,0.325673862393303,219.343763109213,646,133.199996948242,4.3691,"Hêtre","Forêts privées et autres - Hors PSG"
208325,0.547273333623684,472.811249189953,901,81.6000061035156,1.03994,"Épicéa commun","Forêts privées et autres - Hors PSG"
620782,0.40182679170042,194.787141560247,832,107,1.72976,"Épicéa commun","Forêts privées et autres - Hors PSG"
582291,0.179760555275769,110.389651160224,776,117.900001525879,1.2121,"Épicéa commun","Forêts privées et autres - Hors PSG"
228257,0.491772434916719,172.530237345828,921,155.25,1.75358,"Épicéa commun","Forêts domaniales RF"
411638,0.534207401482896,325.406117235334,850,34.8000030517578,4.82588,"Hêtre","Autres forêts publiques RF"
372681,0.275586052226884,466.549279802987,942,26.25,4.58506,"Hêtre","Forêts domaniales RF"
278476,0.2017681700915,201.761788482393,640,47.25,5.63917,"Frêne","Forêts privées et autres - Hors PSG"
660150,0.103911491492759,49.7664979405154,937,36.25,5.52158,"Frêne","Forêts domaniales RF"
529106,0.441196854993153,280.115007091027,791,148.949996948242,2.8074,"Sapin pectiné","Autres forêts publiques RF"
345305,0.261466436673049,199.177097808458,911,81.2000045776367,1.25508,"Sapin pectiné","Forêts domaniales RF"
255274,0.400994825338213,310.403958383807,1028,48.75,4.01571,"Hêtre","Forêts domaniales RF"
444729,0.248343021707017,161.531118241127,712,17.4000015258789,5.99861,"Sapin pectiné","Forêts domaniales RF"
370408,0.114890677665724,21.1261031219224,1099,58,1.54874,"Autre fruitier","Forêts domaniales RF"
17461,0.314017703151091,186.878921204963,643,58,2.12923,"Épicéa commun","Forêts privées et autres - Hors PSG"
125337,0.195481077703179,234.442212851344,502,7.80000019073486,5.1013,"Chêne rouvre","Forêts privées et autres - Hors PSG"
120143,0.123979628885476,60.3717309324362,585,122.850006103516,2.7139,"Bouleau","Forêts privées et autres - Hors PSG"
17009,0.211964598936467,214.381659930779,385,11.6000003814697,5.96118,"Chêne rouvre","Forêts privées et autres - Hors PSG"
20155,0.418056026555192,206.644291548134,729,69.6000061035156,2.73826,"Sapin pectiné","Forêts privées et autres - Hors PSG"
140603,0.26207759841594,339.572688369439,707,91.3500061035156,3.13999,"Hêtre","Forêts privées et autres - Hors PSG"
137464,0.173382367593236,308.14756161545,536,34.8000030517578,6.5,"Épicéa commun","Forêts privées et autres - En PSG"
135741,0.297029660923807,298.690763885433,658,152.550003051758,3.26087,"Épicéa commun","Forêts privées et autres - En PSG"
8363,0.202309678642788,99.3373855760876,736,105,1.53085,"Bouleau","Forêts privées et autres - Hors PSG"
24292,0.315555257753367,97.2030800308796,614,14.5,2.11235,"Sapin pectiné","Forêts privées et autres - Hors PSG"
49707,0.193184253979316,154.253524046041,610,57.6000022888184,3.33038,"Grand érable","Forêts privées et autres - Hors PSG"
129401,0.189871111498961,279.603498711118,543,39,4.25144,"Épicéa commun","Forêts privées et autres - Hors PSG"
129304,0.198358507125771,205.250203242449,594,70.2000045776367,3.67681,"Épicéa commun","Forêts privées et autres - Hors PSG"
14304,0.305005227767477,658.794420322537,644,29,7.1261,"Épicéa commun","Forêts privées et autres - Hors PSG"
135513,0.364168398710297,367.768550609562,552,122.850006103516,5.48527,"Épicéa commun","Forêts privées et autres - Hors PSG"
120882,0.228382552704159,219.907665335217,873,140.400009155273,4.61178,"Hêtre","Forêts domaniales RF"
12430,0.219293911478934,106.562132369296,562,46.8000030517578,4.99861,"Sapin pectiné","Autres forêts publiques RF"
15178,0.272140984112719,24.4146396269257,1171,69.6000061035156,0.824072,"Épicéa commun","Forêts privées et autres - Hors PSG"
617102,0.19461841523354,337.062748649049,356,90,1.97814,"Hêtre","Autres forêts publiques RF"
372554,0.550000011920929,41.0098010473092,370,17.5,2.10743,"Hêtre","Forêts domaniales RF"
426940,0.213637758118051,72.3777075990833,391,8.39999961853027,1.48731,"Sapin pectiné","Autres forêts publiques RF"
529837,0.189749971497161,187.438217743447,410,24,1.10487,"Chêne rouvre","Forêts domaniales RF"
378505,0.308236224588238,196.222458544791,458,12.5999994277954,1.36156,"Sapin pectiné","Forêts domaniales RF"
671465,0.161750875371427,195.86210796176,372,62.9999961853027,2.32122,"Sapin pectiné","Forêts domaniales RF"
511327,0.227879902375704,190.463279402616,388,62.9999961853027,0.542571,"Sapin pectiné","Autres forêts publiques RF"
277326,0.148464444485916,77.9285332627368,348,25.1999988555908,1.16286,"Sapin pectiné","Autres forêts publiques RF"
453309,0.155369964656761,136.593024050169,405,62.9999961853027,1.36632,"Sapin pectiné","Forêts domaniales RF"
671919,0.179664012990547,222.045600112148,357,62.9999961853027,1.82061,"Sapin pectiné","Autres forêts publiques RF"
340190,0.348873261278887,466.173994116345,484,29.3999977111816,2.72843,"Sapin pectiné","Forêts domaniales RF"
212027,0.461135633747998,423.166294607255,366,93,2.46405,"Épicéa commun","Forêts domaniales RF"
443072,0.365325208604529,255.65104263914,313,56.6999969482422,1.51357,"Sapin pectiné","Forêts domaniales RF"
225707,0.311557591076991,193.638746130851,339,44.7999992370605,2.29653,"Sapin pectiné","Forêts domaniales RF"
467639,0.375235580026032,118.312871200154,300,125.5,7.4144,"Saule","Forêts privées et autres - Hors PSG"
619262,0.108225002884865,3.67555076892748,530,11.1999998092651,1.39856,"Bouleau","Autres forêts publiques RF"
279889,0.146351286015732,46.4208389755507,593,21,1.79706,"Sapin pectiné","Forêts domaniales RF"
404844,0.362633805395511,318.862267064921,500,28,0.780714,"Sapin pectiné","Autres forêts publiques RF"
333760,0.242403112460278,338.028722425078,384,169.5,2.8343,"Épicéa commun","Autres forêts publiques RF"
558529,0.21508193330491,35.5119936771248,360,62.9999961853027,2.54236,"Hêtre","Forêts domaniales RF"
647611,0.0934113942851234,13.5275394850747,354,35,3.30576,"Bouleau","Forêts privées et autres - Hors PSG"
320154,0.111533370802859,13.2642023167574,620,14.6999988555908,1.33687,"Sapin pectiné","Forêts domaniales RF"
206732,0.223321861823677,268.909960766564,432,48.75,4.12239,"Charme","Forêts privées et autres - Hors PSG"
655389,0.149419285643656,173.596098141307,508,44.1000022888184,0.739954,"Sapin pectiné","Forêts domaniales RF"
312036,0.192671286410891,324.042376570148,418,108.499992370605,2.58235,"Sapin pectiné","Autres forêts publiques RF"
205089,0.218137457391045,287.82166829193,530,44.1000022888184,0.787896,"Sapin pectiné","Forêts domaniales RF"
343548,0.113032094381025,120.773701836114,487,130.5,3.16804,"Bouleau","Forêts privées et autres - Hors PSG"
571348,0.14247313681484,59.0506755171827,458,145.500015258789,2.02793,"Sapin pectiné","Forêts domaniales RF"
48962,0.331041991710663,62.1510706714862,385,62.9999961853027,2.27733,"Hêtre","Autres forêts publiques RF"
135257,0.28981806580148,452.497421916155,327,49,1.05836,"Sapin pectiné","Forêts domaniales RF"
5735,0.497422213200879,46.2421137458702,441,16.7999992370605,1.20069,"Sapin pectiné","Forêts domaniales RF"
125473,0.304329583691449,212.072714232921,400,21,0.777536,"Sapin pectiné","Autres forêts publiques RF"
33877,0.173689866497818,59.7702689876664,331,76,1.47401,"Épicéa commun","Forêts domaniales RF"
150530,0.117677932127228,88.7004809520762,324,39.2000007629395,1.33017,"Sapin pectiné","Autres forêts publiques RF"
16199,0.323652504747976,148.583393472656,309,62.9999961853027,4.28561,"Grand aulne","Forêts privées et autres - Hors PSG"
48253,0.172648270357939,79.5827876044989,324,161.5,4.44579,"Épicéa commun","Forêts privées et autres - Hors PSG"
135516,0.19767592021461,306.946396884997,549,50.3999977111816,5.20985,"Hêtre","Forêts domaniales RF"
38131,0.273696021165429,302.523186976986,577,39.2000007629395,0.751295,"Sapin pectiné","Forêts domaniales RF"
21947,0.12636311318292,41.7230799203222,364,62.9999961853027,1.61533,"Sapin pectiné","Forêts domaniales RF"
525482,0.248270956385727,390.556591743492,579,130.5,3.05758,"Hêtre","Forêts privées et autres - Hors PSG"
442365,0.608929572768094,104.140095197174,527,20,1.68426,"Hêtre","Autres forêts publiques RF"
355655,0.259472321917952,336.142703093097,415,136.800003051758,5.79769,"Épicéa commun","Forêts privées et autres - Hors PSG"
640611,0.283103644305193,290.248082644202,486,104.400001525879,3.03733,"Hêtre","Forêts privées et autres - Hors PSG"
580417,0.240775135504977,223.754492707593,581,157.5,6.5,"Hêtre","Forêts domaniales RF"
606676,0.277468660572071,370.72050808331,574,60.9000053405762,4.10637,"Hêtre","Forêts privées et autres - Hors PSG"
201790,0.443951876163797,112.083032152567,519,51.4500045776367,0.860587,"Chêne rouvre","Autres forêts publiques RF"
659359,0.542620195979854,98.4947657348932,592,50.3999977111816,2.33885,"Épicéa commun","Autres forêts publiques RF"
348537,0.274435266309539,129.538679862829,495,44.0999984741211,2.40779,"Douglas","Autres forêts publiques RF"
215922,0.224516925245602,198.883017893244,601,64,1.90692,"Sapin pectiné","Autres forêts publiques RF"
204205,0.145430516685253,232.014801851511,593,81.2000045776367,6.5,"Sapin pectiné","Autres forêts publiques RF"
523641,0.145243901208444,93.2847360933415,504,54,1.91422,"Hêtre","Forêts privées et autres - Hors PSG"
612961,0.279614540858349,297.204872579848,633,78.3000030517578,1.3954,"Sapin pectiné","Autres forêts publiques RF"
456823,0.229527514525085,99.1602677050466,559,70,2.01263,"Chêne rouvre","Autres forêts publiques RF"
369721,0.268500160030692,213.051833074854,670,36,1.81752,"Sapin pectiné","Autres forêts publiques RF"
201096,0.236414241945673,241.276936431166,625,107.800003051758,2.12467,"Sapin pectiné","Forêts domaniales RF"
444965,0.302860593016019,219.272656102031,644,24,4.56079,"Épicéa commun","Autres forêts publiques RF"
300576,0.279412545525111,153.32088083495,683,104.400001525879,2.61712,"Sapin pectiné","Autres forêts publiques RF"
551997,0.177777441474387,202.836356070392,448,26.25,2.53519,"Sapin pectiné","Autres forêts publiques RF"
266298,0.35057254458267,143.776696498416,697,22.2000007629395,1.14638,"Sapin pectiné","Autres forêts publiques RF"
223543,0.326343458798224,193.925885616754,542,69.6000061035156,1.34295,"Sapin pectiné","Autres forêts publiques RF"
616985,0.209376742407115,184.574656378931,720,48,2.54577,"Sapin pectiné","Autres forêts publiques RF"
645209,0.305255814892206,359.620243491797,538,80.8000030517578,5.61036,"Grand aulne","Autres forêts publiques RF"
358818,0.397794332198825,100.368310272232,650,65.25,0.912238,"Épicéa commun","Forêts domaniales RF"
212973,0.178408387395337,187.947590328592,707,39,2.39377,"Sapin pectiné","Autres forêts publiques RF"
236742,0.178176246222594,204.912119884765,446,72,2.07675,"Chêne rouvre","Forêts privées et autres - Hors PSG"
430166,0.353923738949297,307.363968317947,697,15,4.91564,"Frêne","Autres forêts publiques RF"
652289,0.166676895627909,114.995170376664,538,36.25,2.43405,"Sapin pectiné","Autres forêts publiques RF"
501355,0.250058354034302,343.666534858066,756,117.000007629395,3.81985,"Sapin pectiné","Autres forêts publiques RF"
608170,0.315917072153367,62.4670132418925,635,133.650009155273,1.94697,"Hêtre","Forêts privées et autres - Hors PSG"
305323,0.293984589618439,277.749439307048,563,17.4000015258789,1.51607,"Hêtre","Autres forêts publiques RF"
431875,0.135211771528444,49.1298076513899,744,28,1.5155,"Sapin pectiné","Forêts privées et autres - Hors PSG"
329526,0.238642705428928,148.828436171558,479,63,1.63358,"Sapin pectiné","Autres forêts publiques RF"
212916,0.179616616241472,228.114618665871,532,45,2.45894,"Sapin pectiné","Forêts privées et autres - Hors PSG"
339560,0.30330799914929,314.963083915485,574,5.80000019073486,2.16428,"Chêne rouvre","Autres forêts publiques RF"
268706,0.265910317394855,209.693564156057,654,78,2.03457,"Épicéa commun","Autres forêts publiques RF"
518026,0.195624480719315,202.094034013554,671,145.349990844727,3.88269,"Épicéa commun","Forêts privées et autres - Hors PSG"
582987,0.480506751012353,157.565393695911,515,15,2.41079,"Chêne rouvre","Autres forêts publiques RF"
600657,0.137376670378368,67.7741422419036,793,63.2000007629395,4.3697,"Hêtre","Autres forêts publiques RF"
573594,0.320362158246316,413.885801492983,657,50.75,4.04579,"Chêne rouvre","Forêts privées et autres - Hors PSG"
264278,0.102437735558235,55.8516693466904,399,62.9999961853027,1.89846,"Hêtre","Forêts domaniales RF"
472529,0.18108258526827,148.442975776144,391,105,2.2925,"Douglas","Autres forêts publiques RF"
426712,0.275537169469417,218.43853463311,819,37.7999992370605,1.56707,"Sapin pectiné","Autres forêts publiques RF"
278879,0.375093515667633,296.774981694883,628,56,1.57472,"Sapin pectiné","Autres forêts publiques RF"
377440,0.213083994579742,82.3946056770321,633,1.75,2.44163,"Sapin pectiné","Autres forêts publiques RF"
274621,0.309432396438829,267.0181415646,829,38.6999969482422,2.23734,"Épicéa commun","Autres forêts publiques RF"
503907,0.185213558683675,176.397752994802,396,32.4000015258789,1.30419,"Sapin pectiné","Autres forêts publiques RF"
662081,0.252301140163855,352.369178633292,463,28,1.62494,"Hêtre","Forêts domaniales RF"
582896,0.291349542875994,330.400640681487,360,62.9999961853027,5.80498,"Épicéa commun","Forêts privées et autres - Hors PSG"
576028,0.141845989427004,116.602577712423,605,50.3999977111816,1.28432,"Sapin pectiné","Autres forêts publiques RF"
628077,0.208576691793456,142.149931527272,703,102.800003051758,1.75582,"Épicéa commun","Forêts privées et autres - Hors PSG"
501892,0.307790696457969,461.299094338542,616,35,5.66092,"Hêtre","Forêts privées et autres - Hors PSG"
344889,0.40098466646269,58.1560310058899,464,90,1.2746,"Sapin pectiné","Forêts domaniales RF"
209668,0.11788515036078,13.6446146594119,444,37.7999992370605,1.81456,"Sapin pectiné","Forêts domaniales RF"
268734,0.0994936549515888,4.62283473975292,712,32,3.35249,"Saule","Forêts privées et autres - Hors PSG"
333150,0.104760830134487,8.22701553011687,736,56,1.788,"Sapin pectiné","Autres forêts publiques RF"
354898,0.252297044510813,109.747115815993,663,1,2.90338,"Hêtre","Forêts privées et autres - Hors PSG"
276932,0.0859436988830566,2.03709377050275,680,50.75,3.19979,"Grand érable","Forêts privées et autres - Hors PSG"
541902,0.247928575374883,202.95304357179,425,90,1.5709,"Sapin pectiné","Forêts domaniales RF"
669604,0.157292809794559,151.147266050773,414,50.3999977111816,2.12899,"Sapin pectiné","Autres forêts publiques RF"
524595,0.201196754377756,35.9108324308092,484,62.1000022888184,4.31798,"Douglas","Autres forêts publiques RF"
602296,0.177611360468223,258.982319535078,563,32,3.36972,"Hêtre","Forêts privées et autres - Hors PSG"
565851,0.353738127959588,231.180475966426,712,56,1.98815,"Sapin pectiné","Autres forêts publiques RF"
668245,0.412983603336231,98.1241580363034,526,92.8000030517578,2.3316,"Sapin pectiné","Autres forêts publiques RF"
581793,0.201604656578368,195.31266906885,875,130.5,3.02807,"Épicéa commun","Autres forêts publiques RF"
613178,0.212582357427756,60.8225918693721,541,110.25,3.78029,"Bouleau","Forêts privées et autres - Hors PSG"
258665,0.120643685191681,92.6379673602542,505,20,1.76493,"Bouleau","Forêts privées et autres - Hors PSG"
454958,0.290407853834097,243.945663407463,515,21,2.40126,"Hêtre","Forêts domaniales RF"
357613,0.34154304797862,61.1156985545261,464,16.7999992370605,1.25511,"Sapin pectiné","Forêts domaniales RF"
271589,0.200436716920125,116.534585785964,425,44.1000022888184,1.65175,"Sapin pectiné","Autres forêts publiques RF"
231506,0.357602528768222,289.635845934463,625,72,1.76573,"Sapin pectiné","Autres forêts publiques RF"
359147,0.415956519826247,222.504386021324,674,78.3000030517578,1.64908,"Épicéa commun","Forêts privées et autres - Hors PSG"
227133,0.418730965298575,43.5838986168853,773,36,0.551175,"Épicéa commun","Forêts privées et autres - Hors PSG"
329672,0.289079158991759,769.923881318823,606,83.5,0.727632,"Hêtre","Forêts privées et autres - Hors PSG"
276011,0.436195696027008,82.6388233101925,593,35,2.31598,"Hêtre","Autres forêts publiques RF"
408913,0.14840327717999,72.3898194556807,748,43.75,4.08318,"Hêtre","Autres forêts publiques RF"
614196,0.137222192192734,20.5206990391225,493,37.7999992370605,1.52133,"Bouleau","Autres forêts publiques RF"
600767,0.318466735790838,176.109094732138,516,85.0499954223633,1.3351,"Sapin pectiné","Autres forêts publiques RF"
573572,0.297029715092965,246.701579669868,652,45,2.04177,"Épicéa commun","Autres forêts publiques RF"
600946,0.205868064789412,365.828005520195,592,20,3.02035,"Grand aulne","Forêts privées et autres - Hors PSG"
365947,0.251851556913951,266.333453875393,383,81,1.51688,"Sapin pectiné","Forêts domaniales RF"
215515,0.259575901694685,233.743012863915,463,33.5999984741211,1.27188,"Sapin pectiné","Autres forêts publiques RF"
435346,0.164500582457687,258.052055185234,510,16.7999992370605,1.87184,"Sapin pectiné","Forêts privées et autres - En PSG"
328920,0.244991641870642,85.0371623680303,483,37.7999992370605,1.21,"Sapin pectiné","Forêts domaniales RF"
201930,0.297646409919369,372.058577948582,602,30,3.54188,"Sapin pectiné","Forêts privées et autres - Hors PSG"
441923,0.271198651619546,294.935719568044,818,54.6000022888184,1.5649,"Sapin pectiné","Autres forêts publiques RF"
344731,0.440842889232415,465.494302247619,773,87.5,1.69655,"Épicéa commun","Forêts domaniales RF"
442848,0.134294933416703,82.2477515564031,795,21.7500019073486,3.14968,"Épicéa commun","Autres forêts publiques RF"
200985,0.234777531588423,343.802676018366,695,25,2.19543,"Sapin pectiné","Forêts domaniales RF"
360051,0.151077733215959,47.7558947258657,559,50.75,2.04889,"Bouleau","Forêts privées et autres - Hors PSG"
610063,0.108739943068148,36.2784282494663,557,16.7999992370605,1.57642,"Sapin pectiné","Forêts domaniales RF"
531556,0.150169918167564,95.517378371011,610,29.3999977111816,1.34441,"Sapin pectiné","Autres forêts publiques RF"
664917,0.443546247175042,296.24305258045,691,56,2.90163,"Hêtre","Forêts privées et autres - Hors PSG"
536455,0.274502457500298,481.817077757797,640,29,6.5,"Hêtre","Forêts privées et autres - Hors PSG"
543553,0.231997563405599,173.658132011383,904,38.6999969482422,1.43872,"Épicéa commun","Forêts privées et autres - Hors PSG"
635361,0.236788923650691,416.358131000039,577,82.8000030517578,5.47757,"Épicéa commun","Forêts privées et autres - Hors PSG"
571822,0.11998536564898,61.6996055602231,654,110.25,2.24923,"Bouleau","Forêts privées et autres - Hors PSG"
446876,0.372250139588536,80.8382740037082,509,56.6999969482422,0.691612,"Sapin pectiné","Forêts domaniales RF"
255078,0.323907863771599,107.517609901204,584,60,2.45327,"Épicéa commun","Forêts privées et autres - Hors PSG"
344272,0.265877551192209,306.34579628238,800,74.25,1.67178,"Épicéa commun","Forêts privées et autres - Hors PSG"
268278,0.241529307197874,231.520727104933,881,32,2.40019,"Épicéa commun","Forêts domaniales RF"
447364,0.299011309329492,328.957630088928,930,63,1.4827,"Sapin pectiné","Forêts domaniales RF"
350758,0.170173054913913,69.1737505756846,658,3,5.44958,"Hêtre","Autres forêts publiques RF"
443119,0.186605038830387,41.7571163946359,792,0,4.39506,"Frêne","Forêts privées et autres - Hors PSG"
327333,0.332129227292871,230.567289528103,933,30,1.32911,"Sapin pectiné","Forêts domaniales RF"
458278,0.138527291383084,30.9709200180814,631,72,2.17744,"Noisetier","Forêts privées et autres - Hors PSG"
534390,0.164434296211641,62.4131810602844,500,50.3999977111816,1.12755,"Sapin pectiné","Forêts domaniales RF"
622302,0.112541062816862,33.9819536526183,564,49,0.804038,"Pin sylvestre","Autres forêts publiques RF"
531275,0.133489205569026,173.471388917165,669,50.3999977111816,1.53312,"Sapin pectiné","Forêts domaniales RF"
644451,0.357451074037481,203.302386081659,547,1.45000004768372,2.79959,"Sapin pectiné","Forêts privées et autres - Hors PSG"
570210,0.133352105699367,98.0500455210796,776,70,2.50337,"Épicéa commun","Forêts privées et autres - Hors PSG"
536803,0.277749656284201,319.36037549439,950,93.1500015258789,2.59542,"Sapin pectiné","Forêts domaniales RF"
627162,0.303396021271606,234.717479646309,590,26.1000022888184,5.19432,"Sapin pectiné","Autres forêts publiques RF"
566793,0.372206283924003,360.641197344888,1016,6,3.67645,"Hêtre","Forêts domaniales RF"
430925,0.198905030793722,224.936359558122,562,25.1999988555908,1.52471,"Sapin pectiné","Forêts domaniales RF"
355437,0.230703695610454,167.617186526216,632,16.7999992370605,0.95219,"Sapin pectiné","Forêts privées et autres - En PSG"
221574,0.293262313973272,270.079334175719,564,29.3999977111816,1.12881,"Sapin pectiné","Autres forêts publiques RF"
463567,0.232243843823723,380.273252514865,512,63,2.95443,"Hêtre","Forêts privées et autres - Hors PSG"
209592,0.169863404999376,86.4648460254789,677,43.5,1.9317,"Épicéa commun","Forêts privées et autres - Hors PSG"
411777,0.248934838424518,411.897248784264,768,60.9000015258789,1.40925,"Épicéa commun","Forêts privées et autres - Hors PSG"
308426,0.157716387928419,226.012615335276,788,48,1.84858,"Sapin pectiné","Forêts domaniales RF"
248440,0.286744758718107,307.140592567595,910,77.75,1.86461,"Épicéa commun","Forêts privées et autres - Hors PSG"
453166,0.327454605335494,299.840239649802,824,29,2.08138,"Épicéa commun","Forêts privées et autres - Hors PSG"
328577,0.179636605539108,180.042644774512,808,36,2.36102,"Épicéa commun","Forêts privées et autres - Hors PSG"
253835,0.111816885006938,7.52386119586171,535,17.5,1.77683,"Bouleau","Forêts privées et autres - Hors PSG"
438609,0.378766973043686,421.794497673833,695,36.25,2.82568,"Sapin pectiné","Forêts domaniales RF"
219404,0.463926946545033,162.037455449064,754,36.25,2.97774,"Pin sylvestre","Autres forêts publiques RF"
522814,0.173168453490902,334.603718982928,355,175.500015258789,5.402,"Bouleau","Forêts privées et autres - Hors PSG"
671084,0.197568394418112,197.828461201576,632,49,1.92746,"Sapin pectiné","Forêts privées et autres - En PSG"
556742,0.292940180131336,306.449832699798,574,62.9999961853027,1.21236,"Pin sylvestre","Autres forêts publiques RF"
608069,0.133689999580383,3.53888832308942,514,93,3.28491,"Bouleau","Forêts privées et autres - Hors PSG"
605069,0.164838585471308,184.532018546464,934,29,1.40022,"Sapin pectiné","Forêts domaniales RF"
544954,0.158540812970239,155.519771138743,817,34.8000030517578,3.19554,"Sapin pectiné","Autres forêts publiques RF"
652671,0.423953484594305,242.430921538255,1041,105,1.66599,"Épicéa commun","Forêts domaniales RF"
619651,0.198197366515358,320.666695321127,989,43.5000038146973,4.4396,"Hêtre","Autres forêts publiques RF"
626905,0.217581847520583,265.099739503379,856,60.2000007629395,2.6298,"Sapin pectiné","Forêts domaniales RF"
203285,0.294394881632662,454.552445834638,471,25.1999988555908,1.49919,"Pin sylvestre","Autres forêts publiques RF"
326896,0.375164601138109,347.825836489723,568,74.25,1.08124,"Sapin pectiné","Forêts domaniales RF"
270225,0.15219285112481,38.4503309325843,580,56.6999969482422,2.03401,"Sapin pectiné","Forêts privées et autres - Hors PSG"
323773,0.28899796937207,436.340849958003,711,87.5,1.51689,"Épicéa commun","Forêts privées et autres - Hors PSG"
217424,0.159726291097277,200.734716048908,916,32,1.78757,"Sapin pectiné","Forêts domaniales RF"
270222,0.225091206130285,367.20915394881,797,28,5.19936,"Épicéa commun","Forêts privées et autres - Hors PSG"
375919,0.20160338050499,234.354098612059,907,25,2.57876,"Sapin pectiné","Autres forêts publiques RF"
266937,0.396947070441207,555.760395635297,1005,42,2.79388,"Hêtre","Autres forêts publiques RF"
304027,0.347857866916189,314.949833145106,810,128.400009155273,2.97565,"Sapin pectiné","Autres forêts publiques RF"
623733,0.129236690559098,218.430179720316,310,134.550003051758,4.16659,"Grand aulne","Forêts privées et autres - Hors PSG"
524810,0.300437428313882,211.819826538296,623,50.3999977111816,0.944732,"Sapin pectiné","Autres forêts publiques RF"
553045,0.369998245612887,308.910985930278,554,52.2000007629395,2.80497,"Épicéa commun","Forêts privées et autres - Hors PSG"
560071,0.189520929517463,156.591037247,938,90,1.74389,"Épicéa commun","Forêts domaniales RF"
630197,0.126527540798278,82.1534921787223,822,136,1.69293,"Bouleau","Forêts privées et autres - Hors PSG"
523971,0.31842886492796,215.915788694603,1025,82.5,1.88077,"Épicéa commun","Forêts domaniales RF"
556396,0.407719137346168,294.514847920563,853,40.6000022888184,2.56539,"Sapin pectiné","Autres forêts publiques RF"
425019,0.243660632561543,401.899264605744,327,130.5,4.44772,"Épicéa commun","Forêts privées et autres - Hors PSG"
246528,0.228951635552262,390.600360576425,438,45,2.05118,"Pin sylvestre","Forêts privées et autres - Hors PSG"
470095,0.127122018497338,121.300984080673,492,45,1.95956,"Sapin pectiné","Autres forêts publiques RF"
262853,0.250289701220167,273.344581786499,727,106.650001525879,1.66556,"Épicéa commun","Forêts privées et autres - Hors PSG"
404210,0.135501969860118,38.9006883416714,788,63,1.29561,"Sapin pectiné","Autres forêts publiques RF"
325229,0.206910530094411,104.616694103692,628,36.25,2.16105,"Épicéa commun","Autres forêts publiques RF"
272228,0.204892947263165,323.023269293783,816,36.25,2.32453,"Sapin pectiné","Autres forêts publiques RF"
372220,0.213930701411946,143.423448934468,934,45,2.58896,"Hêtre","Autres forêts publiques RF"
458017,0.279696276481404,252.658889811869,815,43.5,2.23491,"Sapin pectiné","Forêts domaniales RF"
564466,0.351394390787082,442.170229694952,513,49,1.62186,"Pin sylvestre","Autres forêts publiques RF"
643986,0.203062029795407,188.127733783982,527,48,5.98075,"Chêne pédonculé","Forêts privées et autres - Hors PSG"
609956,0.290329928888876,144.406508356294,782,14,3.61406,"Sapin pectiné","Forêts domaniales RF"
578127,0.546956160389058,210.966863426571,942,39,1.62745,"Épicéa commun","Autres forêts publiques RF"
538610,0.328139466955124,307.797645525635,1087,26.1000022888184,2.02763,"Hêtre","Autres forêts publiques RF"
644483,0.148172931143996,127.393403082842,718,54,4.49395,"Grand aulne","Forêts privées et autres - Hors PSG"
520275,0.130589093727956,214.341533594736,844,42,2.83273,"Frêne","Autres forêts publiques RF"
673296,0.349001351373336,121.20923335954,786,104.800003051758,1.94821,"Hêtre","Autres forêts publiques RF"
322501,0.238986643102738,126.684504539057,431,56.6999969482422,3.82123,"Épicéa commun","Forêts privées et autres - Hors PSG"
413898,0.38151482978634,378.813791642857,437,37.7999992370605,2.48646,"Pin sylvestre","Forêts domaniales RF"
301049,0.100000001490116,1.51249119299799,438,27,2.32427,"Sapin pectiné","Autres forêts publiques RF"
245284,0.200993411949959,221.642501620766,490,175.500015258789,2.71387,"Hêtre","Forêts privées et autres - Hors PSG"
451453,0.259502200112332,255.551766032501,552,63,2.89883,"Épicéa commun","Forêts privées et autres - Hors PSG"
275639,0.246354559498248,210.187491130536,969,23.2000007629395,1.34295,"Sapin pectiné","Forêts domaniales RF"
402874,0.326272899464605,206.869050709019,858,4.35000038146973,2.89912,"Sapin pectiné","Autres forêts publiques RF"
359745,0.419636414677212,240.221233641857,993,63,2.16762,"Épicéa commun","Forêts domaniales RF"
478678,0.197044887661957,98.1749229142309,818,24,1.96933,"Grand érable","Forêts privées et autres - Hors PSG"
372610,0.261197313966456,190.276002994096,1013,60,2.36995,"Épicéa commun","Forêts domaniales RF"
229768,0.189346910150512,114.19583845106,888,19.5,2.10334,"Épicéa commun","Autres forêts publiques RF"
417962,0.415910056753662,241.595437846668,740,42,5.13948,"Sapin pectiné","Autres forêts publiques RF"
318953,0.275418715654948,221.983908741887,878,60.9000053405762,2.89849,"Sapin pectiné","Forêts domaniales RF"
224731,0.212632155470197,353.068573870581,1067,126,3.28558,"Hêtre","Forêts domaniales RF"
510416,0.190064600668647,116.700534325394,898,87.0000076293945,1.64753,"Sapin pectiné","Forêts domaniales RF"
641815,0.412011546307192,258.555032696489,991,94.5,3.0615,"Sapin pectiné","Forêts domaniales RF"
558518,0.154625333695311,268.060481964843,1101,57.1500015258789,3.10408,"Hêtre","Autres forêts publiques RF"
406503,0.140701990016768,97.8190914017967,471,40,3.67566,"Sapin pectiné","Forêts privées et autres - Hors PSG"
471189,0.370131437578148,374.542864413623,855,58,1.81434,"Sapin pectiné","Autres forêts publiques RF"
350552,0.19517036873974,30.0205080289687,960,30,1.72528,"Sapin pectiné","Forêts domaniales RF"
241500,0.138520361087718,96.9702964579999,734,72.5,4.20237,"Grand aulne","Forêts privées et autres - Hors PSG"
413718,0.192528327964975,225.721479410424,917,54,1.81144,"Épicéa commun","Autres forêts publiques RF"
366599,0.366523903855651,241.053633600401,1116,49,2.33957,"Hêtre","Autres forêts publiques RF"
244954,0.385208557349489,279.596772860403,1085,43.5,1.23216,"Sapin pectiné","Forêts domaniales RF"
671632,0.0763944014906883,0.498025893529107,468,81,4.43239,"Chêne pédonculé","Forêts privées et autres - Hors PSG"
651677,0.46947996105951,297.849943497845,873,36,2.6128,"Sapin pectiné","Forêts domaniales RF"
515037,0.296542484555916,238.409742428699,936,117.450004577637,1.6333,"Sapin pectiné","Forêts domaniales RF"
680461,0.423604092955126,254.494791537683,1153,34.8000030517578,1.39036,"Épicéa commun","Autres forêts publiques RF"
45064,0.348898841971881,683.209004660948,442,126.450012207031,6.5,"Hêtre","Forêts privées et autres - Hors PSG"
49112,0.19015862321397,183.03907140795,445,81,2.6207,"Douglas","Forêts privées et autres - Hors PSG"
100641,0.273724034821768,465.49308492335,600,126,1.52356,"Sapin pectiné","Forêts domaniales RF"
30224,0.208981712350059,238.328406644806,603,130.950012207031,2.54314,"Épicéa commun","Autres forêts publiques RF"
46344,0.433206908742968,376.306989827524,515,35.7000007629395,2.43117,"Hêtre","Autres forêts publiques RF"
101655,0.324286673711321,184.77861416504,689,32,2.11868,"Sapin pectiné","Forêts domaniales RF"
48812,0.324598013659173,267.409642307971,751,42,0.986992,"Épicéa commun","Autres forêts publiques RF"
108763,0.606906615905214,285.275886533585,587,90,5.98082,"Chêne rouvre","Autres forêts publiques RF"
49099,0.301427679523728,324.116724074094,440,81.2000045776367,3.28641,"Épicéa commun","Forêts privées et autres - Hors PSG"
137107,0.223017651972873,210.016494761759,806,40,1.34463,"Épicéa commun","Autres forêts publiques RF"
46346,0.461549013853073,16.6943681409007,645,105,2.11837,"Épicéa commun","Forêts privées et autres - Hors PSG"
9714,0.170128562296376,298.489151248479,474,24,6.62423,"Épicéa commun","Forêts privées et autres - Hors PSG"
1993,0.39315186261393,109.537432213398,579,0,2.55668,"Bouleau","Autres forêts publiques RF"
130597,0.216386566857823,309.784746327131,730,109.350006103516,3.46105,"Sapin pectiné","Forêts privées et autres - En PSG"
22257,0.242395851159425,55.3772546035911,396,56.6999969482422,2.15245,"Chêne rouvre","Autres forêts publiques RF"
152564,0.119112143683288,81.4120311551509,396,31.5,1.1693,"Sapin pectiné","Forêts domaniales RF"
54434,0.316422357431775,358.022847937045,594,49,3.52972,"Chêne pédonculé","Autres forêts publiques RF"
130105,0.433293034821563,214.31271165642,445,21.75,5.07499,"Sapin pectiné","Autres forêts publiques RF"
54169,0.207472728252398,120.953174425523,791,50,2.0936,"Épicéa commun","Autres forêts publiques RF"
137371,0.132541184898686,62.1115353542062,451,86.4000091552734,0.58492,"Sapin pectiné","Forêts domaniales RF"
52522,0.0906483392932535,4.59139759730769,446,33.5999984741211,1.04,"Hêtre","Forêts domaniales RF"
110001,0.331225484053994,536.692355240645,514,93,2.38276,"Douglas","Forêts privées et autres - Hors PSG"
138511,0.245948822238522,358.063164429191,436,46.6000022888184,1.29359,"Épicéa commun","Forêts privées et autres - Hors PSG"
38197,0.276528672850698,301.315432882679,808,17.7000007629395,2.49167,"Sapin pectiné","Autres forêts publiques RF"
109158,0.161176553748995,183.837496839986,692,58.5,2.95311,"Autre fruitier","Autres forêts publiques RF"
147212,0.218825072053927,21.9912262585266,464,7,0.797938,"Sapin pectiné","Forêts domaniales RF"
5007,0.149643079854877,52.4346199041635,504,19.6000003814697,1.61514,"Sapin pectiné","Forêts privées et autres - En PSG"
39019,0.216490060900898,24.5954143738718,630,92.8000030517578,1.34911,"Épicéa commun","Autres forêts publiques RF"
144874,0.305158627574716,241.599233913031,678,81.2000045776367,6.74488,"Sapin pectiné","Autres forêts publiques RF"
125661,0.335780645657476,267.756490309894,654,29,1.48585,"Épicéa commun","Autres forêts publiques RF"
15872,0.143239006400108,7.33031906331876,582,34.8000030517578,1.34242,"Grand érable","Forêts privées et autres - Hors PSG"
10980,0.220888946438316,121.436601800074,610,7,1.42512,"Pin sylvestre","Autres forêts publiques RF"
129951,0.282738613614202,142.956770520155,659,25,2.5381,"Sapin pectiné","Autres forêts publiques RF"
48858,0.283868463116255,315.694210509211,585,116.400009155273,2.57465,"Épicéa commun","Forêts privées et autres - Hors PSG"
44843,0.324420134282545,192.962638610167,907,92.8000030517578,1.63469,"Sapin pectiné","Autres forêts publiques RF"
153519,0.289029665908767,194.069606606673,736,56,6.2031,"Sapin pectiné","Forêts privées et autres - Hors PSG"
16187,0.171886995434761,13.2749961428158,645,105.300003051758,1.25724,"Chêne rouvre","Forêts privées et autres - Hors PSG"
39517,0.228778348931227,57.8726214656409,473,25.1999988555908,1.50844,"Sapin pectiné","Forêts domaniales RF"
123697,0.122418583942877,62.1434985245179,551,56.6999969482422,1.50549,"Sapin pectiné","Autres forêts publiques RF"
133056,0.295352693940164,279.850003153475,582,39,3.06338,"Hêtre","Autres forêts publiques RF"
128593,0.262960266005028,367.803892414802,771,81,2.48948,"Grand érable","Forêts privées et autres - Hors PSG"
132583,0.189294110077618,263.765550908446,611,60.9000053405762,3.05171,"Charme","Autres forêts publiques RF"
118328,0.114916526206806,158.402629616395,587,113.849998474121,2.25684,"Épicéa commun","Forêts privées et autres - Hors PSG"
125179,0.26593179001268,219.850836865396,548,18.5999984741211,2.31914,"Sapin pectiné","Forêts domaniales RF"
36240,0.198655768762846,67.3326967398546,550,33.5999984741211,0.685562,"Sapin pectiné","Forêts domaniales RF"
144987,0.317572789847156,352.679833239134,732,56.6999969482422,1.10955,"Pin sylvestre","Forêts domaniales RF"
14475,0.299462371356952,248.774230237401,712,125.5,2.18341,"Pin sylvestre","Autres forêts publiques RF"
114711,0.294122931921257,327.581633654723,887,43.5000038146973,2.11674,"Sapin pectiné","Forêts domaniales RF"
39637,0.214230890174806,315.697304984652,892,88.2000045776367,1.70304,"Sapin pectiné","Forêts domaniales RF"
101696,0.275832256828859,135.020838685423,988,157.5,1.92355,"Épicéa commun","Forêts privées et autres - Hors PSG"
102466,0.262793905707349,216.059603157035,957,109.200004577637,1.0574,"Hêtre","Autres forêts publiques RF"
11137,0.449643398893536,446.474026519756,729,101.850006103516,2.54059,"Épicéa commun","Forêts privées et autres - Hors PSG"
119002,0.270488425592168,203.606045595772,760,17.4000015258789,4.88,"Sapin pectiné","Forêts domaniales RF"
19423,0.213450881506103,203.399819170281,603,11.1999998092651,0.7427,"Sapin pectiné","Forêts privées et autres - En PSG"
25113,0.418949808109234,255.881630204704,552,21,1.58095,"Pin sylvestre","Autres forêts publiques RF"
140313,0.241295175906523,324.713918978103,645,81,2.78187,"Sapin pectiné","Forêts privées et autres - Hors PSG"
13389,0.272256232627081,188.370511498043,827,11.7000007629395,2.83335,"Sapin pectiné","Forêts domaniales RF"
42131,0.343281189014422,348.043702097995,939,58.5,3.06763,"Épicéa commun","Forêts domaniales RF"
54200,0.259941208604863,126.720551863569,820,52.2000045776367,4.1522,"Sapin pectiné","Forêts domaniales RF"
122716,0.17718130233026,67.508501890127,411,62.9999961853027,2.10131,"Épicéa commun","Autres forêts publiques RF"
178,0.261772653823646,417.765264539375,503,29.3999977111816,1.09072,"Pin sylvestre","Autres forêts publiques RF"
132902,0.146099175694856,127.443117909008,607,30,1.77767,"Épicéa commun","Forêts privées et autres - Hors PSG"
104408,0.434630103015279,281.440161259987,885,69.6000061035156,1.20806,"Épicéa commun","Forêts domaniales RF"
32226,0.278164222438884,180.388336921933,892,54,2.20716,"Épicéa commun","Forêts privées et autres - Hors PSG"
35110,0.200236964483314,107.788809056886,371,175.500015258789,6.53705,"Grand érable","Forêts privées et autres - Hors PSG"
134419,0.139006880719099,67.5921815427712,599,34.2999992370605,1.14197,"Sapin pectiné","Forêts domaniales RF"
22204,0.272401223291167,179.43610690274,1056,140.400009155273,0.853344,"Épicéa commun","Forêts privées et autres - Hors PSG"
138610,0.279693642689186,203.544142697456,1072,105.300003051758,2.13698,"Épicéa commun","Forêts domaniales RF"
28245,0.23209414248607,315.062838758853,859,0,1.35309,"Sapin pectiné","Autres forêts publiques RF"
110712,0.203483475675522,217.057245549216,917,48.75,5.97198,"Hêtre","Forêts domaniales RF"
151743,0.135757196492114,17.8151567463537,409,153,5.95124,"Grand érable","Forêts privées et autres - Hors PSG"
106402,0.258126054798565,227.499918086921,671,71.0500030517578,3.07181,"Épicéa commun","Forêts privées et autres - Hors PSG"
115486,0.165712721253561,186.960397975653,1113,71.0500030517578,3.39053,"Hêtre","Autres forêts publiques RF"
335466,0.268509340516657,327.579826407654,551,34.2999992370605,1.08844,"Sapin pectiné","Forêts domaniales RF"
426761,0.42134646508397,55.0580089256437,543,50.3999977111816,1.92663,"Sapin pectiné","Forêts privées et autres - Hors PSG"
656481,0.122661474413016,13.4114264402923,719,39.2000007629395,1.13165,"Sapin pectiné","Forêts domaniales RF"
580823,0.206576096397446,121.882407665772,450,75,2.81108,"Épicéa commun","Forêts privées et autres - Hors PSG"
659573,0.294738924058487,554.54279227912,534,160.500015258789,3.56265,"Épicéa commun","Forêts privées et autres - Hors PSG"
416112,0.242193286371592,414.8624084009,408,129,3.84079,"Épicéa commun","Forêts privées et autres - Hors PSG"
502035,0.387462838958188,80.7586257357735,736,34.2999992370605,1.15549,"Sapin pectiné","Forêts domaniales RF"
541495,0.249848149969438,317.22352483773,512,175.500015258789,2.92534,"Épicéa commun","Forêts privées et autres - Hors PSG"
424774,0.11140800267458,2.05804957289942,549,42,1.49538,"Sapin pectiné","Forêts domaniales RF"
316166,0.26978375306239,168.669390209952,643,8.39999961853027,1.44316,"Sapin pectiné","Forêts domaniales RF"
417532,0.285572455790786,279.486016415879,579,54,3.14281,"Épicéa commun","Forêts privées et autres - Hors PSG"
304019,0.208698918332004,35.5797389759546,746,46.4000015258789,3.62767,"Sapin pectiné","Autres forêts publiques RF"
649958,0.276630161777121,311.952635768257,652,11.6000003814697,0.967758,"Sapin pectiné","Forêts domaniales RF"
518719,0.471316920387437,255.975870347247,751,20,1.31613,"Sapin pectiné","Forêts domaniales RF"
305055,0.23310060125709,134.231423947689,676,24.5,1.899,"Sapin pectiné","Forêts domaniales RF"
279630,0.42605745590095,160.980521086202,734,25.1999988555908,1.19964,"Sapin pectiné","Forêts domaniales RF"
416020,0.154722969576929,48.6981896942023,770,16,2.07813,"Épicéa commun","Forêts domaniales RF"
217335,0.273836564001172,107.099981187694,644,65.25,2.79967,"Hêtre","Autres forêts publiques RF"
574401,0.193156204262193,152.220365004967,777,31.5,1.01529,"Épicéa commun","Forêts domaniales RF"
516376,0.206702043699503,203.814194407455,725,136.5,NA,"Épicéa commun","Forêts privées et autres - Hors PSG"
658061,0.400048174261441,352.141138047461,564,35,2.07539,"Épicéa commun","Autres forêts publiques RF"
119759,0.420567589520118,90.0914010603559,564,14,2.43972,"Sapin pectiné","Forêts domaniales RF"
109565,0.259200698404577,400.571865899708,519,128.400009155273,2.8819,"Épicéa commun","Forêts privées et autres - Hors PSG"
8613,0.253168682237703,231.480039156132,540,33.5999984741211,1.90624,"Sapin pectiné","Forêts domaniales RF"
105024,0.55179414509204,118.986079809004,758,72,1.28924,"Sapin pectiné","Forêts domaniales RF"
18832,0.470814114167882,170.969633991806,813,25.1999988555908,1.81579,"Sapin pectiné","Forêts domaniales RF"
47495,0.319171223378189,337.003221299577,697,105.300003051758,2.62847,"Épicéa commun","Autres forêts publiques RF"
45663,0.308062041391685,333.7832447726,670,56.6999969482422,1.83997,"Sapin pectiné","Forêts domaniales RF"
119755,0.396100006781684,233.276819519562,773,59.3999977111816,1.85248,"Sapin pectiné","Forêts domaniales RF"
2364,0.242150803685677,142.513676612494,646,151.199996948242,2.16996,"Épicéa commun","Forêts privées et autres - En PSG"
139138,0.25482515592026,576.912139705801,541,28,4.10036,"Épicéa commun","Forêts privées et autres - Hors PSG"
206854,0.200448929383605,92.3409284052042,863,12.5999994277954,1.21131,"Sapin pectiné","Forêts domaniales RF"
253992,0.0878961420992596,4.18662294753057,477,117.000007629395,5.99314,"Bouleau","Forêts privées et autres - Hors PSG"
469542,0.461549013853073,15.818735686898,568,27,2.37903,"Sapin pectiné","Forêts privées et autres - Hors PSG"
216932,0.20973884433517,137.149029968862,803,90.3000030517578,2.32878,"Sapin pectiné","Forêts domaniales RF"
363104,0.351666982674909,168.045066050225,974,2,1.82409,"Sapin pectiné","Forêts domaniales RF"
207728,0.177245276994981,191.296696775453,952,115.849990844727,2.24321,"Sapin pectiné","Autres forêts publiques RF"
421651,0.2880873573074,258.945321627916,986,54.6000022888184,3.52573,"Hêtre","Autres forêts publiques RF"
518587,0.13158537127483,53.7784546277057,495,158.5,3.03319,"Épicéa commun","Forêts privées et autres - Hors PSG"
500928,0.21678616336303,35.9713699190877,498,60,3.31194,"Grand érable","Forêts privées et autres - Hors PSG"
553039,0.127648964767447,133.510589600227,822,8,1.979,"Sapin pectiné","Autres forêts publiques RF"
617935,0.238731995224953,5.87482529626249,970,45.5999984741211,1.55145,"Épicéa commun","Forêts domaniales RF"
583916,0.513806785124289,318.445739775487,805,72.5,1.9753,"Sapin pectiné","Forêts privées et autres - Hors PSG"
456304,0.0817133435423645,4.70924015669608,418,54,3.50154,"Épicéa commun","Forêts privées et autres - Hors PSG"
259809,0.154435324961308,89.2830011354267,565,97.0000076293945,2.82751,"Châtaignier","Autres forêts publiques RF"
332129,0.24131131033335,243.213261885819,1068,43.5000038146973,2.17305,"Sapin pectiné","Forêts domaniales RF"
234699,0.391737735327314,411.738232843171,930,30,2.45246,"Sapin pectiné","Forêts domaniales RF"
443018,0.205127702942363,158.589167439239,948,27,3.98667,"Épicéa commun","Forêts domaniales RF"
627516,0.256040634533407,103.646142476967,627,56,1.48536,"Épicéa commun","Autres forêts publiques RF"
508289,0.185882575853416,84.4625250905989,434,118,2.44923,"Sapin pectiné","Forêts privées et autres - Hors PSG"
564273,0.209327300839968,219.943592306042,1099,105.300003051758,1.53394,"Épicéa commun","Forêts privées et autres - En PSG"
630758,0.101215175424098,20.0331316829899,1229,87.0000076293945,1.69985,"Hêtre","Forêts domaniales RF"
249272,0.279338430948641,421.413966880695,450,140,5.3588,"Épicéa commun","Forêts privées et autres - Hors PSG"
431890,0.112026105626051,48.5949283562087,603,40,6.99821,"Frêne","Forêts privées et autres - Hors PSG"
237144,0.148459518801799,50.3999618830242,624,23.2000007629395,5.54094,"Sapin pectiné","Forêts privées et autres - Hors PSG"
429431,0.238552951674666,412.669802291375,617,70,3.83213,"Épicéa commun","Forêts privées et autres - Hors PSG"
458926,0.257161202595544,314.050263406618,668,60.9000053405762,2.3555,"Sapin pectiné","Forêts privées et autres - Hors PSG"
365990,0.393927179497766,272.472950942143,1023,29,2.21099,"Sapin pectiné","Forêts privées et autres - En PSG"
570510,0.326937284651508,471.238661265134,410,132.5,3.4762,"Épicéa commun","Forêts privées et autres - Hors PSG"
610491,0.261496289291855,378.888641639865,816,102.400001525879,2.56013,"Sapin pectiné","Autres forêts publiques RF"
667191,0.298947369996891,240.933475659197,1075,34.8000030517578,2.19929,"Sapin pectiné","Autres forêts publiques RF"
411435,0.248228921584161,178.730578779781,443,54,3.98404,"Épicéa commun","Forêts privées et autres - Hors PSG"
374826,0.240835005423524,182.165682022456,491,148,4.81038,"Épicéa commun","Forêts privées et autres - Hors PSG"
434486,0.172707652808419,146.591624756157,874,35,3.00109,"Épicéa commun","Forêts privées et autres - Hors PSG"
356608,0.270323088491596,271.717050446679,1022,65.25,1.35627,"Sapin pectiné","Autres forêts publiques RF"
248974,0.428663577429717,126.242435316452,1196,105.300003051758,1.49792,"Épicéa commun","Autres forêts publiques RF"
466362,0.164454623374012,307.206524573578,1238,91.3500061035156,1.18685,"Hêtre","Forêts privées et autres - Hors PSG"
519629,0.132740534615145,30.145699839518,783,28,2.56503,"Hêtre","Autres forêts publiques RF"
568184,0.225878586993062,62.4125011868483,1223,157.5,1.45145,"Épicéa commun","Autres forêts publiques RF"
367489,0.274194773426223,231.998742885951,498,148.5,5.07034,"Épicéa commun","Forêts privées et autres - Hors PSG"
252440,0.153175244282017,105.149681785334,498,29,5.27709,"Frêne","Forêts privées et autres - Hors PSG"
371349,0.269930607209618,300.199613707541,962,97.2000045776367,1.87177,"Sapin pectiné","Autres forêts publiques RF"
640457,0.26739737770817,533.477211898269,548,61.6000022888184,2.72524,"Douglas","Forêts privées et autres - Hors PSG"
665243,0.391544169486526,343.024831638855,881,105.75,4.27997,"Épicéa commun","Forêts privées et autres - En PSG"
311184,0.276399406234388,325.886845541161,625,72,4.94798,"Sapin pectiné","Autres forêts publiques RF"
570697,0.260637280027183,645.706030179114,458,144.5,4.43791,"Grand aulne","Forêts privées et autres - Hors PSG"
668758,0.252263343344016,392.253775367154,650,112.400009155273,4.18607,"Épicéa commun","Forêts privées et autres - Hors PSG"
318761,0.276410594232892,169.259810899477,668,69.6000061035156,3.37356,"Sapin pectiné","Autres forêts publiques RF"
604777,0.316333388495378,203.771276748749,534,35,2.55512,"Sapin pectiné","Forêts domaniales RF"
219405,0.236521182574614,274.942077808716,709,35.1000022888184,3.33828,"Sapin pectiné","Forêts domaniales RF"
39171,0.163089125809662,179.391041501135,490,98.5500030517578,4.17675,"Épicéa commun","Forêts privées et autres - Hors PSG"
150073,0.122559829647137,5.26242767543802,548,25,2.97649,"Épicéa commun","Forêts privées et autres - Hors PSG"
147787,0.287992988377217,287.332069677662,912,71.0500030517578,1.37934,"Sapin pectiné","Forêts domaniales RF"
35502,0.298329795184475,247.736988467294,1095,109.200004577637,3.41617,"Sapin pectiné","Forêts domaniales RF"
121774,0.118459903764293,130.835980826305,555,102.000007629395,4.64085,"Épicéa commun","Forêts privées et autres - Hors PSG"
121219,0.173863956192692,211.774867756918,490,130.950012207031,3.37723,"Épicéa commun","Autres forêts publiques RF"
143142,0.71355093306707,279.553792409133,748,52.2000045776367,3.90747,"Sapin pectiné","Forêts privées et autres - En PSG"
109239,0.386413429050598,190.843501984558,984,17.4000015258789,3.26201,"Hêtre","Forêts domaniales RF"
41381,0.211371474437055,168.245871732612,477,140.400009155273,3.81538,"Épicéa commun","Forêts privées et autres - Hors PSG"
124429,0.315689717456168,360.226627092563,739,103.950004577637,5.05804,"Épicéa commun","Forêts privées et autres - Hors PSG"
22360,0.15691170893038,91.369284514543,745,36,2.82044,"Épicéa commun","Forêts privées et autres - Hors PSG"
132596,0.185445242367229,13.6557103626086,779,49,1.35045,"Épicéa commun","Forêts privées et autres - Hors PSG"
47686,0.14658069980085,121.261976968919,421,90,2.46113,"Chêne pédonculé","Forêts privées et autres - Hors PSG"
117748,0.339871492755568,135.390134411242,762,60.9000053405762,1.51415,"Sapin pectiné","Autres forêts publiques RF"
18974,0.351515921047304,89.1691953038543,914,0,2.61142,"Épicéa commun","Autres forêts publiques RF"
27374,0.397875697786646,270.121814963104,682,23.5,2.59357,"Sapin pectiné","Forêts domaniales RF"
126091,0.18506856461929,148.053211743781,715,17.4000015258789,3.00105,"Épicéa commun","Forêts privées et autres - En PSG"
12179,0.183724228829354,137.830504955377,899,25,2.28055,"Épicéa commun","Autres forêts publiques RF"
25268,0.30326346958483,464.731229176501,656,60.9000053405762,4.28514,"Hêtre","Autres forêts publiques RF"
320091,0.260315288367243,150.316440304094,715,24,1.03133,"Hêtre","Autres forêts publiques RF"
613106,0.351989201290416,296.309426670094,686,70.2000045776367,4.13957,"Sapin pectiné","Forêts privées et autres - Hors PSG"
252581,0.278906601069716,332.460521553847,810,98,1.74835,"Sapin pectiné","Autres forêts publiques RF"
404748,0.235627638592225,382.433173284605,512,49,8.21797,"Charme","Forêts privées et autres - Hors PSG"
508277,0.407721578462692,682.488773404432,812,115.849990844727,4.18289,"Hêtre","Forêts privées et autres - En PSG"
470891,0.473295238727696,506.662787899038,835,40,3.2713,"Épicéa commun","Forêts privées et autres - En PSG"
356480,0.419325483667129,164.805010247252,858,58.5000038146973,3.19565,"Douglas","Forêts privées et autres - En PSG"
677367,0.227119704414541,278.182041413931,750,70,3.18208,"Sapin pectiné","Forêts domaniales RF"
439749,0.182655443158189,53.778632648291,853,11.6000003814697,1.95876,"Sapin pectiné","Forêts privées et autres - En PSG"
668877,0.189037800262535,116.573488467525,809,26.25,3.85003,"Grand érable","Autres forêts publiques RF"
256000,0.277323229973525,377.276914598585,882,35,1.85936,"Hêtre","Autres forêts publiques RF"
510841,0.286896202120943,244.804281986432,822,104.400001525879,5.84935,"Hêtre","Forêts privées et autres - En PSG"
349754,0.243288653215697,410.844376764413,613,29.25,7.43765,"Frêne","Forêts privées et autres - En PSG"
622922,0.360614162881338,133.218513665128,939,65.25,4.30209,"Épicéa commun","Forêts privées et autres - En PSG"
147520,0.18500958258415,149.577913232946,873,95.5500030517578,2.94853,"Hêtre","Autres forêts publiques RF"
45254,0.257008411081528,449.583679098496,974,88.5499954223633,5.1502,"Sapin pectiné","Forêts privées et autres - En PSG"
129441,0.306422231516334,399.767109082697,615,73.1999969482422,2.5044,"Hêtre","Autres forêts publiques RF"
141493,0.260223738628314,232.882735523476,825,122.850006103516,3.25144,"Hêtre","Forêts domaniales RF"
14840,0.199247840458014,259.926354460575,619,64.2000045776367,2.27383,"Chêne rouvre","Forêts privées et autres - En PSG"
105268,0.292394286343278,610.975910444442,640,81.9000015258789,2.7514,"Sapin pectiné","Forêts privées et autres - Hors PSG"
121896,0.426342937884974,540.018406815765,814,19.5,3.23635,"Hêtre","Forêts privées et autres - En PSG"
509652,0.217939795725426,252.671558583628,556,50.75,1.64893,"Chêne rouvre","Autres forêts publiques RF"
3470,0.601773237239724,417.08994392662,699,17.4000015258789,3.76934,"Hêtre","Autres forêts publiques RF"
