"idp","pro_psg","biom","xl","yl","gr"
1021459,"privé - sans psg",139.952280955175,798200,2135600,"798200 2135600"
1013705,"privé - sans psg",336.26666667465,800200,2131600,"800200 2131600"
1013229,"privé - sans psg",78.8800988172714,800200,2121600,"800200 2121600"
1030210,"privé - sans psg",304.494449207409,822200,2157600,"822200 2157600"
1003663,"privé - sans psg",97.5934443592413,814200,2133600,"814200 2133600"
1007420,"privé - sans psg",43.5942113546396,804200,2093600,"804200 2093600"
1028727,"privé - sans psg",465.032216056209,818200,2125600,"818200 2125600"
1016087,"privé - sans psg",373.694422725945,810200,2101600,"810200 2101600"
1003637,"privé - sans psg",31.5780540507025,832200,2157600,"832200 2157600"
1000584,"publics - domaniales",258.633054720796,824200,2133600,"824200 2133600"
1015205,"publis - communales",274.750141710508,816200,2109600,"816200 2109600"
1010591,"privé - sans psg",243.188694379507,830200,2141600,"830200 2141600"
1005442,"privé - sans psg",503.441073092224,824200,2123600,"824200 2123600"
1007503,"privé - psg",193.72004058259,822200,2117600,"822200 2117600"
1000820,"privé - sans psg",24.2078191764106,836200,2149600,"836200 2149600"
1021077,"privé - sans psg",25.8277891320961,832200,2137600,"832200 2137600"
1004904,"publis - communales",381.066502974332,824200,2113600,"824200 2113600"
1004584,"privé - sans psg",218.403577662158,836200,2139600,"836200 2139600"
1026895,"privé - sans psg",14.3325535099129,834200,2133600,"834200 2133600"
1012204,"privé - sans psg",101.579725104437,832200,2127600,"832200 2127600"
1024786,"privé - sans psg",133.34186239009,826200,2109600,"826200 2109600"
1007207,"privé - sans psg",26.708706359816,824200,2103600,"824200 2103600"
1001105,"privé - sans psg",185.581243436024,844200,2143600,"844200 2143600"
1007040,"publis - communales",172.941730440201,842200,2137600,"842200 2137600"
1013436,"privé - sans psg",589.359022543821,840200,2131600,"840200 2131600"
1012046,"privé - sans psg",63.1034002341438,830200,2101600,"830200 2101600"
1019281,"publis - communales",63.7986422690732,848200,2145600,"848200 2145600"
1003449,"publis - communales",149.842858051975,844200,2133600,"844200 2133600"
1014098,"privé - sans psg",154.840373119943,848200,2135600,"848200 2135600"
1016851,"privé - sans psg",211.864451393228,838200,2105600,"838200 2105600"
1002370,"privé - sans psg",193.804202672055,856200,2149600,"856200 2149600"
1021856,"publis - communales",142.891485303354,852200,2137600,"852200 2137600"
1014950,"publis - communales",99.136845351477,850200,2131600,"850200 2131600"
1015957,"publis - communales",1.44865193107688,848200,2125600,"848200 2125600"
1021902,"publis - communales",188.465068733737,844200,2113600,"844200 2113600"
1009404,"publis - communales",137.069595979457,842200,2107600,"842200 2107600"
1005248,"publis - communales",195.980221531414,858200,2145600,"858200 2145600"
1006134,"privé - sans psg",21.381390629299,856200,2139600,"856200 2139600"
1028398,"publis - communales",60.4739846855154,854200,2133600,"854200 2133600"
1003655,"publis - communales",72.1353379503644,852200,2127600,"852200 2127600"
1017485,"publis - communales",264.962113803588,846200,2109600,"846200 2109600"
1023498,"privé - sans psg",5.64949294636536,844200,2103600,"844200 2103600"
1017189,"publis - communales",224.363341250066,842200,2097600,"842200 2097600"
1020382,"publis - communales",289.04390510529,860200,2141600,"860200 2141600"
1021499,"privé - sans psg",558.123693786729,856200,2129600,"856200 2129600"
1015379,"publis - communales",86.315283419866,844200,2093600,"844200 2093600"
1017388,"publis - communales",257.267261021374,864200,2143600,"864200 2143600"
1000946,"publis - communales",94.1027611235727,862200,2137600,"862200 2137600"
1017191,"publis - communales",236.863348092488,860200,2131600,"860200 2131600"
1028598,"privé - psg",197.428101112628,858200,2125600,"858200 2125600"
1000945,"publis - communales",146.945971727754,856200,2119600,"856200 2119600"
1011886,"publis - communales",522.600943926454,854200,2113600,"854200 2113600"
1009509,"privé - sans psg",181.598055641651,850200,2101600,"850200 2101600"
1004706,"privé - sans psg",290.309875571347,868200,2145600,"868200 2145600"
1013519,"privé - sans psg",62.2837776567062,866200,2139600,"866200 2139600"
1009930,"publis - communales",265.428982648419,864200,2133600,"864200 2133600"
1029109,"privé - sans psg",334.959560746899,860200,2121600,"860200 2121600"
1020318,"privé - sans psg",67.4030685093723,858200,2115600,"858200 2115600"
1022007,"publis - communales",368.164807618207,856200,2109600,"856200 2109600"
1010578,"privé - sans psg",44.57842249532,852200,2097600,"852200 2097600"
1007806,"privé - sans psg",492.064094704006,870200,2141600,"870200 2141600"
1013755,"privé - sans psg",455.108476932395,868200,2135600,"868200 2135600"
1000661,"privé - sans psg",32.737969253054,866200,2129600,"866200 2129600"
1019342,"privé - sans psg",154.472692022618,864200,2123600,"864200 2123600"
1015036,"privé - sans psg",189.632907177122,858200,2105600,"858200 2105600"
1022534,"privé - sans psg",203.768293831,856200,2099600,"856200 2099600"
1025525,"privé - sans psg",280.22529763833,854200,2093600,"854200 2093600"
1020158,"publis - communales",264.648100568628,852200,2087600,"852200 2087600"
1006224,"privé - sans psg",175.34260591925,872200,2137600,"872200 2137600"
1010454,"privé - sans psg",82.3688000859496,860200,2101600,"860200 2101600"
1002734,"publis - communales",71.2298280458547,856200,2089600,"856200 2089600"
1029908,"privé - sans psg",178.976736636163,882200,2157600,"882200 2157600"
1007379,"privé - sans psg",156.020060251618,876200,2139600,"876200 2139600"
1003493,"publis - communales",368.7704397134,874200,2133600,"874200 2133600"
1004605,"privé - sans psg",64.606837313353,868200,2115600,"868200 2115600"
1021608,"privé - sans psg",165.203820634856,864200,2103600,"864200 2103600"
1021926,"publis - communales",3.45305107628431,856200,2079600,"856200 2079600"
1001933,"privé - sans psg",39.399248734249,884200,2153600,"884200 2153600"
1018004,"publis - communales",188.791125360454,882200,2147600,"882200 2147600"
1014238,"publis - communales",142.812054704778,878200,2135600,"878200 2135600"
1000515,"privé - sans psg",29.830482541199,868200,2105600,"868200 2105600"
1018128,"publis - communales",129.656873535005,890200,2161600,"890200 2161600"
1007341,"privé - sans psg",113.572368251746,866200,2089600,"866200 2089600"
1019963,"privé - sans psg",151.45816430904,654200,2533600,"654200 2533600"
1005105,"privé - sans psg",121.316341873231,664200,2533600,"664200 2533600"
1002292,"privé - psg",520.16863948626,660200,2521600,"660200 2521600"
1021167,"privé - psg",212.577283738464,664200,2523600,"664200 2523600"
1025414,"publics - domaniales",36.2591366325896,646200,2469600,"646200 2469600"
1028127,"privé - sans psg",207.727385003818,656200,2489600,"656200 2489600"
1002771,"privé - sans psg",499.819534073378,676200,2539600,"676200 2539600"
1023821,"privé - sans psg",215.963393619294,674200,2533600,"674200 2533600"
1005249,"privé - sans psg",2.02115298496614,660200,2491600,"660200 2491600"
1005294,"privé - psg",152.765922035844,684200,2553600,"684200 2553600"
1008494,"privé - sans psg",25.0852874485749,672200,2517600,"672200 2517600"
1008018,"publics - domaniales",274.818739508447,658200,2475600,"658200 2475600"
1023525,"publics - domaniales",240.544762607845,656200,2469600,"656200 2469600"
1028555,"privé - sans psg",75.797527271356,672200,2507600,"672200 2507600"
1020637,"privé - sans psg",60.3014319859997,670200,2501600,"670200 2501600"
1009260,"privé - psg",609.383077822665,656200,2459600,"656200 2459600"
1002418,"publics - domaniales",113.058813080864,676200,2509600,"676200 2509600"
1024514,"privé - sans psg",431.514612955592,668200,2485600,"668200 2485600"
1030107,"privé - psg",126.191237056764,664200,2473600,"664200 2473600"
1010506,"privé - sans psg",193.833728533307,682200,2517600,"682200 2517600"
1018879,"publics - domaniales",469.983326331487,680200,2511600,"680200 2511600"
1008204,"publics - domaniales",215.943480022062,678200,2505600,"678200 2505600"
1004761,"privé - sans psg",100.59526125018,692200,2537600,"692200 2537600"
1006672,"privé - sans psg",53.6552302869963,680200,2501600,"680200 2501600"
1029887,"privé - sans psg",136.937996444929,666200,2459600,"666200 2459600"
1012828,"privé - psg",15.7509993759834,664200,2453600,"664200 2453600"
1004497,"privé - sans psg",235.399107853305,684200,2503600,"684200 2503600"
1014157,"privé - sans psg",237.27586837476,676200,2479600,"676200 2479600"
1025363,"privé - psg",189.214300402396,674200,2473600,"674200 2473600"
1000670,"privé - sans psg",50.9721006522079,684200,2493600,"684200 2493600"
1002107,"privé - psg",228.687004919784,708200,2555600,"708200 2555600"
1007962,"privé - psg",232.851493129243,706200,2549600,"706200 2549600"
1007936,"publics - domaniales",231.463019878117,702200,2537600,"702200 2537600"
1003839,"privé - sans psg",184.065010855902,694200,2513600,"694200 2513600"
1017661,"privé - sans psg",19.4936628275545,690200,2501600,"690200 2501600"
1008193,"privé - sans psg",152.557200556527,684200,2483600,"684200 2483600"
1019915,"privé - sans psg",209.454010866287,674200,2453600,"674200 2453600"
1017586,"privé - psg",218.492786964783,704200,2533600,"704200 2533600"
1007135,"privé - sans psg",259.894215086263,692200,2497600,"692200 2497600"
1007075,"publics - domaniales",197.572050897384,698200,2505600,"698200 2505600"
1014618,"privé - sans psg",119.868263567468,690200,2481600,"690200 2481600"
1015257,"privé - psg",49.7226742936439,686200,2469600,"686200 2469600"
1027856,"privé - sans psg",161.293470119212,678200,2445600,"678200 2445600"
1024181,"privé - sans psg",86.3621005492515,696200,2489600,"696200 2489600"
1028495,"privé - sans psg",304.403055764925,712200,2527600,"712200 2527600"
1018999,"privé - sans psg",36.025728670662,708200,2515600,"708200 2515600"
1026274,"privé - psg",191.159007547132,704200,2503600,"704200 2503600"
1018185,"privé - sans psg",325.771595883792,702200,2497600,"702200 2497600"
1011220,"privé - sans psg",325.090613910001,682200,2437600,"682200 2437600"
1020255,"privé - psg",301.41582338065,724200,2553600,"724200 2553600"
1016524,"publics - domaniales",278.902842046719,716200,2529600,"716200 2529600"
1001873,"privé - psg",166.605529743623,692200,2457600,"692200 2457600"
1023523,"privé - sans psg",229.368260991098,726200,2549600,"726200 2549600"
1006551,"privé - sans psg",150.680182481183,712200,2507600,"712200 2507600"
1014450,"privé - sans psg",274.355933615618,716200,2509600,"716200 2509600"
1024234,"privé - psg",208.516352888992,696200,2449600,"696200 2449600"
1001534,"publics - domaniales",252.637048338118,728200,2535600,"728200 2535600"
1013250,"privé - sans psg",273.284819922947,620200,2181600,"620200 2181600"
1002988,"privé - sans psg",298.960080797178,618200,2165600,"618200 2165600"
1012629,"publics - domaniales",106.545249378432,628200,2185600,"628200 2185600"
1007220,"publics - domaniales",177.145983374591,626200,2179600,"626200 2179600"
1021145,"privé - psg",251.626011282339,632200,2187600,"632200 2187600"
1015610,"publics - domaniales",706.46095960539,630200,2181600,"630200 2181600"
1022631,"publis - communales",188.045598742774,618200,2145600,"618200 2145600"
1001569,"publics - domaniales",158.706758557996,636200,2189600,"636200 2189600"
1004576,"privé - psg",283.0585135315,640200,2191600,"640200 2191600"
1007551,"publics - domaniales",379.614250421395,638200,2185600,"638200 2185600"
1003297,"privé - sans psg",262.699647146869,632200,2167600,"632200 2167600"
1012183,"privé - sans psg",271.54705336062,622200,2137600,"622200 2137600"
1008110,"privé - psg",220.82915411151,634200,2163600,"634200 2163600"
1026168,"privé - sans psg",368.129690953931,632200,2157600,"632200 2157600"
1010552,"privé - psg",23.2566250673509,626200,2139600,"626200 2139600"
1002143,"privé - sans psg",219.527630285298,654200,2173600,"654200 2173600"
1026670,"publics - domaniales",230.010734869212,652200,2167600,"652200 2167600"
1009747,"privé - sans psg",193.882458887421,644200,2143600,"644200 2143600"
1005241,"privé - sans psg",338.47316133026,664200,2183600,"664200 2183600"
1002181,"publics - domaniales",470.92707655319,666200,2179600,"666200 2179600"
1018876,"privé - sans psg",119.855273630444,660200,2161600,"660200 2161600"
1009701,"publics - domaniales",110.015866329403,658200,2145600,"658200 2145600"
1009449,"privé - psg",226.386096269194,656200,2139600,"656200 2139600"
1003205,"privé - psg",309.415827545692,668200,2165600,"668200 2165600"
1028189,"publics - domaniales",150.86978007779,660200,2141600,"660200 2141600"
1002502,"privé - psg",150.358214895872,678200,2185600,"678200 2185600"
1003137,"publics - domaniales",196.759846638395,672200,2167600,"672200 2167600"
1003060,"privé - sans psg",242.589301188115,664200,2143600,"664200 2143600"
1012897,"privé - sans psg",7.37601190880089,676200,2169600,"676200 2169600"
1012442,"privé - sans psg",136.85121573056,660200,2121600,"660200 2121600"
1002113,"privé - psg",316.657549876595,682200,2177600,"682200 2177600"
1016787,"privé - sans psg",307.004905441936,670200,2141600,"670200 2141600"
1021036,"privé - sans psg",22.6078037185727,666200,2129600,"666200 2129600"
1008658,"privé - sans psg",397.945413847349,664200,2123600,"664200 2123600"
1016058,"privé - psg",47.4894867420507,684200,2173600,"684200 2173600"
1003508,"privé - psg",234.59329671891,688200,2165600,"688200 2165600"
1016553,"privé - psg",377.727556620071,696200,2179600,"696200 2179600"
1027594,"privé - sans psg",288.721667442959,688200,2155600,"688200 2155600"
1026833,"privé - psg",291.015474458263,676200,2119600,"676200 2119600"
1004128,"privé - psg",198.320452064821,692200,2157600,"692200 2157600"
1023257,"privé - psg",87.6294381431426,690200,2131600,"690200 2131600"
1027033,"privé - psg",175.687486851033,704200,2163600,"704200 2163600"
1020678,"privé - sans psg",247.370986741344,696200,2139600,"696200 2139600"
1012059,"privé - sans psg",195.799007035131,690200,2121600,"690200 2121600"
1011029,"privé - sans psg",255.74133912027,692200,2117600,"692200 2117600"
1000429,"privé - sans psg",223.197113853516,694200,2113600,"694200 2113600"
1028457,"privé - psg",129.897730024384,706200,2139600,"706200 2139600"
1019047,"privé - sans psg",55.4660797264983,708200,2135600,"708200 2135600"
1014386,"privé - sans psg",329.368110104281,712200,2117600,"712200 2117600"
1012699,"publics - domaniales",74.4797677131243,714200,2113600,"714200 2113600"
1003964,"privé - sans psg",70.2669632610904,862200,1907600,"862200 1907600"
1021831,"privé - sans psg",115.201466527578,858200,1895600,"858200 1895600"
1025165,"privé - sans psg",66.5388300788223,856200,1889600,"856200 1889600"
1001043,"publis - communales",37.6679589887458,868200,1905600,"868200 1905600"
1027362,"privé - sans psg",32.1849862838268,864200,1893600,"864200 1893600"
1025476,"privé - sans psg",236.100839402506,882200,1927600,"882200 1927600"
1010951,"publics - domaniales",186.3910396727,876200,1909600,"876200 1909600"
1002473,"publis - communales",156.531763098495,874200,1903600,"874200 1903600"
1023199,"privé - sans psg",62.3043406452749,870200,1891600,"870200 1891600"
1024831,"privé - psg",112.664739056678,868200,1885600,"868200 1885600"
1005419,"publics - domaniales",195.73315265533,892200,1937600,"892200 1937600"
1024912,"privé - sans psg",148.034615747516,872200,1877600,"872200 1877600"
1024816,"publis - communales",80.6791221131368,902200,1947600,"902200 1947600"
1028281,"privé - sans psg",57.9121567038214,900200,1941600,"900200 1941600"
1022411,"publis - communales",57.1838568721495,898200,1935600,"898200 1935600"
1014083,"privé - psg",123.216353082389,894200,1923600,"894200 1923600"
1001767,"privé - sans psg",26.6664932061669,890200,1911600,"890200 1911600"
1015743,"publis - communales",14.877193726363,888200,1905600,"888200 1905600"
1001024,"privé - psg",78.3159060803709,886200,1899600,"886200 1899600"
1024824,"privé - psg",134.742083908611,880200,1881600,"880200 1881600"
1031208,"publis - communales",15.4580744105913,904200,1933600,"904200 1933600"
1019662,"privé - sans psg",15.2287128707649,902200,1927600,"902200 1927600"
1024186,"privé - sans psg",1.29364088178292,900200,1921600,"900200 1921600"
1029323,"privé - sans psg",206.443160247653,896200,1909600,"896200 1909600"
1020314,"privé - sans psg",134.095798607011,884200,1873600,"884200 1873600"
1009875,"privé - sans psg",40.007058815924,914200,1943600,"914200 1943600"
1010829,"privé - psg",34.3897357045104,912200,1937600,"912200 1937600"
1020356,"publics - domaniales",77.80802596092,906200,1919600,"906200 1919600"
1028011,"privé - sans psg",143.04833741935,900200,1901600,"900200 1901600"
1030569,"privé - sans psg",0.779983491946842,898200,1895600,"898200 1895600"
1008922,"privé - sans psg",91.2675848619171,896200,1889600,"896200 1889600"
1016368,"publis - communales",97.1775443728205,916200,1929600,"916200 1929600"
1002495,"privé - sans psg",93.0135457992217,912200,1917600,"912200 1917600"
1017539,"privé - sans psg",103.307503467735,924200,1933600,"924200 1933600"
1019290,"publis - communales",118.176786411845,922200,1927600,"922200 1927600"
1007085,"privé - sans psg",126.981566491393,920200,1921600,"920200 1921600"
1028103,"publis - communales",89.4012332268345,918200,1915600,"918200 1915600"
1030614,"privé - sans psg",96.0959516977822,912200,1897600,"912200 1897600"
1006976,"privé - sans psg",87.7251035488721,914200,1903600,"914200 1903600"
1021393,"privé - sans psg",5.41252718558047,928200,1925600,"928200 1925600"
1001382,"privé - sans psg",149.011174760092,926200,1919600,"926200 1919600"
1027643,"publics - domaniales",120.709438294987,924200,1913600,"924200 1913600"
1016714,"publics - domaniales",49.0683298207919,918200,1895600,"918200 1895600"
1024229,"publis - communales",41.1780460370759,916200,1889600,"916200 1889600"
1017334,"publics - domaniales",162.161376541099,912200,1877600,"912200 1877600"
1012306,"privé - sans psg",50.5525662384313,910200,1871600,"910200 1871600"
1017137,"privé - sans psg",95.5917624184188,932200,1937600,"932200 1937600"
1002598,"privé - sans psg",64.3597812880952,932200,1917600,"932200 1917600"
1004204,"privé - sans psg",104.479097924129,928200,1905600,"928200 1905600"
1003259,"privé - sans psg",4.23274992754347,926200,1899600,"926200 1899600"
1031238,"privé - sans psg",215.861482434138,924200,1893600,"924200 1893600"
1014554,"privé - sans psg",71.1195603877173,922200,1887600,"922200 1887600"
1017264,"publics - domaniales",166.017716233112,918200,1875600,"918200 1875600"
1013867,"privé - sans psg",142.651943946435,938200,1935600,"938200 1935600"
1000132,"publics - domaniales",23.9494942876853,952200,1957600,"952200 1957600"
1000057,"privé - sans psg",150.320105239677,928200,1885600,"928200 1885600"
1000523,"privé - sans psg",145.035061280892,924200,1873600,"924200 1873600"
1005224,"publics - domaniales",395.611787888782,948200,1945600,"948200 1945600"
1012114,"publis - communales",73.0016422185857,956200,1949600,"956200 1949600"
1006478,"privé - sans psg",77.3752074627388,954200,1943600,"954200 1943600"
1009355,"publics - domaniales",458.739431716486,946200,1919600,"946200 1919600"
1010564,"privé - sans psg",70.5249516494768,942200,1907600,"942200 1907600"
1021900,"privé - psg",68.7007712195078,940200,1901600,"940200 1901600"
1011858,"publics - domaniales",30.2667344660683,938200,1895600,"938200 1895600"
1007668,"privé - sans psg",132.795633546042,932200,1877600,"932200 1877600"
1008699,"publics - domaniales",117.719929642447,948200,1925600,"948200 1925600"
1001287,"publics - domaniales",228.413207811848,944200,1893600,"944200 1893600"
1004036,"privé - sans psg",118.145127463674,942200,1887600,"942200 1887600"
1030474,"privé - sans psg",100.538731324864,952200,1897600,"952200 1897600"
1028566,"privé - sans psg",1.79972428921035,950200,1891600,"950200 1891600"
1015169,"privé - sans psg",89.583171934248,948200,1885600,"948200 1885600"
1000351,"privé - sans psg",74.9677338983025,946200,1879600,"946200 1879600"
1021741,"privé - sans psg",185.964499079028,958200,1895600,"958200 1895600"
1020160,"privé - sans psg",113.985852752791,964200,1893600,"964200 1893600"
1009884,"privé - sans psg",121.402627333028,854200,1943600,"854200 1943600"
1000876,"privé - sans psg",11.5351722090422,852200,1937600,"852200 1937600"
1020361,"privé - sans psg",301.256393460505,868200,1965600,"868200 1965600"
1024188,"publis - communales",234.000930033846,866200,1959600,"866200 1959600"
1004346,"publis - communales",170.928678633965,864200,1953600,"864200 1953600"
1005965,"privé - sans psg",58.6666821258957,862200,1947600,"862200 1947600"
1000736,"privé - sans psg",71.117513337258,864200,1933600,"864200 1933600"
1017830,"privé - sans psg",81.4224720309987,888200,1985600,"888200 1985600"
1018986,"publis - communales",54.5363640406827,880200,1961600,"880200 1961600"
1007883,"publis - communales",117.805169496386,878200,1955600,"878200 1955600"
1027414,"publis - communales",54.948604354073,876200,1949600,"876200 1949600"
1017502,"privé - sans psg",39.7152824642324,874200,1943600,"874200 1943600"
1022586,"privé - sans psg",138.557760811063,870200,1931600,"870200 1931600"
1004472,"publics - domaniales",42.2602210617429,868200,1925600,"868200 1925600"
1019499,"privé - sans psg",68.7094809869303,894200,1983600,"894200 1983600"
1013402,"privé - sans psg",95.1724535918332,884200,1953600,"884200 1953600"
1022153,"privé - psg",148.128372025344,880200,1941600,"880200 1941600"
1029754,"privé - sans psg",5.42294934842123,878200,1935600,"878200 1935600"
1004461,"privé - sans psg",195.266596101864,876200,1929600,"876200 1929600"
1020633,"publis - communales",84.430212026291,886200,1959600,"886200 1959600"
1005807,"publis - communales",297.674250680759,872200,1917600,"872200 1917600"
1021957,"publis - communales",131.356370104275,910200,2011600,"910200 2011600"
1009249,"privé - sans psg",2.1345312052865,898200,1975600,"898200 1975600"
1009887,"publis - communales",372.602096876123,894200,1963600,"894200 1963600"
1025612,"publics - domaniales",15.2200765913796,890200,1951600,"890200 1951600"
1016369,"publis - communales",107.37102607206,886200,1939600,"886200 1939600"
1008728,"privé - sans psg",66.0605179898989,884200,1933600,"884200 1933600"
1025441,"privé - sans psg",64.6103261926462,880200,1921600,"880200 1921600"
1011864,"publics - domaniales",283.34890057054,904200,1973600,"904200 1973600"
1028811,"privé - sans psg",181.056712133427,900200,1961600,"900200 1961600"
1028219,"privé - sans psg",63.3000670523656,904200,1953600,"904200 1953600"
1003235,"publis - communales",151.231382759535,916200,1969600,"916200 1969600"
1006966,"privé - sans psg",263.618618234822,912200,1957600,"912200 1957600"
1026578,"privé - sans psg",80.2081775886708,928200,2005600,"928200 2005600"
1004592,"publis - communales",202.975989481516,934200,2003600,"934200 2003600"
1011982,"publis - communales",250.130196870626,932200,1997600,"932200 1997600"
1011049,"publis - communales",64.334988383743,930200,1991600,"930200 1991600"
1005475,"privé - sans psg",65.422082267341,926200,1979600,"926200 1979600"
1030123,"privé - sans psg",48.7995879991667,938200,2015600,"938200 2015600"
1009593,"publis - communales",249.877095940305,936200,2009600,"936200 2009600"
1018831,"publis - communales",194.750138500834,942200,2007600,"942200 2007600"
1022614,"publis - communales",14.768908843088,936200,1989600,"936200 1989600"
1024083,"privé - sans psg",52.619853454753,928200,1965600,"928200 1965600"
1021700,"privé - sans psg",206.805912992988,926200,1959600,"926200 1959600"
1000809,"publis - communales",300.051676546628,924200,1953600,"924200 1953600"
1009903,"publis - communales",158.127857625235,944200,1993600,"944200 1993600"
1007912,"privé - sans psg",13.9718271233522,936200,1969600,"936200 1969600"
1004710,"privé - sans psg",151.627706045924,932200,1957600,"932200 1957600"
1007622,"publics - domaniales",315.641245972061,930200,1951600,"930200 1951600"
1016494,"privé - sans psg",89.8660029378797,944200,1973600,"944200 1973600"
1005922,"privé - sans psg",150.005027484936,942200,1967600,"942200 1967600"
1024745,"privé - psg",37.1954964840182,936200,1949600,"936200 1949600"
1022802,"publis - communales",98.9665003480145,952200,1977600,"952200 1977600"
1005076,"privé - sans psg",43.4735559608838,946200,1959600,"946200 1959600"
1020615,"publis - communales",107.074014015315,950200,1971600,"950200 1971600"
1026029,"publis - communales",403.28105335617,956200,1909600,"956200 1909600"
1005155,"privé - sans psg",1.65607521788229,968200,1925600,"968200 1925600"
1010975,"privé - sans psg",129.903636177469,964200,1913600,"964200 1913600"
1018657,"privé - sans psg",234.018683448082,952200,1877600,"952200 1877600"
1005043,"publis - communales",363.006429926583,970200,1911600,"970200 1911600"
1007894,"publics - domaniales",201.279836467027,966200,1899600,"966200 1899600"
1004872,"privé - sans psg",114.125236267714,962200,1887600,"962200 1887600"
1013273,"publics - domaniales",132.720624622721,958200,1875600,"958200 1875600"
1005932,"publis - communales",148.318568470399,956200,1869600,"956200 1869600"
1023331,"privé - sans psg",62.9410095334427,968200,1905600,"968200 1905600"
1011341,"publics - domaniales",143.319666936482,960200,1881600,"960200 1881600"
1029960,"privé - sans psg",225.26879853633,968200,1885600,"968200 1885600"
1001420,"publis - communales",253.630825425577,966200,1879600,"966200 1879600"
1006245,"privé - psg",133.916483060255,964200,1873600,"964200 1873600"
1003156,"privé - sans psg",401.594785154097,960200,1861600,"960200 1861600"
1007279,"publis - communales",64.0721195190761,976200,1889600,"976200 1889600"
1029600,"publics - domaniales",105.241483668776,974200,1883600,"974200 1883600"
1030691,"privé - psg",74.3745129069176,968200,1865600,"968200 1865600"
1014965,"publis - communales",50.4920069864832,992200,1917600,"992200 1917600"
1017343,"privé - sans psg",91.6074345703107,984200,1893600,"984200 1893600"
1009617,"privé - sans psg",104.261065907569,980200,1881600,"980200 1881600"
1027370,"publis - communales",325.859129560682,996200,1909600,"996200 1909600"
1014338,"publis - communales",31.8502814573258,992200,1897600,"992200 1897600"
1022084,"privé - psg",100.474491836398,988200,1885600,"988200 1885600"
1003447,"privé - sans psg",86.5648044142279,990200,1871600,"990200 1871600"
1003647,"publis - communales",316.254431442762,1004200,1893600,"1004200 1893600"
1001575,"publis - communales",6.22839664380538,998200,1875600,"998200 1875600"
1024923,"publis - communales",150.454900840011,1006200,1899600,"1006200 1899600"
1015947,"publis - communales",182.455746050778,1012200,1897600,"1012200 1897600"
1021103,"publis - communales",403.904033623358,1016200,1909600,"1016200 1909600"
1018913,"privé - sans psg",91.8967667877078,1026200,1919600,"1026200 1919600"
1028306,"publis - communales",213.608353298575,1022200,1907600,"1022200 1907600"
1012620,"privé - sans psg",44.1993293014868,1020200,1901600,"1020200 1901600"
1027198,"privé - sans psg",45.3959255623992,1016200,1889600,"1016200 1889600"
1002658,"privé - sans psg",72.6412840131534,1012200,1877600,"1012200 1877600"
1015573,"publis - communales",353.129006442972,1024200,1913600,"1024200 1913600"
1012190,"privé - sans psg",0.907247365705223,732200,1977600,"732200 1977600"
1003047,"publis - communales",96.6198397554213,728200,1965600,"728200 1965600"
1027155,"privé - sans psg",22.1765900913496,726200,1959600,"726200 1959600"
1008235,"privé - sans psg",81.2791491303643,738200,1985600,"738200 1985600"
1010358,"privé - sans psg",22.6475636840736,740200,1981600,"740200 1981600"
1025956,"privé - sans psg",32.970651838193,738200,1975600,"738200 1975600"
1003481,"privé - psg",272.092938613475,736200,1969600,"736200 1969600"
1010431,"publis - communales",119.775308433268,734200,1963600,"734200 1963600"
1017842,"privé - sans psg",14.1475489598447,732200,1957600,"732200 1957600"
1019314,"privé - sans psg",387.779012229046,730200,1951600,"730200 1951600"
1000929,"publis - communales",147.765379802886,746200,1989600,"746200 1989600"
1027714,"privé - sans psg",54.3099615658371,750200,1991600,"750200 1991600"
1010547,"publics - domaniales",272.573305891797,748200,1985600,"748200 1985600"
1029150,"privé - sans psg",333.067217729687,744200,1973600,"744200 1973600"
1002979,"privé - sans psg",458.158263620411,740200,1961600,"740200 1961600"
1009381,"privé - sans psg",195.830077167238,760200,2011600,"760200 2011600"
1010558,"privé - sans psg",8.24395001847365,752200,1987600,"752200 1987600"
1025918,"publis - communales",293.206790812229,748200,1975600,"748200 1975600"
1006517,"privé - sans psg",306.609051133838,768200,2025600,"768200 2025600"
1029646,"privé - psg",176.363384914423,764200,2013600,"764200 2013600"
1008776,"privé - psg",155.858681976593,760200,2001600,"760200 2001600"
1020421,"privé - sans psg",894.841419350307,758200,1995600,"758200 1995600"
1019437,"privé - sans psg",229.023783755689,756200,1989600,"756200 1989600"
1010948,"privé - sans psg",209.774957957963,754200,1983600,"754200 1983600"
1005480,"privé - sans psg",114.167489891816,752200,1977600,"752200 1977600"
1000908,"privé - sans psg",43.5627988171826,748200,1965600,"748200 1965600"
1007252,"privé - sans psg",87.1123055081386,744200,1953600,"744200 1953600"
1000891,"privé - sans psg",297.71806582171,742200,1947600,"742200 1947600"
1004305,"privé - sans psg",74.1078008375656,740200,1941600,"740200 1941600"
1016272,"privé - sans psg",214.725364672513,738200,1935600,"738200 1935600"
1019934,"privé - sans psg",221.967223606152,772200,2027600,"772200 2027600"
1009511,"privé - sans psg",195.47298518832,770200,2021600,"770200 2021600"
1007191,"privé - sans psg",268.519743085273,768200,2015600,"768200 2015600"
1027564,"privé - sans psg",150.799956908832,766200,2009600,"766200 2009600"
1014337,"privé - sans psg",82.4460600437174,762200,1997600,"762200 1997600"
1014834,"privé - sans psg",809.421814337176,756200,1979600,"756200 1979600"
1031009,"privé - sans psg",262.022275808685,776200,2029600,"776200 2029600"
1026058,"privé - psg",309.843800886283,772200,2017600,"772200 2017600"
1021848,"privé - sans psg",328.980155452169,770200,2011600,"770200 2011600"
1018636,"privé - sans psg",282.538255880846,764200,1993600,"764200 1993600"
1002423,"privé - sans psg",131.225280983871,760200,1981600,"760200 1981600"
1017576,"privé - sans psg",9.02720871640695,758200,1975600,"758200 1975600"
1028872,"privé - sans psg",155.051129748186,752200,1957600,"752200 1957600"
1006656,"privé - sans psg",499.019829848959,750200,1951600,"750200 1951600"
1022154,"privé - sans psg",144.31388077689,748200,1945600,"748200 1945600"
1005110,"privé - sans psg",15.6406815618128,744200,1933600,"744200 1933600"
1017664,"publis - communales",136.348616098503,742200,1927600,"742200 1927600"
1031243,"privé - sans psg",390.341352265825,778200,2025600,"778200 2025600"
1026609,"privé - sans psg",46.6015720979978,776200,2019600,"776200 2019600"
1016426,"privé - sans psg",166.223957233694,774200,2013600,"774200 2013600"
1005234,"privé - sans psg",15.3500405058124,772200,2007600,"772200 2007600"
1018619,"privé - sans psg",314.655922604567,770200,2001600,"770200 2001600"
1016232,"privé - sans psg",159.683979530764,776200,2009600,"776200 2009600"
1010839,"privé - sans psg",314.016301388994,772200,1997600,"772200 1997600"
1003290,"privé - sans psg",417.23223412283,768200,1985600,"768200 1985600"
1026287,"privé - sans psg",120.584982770653,766200,1979600,"766200 1979600"
1024101,"privé - sans psg",94.283738673686,762200,1967600,"762200 1967600"
1014556,"privé - sans psg",330.217251981955,760200,1961600,"760200 1961600"
1023538,"privé - sans psg",118.219824790065,758200,1955600,"758200 1955600"
1026642,"privé - sans psg",133.150419035991,754200,1943600,"754200 1943600"
1026329,"privé - sans psg",23.7743873092487,748200,1925600,"748200 1925600"
1023024,"privé - sans psg",148.855153418102,788200,2035600,"788200 2035600"
1017536,"privé - sans psg",184.303037593869,782200,2017600,"782200 2017600"
1012244,"privé - sans psg",134.877404004136,778200,2005600,"778200 2005600"
1007034,"privé - sans psg",168.433322073741,786200,2019600,"786200 2019600"
1012608,"privé - sans psg",25.1664168564933,778200,1995600,"778200 1995600"
1000469,"privé - sans psg",178.408657305258,776200,1989600,"776200 1989600"
1027158,"privé - sans psg",170.029272099582,772200,1977600,"772200 1977600"
1001109,"privé - sans psg",114.661783595986,768200,1965600,"768200 1965600"
1003085,"privé - sans psg",2.96617690485185,756200,1929600,"756200 1929600"
1019167,"privé - sans psg",411.530603878633,784200,2003600,"784200 2003600"
1002089,"publis - communales",484.760705182876,782200,1997600,"782200 1997600"
1030769,"privé - sans psg",327.309239358228,778200,1985600,"778200 1985600"
1020775,"privé - sans psg",221.363408435047,788200,2005600,"788200 2005600"
1027852,"privé - sans psg",345.421111867482,784200,1993600,"784200 1993600"
1019385,"privé - sans psg",22.0414321671095,780200,1981600,"780200 1981600"
1009568,"privé - sans psg",9.5132126742028,776200,1969600,"776200 1969600"
1011182,"privé - sans psg",128.788944307551,774200,1963600,"774200 1963600"
1014767,"privé - sans psg",184.416720755454,768200,1945600,"768200 1945600"
1019936,"privé - sans psg",242.646468843597,766200,1939600,"766200 1939600"
1030712,"privé - sans psg",37.8349957806269,764200,1933600,"764200 1933600"
1023567,"privé - sans psg",124.47867715462,794200,2013600,"794200 2013600"
1026845,"privé - sans psg",64.0502751755823,790200,1991600,"790200 1991600"
1022580,"privé - sans psg",156.646284089752,788200,1985600,"788200 1985600"
1015897,"privé - sans psg",212.838686388756,782200,1967600,"782200 1967600"
1014525,"privé - sans psg",27.2199604762595,776200,1949600,"776200 1949600"
1013072,"privé - sans psg",80.3863662947773,774200,1943600,"774200 1943600"
1011242,"privé - sans psg",45.4724186914002,772200,1937600,"772200 1937600"
1014122,"privé - sans psg",45.8497142985829,796200,1999600,"796200 1999600"
1020605,"privé - sans psg",221.401916640203,796200,1989600,"796200 1989600"
1029407,"privé - sans psg",45.3246316436079,786200,1959600,"786200 1959600"
1007382,"privé - sans psg",112.479256300196,784200,1953600,"784200 1953600"
1011171,"privé - sans psg",31.7475661969794,782200,1947600,"782200 1947600"
1006449,"privé - sans psg",137.96163131694,778200,1935600,"778200 1935600"
1020218,"privé - sans psg",62.7536409000351,776200,1929600,"776200 1929600"
1016670,"privé - sans psg",166.66761288155,738200,2545600,"738200 2545600"
1017774,"privé - psg",68.4572656808723,746200,2549600,"746200 2549600"
1007876,"publis - communales",121.929310284473,752200,2547600,"752200 2547600"
1007138,"privé - sans psg",556.166816198715,748200,2525600,"748200 2525600"
1006605,"privé - psg",87.9167660760708,760200,2551600,"760200 2551600"
1013409,"publics - domaniales",418.539898175154,750200,2521600,"750200 2521600"
1027087,"publics - domaniales",365.020216723253,764200,2553600,"764200 2553600"
1001979,"publics - domaniales",204.228358828632,762200,2547600,"762200 2547600"
1013993,"privé - sans psg",310.568429072226,756200,2529600,"756200 2529600"
1004782,"privé - sans psg",258.127568522497,754200,2523600,"754200 2523600"
1001606,"publis - communales",139.157777428085,774200,2573600,"774200 2573600"
1012680,"publics - domaniales",175.714021511417,770200,2561600,"770200 2561600"
1008908,"publis - communales",238.870772742995,764200,2543600,"764200 2543600"
1028563,"publis - communales",98.9358253463732,758200,2525600,"758200 2525600"
1027525,"privé - psg",137.899004205665,772200,2557600,"772200 2557600"
1013916,"privé - psg",598.309163503666,768200,2545600,"768200 2545600"
1026066,"privé - sans psg",197.911575306248,780200,2571600,"780200 2571600"
1024700,"publis - communales",63.2766105939236,774200,2553600,"774200 2553600"
1028879,"publics - domaniales",359.200996835175,772200,2547600,"772200 2547600"
1016081,"publics - domaniales",275.262328441204,770200,2541600,"770200 2541600"
1023666,"privé - psg",130.684903527431,764200,2523600,"764200 2523600"
1004255,"publics - domaniales",36.5769646738442,776200,2549600,"776200 2549600"
1010513,"publis - communales",312.673475344965,772200,2537600,"772200 2537600"
1003893,"privé - sans psg",36.2682814284265,764200,2513600,"764200 2513600"
1014214,"publics - domaniales",274.085853870512,780200,2551600,"780200 2551600"
1005933,"publics - domaniales",149.333252128908,776200,2539600,"776200 2539600"
1005079,"publis - communales",265.197255572788,772200,2527600,"772200 2527600"
1000614,"privé - psg",227.090346428331,770200,2521600,"770200 2521600"
1031054,"publics - domaniales",207.362207184693,780200,2541600,"780200 2541600"
1025743,"publics - domaniales",519.732248313044,776200,2519600,"776200 2519600"
1021519,"privé - sans psg",8.43520183820467,766200,2489600,"766200 2489600"
1028928,"privé - psg",276.599389576148,780200,2521600,"780200 2521600"
1024758,"publics - domaniales",156.506674685056,778200,2515600,"778200 2515600"
1006160,"privé - psg",286.906982869117,776200,2509600,"776200 2509600"
1013258,"publis - communales",249.497030677179,788200,2535600,"788200 2535600"
1004932,"privé - sans psg",226.402212888924,782200,2517600,"782200 2517600"
1006282,"privé - psg",39.533375427479,776200,2499600,"776200 2499600"
1001643,"privé - sans psg",61.3988487348877,768200,2475600,"768200 2475600"
1011765,"privé - sans psg",260.59612910752,776200,2489600,"776200 2489600"
1022069,"privé - psg",141.82408979756,794200,2533600,"794200 2533600"
1017346,"publis - communales",235.952314024198,792200,2527600,"792200 2527600"
1014092,"privé - sans psg",197.776716030396,786200,2509600,"786200 2509600"
1003112,"publics - domaniales",416.652447521523,780200,2491600,"780200 2491600"
1008441,"privé - sans psg",76.6860133522381,778200,2485600,"778200 2485600"
1007454,"publics - domaniales",128.083049904457,796200,2529600,"796200 2529600"
1006628,"privé - psg",174.561075865019,792200,2517600,"792200 2517600"
1006388,"privé - sans psg",17.3343537365639,784200,2493600,"784200 2493600"
1023651,"publis - communales",193.472017080366,794200,2513600,"794200 2513600"
1009332,"publics - domaniales",233.975677311751,792200,2507600,"792200 2507600"
1005229,"privé - sans psg",212.325297595861,790200,2501600,"790200 2501600"
1001224,"privé - sans psg",146.057647392677,788200,2495600,"788200 2495600"
1021965,"privé - sans psg",340.558836416319,784200,2483600,"784200 2483600"
1030278,"privé - psg",349.991349586022,790200,2481600,"790200 2481600"
1001161,"privé - psg",245.759794866603,804200,2513600,"804200 2513600"
1000251,"privé - sans psg",346.133464749084,792200,2477600,"792200 2477600"
1018690,"privé - sans psg",18.0661029028105,818200,2515600,"818200 2515600"
1012684,"publics - domaniales",182.255745003842,484200,1773600,"484200 1773600"
1006815,"privé - sans psg",154.046701285765,482200,1767600,"482200 1767600"
1019156,"privé - sans psg",335.999439691846,496200,1789600,"496200 1789600"
1025239,"privé - sans psg",134.457085740322,494200,1783600,"494200 1783600"
1018538,"publics - domaniales",346.627624205539,492200,1777600,"492200 1777600"
1017157,"privé - sans psg",185.36545666194,488200,1765600,"488200 1765600"
1026457,"privé - sans psg",61.3224234715752,494200,1773600,"494200 1773600"
1001511,"privé - sans psg",257.387222898038,502200,1787600,"502200 1787600"
1029856,"privé - sans psg",11.8902841775256,506200,1779600,"506200 1779600"
1018343,"publis - communales",487.953804373498,500200,1761600,"500200 1761600"
1013617,"privé - sans psg",154.522991943242,508200,1775600,"508200 1775600"
1012377,"privé - sans psg",54.060119750797,506200,1769600,"506200 1769600"
1022317,"privé - sans psg",326.407427188122,516200,1789600,"516200 1789600"
1031248,"privé - sans psg",144.061970707031,508200,1765600,"508200 1765600"
1027146,"publics - domaniales",231.643977696632,504200,1753600,"504200 1753600"
1004351,"publis - communales",111.463365155605,510200,1771600,"510200 1771600"
1015146,"privé - psg",219.564734337099,514200,1773600,"514200 1773600"
1021097,"privé - sans psg",156.458085881298,524200,1793600,"524200 1793600"
1020439,"privé - sans psg",144.633843388324,520200,1781600,"520200 1781600"
1030185,"privé - sans psg",550.342857616384,516200,1769600,"516200 1769600"
1022293,"privé - sans psg",197.875471108597,512200,1757600,"512200 1757600"
1020585,"privé - sans psg",220.92895014077,522200,1777600,"522200 1777600"
1026658,"privé - sans psg",109.965635113913,532200,1797600,"532200 1797600"
1031127,"privé - sans psg",165.374747381739,528200,1785600,"528200 1785600"
1012080,"privé - sans psg",425.467915161108,524200,1773600,"524200 1773600"
1020656,"privé - sans psg",280.096069829782,520200,1761600,"520200 1761600"
1017688,"privé - sans psg",235.870811656101,518200,1755600,"518200 1755600"
1018707,"privé - sans psg",103.879958908072,532200,1787600,"532200 1787600"
1018373,"privé - sans psg",301.693004869478,528200,1775600,"528200 1775600"
1028357,"privé - sans psg",71.1287624920389,534200,1783600,"534200 1783600"
1022487,"privé - sans psg",124.536593898731,532200,1777600,"532200 1777600"
1000088,"privé - psg",355.26153085379,530200,1771600,"530200 1771600"
1018820,"publics - domaniales",95.8959503027821,528200,1765600,"528200 1765600"
1006993,"privé - sans psg",108.814830426815,540200,1781600,"540200 1781600"
1011347,"publics - domaniales",180.311412415151,536200,1769600,"536200 1769600"
1030605,"privé - sans psg",52.9097106962027,532200,1757600,"532200 1757600"
1008365,"privé - sans psg",12.5611563641585,530200,1751600,"530200 1751600"
1013013,"privé - sans psg",69.1849500474367,540200,1771600,"540200 1771600"
1029685,"privé - sans psg",77.903651253462,544200,1773600,"544200 1773600"
1028531,"privé - psg",410.783289897218,542200,1767600,"542200 1767600"
1026292,"privé - sans psg",93.6318095952219,552200,1787600,"552200 1787600"
1028751,"privé - sans psg",193.33302813972,544200,1763600,"544200 1763600"
1008322,"publis - communales",14.5901218131393,556200,1789600,"556200 1789600"
1000281,"publis - communales",131.213347680503,544200,1753600,"544200 1753600"
1006957,"privé - sans psg",436.075257277778,552200,1767600,"552200 1767600"
1003720,"privé - sans psg",19.2841526794886,560200,1781600,"560200 1781600"
1010684,"privé - sans psg",155.296851632445,556200,1769600,"556200 1769600"
1010842,"privé - sans psg",268.753956685507,550200,1751600,"550200 1751600"
1020522,"privé - sans psg",227.76779018102,558200,1765600,"558200 1765600"
1011616,"privé - sans psg",94.7105816523903,554200,1753600,"554200 1753600"
1009591,"privé - psg",270.755605420708,560200,1761600,"560200 1761600"
1003186,"publics - domaniales",302.467723360183,558200,1755600,"558200 1755600"
1013875,"privé - sans psg",88.7347587165711,564200,1753600,"564200 1753600"
1028291,"publics - domaniales",264.447483357631,560200,1741600,"560200 1741600"
1007374,"privé - sans psg",260.601766174357,568200,1745600,"568200 1745600"
1001517,"publics - domaniales",181.216068927532,574200,1743600,"574200 1743600"
1004254,"privé - sans psg",25.845836655405,580200,1741600,"580200 1741600"
1009970,"privé - sans psg",215.352897522213,690200,2401600,"690200 2401600"
1007636,"privé - psg",19.899889591539,688200,2395600,"688200 2395600"
1021919,"privé - psg",343.250324853696,706200,2349600,"706200 2349600"
1011834,"privé - psg",99.2722060156672,714200,2363600,"714200 2363600"
1020387,"publis - communales",24.8375453129555,716200,2359600,"716200 2359600"
1014714,"privé - sans psg",17.0950609206084,736200,2409600,"736200 2409600"
1007571,"privé - sans psg",110.257041362671,716200,2349600,"716200 2349600"
1014247,"privé - sans psg",249.083270946882,722200,2357600,"722200 2357600"
1017957,"publis - communales",183.214013286859,714200,2333600,"714200 2333600"
1030033,"privé - sans psg",1.51001073823984,744200,2413600,"744200 2413600"
1003253,"privé - sans psg",160.399243475797,740200,2401600,"740200 2401600"
1025845,"privé - sans psg",12.0558521054181,724200,2353600,"724200 2353600"
1016542,"privé - psg",188.081605089999,724200,2343600,"724200 2343600"
1030680,"privé - sans psg",347.706500592465,720200,2331600,"720200 2331600"
1005845,"privé - sans psg",167.845930608091,744200,2393600,"744200 2393600"
1025629,"privé - psg",278.874938865791,728200,2345600,"728200 2345600"
1031370,"privé - sans psg",431.620443896568,724200,2333600,"724200 2333600"
1003008,"privé - sans psg",395.908103526795,736200,2359600,"736200 2359600"
1025897,"privé - sans psg",246.190953764898,730200,2341600,"730200 2341600"
1006848,"publis - communales",156.761581384311,752200,2367600,"752200 2367600"
1028908,"publis - communales",577.63361697881,756200,2369600,"756200 2369600"
1025588,"privé - psg",278.791298488884,754200,2363600,"754200 2363600"
1000786,"publis - communales",425.154248738468,748200,2345600,"748200 2345600"
1002915,"privé - sans psg",202.447402827667,768200,2395600,"768200 2395600"
1027046,"publis - communales",26.9069821212702,760200,2371600,"760200 2371600"
1026432,"privé - sans psg",298.44987174869,758200,2365600,"758200 2365600"
1002690,"privé - sans psg",295.980300086506,754200,2353600,"754200 2353600"
1025550,"privé - sans psg",138.83018443521,750200,2341600,"750200 2341600"
1007914,"privé - psg",281.456225538369,770200,2381600,"770200 2381600"
1011149,"privé - sans psg",5.98007370420649,756200,2339600,"756200 2339600"
1011386,"publis - communales",115.032776542653,772200,2377600,"772200 2377600"
1030277,"publis - communales",155.611602867532,770200,2371600,"770200 2371600"
1017360,"privé - psg",194.512945964928,776200,2379600,"776200 2379600"
1014725,"privé - sans psg",120.253755840084,774200,2373600,"774200 2373600"
1013688,"privé - sans psg",189.568660304083,772200,2367600,"772200 2367600"
1011139,"publis - communales",246.119160409552,768200,2355600,"768200 2355600"
1017414,"publis - communales",52.0414911279207,762200,2337600,"762200 2337600"
1015911,"publis - communales",161.612611213067,764200,2333600,"764200 2333600"
1016331,"publis - communales",12.1876907353989,772200,2347600,"772200 2347600"
1016223,"publics - domaniales",213.38689945127,770200,2341600,"770200 2341600"
1013769,"publics - domaniales",252.285873750921,776200,2349600,"776200 2349600"
1022082,"privé - sans psg",279.421272596395,784200,2363600,"784200 2363600"
1020108,"publis - communales",150.853619325366,780200,2351600,"780200 2351600"
1015156,"publics - domaniales",106.504508613765,784200,2353600,"784200 2353600"
1007971,"privé - psg",110.777996338795,570200,1821600,"570200 1821600"
1022339,"privé - sans psg",15.1695985365058,574200,1823600,"574200 1823600"
1025798,"privé - sans psg",175.766958373068,568200,1805600,"568200 1805600"
1028970,"privé - psg",292.807417862003,570200,1791600,"570200 1791600"
1020860,"privé - sans psg",101.504134273818,572200,1777600,"572200 1777600"
1017865,"publics - domaniales",176.416625403811,594200,1823600,"594200 1823600"
1016302,"privé - sans psg",193.6910009666,580200,1781600,"580200 1781600"
1021035,"privé - psg",342.460730135833,578200,1775600,"578200 1775600"
1010000,"publics - domaniales",366.566064251117,574200,1763600,"574200 1763600"
1026154,"publics - domaniales",326.770071234674,570200,1751600,"570200 1751600"
1016070,"publis - communales",162.838307079701,600200,1821600,"600200 1821600"
1025078,"privé - sans psg",215.76531893631,598200,1815600,"598200 1815600"
1029032,"privé - sans psg",35.4959774155103,596200,1809600,"596200 1809600"
1004863,"privé - sans psg",235.257493736187,590200,1791600,"590200 1791600"
1006403,"privé - sans psg",42.0809212031078,584200,1773600,"584200 1773600"
1026917,"publis - communales",50.2424417902301,582200,1767600,"582200 1767600"
1029758,"publis - communales",63.432889878499,580200,1761600,"580200 1761600"
1017963,"publics - domaniales",155.289893789225,576200,1749600,"576200 1749600"
1026853,"privé - sans psg",83.1910081924708,586200,1769600,"586200 1769600"
1020888,"privé - psg",296.830777167727,608200,1825600,"608200 1825600"
1005679,"privé - sans psg",50.8553738728885,588200,1765600,"588200 1765600"
1010208,"privé - sans psg",110.610985951626,586200,1759600,"586200 1759600"
1017709,"privé - sans psg",16.1005320001554,584200,1753600,"584200 1753600"
1012312,"privé - sans psg",60.5726156104777,582200,1747600,"582200 1747600"
1020978,"privé - sans psg",10.7855465729744,604200,1793600,"604200 1793600"
1027319,"privé - sans psg",17.1444422439014,594200,1763600,"594200 1763600"
1008979,"privé - sans psg",199.857494142095,592200,1757600,"592200 1757600"
1015597,"privé - psg",570.174459597788,588200,1745600,"588200 1745600"
1007558,"publis - communales",82.5500271698172,612200,1807600,"612200 1807600"
1021644,"privé - sans psg",151.587195601071,606200,1789600,"606200 1789600"
1028339,"privé - sans psg",239.209395290304,610200,1791600,"610200 1791600"
1023933,"publics - domaniales",270.719994778418,608200,1785600,"608200 1785600"
1025354,"privé - sans psg",151.180041897718,606200,1779600,"606200 1779600"
1022601,"publis - communales",45.3645710803319,602200,1767600,"602200 1767600"
1016687,"privé - sans psg",245.849521711301,598200,1755600,"598200 1755600"
1008949,"privé - psg",379.427755096508,596200,1749600,"596200 1749600"
1025485,"privé - sans psg",72.1710173533023,608200,1765600,"608200 1765600"
1001749,"privé - sans psg",62.444332157902,622200,1797600,"622200 1797600"
1008919,"privé - sans psg",184.426874623488,618200,1775600,"618200 1775600"
1020558,"publics - domaniales",41.8150133815157,616200,1769600,"616200 1769600"
1002083,"privé - sans psg",5.63547490941589,624200,1783600,"624200 1783600"
1020325,"privé - sans psg",116.975977751193,634200,1803600,"634200 1803600"
1005499,"privé - sans psg",3.30366383252096,626200,1779600,"626200 1779600"
1011215,"privé - sans psg",21.3029166598183,640200,1811600,"640200 1811600"
1016697,"privé - sans psg",67.3175513445606,634200,1783600,"634200 1783600"
1017384,"privé - sans psg",5.7221636089716,632200,1777600,"632200 1777600"
1023048,"publics - domaniales",22.8079071875877,630200,1771600,"630200 1771600"
1015243,"privé - sans psg",123.761354038659,628200,1765600,"628200 1765600"
1018515,"privé - sans psg",15.2058563635622,626200,1759600,"626200 1759600"
1005799,"privé - sans psg",214.293030824468,644200,1803600,"644200 1803600"
1024081,"privé - sans psg",59.428854902639,642200,1787600,"642200 1787600"
1002546,"privé - sans psg",37.5180256510197,644200,1773600,"644200 1773600"
1024735,"privé - sans psg",5.381889268312,646200,1769600,"646200 1769600"
1000556,"privé - sans psg",15.7990664526782,666200,1799600,"666200 1799600"
1015195,"privé - sans psg",93.0217345657001,664200,1793600,"664200 1793600"
1028052,"privé - sans psg",12.1332520910605,564200,1943600,"564200 1943600"
1018730,"privé - sans psg",63.0629699991498,562200,1937600,"562200 1937600"
1026031,"privé - sans psg",385.890581046778,566200,1929600,"566200 1929600"
1026370,"privé - sans psg",248.789754787037,572200,1927600,"572200 1927600"
1029220,"privé - sans psg",121.835150699384,570200,1921600,"570200 1921600"
1015448,"privé - sans psg",163.580756123834,582200,1947600,"582200 1947600"
1002037,"privé - sans psg",136.230831131204,572200,1917600,"572200 1917600"
1018256,"privé - sans psg",114.824590665109,580200,1931600,"580200 1931600"
1025430,"privé - sans psg",201.494913925773,572200,1907600,"572200 1907600"
1002739,"privé - sans psg",117.764851271145,594200,1953600,"594200 1953600"
1006207,"privé - sans psg",168.674058614859,592200,1947600,"592200 1947600"
1024616,"privé - sans psg",409.200071699692,584200,1923600,"584200 1923600"
1011888,"privé - sans psg",81.3611024745607,580200,1911600,"580200 1911600"
1002547,"publis - communales",18.1142876166604,596200,1949600,"596200 1949600"
1022967,"privé - sans psg",203.854377481412,592200,1927600,"592200 1927600"
1009330,"privé - sans psg",220.550224757725,604200,1953600,"604200 1953600"
1019721,"privé - sans psg",260.819201113814,590200,1911600,"590200 1911600"
1000737,"privé - sans psg",202.981330922197,608200,1955600,"608200 1955600"
1011899,"privé - sans psg",276.920703077201,624200,1983600,"624200 1983600"
1016615,"privé - psg",386.557220584084,622200,1977600,"622200 1977600"
1023044,"privé - psg",98.1751404520729,620200,1971600,"620200 1971600"
1027759,"privé - sans psg",311.677164995044,618200,1965600,"618200 1965600"
1024810,"privé - sans psg",145.048937420881,602200,1917600,"602200 1917600"
1017783,"privé - sans psg",335.182242410076,624200,1973600,"624200 1973600"
1009298,"privé - sans psg",253.710764270176,620200,1961600,"620200 1961600"
1007824,"privé - sans psg",275.052590009188,618200,1955600,"618200 1955600"
1020947,"privé - sans psg",171.623676535665,616200,1949600,"616200 1949600"
1001785,"privé - sans psg",320.634619199772,618200,1935600,"618200 1935600"
1022142,"privé - sans psg",348.53084462313,632200,1967600,"632200 1967600"
1027661,"privé - sans psg",209.442275118151,628200,1955600,"628200 1955600"
1012730,"privé - sans psg",185.44119928658,610200,1901600,"610200 1901600"
1018055,"privé - sans psg",124.789771266866,634200,1953600,"634200 1953600"
1022303,"privé - sans psg",35.7441170027384,626200,1929600,"626200 1929600"
1008537,"privé - sans psg",136.343036295849,622200,1917600,"622200 1917600"
1025141,"privé - sans psg",414.996608838487,634200,1943600,"634200 1943600"
1015674,"privé - sans psg",171.044779611643,630200,1931600,"630200 1931600"
1030463,"publis - communales",196.466839723158,632200,1927600,"632200 1927600"
1006524,"privé - sans psg",186.75121360088,620200,1891600,"620200 1891600"
1023963,"privé - sans psg",395.828723084294,644200,1953600,"644200 1953600"
1025840,"privé - sans psg",495.755551312035,636200,1929600,"636200 1929600"
1015424,"privé - sans psg",583.086359792238,628200,1905600,"628200 1905600"
1005013,"privé - sans psg",475.946444616705,646200,1949600,"646200 1949600"
1017148,"privé - sans psg",173.55510418447,626200,1889600,"626200 1889600"
1019537,"privé - sans psg",124.677465048052,622200,1877600,"622200 1877600"
1001354,"privé - sans psg",181.624186784019,648200,1945600,"648200 1945600"
1028814,"privé - sans psg",699.143340530476,636200,1909600,"636200 1909600"
1010818,"publics - domaniales",213.866364456942,654200,1953600,"654200 1953600"
1001727,"privé - sans psg",217.054492366518,650200,1941600,"650200 1941600"
1013674,"privé - sans psg",324.186340435145,654200,1943600,"654200 1943600"
1010307,"privé - sans psg",9.82431455945871,632200,1877600,"632200 1877600"
1027061,"privé - sans psg",110.803113080754,628200,1865600,"628200 1865600"
1003882,"privé - sans psg",123.888615133807,658200,1945600,"658200 1945600"
1001972,"privé - sans psg",230.764682444803,650200,1921600,"650200 1921600"
1003605,"privé - sans psg",76.2246884992653,656200,1929600,"656200 1929600"
1022227,"privé - sans psg",12.2444760642124,650200,1911600,"650200 1911600"
1001399,"privé - sans psg",198.816885965355,646200,1899600,"646200 1899600"
1018335,"privé - psg",165.643987476646,644200,1893600,"644200 1893600"
1018776,"privé - sans psg",63.0695510339238,642200,1887600,"642200 1887600"
1013076,"privé - sans psg",57.4803291972253,662200,1927600,"662200 1927600"
1017081,"privé - sans psg",159.829125603639,656200,1909600,"656200 1909600"
1022623,"privé - sans psg",104.076539312019,640200,1861600,"640200 1861600"
1029043,"publics - domaniales",148.453392330606,652200,1877600,"652200 1877600"
1015322,"privé - sans psg",191.588829957574,648200,1865600,"648200 1865600"
1019424,"privé - sans psg",22.3872283788142,668200,1905600,"668200 1905600"
1014561,"publis - communales",29.1972117946995,664200,1893600,"664200 1893600"
1000111,"privé - sans psg",253.419728213983,660200,1881600,"660200 1881600"
1018506,"privé - sans psg",242.021881485631,656200,1869600,"656200 1869600"
1004693,"publics - domaniales",139.695209636254,652200,1857600,"652200 1857600"
1002954,"privé - sans psg",12.6503359234269,676200,1909600,"676200 1909600"
1013066,"privé - sans psg",190.15263490469,674200,1903600,"674200 1903600"
1020557,"privé - sans psg",19.2496390133912,672200,1897600,"672200 1897600"
1004762,"publics - domaniales",394.826402006515,658200,1855600,"658200 1855600"
1017375,"privé - psg",136.222192238246,676200,1889600,"676200 1889600"
1003041,"privé - sans psg",116.50108789317,672200,1877600,"672200 1877600"
1006576,"privé - sans psg",50.2117855328047,670200,1871600,"670200 1871600"
1014037,"privé - sans psg",304.424295191876,684200,1893600,"684200 1893600"
1029564,"privé - sans psg",28.0565452366688,682200,1887600,"682200 1887600"
1006728,"privé - sans psg",11.313023471742,680200,1881600,"680200 1881600"
1030600,"privé - sans psg",61.5935329734401,792200,1877600,"792200 1877600"
1002748,"publis - communales",11.7091974729681,798200,1865600,"798200 1865600"
1030339,"privé - psg",99.6705694707252,796200,1859600,"796200 1859600"
1005181,"privé - sans psg",17.1087407884601,800200,1861600,"800200 1861600"
1004042,"privé - psg",59.6557923468571,808200,1865600,"808200 1865600"
1030949,"privé - sans psg",2.12821958102995,808200,1855600,"808200 1855600"
1005566,"privé - sans psg",102.064436972111,798200,1825600,"798200 1825600"
1026161,"privé - sans psg",168.160872969901,822200,1857600,"822200 1857600"
1029368,"publis - communales",98.5409392731233,820200,1831600,"820200 1831600"
1011644,"privé - sans psg",368.050147765451,834200,1863600,"834200 1863600"
1006174,"privé - psg",83.0848532322232,832200,1857600,"832200 1857600"
1005312,"publis - communales",1.37507539748881,828200,1845600,"828200 1845600"
1011521,"privé - sans psg",49.1788433660108,820200,1821600,"820200 1821600"
1014130,"privé - psg",76.3603105173522,834200,1853600,"834200 1853600"
1008730,"publis - communales",101.906751074889,824200,1823600,"824200 1823600"
1014163,"publis - communales",24.8879742784586,838200,1845600,"838200 1845600"
1026420,"publis - communales",79.6739072032573,846200,1849600,"846200 1849600"
1004037,"privé - sans psg",58.3839820020459,846200,1839600,"846200 1839600"
1023084,"publis - communales",97.4173345887213,846200,1829600,"846200 1829600"
1010508,"privé - sans psg",50.920067028416,856200,1849600,"856200 1849600"
1000097,"publis - communales",21.1663883675814,848200,1825600,"848200 1825600"
1011901,"privé - psg",117.165741872055,858200,1845600,"858200 1845600"
1001820,"privé - sans psg",116.56931854651,852200,1827600,"852200 1827600"
1012675,"privé - sans psg",58.3243548448205,868200,1855600,"868200 1855600"
1009635,"privé - sans psg",100.942406091937,864200,1843600,"864200 1843600"
1024231,"publis - communales",101.013236460477,872200,1857600,"872200 1857600"
1014342,"publis - communales",42.1145912233782,868200,1845600,"868200 1845600"
1011658,"privé - sans psg",40.692297122549,862200,1827600,"862200 1827600"
1006880,"privé - sans psg",7.6002731977349,862200,1817600,"862200 1817600"
1010447,"privé - sans psg",42.5619486241876,860200,1811600,"860200 1811600"
1010461,"privé - sans psg",45.9104119987187,868200,1825600,"868200 1825600"
1013388,"privé - sans psg",219.392596177825,874200,1833600,"874200 1833600"
1018623,"publis - communales",5.2722713092882,872200,1817600,"872200 1817600"
1021372,"privé - psg",569.442316412917,352200,2427600,"352200 2427600"
1030259,"privé - sans psg",8.63827758042137,376200,2479600,"376200 2479600"
1005670,"privé - sans psg",154.602458320331,392200,2447600,"392200 2447600"
1018741,"privé - sans psg",225.794359058423,392200,2437600,"392200 2437600"
1024557,"privé - sans psg",70.3160518020321,404200,2453600,"404200 2453600"
1020599,"privé - psg",210.156763161919,406200,2449600,"406200 2449600"
1025269,"privé - sans psg",183.645362517406,416200,2469600,"416200 2469600"
1022987,"privé - sans psg",187.421281345846,412200,2437600,"412200 2437600"
1011772,"privé - psg",33.1849232320814,426200,2469600,"426200 2469600"
1014275,"privé - sans psg",149.856430489925,420200,2451600,"420200 2451600"
1004337,"privé - sans psg",91.9262670361682,420200,2441600,"420200 2441600"
1009557,"privé - sans psg",316.115239675297,436200,2459600,"436200 2459600"
1013108,"privé - sans psg",280.768066694355,448200,2475600,"448200 2475600"
1017606,"privé - psg",300.155262271504,446200,2469600,"446200 2469600"
1006840,"privé - sans psg",332.715630309065,444200,2453600,"444200 2453600"
1025953,"privé - psg",342.836016524495,450200,2441600,"450200 2441600"
1010509,"privé - psg",219.201716828935,456200,2449600,"456200 2449600"
1013861,"privé - sans psg",84.7107871220182,458200,2445600,"458200 2445600"
1014137,"privé - sans psg",340.735327262772,596200,2029600,"596200 2029600"
1024860,"privé - sans psg",197.554412458442,588200,2005600,"588200 2005600"
1015006,"privé - sans psg",241.025369096652,602200,2037600,"602200 2037600"
1027392,"privé - sans psg",39.4211372041338,596200,2019600,"596200 2019600"
1026428,"privé - sans psg",198.53214357775,592200,2007600,"592200 2007600"
1029236,"privé - sans psg",148.648163210476,590200,2001600,"590200 2001600"
1008464,"privé - sans psg",104.095042413326,606200,2039600,"606200 2039600"
1013715,"privé - sans psg",43.2900485476684,604200,2033600,"604200 2033600"
1020038,"privé - sans psg",162.459804779238,596200,2009600,"596200 2009600"
1014081,"privé - sans psg",215.479101787969,590200,1991600,"590200 1991600"
1022022,"privé - sans psg",141.995454463995,588200,1985600,"588200 1985600"
1020135,"privé - sans psg",235.292517004691,608200,2035600,"608200 2035600"
1005680,"privé - sans psg",301.271085840741,606200,2029600,"606200 2029600"
1000678,"privé - sans psg",389.433126582493,596200,1999600,"596200 1999600"
1029787,"privé - sans psg",181.319090132884,594200,1993600,"594200 1993600"
1025579,"privé - sans psg",57.113677492545,592200,1987600,"592200 1987600"
1015235,"privé - sans psg",388.308294896624,590200,1981600,"590200 1981600"
1027363,"privé - sans psg",554.195653443732,608200,2025600,"608200 2025600"
1029095,"privé - sans psg",148.408490078656,588200,1965600,"588200 1965600"
1009191,"privé - sans psg",329.111799431721,612200,2027600,"612200 2027600"
1024025,"privé - psg",162.325415011493,600200,1981600,"600200 1981600"
1026918,"privé - sans psg",54.3670423783547,594200,1963600,"594200 1963600"
1026433,"privé - sans psg",117.809569033032,624200,2043600,"624200 2043600"
1027460,"privé - sans psg",96.4767261451147,620200,2031600,"620200 2031600"
1005538,"publis - communales",296.977350184477,618200,2025600,"618200 2025600"
1010011,"privé - sans psg",207.393747019045,620200,2021600,"620200 2021600"
1024817,"privé - sans psg",93.25197913278,612200,1997600,"612200 1997600"
1031317,"privé - sans psg",311.666604329353,604200,1973600,"604200 1973600"
1008039,"privé - sans psg",369.500624407042,624200,2023600,"624200 2023600"
1005585,"privé - sans psg",255.509580936979,620200,2011600,"620200 2011600"
1022750,"privé - sans psg",239.965784691385,604200,1963600,"604200 1963600"
1000854,"publis - communales",322.08077579666,632200,2037600,"632200 2037600"
1013592,"privé - sans psg",218.670649217469,620200,2001600,"620200 2001600"
1000115,"privé - sans psg",174.442182756868,608200,1965600,"608200 1965600"
1026243,"privé - sans psg",34.7828006170955,626200,2009600,"626200 2009600"
1003292,"privé - sans psg",610.625163573594,628200,2005600,"628200 2005600"
1024574,"privé - sans psg",100.819029479383,616200,1969600,"616200 1969600"
1029547,"publis - communales",227.60874826648,640200,2031600,"640200 2031600"
1028558,"publics - domaniales",110.52544983212,636200,2009600,"636200 2009600"
1030824,"publis - communales",288.676938382204,632200,1997600,"632200 1997600"
1011990,"privé - psg",286.138463519437,640200,2011600,"640200 2011600"
1001503,"privé - sans psg",121.963620632886,644200,2013600,"644200 2013600"
1013844,"privé - sans psg",344.051500976205,648200,2015600,"648200 2015600"
1019014,"privé - sans psg",126.731414553316,658200,2035600,"658200 2035600"
1003858,"privé - sans psg",159.01078484903,642200,1987600,"642200 1987600"
1006597,"privé - sans psg",320.267634613626,656200,2019600,"656200 2019600"
1027055,"privé - sans psg",155.946495523198,646200,1989600,"646200 1989600"
1015739,"privé - sans psg",9.88040555338606,656200,2009600,"656200 2009600"
1000356,"privé - sans psg",276.082588867574,666200,2029600,"666200 2029600"
1012101,"privé - sans psg",166.268347211195,664200,2023600,"664200 2023600"
1017877,"privé - sans psg",405.826045307233,662200,2017600,"662200 2017600"
1013811,"privé - sans psg",142.968421479398,668200,2025600,"668200 2025600"
1001157,"privé - psg",174.827371289282,656200,1989600,"656200 1989600"
1030851,"privé - psg",128.031405000297,652200,1977600,"652200 1977600"
1002224,"privé - sans psg",534.58944600788,670200,2021600,"670200 2021600"
1015070,"publis - communales",26.2596676055348,662200,1997600,"662200 1997600"
1016020,"publis - communales",244.371690752803,660200,1991600,"660200 1991600"
1007173,"privé - sans psg",29.7230044930105,672200,2017600,"672200 2017600"
1023816,"publis - communales",287.019246524267,668200,2005600,"668200 2005600"
1000800,"publis - communales",126.850839665401,674200,2003600,"674200 2003600"
1020013,"privé - sans psg",112.220561322566,672200,1997600,"672200 1997600"
1014225,"privé - sans psg",102.853977702278,408200,2095600,"408200 2095600"
1003525,"privé - sans psg",130.020124044928,416200,2109600,"416200 2109600"
1006033,"privé - sans psg",120.628541275661,408200,2065600,"408200 2065600"
1013604,"privé - sans psg",78.2587388301388,400200,2041600,"400200 2041600"
1015212,"privé - sans psg",255.73784555264,406200,2049600,"406200 2049600"
1028013,"privé - sans psg",68.8779263885324,404200,2043600,"404200 2043600"
1023879,"privé - sans psg",29.0398886839676,402200,2037600,"402200 2037600"
1006079,"privé - sans psg",199.088065624517,426200,2099600,"426200 2099600"
1003486,"privé - psg",41.0377881970415,436200,2119600,"436200 2119600"
1009714,"privé - sans psg",149.397555402944,428200,2095600,"428200 2095600"
1028250,"privé - sans psg",68.0515426405668,426200,2089600,"426200 2089600"
1030505,"privé - sans psg",27.8108885203486,410200,2041600,"410200 2041600"
1008161,"privé - sans psg",11.8230589072602,412200,2037600,"412200 2037600"
1011197,"privé - sans psg",205.928808055829,434200,2093600,"434200 2093600"
1013839,"privé - sans psg",38.0554912728297,424200,2063600,"424200 2063600"
1021594,"privé - sans psg",17.2969514884992,420200,2051600,"420200 2051600"
1003752,"privé - sans psg",76.7372548139011,416200,2039600,"416200 2039600"
1019993,"privé - sans psg",252.187765130894,414200,2033600,"414200 2033600"
1030315,"privé - sans psg",158.090719691072,416200,2029600,"416200 2029600"
1003263,"privé - sans psg",382.069976551742,432200,2067600,"432200 2067600"
1012371,"privé - sans psg",243.043733107331,426200,2049600,"426200 2049600"
1012693,"privé - sans psg",174.033931194025,418200,2025600,"418200 2025600"
1015725,"privé - sans psg",354.565707138632,452200,2117600,"452200 2117600"
1011748,"privé - sans psg",89.1323883530129,444200,2093600,"444200 2093600"
1025652,"privé - sans psg",167.108503836823,436200,2069600,"436200 2069600"
1028693,"privé - sans psg",41.0264746287215,452200,2107600,"452200 2107600"
1031089,"privé - psg",142.567686003645,448200,2095600,"448200 2095600"
1021009,"privé - sans psg",470.451745000862,446200,2089600,"446200 2089600"
1014058,"privé - sans psg",287.837017787391,444200,2083600,"444200 2083600"
1008363,"publics - domaniales",17.2039019226109,442200,2077600,"442200 2077600"
1010025,"privé - sans psg",396.356103005923,438200,2065600,"438200 2065600"
1016137,"privé - sans psg",86.8977592675115,436200,2059600,"436200 2059600"
1012304,"privé - sans psg",16.8641082039652,434200,2053600,"434200 2053600"
1000680,"privé - sans psg",131.894557431294,432200,2047600,"432200 2047600"
1028438,"privé - sans psg",241.841186989453,428200,2035600,"428200 2035600"
1014061,"privé - sans psg",400.503933188286,458200,2115600,"458200 2115600"
1013689,"privé - sans psg",202.527677553394,448200,2085600,"448200 2085600"
1011479,"privé - sans psg",277.093651640383,440200,2061600,"440200 2061600"
1019243,"privé - sans psg",130.090113007488,440200,2051600,"440200 2051600"
1001417,"privé - psg",177.539514242053,460200,2101600,"460200 2101600"
1013546,"privé - sans psg",141.900935530583,458200,2085600,"458200 2085600"
1031173,"privé - sans psg",257.764895550434,456200,2079600,"456200 2079600"
1007426,"privé - sans psg",192.031264113252,452200,2067600,"452200 2067600"
1010041,"privé - sans psg",119.836896569427,474200,2123600,"474200 2123600"
1020612,"privé - sans psg",92.559035988683,472200,2117600,"472200 2117600"
1003467,"privé - sans psg",109.900726902981,460200,2081600,"460200 2081600"
1014314,"publics - domaniales",170.83089308595,324200,2093600,"324200 2093600"
1028085,"privé - sans psg",188.691884814378,326200,2089600,"326200 2089600"
1014689,"publics - domaniales",162.749222714707,324200,2083600,"324200 2083600"
1007813,"privé - sans psg",124.558080001784,338200,2115600,"338200 2115600"
1007078,"privé - sans psg",140.157729611719,332200,2097600,"332200 2097600"
1031332,"privé - sans psg",106.01673984427,328200,2085600,"328200 2085600"
1003135,"privé - sans psg",63.9462571921386,356200,2139600,"356200 2139600"
1019571,"privé - sans psg",149.518080285599,336200,2079600,"336200 2079600"
1028536,"privé - sans psg",134.893956191335,346200,2099600,"346200 2099600"
1025671,"privé - psg",87.3295493987867,360200,2131600,"360200 2131600"
1024483,"privé - sans psg",283.97929065952,342200,2077600,"342200 2077600"
1006250,"privé - sans psg",119.490823572086,352200,2097600,"352200 2097600"
1024250,"privé - sans psg",95.3457094583464,354200,2083600,"354200 2083600"
1006948,"privé - sans psg",35.7940912931843,370200,2121600,"370200 2121600"
1029269,"privé - sans psg",129.65361037945,376200,2129600,"376200 2129600"
1029779,"publis - communales",253.636760458479,378200,2115600,"378200 2115600"
1016100,"privé - sans psg",226.089360761904,382200,2117600,"382200 2117600"
1014564,"privé - sans psg",296.727806519842,372200,2087600,"372200 2087600"
1023932,"privé - sans psg",78.6514603448261,368200,2075600,"368200 2075600"
1016068,"privé - sans psg",213.563044954667,376200,2089600,"376200 2089600"
1015193,"privé - psg",5.8616514199454,390200,2121600,"390200 2121600"
1026994,"privé - sans psg",36.0336287560638,380200,2091600,"380200 2091600"
1026821,"privé - sans psg",106.980966635721,372200,2067600,"372200 2067600"
1006370,"privé - sans psg",171.943613100892,386200,2099600,"386200 2099600"
1010819,"privé - sans psg",229.44988902401,382200,2087600,"382200 2087600"
1026414,"privé - sans psg",91.1863272317829,380200,2081600,"380200 2081600"
1022974,"privé - sans psg",161.059134990313,396200,2119600,"396200 2119600"
1016656,"privé - sans psg",168.806809795926,374200,2053600,"374200 2053600"
1018500,"privé - sans psg",162.321507360538,370200,2041600,"370200 2041600"
1015656,"privé - sans psg",207.054928445678,376200,2049600,"376200 2049600"
1009935,"privé - sans psg",219.531031058804,372200,2037600,"372200 2037600"
1010279,"privé - sans psg",242.456925581891,402200,2117600,"402200 2117600"
1030397,"privé - sans psg",383.321006867027,404200,2113600,"404200 2113600"
1022859,"privé - sans psg",51.4873855424307,382200,2037600,"382200 2037600"
1000954,"privé - sans psg",40.0802801633993,384200,2033600,"384200 2033600"
1009005,"privé - sans psg",79.4011732252017,396200,2059600,"396200 2059600"
1031203,"privé - sans psg",144.143046715386,390200,2041600,"390200 2041600"
1008867,"privé - sans psg",129.442807879348,388200,2035600,"388200 2035600"
1030120,"privé - sans psg",36.5681619776784,386200,2029600,"386200 2029600"
1003645,"publis - communales",28.0034357921254,388200,2025600,"388200 2025600"
1001543,"privé - sans psg",33.4072638949917,390200,2021600,"390200 2021600"
1005470,"privé - sans psg",35.1595910056498,396200,2019600,"396200 2019600"
1025856,"privé - sans psg",17.4419362637898,404200,2023600,"404200 2023600"
1018924,"privé - sans psg",415.380416285647,404200,2013600,"404200 2013600"
1029139,"privé - sans psg",304.536420107772,412200,2027600,"412200 2027600"
1006332,"privé - sans psg",59.3590976075599,414200,2023600,"414200 2023600"
1028591,"privé - sans psg",246.276587313484,562200,2237600,"562200 2237600"
1023542,"privé - psg",247.351763017703,570200,2251600,"570200 2251600"
1017365,"privé - psg",298.401238772808,588200,2285600,"588200 2285600"
1023023,"privé - psg",292.090186431387,576200,2249600,"576200 2249600"
1008981,"privé - sans psg",190.878382303375,590200,2281600,"590200 2281600"
1002632,"privé - psg",50.0983105195952,584200,2263600,"584200 2263600"
1010974,"publics - domaniales",141.839078445557,580200,2251600,"580200 2251600"
1009204,"privé - sans psg",174.15759023899,578200,2245600,"578200 2245600"
1018665,"privé - psg",209.823003639266,596200,2289600,"596200 2289600"
1002342,"privé - psg",170.463524537469,592200,2277600,"592200 2277600"
1029295,"privé - sans psg",4.36270863247002,588200,2265600,"588200 2265600"
1012922,"privé - sans psg",72.5678285370115,586200,2259600,"586200 2259600"
1027735,"privé - psg",115.359208130885,596200,2279600,"596200 2279600"
1001640,"privé - psg",88.6414712448239,594200,2273600,"594200 2273600"
1017324,"privé - psg",194.225705352639,592200,2267600,"592200 2267600"
1004023,"publics - domaniales",287.234219065592,588200,2255600,"588200 2255600"
1017104,"publics - domaniales",24.8691967771085,586200,2249600,"586200 2249600"
1002848,"privé - psg",269.356921440544,582200,2237600,"582200 2237600"
1001568,"privé - psg",103.224266476961,600200,2281600,"600200 2281600"
1021314,"privé - psg",86.981134173646,596200,2269600,"596200 2269600"
1008890,"privé - sans psg",265.637092513182,592200,2257600,"592200 2257600"
1026265,"privé - sans psg",189.73988973921,588200,2245600,"588200 2245600"
1011753,"privé - psg",136.260812336238,584200,2233600,"584200 2233600"
1024691,"privé - psg",202.619687971479,604200,2283600,"604200 2283600"
1016997,"privé - sans psg",330.111717874024,602200,2277600,"602200 2277600"
1030972,"privé - psg",82.5005428819572,600200,2271600,"600200 2271600"
1022953,"privé - sans psg",318.925883306672,596200,2259600,"596200 2259600"
1023689,"publics - domaniales",271.242623910374,594200,2253600,"594200 2253600"
1023740,"privé - sans psg",204.279336611967,592200,2247600,"592200 2247600"
1004185,"publis - communales",218.928489978348,586200,2229600,"586200 2229600"
1027807,"privé - psg",92.8795085351752,582200,2217600,"582200 2217600"
1010836,"privé - sans psg",72.3224973136338,608200,2285600,"608200 2285600"
1029424,"privé - psg",21.7070012887693,604200,2273600,"604200 2273600"
1025993,"privé - psg",196.744511699969,602200,2267600,"602200 2267600"
1004567,"privé - psg",268.01049123447,596200,2249600,"596200 2249600"
1007337,"privé - psg",90.9507106458062,594200,2243600,"594200 2243600"
1006827,"privé - psg",123.848352155481,588200,2225600,"588200 2225600"
1016715,"publics - domaniales",3.73127170969663,580200,2201600,"580200 2201600"
1017523,"privé - psg",119.268777801794,606200,2269600,"606200 2269600"
1029824,"publics - domaniales",62.8294901983218,598200,2245600,"598200 2245600"
1027681,"privé - psg",191.30270643103,588200,2215600,"588200 2215600"
1004901,"privé - sans psg",72.1929456640295,608200,2265600,"608200 2265600"
1014467,"privé - psg",239.683781857489,604200,2253600,"604200 2253600"
1012558,"privé - psg",247.189726750208,600200,2241600,"600200 2241600"
1021473,"privé - psg",277.04389967455,612200,2267600,"612200 2267600"
1007299,"privé - psg",166.527478666105,592200,2207600,"592200 2207600"
1014811,"privé - sans psg",188.491763094693,620200,2281600,"620200 2281600"
1025021,"privé - sans psg",1.79536884261071,598200,2215600,"598200 2215600"
1001893,"privé - psg",152.648943296301,592200,2197600,"592200 2197600"
1025289,"privé - sans psg",75.2000396227701,620200,2271600,"620200 2271600"
1020908,"privé - psg",173.150881436387,620200,2261600,"620200 2261600"
1011788,"privé - sans psg",626.429902449827,604200,2213600,"604200 2213600"
1024929,"privé - sans psg",142.225418149033,592200,2177600,"592200 2177600"
1022728,"privé - sans psg",262.965536592277,612200,2227600,"612200 2227600"
1018637,"privé - psg",255.151269022876,604200,2203600,"604200 2203600"
1016262,"publics - domaniales",266.047212671845,600200,2191600,"600200 2191600"
1019971,"privé - psg",322.601743703358,596200,2179600,"596200 2179600"
1015738,"privé - sans psg",167.608436921144,612200,2217600,"612200 2217600"
1011855,"privé - psg",224.058680694412,608200,2205600,"608200 2205600"
1000765,"privé - psg",330.817294867402,620200,2231600,"620200 2231600"
1010131,"privé - sans psg",61.8039234888901,608200,2195600,"608200 2195600"
1025986,"privé - sans psg",283.020906870431,600200,2171600,"600200 2171600"
1022925,"privé - psg",357.08155134825,598200,2165600,"598200 2165600"
1011250,"privé - sans psg",375.981546397618,604200,2173600,"604200 2173600"
1011915,"privé - sans psg",543.024238996328,638200,2265600,"638200 2265600"
1020133,"privé - sans psg",273.673308942439,634200,2253600,"634200 2253600"
1024128,"privé - psg",187.819664417263,622200,2217600,"622200 2217600"
1014148,"privé - psg",212.482930217159,618200,2205600,"618200 2205600"
1002378,"privé - sans psg",366.189668558102,614200,2193600,"614200 2193600"
1008869,"privé - psg",166.239759711143,632200,2237600,"632200 2237600"
1014497,"publics - domaniales",79.0303911208997,620200,2201600,"620200 2201600"
1027687,"privé - psg",130.986267926921,618200,2195600,"618200 2195600"
1009763,"privé - sans psg",45.1071424298244,630200,2221600,"630200 2221600"
1019227,"privé - psg",263.443059254392,624200,2203600,"624200 2203600"
1003773,"privé - psg",87.1262545238614,622200,2197600,"622200 2197600"
1011738,"privé - sans psg",208.87888922417,640200,2241600,"640200 2241600"
1022804,"privé - psg",112.266470337717,638200,2225600,"638200 2225600"
1010088,"privé - psg",5.82130667876278,640200,2221600,"640200 2221600"
1019700,"privé - psg",371.294459100786,636200,2209600,"636200 2209600"
1028393,"publis - communales",120.804967153428,652200,2227600,"652200 2227600"
1018135,"privé - psg",56.2992684798181,652200,2217600,"652200 2217600"
1008899,"privé - psg",343.027250561433,650200,2211600,"650200 2211600"
1007394,"privé - psg",160.228908438468,648200,2205600,"648200 2205600"
1013435,"privé - psg",356.571531158021,654200,2213600,"654200 2213600"
1028172,"privé - psg",237.111579194292,652200,2207600,"652200 2207600"
1031129,"privé - sans psg",119.338116203815,514200,2033600,"514200 2033600"
1005408,"privé - sans psg",255.332831892551,520200,2031600,"520200 2031600"
1002285,"privé - sans psg",50.7248003159407,518200,2025600,"518200 2025600"
1000687,"privé - sans psg",19.3071230177635,532200,2057600,"532200 2057600"
1015708,"privé - sans psg",178.061338271218,528200,2045600,"528200 2045600"
1022359,"publics - domaniales",131.807990056319,526200,2039600,"526200 2039600"
1012440,"privé - sans psg",240.106040857111,524200,2033600,"524200 2033600"
1001300,"privé - psg",15.6281650230874,534200,2053600,"534200 2053600"
1003322,"privé - sans psg",301.304175803707,530200,2041600,"530200 2041600"
1009965,"privé - sans psg",152.680768592681,524200,2023600,"524200 2023600"
1017578,"privé - psg",79.3657352599668,542200,2057600,"542200 2057600"
1022908,"privé - sans psg",500.014441087231,538200,2045600,"538200 2045600"
1021467,"privé - sans psg",156.637038525909,528200,2015600,"528200 2015600"
1003088,"privé - sans psg",293.531762559906,544200,2053600,"544200 2053600"
1008787,"privé - sans psg",181.171378259431,540200,2041600,"540200 2041600"
1004481,"privé - sans psg",310.911355193955,548200,2055600,"548200 2055600"
1028516,"privé - sans psg",193.883326086218,542200,2037600,"542200 2037600"
1012353,"privé - sans psg",251.276921872673,538200,2025600,"538200 2025600"
1014836,"publis - communales",293.070463397528,556200,2069600,"556200 2069600"
1013191,"privé - psg",127.978084128069,558200,2065600,"558200 2065600"
1026789,"privé - sans psg",126.83358794586,556200,2059600,"556200 2059600"
1021504,"privé - sans psg",348.949753178605,546200,2029600,"546200 2029600"
1019134,"privé - sans psg",192.693667650644,540200,2011600,"540200 2011600"
1020455,"privé - sans psg",539.877958191266,564200,2073600,"564200 2073600"
1029258,"privé - sans psg",392.267684421127,562200,2067600,"562200 2067600"
1017572,"privé - sans psg",209.895585030026,560200,2061600,"560200 2061600"
1020231,"privé - sans psg",128.654177797547,558200,2055600,"558200 2055600"
1024324,"privé - sans psg",301.07940973684,544200,2013600,"544200 2013600"
1027137,"privé - sans psg",4.84749351302745,566200,2069600,"566200 2069600"
1022481,"privé - sans psg",242.0929546862,564200,2063600,"564200 2063600"
1019822,"privé - sans psg",377.149170467532,562200,2057600,"562200 2057600"
1025246,"privé - sans psg",178.48419205816,558200,2045600,"558200 2045600"
1031172,"privé - sans psg",104.285969608949,546200,2009600,"546200 2009600"
1010087,"privé - psg",50.164479540938,572200,2077600,"572200 2077600"
1016863,"privé - psg",371.349944649609,564200,2053600,"564200 2053600"
1023499,"privé - sans psg",2.13082667338272,574200,2073600,"574200 2073600"
1018239,"privé - sans psg",157.463804535597,570200,2061600,"570200 2061600"
1026526,"privé - sans psg",341.35247406194,566200,2049600,"566200 2049600"
1006295,"privé - sans psg",95.9519153429857,564200,2043600,"564200 2043600"
1005397,"privé - sans psg",273.251455576384,560200,2031600,"560200 2031600"
1030153,"privé - sans psg",40.2864742502232,554200,2013600,"554200 2013600"
1021329,"privé - sans psg",202.553510594644,578200,2075600,"578200 2075600"
1009271,"privé - sans psg",275.395548598693,576200,2069600,"576200 2069600"
1011105,"privé - sans psg",131.018653957969,568200,2045600,"568200 2045600"
1029902,"privé - sans psg",85.1918248493012,560200,2021600,"560200 2021600"
1030942,"privé - sans psg",91.545130616287,578200,2065600,"578200 2065600"
1015221,"publics - domaniales",85.3282701471819,576200,2059600,"576200 2059600"
1015082,"privé - psg",369.429246002606,574200,2053600,"574200 2053600"
1026561,"privé - sans psg",283.655285661827,572200,2047600,"572200 2047600"
1029991,"privé - psg",228.759518688501,570200,2041600,"570200 2041600"
1028437,"privé - sans psg",123.146727439876,566200,2029600,"566200 2029600"
1009480,"privé - sans psg",349.971665226316,564200,2023600,"564200 2023600"
1001885,"privé - sans psg",205.088931119418,562200,2017600,"562200 2017600"
1006089,"privé - sans psg",5.05607297863554,560200,2011600,"560200 2011600"
1008328,"privé - sans psg",69.9948388047521,558200,2005600,"558200 2005600"
1023094,"privé - sans psg",79.8740311806585,556200,1999600,"556200 1999600"
1018383,"privé - sans psg",265.20217009285,572200,2037600,"572200 2037600"
1015638,"privé - sans psg",121.702705321481,568200,2025600,"568200 2025600"
1021776,"privé - sans psg",29.3273782233599,564200,2013600,"564200 2013600"
1030892,"privé - sans psg",321.034725922487,560200,2001600,"560200 2001600"
1021228,"privé - psg",105.582977252745,586200,2069600,"586200 2069600"
1028272,"privé - sans psg",264.881589659244,584200,2063600,"584200 2063600"
1018380,"privé - sans psg",253.19440657574,582200,2057600,"582200 2057600"
1000634,"privé - sans psg",212.03295183878,574200,2033600,"574200 2033600"
1009059,"publis - communales",42.1684710054795,572200,2027600,"572200 2027600"
1030535,"privé - sans psg",620.352722436724,570200,2021600,"570200 2021600"
1007877,"privé - sans psg",52.0146654317799,568200,2015600,"568200 2015600"
1001303,"privé - sans psg",127.153816293864,566200,2009600,"566200 2009600"
1025331,"privé - sans psg",76.8162710346671,564200,2003600,"564200 2003600"
1020462,"privé - sans psg",379.046135589561,562200,1997600,"562200 1997600"
1028738,"privé - psg",120.842460260748,590200,2071600,"590200 2071600"
1010722,"privé - sans psg",207.176034604949,586200,2059600,"586200 2059600"
1028545,"privé - sans psg",168.471136029492,580200,2041600,"580200 2041600"
1016416,"privé - sans psg",235.949846051592,578200,2035600,"578200 2035600"
1008603,"publis - communales",252.784243630001,574200,2023600,"574200 2023600"
1021290,"privé - sans psg",193.211738406112,572200,2017600,"572200 2017600"
1011659,"privé - sans psg",132.193119589548,568200,2005600,"568200 2005600"
1012207,"privé - sans psg",46.6584049123028,592200,2067600,"592200 2067600"
1022620,"privé - psg",43.5654296601039,588200,2055600,"588200 2055600"
1000258,"privé - sans psg",278.631725100117,584200,2043600,"584200 2043600"
1006580,"privé - sans psg",451.229334028509,582200,2037600,"582200 2037600"
1000682,"privé - sans psg",187.078662553243,580200,2031600,"580200 2031600"
1026267,"privé - psg",185.292182817419,578200,2025600,"578200 2025600"
1008957,"privé - sans psg",64.725060775209,574200,2013600,"574200 2013600"
1029138,"privé - psg",235.912130151447,592200,2057600,"592200 2057600"
1014668,"privé - sans psg",222.566858111644,588200,2045600,"588200 2045600"
1016607,"privé - sans psg",370.484949724732,584200,2033600,"584200 2033600"
1027973,"privé - sans psg",555.73317661985,572200,1997600,"572200 1997600"
1018025,"privé - sans psg",355.633089886856,602200,2077600,"602200 2077600"
1004833,"privé - sans psg",9.32297953581961,598200,2065600,"598200 2065600"
1007476,"publis - communales",162.173919715891,594200,2053600,"594200 2053600"
1005571,"privé - psg",219.096467589379,592200,2047600,"592200 2047600"
1001460,"privé - sans psg",199.099040727145,588200,2035600,"588200 2035600"
1005298,"privé - sans psg",197.915228874249,586200,2029600,"586200 2029600"
1029396,"privé - psg",20.8840991147545,582200,2017600,"582200 2017600"
1029027,"privé - sans psg",279.648559733153,604200,2073600,"604200 2073600"
1023731,"privé - sans psg",72.9918045399306,602200,2067600,"602200 2067600"
1031032,"privé - sans psg",1046.11864629677,596200,2049600,"596200 2049600"
1012014,"publics - domaniales",134.067782959537,594200,2043600,"594200 2043600"
1020555,"privé - sans psg",345.862159406832,592200,2037600,"592200 2037600"
1021336,"privé - sans psg",239.770092116432,584200,2013600,"584200 2013600"
1023347,"privé - psg",144.452375816597,602200,2057600,"602200 2057600"
1017708,"privé - sans psg",68.9921853974425,594200,2033600,"594200 2033600"
1001141,"privé - sans psg",276.692508699438,586200,2009600,"586200 2009600"
1030269,"privé - psg",138.748097792019,752200,2327600,"752200 2327600"
1022313,"privé - psg",144.833174581711,744200,2303600,"744200 2303600"
1016914,"publics - domaniales",84.1708446249027,756200,2329600,"756200 2329600"
1002625,"privé - sans psg",112.549797401593,752200,2317600,"752200 2317600"
1009147,"privé - psg",185.362423735931,746200,2299600,"746200 2299600"
1013818,"publis - communales",264.356585172675,758200,2325600,"758200 2325600"
1000099,"privé - sans psg",340.432334657675,750200,2301600,"750200 2301600"
1016950,"publis - communales",188.959537421866,748200,2295600,"748200 2295600"
1007581,"privé - psg",33.8790663561561,744200,2283600,"744200 2283600"
1014133,"privé - sans psg",259.58420960135,738200,2265600,"738200 2265600"
1020066,"privé - psg",229.256323775708,736200,2259600,"736200 2259600"
1016669,"privé - psg",78.0306309866777,752200,2297600,"752200 2297600"
1019044,"privé - psg",276.952461801808,766200,2329600,"766200 2329600"
1023634,"privé - psg",173.701851315563,762200,2317600,"762200 2317600"
1010891,"privé - sans psg",102.181626164391,744200,2263600,"744200 2263600"
1016769,"privé - sans psg",218.369737841258,736200,2239600,"736200 2239600"
1007814,"publis - communales",70.730897042137,772200,2337600,"772200 2337600"
1004666,"privé - sans psg",285.424592433926,768200,2325600,"768200 2325600"
1004927,"publis - communales",62.7421136718124,760200,2301600,"760200 2301600"
1015882,"privé - sans psg",30.8704919806067,754200,2283600,"754200 2283600"
1017290,"privé - sans psg",252.463062580114,746200,2259600,"746200 2259600"
1010851,"privé - sans psg",156.124383626564,768200,2315600,"768200 2315600"
1014780,"publis - communales",333.11708530937,766200,2309600,"766200 2309600"
1019846,"privé - sans psg",552.225030073473,764200,2303600,"764200 2303600"
1029471,"publis - communales",18.2301766041837,762200,2297600,"762200 2297600"
1007035,"privé - sans psg",215.851341404903,744200,2243600,"744200 2243600"
1030534,"publics - domaniales",281.27543687662,772200,2317600,"772200 2317600"
1014631,"privé - psg",210.215115008234,752200,2257600,"752200 2257600"
1028447,"publics - domaniales",218.833977080534,774200,2313600,"774200 2313600"
1009596,"privé - sans psg",307.140821597093,766200,2289600,"766200 2289600"
1003103,"privé - psg",212.531172277888,756200,2259600,"756200 2259600"
1020371,"publis - communales",298.430570359075,780200,2321600,"780200 2321600"
1029462,"publics - domaniales",171.696209650025,778200,2315600,"778200 2315600"
1013797,"publics - domaniales",174.706230076096,776200,2309600,"776200 2309600"
1014400,"privé - psg",198.611423172031,768200,2285600,"768200 2285600"
1029011,"privé - psg",164.95143612425,786200,2329600,"786200 2329600"
1027210,"publis - communales",236.249224881747,784200,2323600,"784200 2323600"
1003872,"privé - psg",85.6152002196059,782200,2317600,"782200 2317600"
1023968,"publics - domaniales",224.877532208,780200,2311600,"780200 2311600"
1027736,"privé - psg",242.233959814548,774200,2293600,"774200 2293600"
1005625,"privé - psg",245.09746174567,772200,2287600,"772200 2287600"
1021811,"privé - sans psg",145.941799626719,770200,2281600,"770200 2281600"
1025484,"privé - sans psg",245.717002459088,768200,2275600,"768200 2275600"
1007671,"publis - communales",122.223343239108,756200,2239600,"756200 2239600"
1019920,"privé - sans psg",315.47767755887,754200,2233600,"754200 2233600"
1002543,"publis - communales",313.861581170413,784200,2313600,"784200 2313600"
1009572,"privé - sans psg",347.846295549077,768200,2265600,"768200 2265600"
1002722,"publics - domaniales",312.55590225197,790200,2321600,"790200 2321600"
1004488,"publics - domaniales",35.1949026908191,788200,2315600,"788200 2315600"
1001282,"publis - communales",236.271714352254,786200,2309600,"786200 2309600"
1031271,"privé - sans psg",313.663913232429,784200,2303600,"784200 2303600"
1022757,"publics - domaniales",133.972601861512,780200,2291600,"780200 2291600"
1008903,"privé - psg",51.4480105236401,776200,2279600,"776200 2279600"
1001114,"privé - psg",252.369490994566,764200,2243600,"764200 2243600"
1019904,"privé - sans psg",132.797450766587,792200,2317600,"792200 2317600"
1031292,"publis - communales",282.845139663453,780200,2281600,"780200 2281600"
1022676,"publis - communales",129.209032208177,778200,2275600,"778200 2275600"
1008043,"publis - communales",3.36006032418976,768200,2245600,"768200 2245600"
1001029,"publis - communales",115.174609085312,796200,2319600,"796200 2319600"
1010792,"publis - communales",109.149019495779,788200,2295600,"788200 2295600"
1025199,"publis - communales",150.326532429463,784200,2283600,"784200 2283600"
1017609,"privé - psg",117.1761903452,788200,2285600,"788200 2285600"
1005858,"privé - sans psg",131.425985161018,784200,2273600,"784200 2273600"
1004067,"publis - communales",180.696486073236,780200,2261600,"780200 2261600"
1018410,"publis - communales",221.310522710961,776200,2249600,"776200 2249600"
1016373,"publics - domaniales",156.66224380728,792200,2287600,"792200 2287600"
1025298,"publics - domaniales",57.7663419377081,790200,2281600,"790200 2281600"
1002984,"publis - communales",151.164135346538,788200,2275600,"788200 2275600"
1017860,"privé - sans psg",189.427318417152,784200,2263600,"784200 2263600"
1017820,"privé - sans psg",191.374077094774,780200,2251600,"780200 2251600"
1000890,"publis - communales",57.1027408583395,778200,2245600,"778200 2245600"
1022111,"privé - sans psg",109.019567155766,776200,2239600,"776200 2239600"
1006144,"publis - communales",204.564108275848,800200,2301600,"800200 2301600"
1016746,"privé - sans psg",323.893474245712,796200,2289600,"796200 2289600"
1002177,"publis - communales",116.658116425399,792200,2277600,"792200 2277600"
1004982,"privé - psg",15.2882001847803,788200,2265600,"788200 2265600"
1008107,"privé - sans psg",64.542708264931,786200,2259600,"786200 2259600"
1012478,"privé - sans psg",16.0332863816452,782200,2247600,"782200 2247600"
1026122,"privé - sans psg",186.612225489986,778200,2235600,"778200 2235600"
1022002,"privé - sans psg",31.5817684342374,776200,2229600,"776200 2229600"
1017769,"privé - psg",151.068417610082,802200,2297600,"802200 2297600"
1003409,"publis - communales",203.97076089881,800200,2291600,"800200 2291600"
1012637,"publics - domaniales",18.9756023959586,796200,2279600,"796200 2279600"
1012049,"publics - domaniales",71.2721514662524,794200,2273600,"794200 2273600"
1008323,"publis - communales",87.3439018379008,792200,2267600,"792200 2267600"
1009584,"privé - sans psg",95.8138262585209,790200,2261600,"790200 2261600"
1026402,"publis - communales",136.972522405639,788200,2255600,"788200 2255600"
1023466,"publics - domaniales",108.740376661175,786200,2249600,"786200 2249600"
1014906,"privé - psg",31.270445908712,784200,2243600,"784200 2243600"
1009467,"publis - communales",34.7833965988619,780200,2231600,"780200 2231600"
1019485,"privé - psg",158.375065020687,804200,2293600,"804200 2293600"
1007725,"publis - communales",223.418837411662,788200,2245600,"788200 2245600"
1007413,"publis - communales",199.547830638172,784200,2233600,"784200 2233600"
1024981,"privé - sans psg",3.95776382919518,780200,2221600,"780200 2221600"
1003528,"privé - psg",232.267855178096,808200,2295600,"808200 2295600"
1004972,"privé - psg",139.312381014586,804200,2283600,"804200 2283600"
1004682,"publics - domaniales",8.00995968737377,802200,2277600,"802200 2277600"
1023761,"privé - psg",91.9039573018672,800200,2271600,"800200 2271600"
1000741,"publis - communales",155.175533289046,796200,2259600,"796200 2259600"
1016209,"privé - psg",57.7014946147853,788200,2235600,"788200 2235600"
1012587,"privé - psg",257.38659331651,786200,2229600,"786200 2229600"
1028349,"privé - psg",204.985182364702,812200,2297600,"812200 2297600"
1026301,"privé - psg",167.25200130531,810200,2291600,"810200 2291600"
1000023,"privé - psg",57.7031314448256,808200,2285600,"808200 2285600"
1009668,"privé - sans psg",52.0093796526675,800200,2261600,"800200 2261600"
1020616,"publis - communales",60.9817159490276,796200,2249600,"796200 2249600"
1018110,"privé - psg",218.588750978617,812200,2287600,"812200 2287600"
1006864,"privé - sans psg",258.338471096203,790200,2221600,"790200 2221600"
1000213,"privé - sans psg",38.7873179077279,804200,2253600,"804200 2253600"
1027503,"publis - communales",278.305746663948,800200,2231600,"800200 2231600"
1030552,"privé - psg",262.896215173945,820200,2281600,"820200 2281600"
1025520,"privé - sans psg",136.077501123888,818200,2275600,"818200 2275600"
1009265,"privé - psg",161.774186759468,810200,2251600,"810200 2251600"
1013121,"publics - domaniales",458.620625832528,804200,2233600,"804200 2233600"
1010480,"publis - communales",354.780353040996,826200,2289600,"826200 2289600"
1023228,"publis - communales",134.605916395328,822200,2277600,"822200 2277600"
1007455,"publics - domaniales",281.840904196755,812200,2247600,"812200 2247600"
1007368,"publics - domaniales",476.832376390486,810200,2241600,"810200 2241600"
1015789,"publics - domaniales",624.649395808156,808200,2235600,"808200 2235600"
1007171,"privé - psg",421.769001799121,806200,2229600,"806200 2229600"
1006655,"publis - communales",333.934101515747,820200,2261600,"820200 2261600"
1024429,"privé - psg",142.830743996887,812200,2237600,"812200 2237600"
1006232,"publis - communales",435.613326048643,834200,2293600,"834200 2293600"
1008802,"privé - psg",228.257939155688,818200,2245600,"818200 2245600"
1029044,"publis - communales",227.671566160848,836200,2289600,"836200 2289600"
1030656,"publics - domaniales",306.198276825132,826200,2259600,"826200 2259600"
1022189,"publics - domaniales",288.388491574788,824200,2253600,"824200 2253600"
1002695,"privé - psg",393.831062449923,826200,2249600,"826200 2249600"
1014715,"privé - psg",107.644496618119,820200,2231600,"820200 2231600"
1029604,"privé - psg",294.572169679161,818200,2225600,"818200 2225600"
1027964,"privé - sans psg",349.078856885394,836200,2269600,"836200 2269600"
1030678,"privé - sans psg",41.429045369572,834200,2253600,"834200 2253600"
1009213,"privé - sans psg",126.956963091615,830200,2241600,"830200 2241600"
1010036,"publis - communales",121.887652265124,832200,2237600,"832200 2237600"
1019693,"privé - sans psg",335.458074827941,184200,2433600,"184200 2433600"
1003358,"privé - sans psg",146.434184533627,180200,2401600,"180200 2401600"
1020669,"privé - psg",147.788421181916,176200,2389600,"176200 2389600"
1011489,"privé - psg",353.704024576809,182200,2397600,"182200 2397600"
1023756,"privé - sans psg",99.7675001941569,172200,2367600,"172200 2367600"
1020054,"privé - sans psg",213.466487678415,196200,2429600,"196200 2429600"
1029554,"privé - sans psg",2.51728211765423,188200,2405600,"188200 2405600"
1009787,"privé - psg",391.313501666058,184200,2383600,"184200 2383600"
1009009,"privé - sans psg",388.975966722444,194200,2403600,"194200 2403600"
1023954,"privé - sans psg",403.850170068504,192200,2387600,"192200 2387600"
1014500,"privé - sans psg",4.73283795362613,186200,2369600,"186200 2369600"
1030538,"privé - sans psg",137.466574586917,200200,2401600,"200200 2401600"
1021671,"privé - sans psg",386.031041208497,204200,2403600,"204200 2403600"
1014895,"privé - sans psg",165.692829777085,202200,2397600,"202200 2397600"
1022918,"privé - sans psg",213.991772313505,198200,2385600,"198200 2385600"
1027845,"privé - sans psg",149.282880921382,194200,2373600,"194200 2373600"
1022920,"privé - sans psg",166.390058216201,208200,2405600,"208200 2405600"
1000662,"privé - psg",80.8861886161542,210200,2401600,"210200 2401600"
1012720,"privé - sans psg",70.4886169879046,202200,2377600,"202200 2377600"
1000793,"privé - sans psg",122.177618712802,204200,2373600,"204200 2373600"
1012507,"privé - sans psg",250.854368141142,206200,2369600,"206200 2369600"
1010540,"privé - psg",88.3180591781146,218200,2385600,"218200 2385600"
1013729,"privé - psg",39.6379341091532,226200,2369600,"226200 2369600"
1003981,"privé - psg",70.9648987907146,244200,2403600,"244200 2403600"
1002583,"privé - psg",135.270199452359,236200,2369600,"236200 2369600"
1006873,"privé - psg",51.0610765103689,242200,2377600,"242200 2377600"
1000192,"privé - sans psg",41.3312047302671,256200,2399600,"256200 2399600"
1028269,"privé - sans psg",252.8711247376,244200,2363600,"244200 2363600"
1013654,"privé - sans psg",367.256121958972,260200,2401600,"260200 2401600"
1012001,"privé - sans psg",414.090405935629,256200,2379600,"256200 2379600"
1011588,"privé - sans psg",296.277117651019,268200,2395600,"268200 2395600"
1005097,"privé - psg",353.869459866663,264200,2383600,"264200 2383600"
1018158,"privé - sans psg",557.934329512551,260200,2361600,"260200 2361600"
1028522,"privé - sans psg",209.899415390293,272200,2387600,"272200 2387600"
1010209,"privé - sans psg",284.579969682272,272200,2377600,"272200 2377600"
1003196,"publics - domaniales",355.287322587396,284200,2393600,"284200 2393600"
1005539,"privé - sans psg",24.6950434837221,544200,2153600,"544200 2153600"
1003278,"privé - sans psg",99.1460251135443,548200,2155600,"548200 2155600"
1017451,"publis - communales",153.612970713096,550200,2141600,"550200 2141600"
1017947,"privé - sans psg",31.3497692032541,542200,2117600,"542200 2117600"
1012744,"privé - sans psg",480.213109200283,540200,2111600,"540200 2111600"
1017977,"privé - sans psg",329.220621767303,538200,2105600,"538200 2105600"
1021803,"privé - sans psg",334.788725223171,552200,2137600,"552200 2137600"
1001042,"privé - sans psg",518.408470923922,560200,2151600,"560200 2151600"
1013555,"privé - sans psg",222.719537472516,554200,2133600,"554200 2133600"
1024856,"publics - domaniales",15.1912236581859,546200,2109600,"546200 2109600"
1015194,"privé - sans psg",247.168958246109,560200,2141600,"560200 2141600"
1007839,"privé - sans psg",359.609575378579,558200,2135600,"558200 2135600"
1003819,"privé - psg",26.995120586774,548200,2105600,"548200 2105600"
1027094,"privé - sans psg",319.508440618232,562200,2137600,"562200 2137600"
1004884,"privé - sans psg",126.732573001873,560200,2131600,"560200 2131600"
1001985,"privé - sans psg",247.378994566778,558200,2125600,"558200 2125600"
1009267,"privé - sans psg",50.6126133971984,554200,2113600,"554200 2113600"
1021202,"privé - sans psg",694.645020646854,568200,2145600,"568200 2145600"
1016913,"privé - sans psg",267.313681297257,564200,2133600,"564200 2133600"
1017112,"privé - sans psg",198.797917875755,560200,2121600,"560200 2121600"
1007051,"privé - sans psg",345.626854558176,556200,2109600,"556200 2109600"
1026743,"privé - sans psg",32.8261493637643,552200,2097600,"552200 2097600"
1005324,"privé - sans psg",245.143357460627,568200,2135600,"568200 2135600"
1016184,"privé - sans psg",128.84138826417,564200,2123600,"564200 2123600"
1019748,"privé - sans psg",16.8686759216795,556200,2099600,"556200 2099600"
1030597,"privé - sans psg",188.888628865086,572200,2137600,"572200 2137600"
1030696,"privé - psg",183.169697638682,564200,2113600,"564200 2113600"
1030200,"privé - sans psg",832.229443836732,560200,2101600,"560200 2101600"
1029896,"publis - communales",152.770146149087,560200,2091600,"560200 2091600"
1005630,"privé - sans psg",212.643323803272,564200,2093600,"564200 2093600"
1020549,"privé - sans psg",201.569103406918,574200,2113600,"574200 2113600"
1014606,"privé - psg",477.467613040674,572200,2107600,"572200 2107600"
1008121,"privé - sans psg",67.4540307413898,592200,2157600,"592200 2157600"
1001401,"privé - psg",245.95859895265,578200,2115600,"578200 2115600"
1025057,"privé - sans psg",229.761298177652,572200,2097600,"572200 2097600"
1005820,"privé - psg",114.144580473199,568200,2085600,"568200 2085600"
1006358,"privé - sans psg",318.068580719737,592200,2147600,"592200 2147600"
1025521,"privé - sans psg",240.709063408068,576200,2089600,"576200 2089600"
1022726,"privé - sans psg",363.287607012278,590200,2121600,"590200 2121600"
1020872,"privé - sans psg",332.287328390162,586200,2109600,"586200 2109600"
1017385,"privé - sans psg",69.3887590547887,582200,2097600,"582200 2097600"
1001953,"privé - sans psg",226.783094261447,586200,2099600,"586200 2099600"
1016572,"privé - sans psg",153.729407169249,600200,2131600,"600200 2131600"
1025875,"privé - sans psg",181.491713278768,594200,2113600,"594200 2113600"
1022555,"privé - sans psg",252.258633799102,586200,2089600,"586200 2089600"
1028832,"privé - sans psg",289.797630649386,600200,2121600,"600200 2121600"
1006390,"publis - communales",61.7727793781266,592200,2097600,"592200 2097600"
1024621,"privé - sans psg",86.0935588319982,596200,2099600,"596200 2099600"
1030486,"privé - sans psg",230.261024911604,592200,2087600,"592200 2087600"
1005185,"privé - sans psg",221.737345633606,590200,2081600,"590200 2081600"
1020056,"privé - sans psg",29.4231695379963,610200,2131600,"610200 2131600"
1014490,"privé - sans psg",327.295435139993,608200,2125600,"608200 2125600"
1018436,"privé - sans psg",29.664955729801,602200,2107600,"602200 2107600"
1010219,"privé - sans psg",229.404140129372,592200,2077600,"592200 2077600"
1020626,"privé - sans psg",237.754998668534,614200,2133600,"614200 2133600"
1001639,"privé - sans psg",191.762244943321,606200,2109600,"606200 2109600"
1004225,"privé - sans psg",268.664927626889,616200,2129600,"616200 2129600"
1005797,"publis - communales",104.795001750067,600200,2081600,"600200 2081600"
1009344,"privé - sans psg",387.403898014369,616200,2119600,"616200 2119600"
1019252,"privé - sans psg",105.906800872393,612200,2107600,"612200 2107600"
1021841,"privé - sans psg",482.313978586016,604200,2083600,"604200 2083600"
1011308,"privé - sans psg",83.6720210322174,420200,2021600,"420200 2021600"
1013574,"privé - psg",67.5861478946031,424200,2023600,"424200 2023600"
1009864,"privé - psg",150.851323577277,426200,2019600,"426200 2019600"
1001097,"privé - sans psg",23.0772761602578,424200,2013600,"424200 2013600"
1006001,"privé - sans psg",184.306161912771,420200,2001600,"420200 2001600"
1016257,"privé - sans psg",113.681079193052,418200,1995600,"418200 1995600"
1011491,"privé - sans psg",36.5464892758683,430200,2021600,"430200 2021600"
1000853,"privé - sans psg",299.007958637355,426200,2009600,"426200 2009600"
1010648,"privé - psg",19.2815609999807,432200,2017600,"432200 2017600"
1019843,"privé - sans psg",44.5390268382483,424200,1993600,"424200 1993600"
1001666,"privé - sans psg",1.28008888481735,448200,2055600,"448200 2055600"
1012945,"privé - sans psg",499.18345433123,434200,2013600,"434200 2013600"
1006634,"privé - sans psg",103.412347629183,432200,2007600,"432200 2007600"
1016418,"privé - sans psg",39.1494959882012,452200,2057600,"452200 2057600"
1004909,"privé - sans psg",262.164970536973,434200,2003600,"434200 2003600"
1027502,"privé - sans psg",109.099510479621,432200,1997600,"432200 1997600"
1012956,"privé - sans psg",70.8543109118918,456200,2059600,"456200 2059600"
1012578,"privé - sans psg",508.638171400332,446200,2029600,"446200 2029600"
1012179,"privé - sans psg",67.4376296125946,444200,2023600,"444200 2023600"
1008925,"privé - sans psg",149.998038164813,442200,2017600,"442200 2017600"
1000272,"privé - sans psg",149.698763058757,436200,1999600,"436200 1999600"
1011520,"privé - sans psg",383.3165982369,454200,2043600,"454200 2043600"
1030849,"privé - sans psg",60.9652405212886,452200,2037600,"452200 2037600"
1004167,"privé - psg",36.9062250697346,444200,2013600,"444200 2013600"
1008540,"privé - sans psg",172.827350841595,440200,2001600,"440200 2001600"
1017403,"privé - sans psg",161.916629383221,436200,1989600,"436200 1989600"
1011389,"privé - psg",37.3297710520387,448200,2015600,"448200 2015600"
1005686,"privé - psg",65.232084437581,444200,2003600,"444200 2003600"
1028818,"privé - sans psg",119.999163307868,442200,1997600,"442200 1997600"
1015008,"privé - sans psg",184.22649647107,440200,1991600,"440200 1991600"
1030060,"privé - sans psg",125.821190997015,472200,2077600,"472200 2077600"
1008004,"privé - sans psg",35.1509670366241,468200,2065600,"468200 2065600"
1013609,"privé - sans psg",29.0311081102777,460200,2041600,"460200 2041600"
1026748,"privé - sans psg",122.195683047089,444200,1993600,"444200 1993600"
1007385,"privé - sans psg",479.409776695635,466200,2049600,"466200 2049600"
1028424,"privé - sans psg",170.378222247676,450200,2001600,"450200 2001600"
1008707,"privé - sans psg",249.478690057697,448200,1995600,"448200 1995600"
1011916,"privé - sans psg",295.02473325922,446200,1989600,"446200 1989600"
1009524,"privé - sans psg",302.263417823394,442200,1977600,"442200 1977600"
1028305,"privé - sans psg",111.261538602074,476200,2069600,"476200 2069600"
1006139,"privé - sans psg",264.538529386568,464200,2033600,"464200 2033600"
1024067,"privé - sans psg",216.853557469569,456200,2009600,"456200 2009600"
1007183,"privé - sans psg",143.132810862094,452200,1997600,"452200 1997600"
1001594,"privé - sans psg",58.237032820018,478200,2065600,"478200 2065600"
1020035,"privé - psg",79.80303641872,476200,2059600,"476200 2059600"
1024842,"privé - psg",189.297780318382,470200,2041600,"470200 2041600"
1007192,"privé - sans psg",326.005831610077,466200,2029600,"466200 2029600"
1014736,"privé - sans psg",145.520054672222,464200,2023600,"464200 2023600"
1016204,"privé - sans psg",119.956544562466,462200,2017600,"462200 2017600"
1023360,"privé - sans psg",390.251705619924,458200,2005600,"458200 2005600"
1028075,"privé - sans psg",228.662126512298,456200,1999600,"456200 1999600"
1018997,"privé - psg",49.8220057734911,478200,2055600,"478200 2055600"
1030557,"privé - sans psg",201.162970290819,472200,2037600,"472200 2037600"
1026889,"privé - sans psg",351.655565368232,468200,2025600,"468200 2025600"
1028614,"privé - sans psg",2.26616239277606,462200,2007600,"462200 2007600"
1026337,"privé - sans psg",214.13089448917,458200,1995600,"458200 1995600"
1015564,"privé - sans psg",252.965608260284,456200,1989600,"456200 1989600"
1009492,"privé - sans psg",408.582117053886,452200,1977600,"452200 1977600"
1005159,"privé - sans psg",164.757865651329,450200,1971600,"450200 1971600"
1020869,"privé - sans psg",230.764623235396,480200,2051600,"480200 2051600"
1017323,"privé - sans psg",107.477608590751,478200,2045600,"478200 2045600"
1013677,"privé - sans psg",179.660622783548,476200,2039600,"476200 2039600"
1027134,"privé - sans psg",26.6694254485126,474200,2033600,"474200 2033600"
1017041,"privé - sans psg",53.9338855475235,452200,1967600,"452200 1967600"
1008849,"privé - sans psg",11.5925431720685,480200,2041600,"480200 2041600"
1021111,"privé - sans psg",55.4607632574776,472200,2017600,"472200 2017600"
1007756,"privé - sans psg",442.508722238574,468200,2005600,"468200 2005600"
1010883,"privé - sans psg",58.5629825933445,464200,1993600,"464200 1993600"
1031018,"privé - psg",77.222234454299,482200,2037600,"482200 2037600"
1011627,"privé - sans psg",163.421209959296,480200,2031600,"480200 2031600"
1000540,"privé - psg",144.574694590778,476200,2019600,"476200 2019600"
1008675,"privé - sans psg",121.833136516658,472200,2007600,"472200 2007600"
1028431,"privé - sans psg",52.5108293970867,466200,1989600,"466200 1989600"
1014134,"privé - sans psg",212.905698452008,492200,2057600,"492200 2057600"
1000201,"privé - sans psg",249.19844834452,486200,2039600,"486200 2039600"
1029880,"privé - sans psg",203.460307319004,478200,2015600,"478200 2015600"
1019114,"privé - psg",86.1098976523919,476200,2009600,"476200 2009600"
1030430,"privé - sans psg",49.3925367149705,472200,1997600,"472200 1997600"
1024184,"privé - sans psg",337.062239072746,468200,1985600,"468200 1985600"
1001674,"privé - psg",171.361515229468,498200,2065600,"498200 2065600"
1018117,"privé - sans psg",234.016723944563,492200,2047600,"492200 2047600"
1016918,"privé - sans psg",44.5059081841532,488200,2035600,"488200 2035600"
1031401,"privé - sans psg",192.797404407299,486200,2029600,"486200 2029600"
1003286,"privé - sans psg",127.577149705617,484200,2023600,"484200 2023600"
1026376,"privé - sans psg",227.095115997494,480200,2011600,"480200 2011600"
1029322,"privé - sans psg",287.409506075381,472200,1987600,"472200 1987600"
1025526,"privé - psg",74.8678304433814,496200,2049600,"496200 2049600"
1014277,"privé - psg",1.67450633371459,484200,2013600,"484200 2013600"
1016773,"privé - psg",110.444962942308,480200,2001600,"480200 2001600"
1004953,"privé - sans psg",311.92161419104,476200,1989600,"476200 1989600"
1021424,"privé - sans psg",504.814294776648,472200,1977600,"472200 1977600"
1020806,"privé - sans psg",51.4366431069464,498200,2045600,"498200 2045600"
1018079,"privé - sans psg",132.064205637857,494200,2033600,"494200 2033600"
1028019,"privé - sans psg",115.500197644,484200,2003600,"484200 2003600"
1012710,"privé - sans psg",62.3197846408739,482200,1997600,"482200 1997600"
1026681,"privé - sans psg",704.259055558119,500200,2041600,"500200 2041600"
1000377,"privé - sans psg",63.8189619285511,496200,2029600,"496200 2029600"
1023841,"privé - psg",224.883729096973,492200,2017600,"492200 2017600"
1002941,"privé - sans psg",41.2576651062364,484200,1993600,"484200 1993600"
1016263,"privé - sans psg",63.0793194622491,480200,1981600,"480200 1981600"
1019166,"privé - sans psg",98.6534915057574,478200,1975600,"478200 1975600"
1006898,"privé - sans psg",66.7594769917439,476200,1969600,"476200 1969600"
1014976,"privé - sans psg",242.90132273409,498200,2025600,"498200 2025600"
1012738,"privé - sans psg",65.136475085748,488200,1995600,"488200 1995600"
1031374,"privé - sans psg",127.196741601566,484200,1983600,"484200 1983600"
1025926,"privé - sans psg",168.84798940991,502200,2027600,"502200 2027600"
1011611,"privé - sans psg",202.572350387249,512200,2047600,"512200 2047600"
1001625,"privé - sans psg",150.787432000813,498200,2005600,"498200 2005600"
1015715,"privé - sans psg",292.634442245639,492200,1987600,"492200 1987600"
1021494,"privé - sans psg",69.8004834823249,488200,1975600,"488200 1975600"
1027247,"privé - sans psg",70.9996825334736,486200,1969600,"486200 1969600"
1028053,"privé - sans psg",165.148556618222,484200,1963600,"484200 1963600"
1023057,"privé - sans psg",140.525974543916,482200,1957600,"482200 1957600"
1007753,"privé - sans psg",47.5099302420162,508200,2025600,"508200 2025600"
1012645,"privé - sans psg",103.917930556615,500200,2001600,"500200 2001600"
1001950,"privé - sans psg",231.754223839054,496200,1989600,"496200 1989600"
1016065,"privé - psg",210.666610668357,488200,1965600,"488200 1965600"
1001205,"privé - sans psg",5.08782446927474,512200,2027600,"512200 2027600"
1022352,"privé - sans psg",496.591230790786,508200,2015600,"508200 2015600"
1006082,"privé - sans psg",209.528630297563,506200,2009600,"506200 2009600"
1021628,"privé - sans psg",91.7401644352832,494200,1973600,"494200 1973600"
1020793,"privé - sans psg",418.439853601632,492200,1967600,"492200 1967600"
1026249,"privé - sans psg",630.591819323375,520200,2041600,"520200 2041600"
1001633,"privé - sans psg",4.4865800218577,512200,2017600,"512200 2017600"
1024084,"privé - sans psg",176.364668114972,508200,2005600,"508200 2005600"
1015037,"privé - sans psg",103.539077537161,504200,1993600,"504200 1993600"
1028077,"privé - sans psg",56.0649911488119,496200,1969600,"496200 1969600"
1002079,"privé - sans psg",106.287409782929,508200,1995600,"508200 1995600"
1018346,"privé - sans psg",127.617062663246,500200,1971600,"500200 1971600"
1016702,"privé - sans psg",158.774694510961,498200,1965600,"498200 1965600"
1010878,"privé - sans psg",22.8748637761874,516200,2009600,"516200 2009600"
1010597,"privé - psg",182.13203139602,508200,1985600,"508200 1985600"
1006291,"privé - sans psg",259.649806892911,504200,1973600,"504200 1973600"
1024530,"privé - sans psg",270.47667886852,500200,1961600,"500200 1961600"
1027857,"privé - sans psg",15.7953841715856,518200,2005600,"518200 2005600"
1022730,"privé - sans psg",463.384959174182,512200,1987600,"512200 1987600"
1020252,"privé - sans psg",199.357038419735,506200,1969600,"506200 1969600"
1030110,"privé - sans psg",325.907779588264,504200,1963600,"504200 1963600"
1000751,"privé - sans psg",172.954342132393,522200,2007600,"522200 2007600"
1005362,"privé - sans psg",157.751216313509,512200,1977600,"512200 1977600"
1011894,"privé - sans psg",160.816051346881,522200,1997600,"522200 1997600"
1025892,"privé - sans psg",64.5705318427015,524200,1993600,"524200 1993600"
1000919,"publis - communales",351.436634177973,862200,2257600,"862200 2257600"
1006105,"publis - communales",473.704355744068,864200,2253600,"864200 2253600"
1016393,"publis - communales",275.537965860137,862200,2237600,"862200 2237600"
1024668,"publis - communales",392.060980648756,868200,2245600,"868200 2245600"
1008150,"publis - communales",178.775960594741,880200,2261600,"880200 2261600"
1029483,"publis - communales",229.645322403829,872200,2237600,"872200 2237600"
1016240,"publis - communales",226.525397145938,878200,2245600,"878200 2245600"
1017960,"publis - communales",94.9915158347772,872200,2227600,"872200 2227600"
1013525,"publis - communales",405.703671674929,900200,2281600,"900200 2281600"
1014333,"publis - communales",290.084048883112,890200,2251600,"890200 2251600"
1031301,"publis - communales",207.692425676963,904200,2283600,"904200 2283600"
1010659,"publis - communales",93.9440325742095,900200,2271600,"900200 2271600"
1000894,"privé - sans psg",309.354309882639,894200,2253600,"894200 2253600"
1023100,"privé - sans psg",259.120230888409,892200,2247600,"892200 2247600"
1010763,"publis - communales",323.519613425541,888200,2235600,"888200 2235600"
1022122,"publics - domaniales",434.435468705866,884200,2223600,"884200 2223600"
1030742,"privé - sans psg",558.788011077513,908200,2285600,"908200 2285600"
1001494,"publis - communales",233.130719426939,900200,2261600,"900200 2261600"
1000033,"privé - psg",263.145050847929,896200,2249600,"896200 2249600"
1012725,"privé - sans psg",198.692816011846,892200,2237600,"892200 2237600"
1025136,"privé - sans psg",237.607616485362,888200,2225600,"888200 2225600"
1028779,"privé - sans psg",173.295558130283,884200,2213600,"884200 2213600"
1001044,"privé - sans psg",58.7493645917512,906200,2269600,"906200 2269600"
1000074,"privé - psg",137.201481487014,902200,2257600,"902200 2257600"
1028746,"privé - sans psg",221.545512477089,900200,2251600,"900200 2251600"
1024249,"publis - communales",265.611517871674,894200,2233600,"894200 2233600"
1023341,"publis - communales",88.4980269914683,890200,2221600,"890200 2221600"
1022843,"publis - communales",218.581852065662,914200,2283600,"914200 2283600"
1013938,"publis - communales",66.0253503410298,912200,2277600,"912200 2277600"
1021087,"publis - communales",230.055343624573,908200,2265600,"908200 2265600"
1011770,"privé - sans psg",252.190397263081,906200,2259600,"906200 2259600"
1001447,"privé - sans psg",234.375116459189,904200,2253600,"904200 2253600"
1029018,"publis - communales",252.039546370513,898200,2235600,"898200 2235600"
1028063,"privé - sans psg",184.467421966461,890200,2211600,"890200 2211600"
1002878,"publis - communales",305.87378805972,916200,2279600,"916200 2279600"
1028900,"publis - communales",185.140780978662,910200,2261600,"910200 2261600"
1002144,"privé - sans psg",299.251564651309,908200,2255600,"908200 2255600"
1010521,"publics - domaniales",294.157804801195,906200,2249600,"906200 2249600"
1011557,"privé - sans psg",243.039015513653,892200,2207600,"892200 2207600"
1030783,"publis - communales",331.360786924262,920200,2281600,"920200 2281600"
1027688,"publis - communales",349.678953600143,908200,2245600,"908200 2245600"
1015797,"publis - communales",113.579231807341,904200,2233600,"904200 2233600"
1001888,"privé - psg",288.242552018947,896200,2209600,"896200 2209600"
1026232,"publis - communales",256.632616814019,918200,2265600,"918200 2265600"
1013836,"privé - sans psg",271.819035556168,914200,2253600,"914200 2253600"
1027082,"privé - sans psg",62.774756416847,906200,2229600,"906200 2229600"
1029047,"privé - sans psg",122.021188112015,900200,2211600,"900200 2211600"
1015887,"privé - psg",212.426456164036,892200,2187600,"892200 2187600"
1028542,"publis - communales",293.230056040994,928200,2285600,"928200 2285600"
1022486,"publis - communales",117.838433884821,926200,2279600,"926200 2279600"
1022600,"privé - sans psg",391.527512802804,924200,2273600,"924200 2273600"
1019613,"privé - sans psg",144.493203230931,922200,2267600,"922200 2267600"
1009240,"publics - domaniales",171.799860824692,900200,2201600,"900200 2201600"
1001475,"privé - psg",239.72871069448,898200,2195600,"898200 2195600"
1009354,"publics - domaniales",185.315206120139,896200,2189600,"896200 2189600"
1006858,"publis - communales",341.871428630805,930200,2281600,"930200 2281600"
1010587,"publis - communales",110.329131910496,924200,2263600,"924200 2263600"
1027804,"publis - communales",178.224710889555,920200,2251600,"920200 2251600"
1018982,"publis - communales",12.1014558666905,916200,2239600,"916200 2239600"
1028371,"privé - sans psg",485.1322758145,914200,2233600,"914200 2233600"
1030994,"publis - communales",376.078511401433,910200,2221600,"910200 2221600"
1004436,"privé - sans psg",258.498061519735,908200,2215600,"908200 2215600"
1012310,"privé - sans psg",154.191925545023,906200,2209600,"906200 2209600"
1015586,"publis - communales",211.165806717437,932200,2277600,"932200 2277600"
1005148,"publis - communales",237.091616474519,924200,2253600,"924200 2253600"
1018731,"privé - psg",433.915666862302,938200,2285600,"938200 2285600"
1020019,"publis - communales",394.160825459494,936200,2279600,"936200 2279600"
1023261,"publis - communales",317.919848854356,932200,2267600,"932200 2267600"
1011291,"publis - communales",248.799195941416,928200,2255600,"928200 2255600"
1012582,"publis - communales",209.901038383845,920200,2231600,"920200 2231600"
1024740,"publis - communales",264.975723094277,946200,2289600,"946200 2289600"
1000622,"publis - communales",215.770686479499,942200,2277600,"942200 2277600"
1006418,"publis - communales",292.455343165605,940200,2271600,"940200 2271600"
1016501,"privé - sans psg",168.113283423544,940200,2261600,"940200 2261600"
1019475,"privé - sans psg",111.622408404572,936200,2249600,"936200 2249600"
1012777,"privé - sans psg",492.924119539395,948200,2265600,"948200 2265600"
1005879,"privé - sans psg",289.313722204396,952200,2267600,"952200 2267600"
1008866,"privé - sans psg",251.408340533401,802200,2027600,"802200 2027600"
1030498,"privé - sans psg",225.447063393051,808200,2035600,"808200 2035600"
1011313,"privé - sans psg",144.437055234494,806200,2029600,"806200 2029600"
1013059,"privé - sans psg",21.8309748993191,814200,2033600,"814200 2033600"
1030613,"privé - sans psg",35.47497370847,818200,2035600,"818200 2035600"
1021312,"privé - sans psg",110.44907520837,798200,1975600,"798200 1975600"
1010981,"privé - sans psg",142.986309525599,790200,1941600,"790200 1941600"
1007911,"privé - sans psg",147.750679112381,820200,2021600,"820200 2021600"
1026940,"publis - communales",81.6631490490968,800200,1961600,"800200 1961600"
1018754,"privé - sans psg",167.525457665349,796200,1949600,"796200 1949600"
1000916,"privé - psg",107.507935557863,808200,1965600,"808200 1965600"
1030238,"privé - sans psg",113.317295765861,800200,1941600,"800200 1941600"
1017386,"privé - sans psg",63.8513861858796,822200,1997600,"822200 1997600"
1013774,"publis - communales",211.269293146461,820200,1991600,"820200 1991600"
1005584,"privé - sans psg",102.328959350049,816200,1979600,"816200 1979600"
1004690,"privé - sans psg",110.389389218215,800200,1931600,"800200 1931600"
1001047,"privé - psg",190.146350719252,828200,2005600,"828200 2005600"
1015843,"privé - sans psg",3.79755481158669,824200,1993600,"824200 1993600"
1010134,"privé - sans psg",104.080038499823,820200,1981600,"820200 1981600"
1008891,"privé - sans psg",41.815378881077,818200,1975600,"818200 1975600"
1004344,"publis - communales",85.6917088914673,810200,1951600,"810200 1951600"
1029199,"privé - sans psg",49.3484867386221,808200,1945600,"808200 1945600"
1011832,"privé - sans psg",327.462338437118,806200,1939600,"806200 1939600"
1028692,"privé - sans psg",1.18442585032146,828200,1985600,"828200 1985600"
1028020,"privé - sans psg",8.41147773637011,814200,1943600,"814200 1943600"
1008047,"privé - sans psg",87.2580958767042,842200,2007600,"842200 2007600"
1022323,"publics - domaniales",186.638963361826,838200,1995600,"838200 1995600"
1004596,"privé - sans psg",73.0156736400448,836200,1989600,"836200 1989600"
1001131,"privé - sans psg",90.2937163609579,834200,1983600,"834200 1983600"
1005094,"privé - sans psg",85.6749908763455,832200,1977600,"832200 1977600"
1016488,"privé - sans psg",104.284239098916,830200,1971600,"830200 1971600"
1009814,"privé - sans psg",302.209972401972,828200,1965600,"828200 1965600"
1007618,"privé - sans psg",3.41428747007996,826200,1959600,"826200 1959600"
1004568,"privé - sans psg",15.8873370021795,822200,1947600,"822200 1947600"
1017088,"privé - psg",111.133447671695,820200,1941600,"820200 1941600"
1023635,"privé - sans psg",47.4150391769338,820200,1931600,"820200 1931600"
1015012,"privé - sans psg",262.005841263709,818200,1925600,"818200 1925600"
1014377,"publis - communales",228.87526720034,846200,1999600,"846200 1999600"
1031390,"publis - communales",192.643999637908,844200,1993600,"844200 1993600"
1026806,"publics - domaniales",192.859104367706,840200,1981600,"840200 1981600"
1022101,"publics - domaniales",79.1269742182377,838200,1975600,"838200 1975600"
1016574,"privé - sans psg",85.7338252022868,836200,1969600,"836200 1969600"
1025904,"privé - sans psg",405.613783749389,832200,1957600,"832200 1957600"
1000089,"privé - sans psg",178.071713277153,846200,1979600,"846200 1979600"
1002218,"privé - sans psg",98.3959621392639,844200,1973600,"844200 1973600"
1020739,"privé - sans psg",70.6770923690104,842200,1967600,"842200 1967600"
1021046,"privé - sans psg",13.1614900962336,838200,1955600,"838200 1955600"
1005304,"publics - domaniales",84.4870909456704,836200,1949600,"836200 1949600"
1004769,"privé - sans psg",60.4666852183264,834200,1943600,"834200 1943600"
1017135,"privé - sans psg",33.1500441543304,830200,1931600,"830200 1931600"
1027499,"privé - sans psg",172.352914991042,828200,1925600,"828200 1925600"
1018944,"privé - sans psg",95.6130942385158,830200,1921600,"830200 1921600"
1028385,"privé - sans psg",131.969102551701,852200,1977600,"852200 1977600"
1007076,"privé - sans psg",282.825334021699,848200,1965600,"848200 1965600"
1018638,"publis - communales",120.302018719812,844200,1953600,"844200 1953600"
1030420,"privé - sans psg",19.5692126235856,836200,1929600,"836200 1929600"
1021236,"publis - communales",85.2827761776142,858200,1975600,"858200 1975600"
1017888,"publics - domaniales",83.551907839125,856200,1969600,"856200 1969600"
1020293,"privé - sans psg",77.7404836963603,850200,1951600,"850200 1951600"
1008424,"publis - communales",139.480606688383,846200,1939600,"846200 1939600"
1022616,"privé - sans psg",29.5171175393847,844200,1933600,"844200 1933600"
1026093,"privé - sans psg",98.7866910472659,840200,1921600,"840200 1921600"
1003248,"publis - communales",218.560111839575,864200,1973600,"864200 1973600"
1023380,"publics - domaniales",8.47723628780429,862200,1967600,"862200 1967600"
1019001,"privé - sans psg",18.0170211659936,860200,1961600,"860200 1961600"
1012333,"privé - sans psg",109.879103999931,870200,1971600,"870200 1971600"
1026687,"privé - sans psg",54.4441413522084,856200,1929600,"856200 1929600"
1016695,"publics - domaniales",13.0134185546498,854200,1923600,"854200 1923600"
1014257,"privé - sans psg",38.9606778320351,850200,1911600,"850200 1911600"
1013547,"privé - sans psg",71.9425566447378,862200,1927600,"862200 1927600"
1000602,"publis - communales",111.347753044485,860200,1921600,"860200 1921600"
1030671,"privé - sans psg",125.016378912637,452200,2487600,"452200 2487600"
1023270,"publis - communales",154.015764599355,460200,2491600,"460200 2491600"
1020373,"privé - psg",13.7908871963977,466200,2489600,"466200 2489600"
1012273,"privé - sans psg",46.0228766009219,468200,2475600,"468200 2475600"
1005549,"privé - sans psg",157.173083531673,466200,2449600,"466200 2449600"
1018023,"publics - domaniales",102.1176122235,480200,2481600,"480200 2481600"
1000790,"privé - psg",43.6810930291457,482200,2457600,"482200 2457600"
1001818,"privé - sans psg",248.577220133836,480200,2451600,"480200 2451600"
1002765,"privé - sans psg",133.974614131528,488200,2465600,"488200 2465600"
1028932,"privé - psg",110.289917850538,484200,2453600,"484200 2453600"
1014959,"privé - sans psg",162.352924087428,476200,2429600,"476200 2429600"
1013226,"privé - psg",317.127709255461,486200,2449600,"486200 2449600"
1014322,"privé - psg",314.976521866631,484200,2433600,"484200 2433600"
1014876,"privé - psg",221.817370323031,488200,2435600,"488200 2435600"
1015226,"publis - communales",224.314139944483,486200,2429600,"486200 2429600"
1002713,"privé - psg",182.365290328018,492200,2437600,"492200 2437600"
1014221,"privé - psg",40.3544677478541,488200,2425600,"488200 2425600"
1017190,"publics - domaniales",215.285980648558,508200,2475600,"508200 2475600"
1016671,"privé - psg",196.824629912531,496200,2439600,"496200 2439600"
1009652,"privé - psg",29.5096576238589,494200,2433600,"494200 2433600"
1016806,"privé - sans psg",50.3890671158111,492200,2427600,"492200 2427600"
1023794,"publics - domaniales",106.426226135193,512200,2477600,"512200 2477600"
1006222,"privé - psg",23.5128093640237,510200,2471600,"510200 2471600"
1029237,"publics - domaniales",118.911233914532,514200,2473600,"514200 2473600"
1017292,"privé - psg",49.6515397555653,512200,2467600,"512200 2467600"
1026451,"privé - psg",203.040408743252,510200,2461600,"510200 2461600"
1004876,"privé - psg",336.885498799648,508200,2455600,"508200 2455600"
1012151,"privé - sans psg",74.6082431828036,504200,2443600,"504200 2443600"
1011837,"privé - psg",126.605067063247,516200,2459600,"516200 2459600"
1004523,"publis - communales",159.416354765809,512200,2447600,"512200 2447600"
1015380,"privé - psg",190.902350135541,510200,2441600,"510200 2441600"
1028045,"privé - sans psg",47.1433305791682,508200,2435600,"508200 2435600"
1014821,"privé - sans psg",221.883162001479,528200,2485600,"528200 2485600"
1020514,"publics - domaniales",397.99829562103,534200,2493600,"534200 2493600"
1002205,"publics - domaniales",118.986571194803,532200,2487600,"532200 2487600"
1021699,"privé - sans psg",68.7580462377477,528200,2475600,"528200 2475600"
1000586,"privé - psg",207.618598315097,526200,2469600,"526200 2469600"
1002781,"privé - psg",236.179882038895,524200,2463600,"524200 2463600"
1000029,"privé - psg",146.237614329836,522200,2457600,"522200 2457600"
1001750,"privé - sans psg",372.287921593151,518200,2445600,"518200 2445600"
1006096,"privé - sans psg",52.9446106061364,512200,2427600,"512200 2427600"
1027183,"privé - psg",663.881544623841,524200,2453600,"524200 2453600"
1027167,"privé - sans psg",242.711009825562,520200,2441600,"520200 2441600"
1017378,"privé - psg",73.128566036344,534200,2473600,"534200 2473600"
1001187,"privé - psg",165.883544791577,532200,2467600,"532200 2467600"
1004864,"privé - sans psg",172.087465819569,528200,2455600,"528200 2455600"
1031281,"privé - sans psg",138.767402273733,522200,2427600,"522200 2427600"
1020159,"privé - psg",246.632251427015,536200,2459600,"536200 2459600"
1002617,"privé - psg",426.693684710282,534200,2453600,"534200 2453600"
1026667,"privé - psg",82.734302782214,532200,2447600,"532200 2447600"
1006962,"privé - psg",246.219216295616,530200,2441600,"530200 2441600"
1009019,"privé - sans psg",194.43285782572,524200,2423600,"524200 2423600"
1013962,"privé - psg",196.572373822939,556200,2479600,"556200 2479600"
1008132,"privé - psg",81.7275030738124,550200,2461600,"550200 2461600"
1023537,"privé - psg",133.31037436478,490200,2401600,"490200 2401600"
1025149,"privé - psg",241.774946143038,496200,2399600,"496200 2399600"
1024122,"privé - psg",157.410938879031,504200,2413600,"504200 2413600"
1028875,"privé - psg",219.634801108728,500200,2401600,"500200 2401600"
1001134,"publics - domaniales",10.4451412989474,498200,2395600,"498200 2395600"
1031249,"privé - psg",207.506301450707,508200,2415600,"508200 2415600"
1001580,"privé - sans psg",370.58073834436,492200,2367600,"492200 2367600"
1022239,"privé - sans psg",385.820824512281,512200,2417600,"512200 2417600"
1011018,"privé - psg",253.986778644337,496200,2369600,"496200 2369600"
1023445,"privé - sans psg",220.944938414495,492200,2357600,"492200 2357600"
1002730,"publics - domaniales",264.86839588621,512200,2397600,"512200 2397600"
1015805,"privé - psg",233.436844149588,510200,2391600,"510200 2391600"
1012944,"publics - domaniales",256.551608093906,508200,2385600,"508200 2385600"
1009067,"privé - psg",462.562395042508,510200,2381600,"510200 2381600"
1016151,"publics - domaniales",128.684108783431,520200,2401600,"520200 2401600"
1003087,"privé - psg",257.375159259097,512200,2377600,"512200 2377600"
1012705,"publics - domaniales",218.670080722372,530200,2421600,"530200 2421600"
1026081,"privé - sans psg",89.1475701206662,524200,2403600,"524200 2403600"
1018414,"privé - sans psg",210.510665130317,512200,2367600,"512200 2367600"
1002532,"privé - psg",192.13674087661,510200,2361600,"510200 2361600"
1031116,"privé - psg",223.140092409845,538200,2435600,"538200 2435600"
1000834,"privé - sans psg",164.059037729038,538200,2425600,"538200 2425600"
1009152,"privé - sans psg",169.774328264849,532200,2407600,"532200 2407600"
1027926,"privé - sans psg",248.781899161495,510200,2341600,"510200 2341600"
1002180,"privé - sans psg",174.435363923059,536200,2409600,"536200 2409600"
1022483,"privé - psg",200.356577583859,536200,2399600,"536200 2399600"
1008784,"publis - communales",217.749366360206,518200,2345600,"518200 2345600"
1030129,"privé - sans psg",203.040128525091,538200,2395600,"538200 2395600"
1023051,"privé - psg",690.206103792626,532200,2377600,"532200 2377600"
1014730,"privé - sans psg",292.171794237311,546200,2409600,"546200 2409600"
1015784,"privé - psg",66.7820073153348,542200,2397600,"542200 2397600"
1022738,"privé - sans psg",174.705515657207,536200,2379600,"536200 2379600"
1006165,"privé - sans psg",74.9965449825998,528200,2345600,"528200 2345600"
1011529,"privé - psg",179.760395562009,524200,2333600,"524200 2333600"
1007308,"privé - sans psg",212.106438677134,528200,2335600,"528200 2335600"
1016397,"privé - sans psg",163.455808968292,540200,2361600,"540200 2361600"
1027342,"privé - sans psg",305.621666771421,90200,2401600,"90200 2401600"
1003505,"privé - sans psg",40.7780147772838,88200,2385600,"88200 2385600"
1010477,"privé - sans psg",64.651088486221,108200,2425600,"108200 2425600"
1020442,"privé - sans psg",120.487525320399,104200,2403600,"104200 2403600"
1025878,"privé - sans psg",273.416469899422,102200,2397600,"102200 2397600"
1029268,"privé - sans psg",130.964618065643,112200,2407600,"112200 2407600"
1023400,"privé - sans psg",189.031602652136,104200,2383600,"104200 2383600"
1005384,"privé - sans psg",17.8914874506807,106200,2379600,"106200 2379600"
1025490,"privé - sans psg",72.6658161982803,110200,2381600,"110200 2381600"
1015027,"privé - sans psg",29.4202910109558,118200,2385600,"118200 2385600"
1008536,"privé - sans psg",136.136981585094,122200,2387600,"122200 2387600"
1017824,"privé - sans psg",33.2474562814683,118200,2365600,"118200 2365600"
1010894,"privé - sans psg",79.8851661938029,120200,2361600,"120200 2361600"
1031264,"privé - sans psg",263.921331061175,142200,2417600,"142200 2417600"
1005917,"privé - sans psg",223.589820841177,148200,2425600,"148200 2425600"
1001090,"privé - sans psg",42.2607555185776,150200,2421600,"150200 2421600"
1007610,"privé - sans psg",198.001608577457,144200,2403600,"144200 2403600"
1022690,"privé - sans psg",398.496421296708,154200,2413600,"154200 2413600"
1020986,"privé - sans psg",23.8542105176524,148200,2395600,"148200 2395600"
1007122,"publics - domaniales",164.664683458033,152200,2397600,"152200 2397600"
1017798,"privé - sans psg",174.911425205588,160200,2411600,"160200 2411600"
1026727,"privé - sans psg",133.401365481949,136200,2339600,"136200 2339600"
1027377,"privé - sans psg",11.3956854341576,140200,2341600,"140200 2341600"
1025063,"publics - domaniales",208.223910623022,160200,2391600,"160200 2391600"
1010395,"privé - sans psg",34.8033206462697,150200,2361600,"150200 2361600"
1000785,"privé - psg",65.7311093818022,156200,2369600,"156200 2369600"
1031232,"privé - sans psg",197.194438182959,154200,2333600,"154200 2333600"
1011144,"privé - sans psg",383.763908907888,152200,2327600,"152200 2327600"
1002436,"publics - domaniales",198.884826453957,160200,2331600,"160200 2331600"
1003148,"privé - sans psg",23.8720141845317,688200,1885600,"688200 1885600"
1000770,"publics - domaniales",101.572721100667,698200,1895600,"698200 1895600"
1021337,"privé - sans psg",101.4554318755,696200,1889600,"696200 1889600"
1013468,"privé - sans psg",123.589888784767,708200,1905600,"708200 1905600"
1002033,"privé - sans psg",246.94846001878,704200,1893600,"704200 1893600"
1003530,"privé - sans psg",172.612369535143,714200,1903600,"714200 1903600"
1031358,"privé - sans psg",93.9223528139483,712200,1897600,"712200 1897600"
1019514,"privé - sans psg",77.4904434926133,710200,1891600,"710200 1891600"
1024455,"privé - sans psg",72.0413716777038,708200,1885600,"708200 1885600"
1021949,"publics - domaniales",183.869671738939,732200,1937600,"732200 1937600"
1029326,"privé - sans psg",20.4600615219071,720200,1901600,"720200 1901600"
1000868,"privé - sans psg",136.49405990338,716200,1889600,"716200 1889600"
1013309,"publics - domaniales",152.677488712635,734200,1923600,"734200 1923600"
1026899,"privé - sans psg",95.8074692181791,728200,1905600,"728200 1905600"
1014748,"privé - psg",32.0815510441908,726200,1899600,"726200 1899600"
1010135,"privé - sans psg",42.9229389458902,724200,1893600,"724200 1893600"
1017420,"privé - sans psg",71.2303821164031,722200,1887600,"722200 1887600"
1004161,"privé - sans psg",1.29447136611533,720200,1881600,"720200 1881600"
1001565,"privé - sans psg",101.279398217035,740200,1921600,"740200 1921600"
1026783,"privé - sans psg",69.4407081541146,736200,1909600,"736200 1909600"
1000509,"privé - sans psg",116.49379642411,734200,1903600,"734200 1903600"
1015572,"privé - sans psg",74.2894808624492,728200,1885600,"728200 1885600"
1016199,"privé - sans psg",137.030165859348,736200,1889600,"736200 1889600"
1012365,"privé - sans psg",76.2883184243429,740200,1881600,"740200 1881600"
1020697,"privé - sans psg",58.9991385276749,760200,1921600,"760200 1921600"
1009119,"publis - communales",54.9952509773403,758200,1915600,"758200 1915600"
1009942,"privé - sans psg",3.59736629552519,756200,1909600,"756200 1909600"
1029943,"privé - sans psg",29.7685311537514,754200,1903600,"754200 1903600"
1010116,"privé - sans psg",7.78346095470702,748200,1885600,"748200 1885600"
1022739,"privé - sans psg",49.5694243265258,746200,1879600,"746200 1879600"
1026712,"publis - communales",128.886176522305,766200,1919600,"766200 1919600"
1008010,"privé - sans psg",17.3744739631554,764200,1913600,"764200 1913600"
1007496,"privé - psg",129.597632133425,760200,1901600,"760200 1901600"
1017176,"publis - communales",8.92820039337754,752200,1877600,"752200 1877600"
1019295,"privé - sans psg",202.410952371505,774200,1923600,"774200 1923600"
1002357,"publis - communales",201.404783060699,770200,1911600,"770200 1911600"
1021065,"publis - communales",231.851797205783,768200,1905600,"768200 1905600"
1008673,"publis - communales",76.9870115003916,766200,1899600,"766200 1899600"
1013366,"privé - sans psg",57.7755358937817,756200,1869600,"756200 1869600"
1018453,"publis - communales",60.0311210045059,776200,1909600,"776200 1909600"
1014649,"publis - communales",112.792550399614,774200,1883600,"774200 1883600"
1022006,"privé - sans psg",74.7124238107633,770200,1861600,"770200 1861600"
1018132,"publis - communales",112.553456174089,784200,1893600,"784200 1893600"
1009099,"privé - sans psg",109.627735754085,772200,1857600,"772200 1857600"
1017575,"privé - sans psg",66.7201991641101,792200,1897600,"792200 1897600"
1003548,"privé - sans psg",355.390756308314,452200,1797600,"452200 1797600"
1002024,"publis - communales",178.527859260404,456200,1799600,"456200 1799600"
1010953,"privé - sans psg",352.659134488817,454200,1793600,"454200 1793600"
1029272,"publis - communales",176.334473958666,462200,1797600,"462200 1797600"
1011501,"privé - sans psg",22.5242043970904,476200,1819600,"476200 1819600"
1022304,"publis - communales",97.2150791206267,462200,1777600,"462200 1777600"
1012565,"publis - communales",253.571045630815,460200,1771600,"460200 1771600"
1012159,"publics - domaniales",242.441412277448,458200,1765600,"458200 1765600"
1020460,"publis - communales",149.13481048293,468200,1785600,"468200 1785600"
1030101,"publis - communales",226.546647827473,464200,1773600,"464200 1773600"
1005268,"privé - sans psg",494.161525556721,462200,1767600,"462200 1767600"
1029940,"publis - communales",302.701495276114,460200,1761600,"460200 1761600"
1014299,"publis - communales",170.328528632207,478200,1805600,"478200 1805600"
1014187,"privé - sans psg",125.13600072204,476200,1789600,"476200 1789600"
1014530,"privé - sans psg",69.998011236802,474200,1783600,"474200 1783600"
1021222,"publics - domaniales",143.951081710756,472200,1777600,"472200 1777600"
1018796,"publis - communales",380.848988480093,462200,1747600,"462200 1747600"
1027975,"privé - sans psg",155.1817350961,474200,1773600,"474200 1773600"
1029541,"privé - sans psg",25.3270234282053,486200,1799600,"486200 1799600"
1001319,"publis - communales",130.905924836917,480200,1781600,"480200 1781600"
1005638,"privé - psg",71.982092785238,502200,1837600,"502200 1837600"
1012494,"privé - sans psg",158.987591544462,490200,1801600,"490200 1801600"
1017377,"privé - sans psg",373.232797357453,482200,1777600,"482200 1777600"
1011343,"privé - sans psg",176.474493026545,480200,1771600,"480200 1771600"
1006971,"privé - sans psg",248.3323460381,512200,1857600,"512200 1857600"
1028427,"publics - domaniales",334.30746551643,508200,1845600,"508200 1845600"
1014136,"privé - sans psg",186.513054321643,516200,1859600,"516200 1859600"
1006662,"privé - sans psg",133.937669025522,488200,1775600,"488200 1775600"
1017559,"privé - sans psg",33.6381329827501,522200,1867600,"522200 1867600"
1004120,"privé - sans psg",76.6214734115918,512200,1837600,"512200 1837600"
1004308,"privé - sans psg",32.3592725636043,516200,1829600,"516200 1829600"
1022782,"privé - sans psg",392.666367202366,508200,1805600,"508200 1805600"
1027232,"privé - sans psg",59.8665507469767,532200,1867600,"532200 1867600"
1010917,"privé - sans psg",270.008315555817,514200,1803600,"514200 1803600"
1025815,"publis - communales",126.731343756512,538200,1865600,"538200 1865600"
1006650,"privé - sans psg",94.284017572145,524200,1813600,"524200 1813600"
1013892,"privé - sans psg",111.512503762408,540200,1851600,"540200 1851600"
1026445,"privé - sans psg",282.113298956243,526200,1809600,"526200 1809600"
1006189,"privé - sans psg",15.1270927231744,552200,1837600,"552200 1837600"
1021067,"privé - sans psg",1.47185348717766,544200,1813600,"544200 1813600"
1015522,"privé - sans psg",160.729408031125,554200,1833600,"554200 1833600"
1015647,"privé - sans psg",298.513842612032,546200,1809600,"546200 1809600"
1026390,"privé - sans psg",158.609016271332,396200,1879600,"396200 1879600"
1006942,"privé - sans psg",64.4105051664329,404200,1883600,"404200 1883600"
1019481,"privé - sans psg",42.2006837761061,408200,1885600,"408200 1885600"
1021917,"privé - sans psg",326.791028205553,404200,1873600,"404200 1873600"
1001619,"privé - sans psg",116.036366272974,404200,1863600,"404200 1863600"
1030917,"privé - sans psg",285.831138534747,404200,1853600,"404200 1853600"
1003016,"privé - sans psg",128.208190035717,406200,1849600,"406200 1849600"
1007351,"privé - psg",344.360705832278,414200,1863600,"414200 1863600"
1002519,"privé - sans psg",126.278552234418,422200,1877600,"422200 1877600"
1022772,"privé - sans psg",302.435311896318,420200,1871600,"420200 1871600"
1010906,"privé - sans psg",340.645400673418,426200,1859600,"426200 1859600"
1030767,"privé - sans psg",131.093559347182,434200,1873600,"434200 1873600"
1019329,"privé - sans psg",238.082699461505,426200,1849600,"426200 1849600"
1002146,"privé - sans psg",508.465792712795,432200,1847600,"432200 1847600"
1030788,"privé - sans psg",165.91623599606,442200,1857600,"442200 1857600"
1026919,"privé - sans psg",205.69245032596,440200,1851600,"440200 1851600"
1006980,"privé - sans psg",105.005260600271,434200,1833600,"434200 1833600"
1014955,"privé - sans psg",1.5629838338303,436200,1829600,"436200 1829600"
1027672,"privé - sans psg",111.803472908326,440200,1831600,"440200 1831600"
1006187,"privé - sans psg",206.992437953127,438200,1825600,"438200 1825600"
1027810,"privé - sans psg",246.657711749925,462200,1877600,"462200 1877600"
1005515,"privé - sans psg",295.603212252089,444200,1823600,"444200 1823600"
1023667,"privé - sans psg",72.6627337563112,452200,1837600,"452200 1837600"
1026308,"privé - sans psg",202.309114772272,454200,1833600,"454200 1833600"
1006364,"privé - sans psg",268.938047824857,476200,1889600,"476200 1889600"
1011883,"privé - sans psg",77.5434321420284,462200,1847600,"462200 1847600"
1013929,"privé - sans psg",128.850967375048,468200,1855600,"468200 1855600"
1022253,"privé - sans psg",5.62251515642702,460200,1831600,"460200 1831600"
1005310,"privé - sans psg",321.652859063794,456200,1819600,"456200 1819600"
1021854,"privé - sans psg",32.0008517115387,472200,1847600,"472200 1847600"
1021564,"privé - psg",225.71466067682,466200,1829600,"466200 1829600"
1019833,"privé - sans psg",98.4285733762385,468200,1825600,"468200 1825600"
1026835,"publis - communales",154.362909986337,466200,1819600,"466200 1819600"
1014384,"privé - sans psg",22.970627643062,474200,1833600,"474200 1833600"
1004716,"privé - sans psg",76.9440621043282,504200,1843600,"504200 1843600"
1021074,"privé - sans psg",158.263871421747,332200,2067600,"332200 2067600"
1005428,"privé - psg",24.1026195356622,328200,2045600,"328200 2045600"
1019716,"privé - psg",166.999729806332,328200,2035600,"328200 2035600"
1012054,"publics - domaniales",103.261949453473,324200,2023600,"324200 2023600"
1016099,"privé - sans psg",187.683636252746,334200,2043600,"334200 2043600"
1025226,"publics - domaniales",142.994020713525,330200,2031600,"330200 2031600"
1001810,"publics - domaniales",126.91019196854,324200,2013600,"324200 2013600"
1006737,"publis - communales",82.6082576832548,322200,1997600,"322200 1997600"
1015713,"publis - communales",0.889430097076144,320200,1991600,"320200 1991600"
1008468,"privé - sans psg",58.3741071699391,340200,2041600,"340200 2041600"
1006233,"privé - sans psg",157.907041605922,332200,2017600,"332200 2017600"
1025238,"privé - sans psg",55.1793546438224,324200,1993600,"324200 1993600"
1007737,"publics - domaniales",18.650694406863,320200,1981600,"320200 1981600"
1025088,"publics - domaniales",36.8135717181993,318200,1975600,"318200 1975600"
1009951,"publics - domaniales",148.326446699026,316200,1969600,"316200 1969600"
1014880,"privé - sans psg",149.281922724527,344200,2033600,"344200 2033600"
1010777,"privé - psg",84.1148259006689,342200,2027600,"342200 2027600"
1026705,"privé - psg",15.7294015523595,340200,2021600,"340200 2021600"
1012843,"publis - communales",1.79465879341179,338200,2015600,"338200 2015600"
1017550,"privé - sans psg",96.484368342057,334200,2003600,"334200 2003600"
1025341,"publis - communales",102.024106624638,332200,1997600,"332200 1997600"
1022688,"privé - psg",29.7545066262881,330200,1991600,"330200 1991600"
1008306,"privé - psg",92.2461020940432,328200,1985600,"328200 1985600"
1022218,"privé - sans psg",332.850478558876,320200,1961600,"320200 1961600"
1008742,"publics - domaniales",134.262157054486,316200,1949600,"316200 1949600"
1019875,"privé - sans psg",16.4279866619719,350200,2041600,"350200 2041600"
1009841,"privé - sans psg",215.804224059682,322200,1957600,"322200 1957600"
1016698,"publis - communales",29.6113684515312,348200,2025600,"348200 2025600"
1025553,"privé - psg",96.7196851245014,344200,2013600,"344200 2013600"
1028568,"publis - communales",4.97906949208622,340200,2001600,"340200 2001600"
1005350,"privé - psg",18.8654218253797,336200,1989600,"336200 1989600"
1023357,"privé - psg",42.4336855324112,334200,1983600,"334200 1983600"
1005607,"privé - sans psg",20.1319879663315,326200,1959600,"326200 1959600"
1021501,"privé - sans psg",78.9037112558952,354200,2023600,"354200 2023600"
1027147,"privé - sans psg",22.5039066742374,344200,1993600,"344200 1993600"
1009570,"privé - sans psg",89.7440222648871,340200,1981600,"340200 1981600"
1024460,"privé - sans psg",15.3509880495439,336200,1969600,"336200 1969600"
1008860,"privé - psg",236.289078558094,334200,1963600,"334200 1963600"
1017062,"privé - psg",106.396438804605,332200,1957600,"332200 1957600"
1027486,"privé - sans psg",98.3222665499219,352200,1997600,"352200 1997600"
1015246,"privé - sans psg",102.621779555918,336200,1949600,"336200 1949600"
1018570,"privé - sans psg",47.1798904714894,334200,1943600,"334200 1943600"
1001163,"privé - sans psg",67.8224408956156,354200,1983600,"354200 1983600"
1018871,"privé - psg",128.47687757139,352200,1977600,"352200 1977600"
1011222,"privé - psg",5.38811105827705,348200,1965600,"348200 1965600"
1017966,"privé - sans psg",120.012576204157,346200,1959600,"346200 1959600"
1004447,"privé - sans psg",169.346440764046,344200,1953600,"344200 1953600"
1012495,"privé - sans psg",98.7482274553729,366200,1999600,"366200 1999600"
1013052,"privé - sans psg",228.587507388479,352200,1957600,"352200 1957600"
1029877,"privé - psg",128.225830577186,350200,1951600,"350200 1951600"
1030445,"privé - sans psg",52.3723639841735,378200,2025600,"378200 2025600"
1028184,"privé - sans psg",49.7888686962002,376200,2019600,"376200 2019600"
1016706,"privé - sans psg",313.866786874383,364200,1983600,"364200 1983600"
1022963,"privé - sans psg",113.750215314426,380200,2021600,"380200 2021600"
1002570,"privé - sans psg",85.0692528334174,376200,2009600,"376200 2009600"
1022712,"privé - psg",85.5569828361176,362200,1967600,"362200 1967600"
1015439,"privé - psg",60.5438810206459,358200,1955600,"358200 1955600"
1009654,"privé - sans psg",14.4547676140932,356200,1949600,"356200 1949600"
1012747,"privé - sans psg",1.16021853824838,354200,1943600,"354200 1943600"
1010457,"privé - sans psg",16.3721981594058,384200,2023600,"384200 2023600"
1027386,"privé - sans psg",36.2666119025384,386200,2019600,"386200 2019600"
1013906,"privé - psg",14.0321419451986,368200,1965600,"368200 1965600"
1028389,"privé - sans psg",141.34285465237,364200,1953600,"364200 1953600"
1001233,"privé - sans psg",90.4970748849437,388200,2015600,"388200 2015600"
1005029,"privé - sans psg",237.195138610471,386200,2009600,"386200 2009600"
1019088,"privé - sans psg",113.20326706401,392200,2017600,"392200 2017600"
1028338,"privé - sans psg",344.144356077252,384200,1993600,"384200 1993600"
1018134,"privé - psg",51.9071954665042,372200,1957600,"372200 1957600"
1030201,"privé - sans psg",61.445511042986,370200,1951600,"370200 1951600"
1001018,"privé - sans psg",222.578463458883,390200,2001600,"390200 2001600"
1015736,"privé - psg",66.8902738987767,376200,1949600,"376200 1949600"
1025308,"privé - psg",129.280695770798,374200,1943600,"374200 1943600"
1014669,"privé - sans psg",9.15514310977199,372200,1937600,"372200 1937600"
1012458,"privé - sans psg",101.974197855827,390200,1981600,"390200 1981600"
1021888,"privé - sans psg",19.9653056803922,386200,1969600,"386200 1969600"
1017387,"privé - sans psg",412.689397614687,386200,1959600,"386200 1959600"
1004453,"privé - sans psg",62.4923965408939,384200,1953600,"384200 1953600"
1010028,"privé - sans psg",509.103544993315,382200,1947600,"382200 1947600"
1014954,"privé - psg",32.5675221958065,380200,1941600,"380200 1941600"
1009620,"privé - psg",49.8340019421999,378200,1935600,"378200 1935600"
1007763,"privé - sans psg",243.37668937416,408200,2015600,"408200 2015600"
1031144,"privé - sans psg",117.110675932441,404200,2003600,"404200 2003600"
1022389,"privé - sans psg",492.149306539752,408200,2005600,"408200 2005600"
1005877,"privé - sans psg",201.914048270744,388200,1945600,"388200 1945600"
1027772,"privé - psg",33.5893592789782,382200,1927600,"382200 1927600"
1016519,"privé - sans psg",72.6142712327233,400200,1971600,"400200 1971600"
1012133,"privé - sans psg",87.4677249645677,392200,1947600,"392200 1947600"
1024791,"privé - sans psg",68.965454002471,416200,2009600,"416200 2009600"
1013246,"privé - sans psg",303.833337486791,412200,1997600,"412200 1997600"
1027767,"privé - sans psg",149.786667906475,408200,1985600,"408200 1985600"
1025599,"privé - psg",195.707561102832,390200,1931600,"390200 1931600"
1015402,"privé - psg",152.041361089881,388200,1925600,"388200 1925600"
1011851,"privé - sans psg",56.4583539566257,416200,1999600,"416200 1999600"
1024917,"privé - sans psg",120.211421896234,402200,1957600,"402200 1957600"
1012004,"privé - sans psg",21.0653330550025,400200,1951600,"400200 1951600"
1023838,"privé - sans psg",79.4694502588086,398200,1945600,"398200 1945600"
1022895,"privé - psg",152.31166098251,394200,1933600,"394200 1933600"
1015478,"privé - sans psg",243.18431433297,410200,1971600,"410200 1971600"
1024111,"privé - sans psg",170.510711762502,408200,1965600,"408200 1965600"
1019209,"privé - psg",10.3594812311122,396200,1929600,"396200 1929600"
1006537,"privé - psg",146.86315175311,392200,1917600,"392200 1917600"
1002017,"privé - sans psg",279.486833316347,414200,1973600,"414200 1973600"
1025328,"privé - sans psg",179.409322571833,404200,1943600,"404200 1943600"
1019928,"privé - sans psg",162.343963351384,416200,1969600,"416200 1969600"
1019445,"privé - psg",169.324445311206,402200,1927600,"402200 1927600"
1005963,"privé - sans psg",117.349205665597,400200,1921600,"400200 1921600"
1011502,"privé - sans psg",180.05581786855,420200,1971600,"420200 1971600"
1023592,"privé - sans psg",235.96237898847,416200,1959600,"416200 1959600"
1001146,"privé - sans psg",410.181365479636,408200,1935600,"408200 1935600"
1027035,"privé - sans psg",190.508686916821,408200,1925600,"408200 1925600"
1023189,"privé - sans psg",462.951495755191,436200,1979600,"436200 1979600"
1008495,"privé - sans psg",324.449616519152,626200,1839600,"626200 1839600"
1029185,"publis - communales",193.246922173088,620200,1821600,"620200 1821600"
1023382,"privé - sans psg",36.7365314039867,618200,1815600,"618200 1815600"
1029052,"publics - domaniales",244.611465780602,628200,1825600,"628200 1825600"
1002022,"privé - sans psg",32.4188822876539,624200,1813600,"624200 1813600"
1022561,"privé - sans psg",283.916106105821,642200,1847600,"642200 1847600"
1006040,"publics - domaniales",231.373508448864,640200,1841600,"640200 1841600"
1028878,"privé - sans psg",28.4746008675801,638200,1835600,"638200 1835600"
1025942,"privé - psg",15.6720344157915,636200,1829600,"636200 1829600"
1004819,"privé - psg",198.455067147269,634200,1823600,"634200 1823600"
1002014,"privé - sans psg",74.3495922964984,644200,1833600,"644200 1833600"
1026818,"privé - sans psg",7.87534933753551,640200,1821600,"640200 1821600"
1004785,"privé - sans psg",135.960740073433,662200,1867600,"662200 1867600"
1026594,"privé - sans psg",101.732158545121,660200,1861600,"660200 1861600"
1026787,"privé - sans psg",29.9780695451572,652200,1837600,"652200 1837600"
1018381,"privé - sans psg",35.7958997375704,650200,1831600,"650200 1831600"
1015876,"publics - domaniales",426.222520841866,668200,1865600,"668200 1865600"
1026949,"privé - sans psg",196.053629816593,660200,1841600,"660200 1841600"
1024980,"privé - sans psg",30.7184768972908,656200,1829600,"656200 1829600"
1014639,"privé - sans psg",46.6390262133791,654200,1823600,"654200 1823600"
1003113,"privé - sans psg",49.0673108877623,652200,1817600,"652200 1817600"
1000606,"privé - sans psg",7.74273759762162,676200,1869600,"676200 1869600"
1011843,"privé - sans psg",59.4131702704316,674200,1863600,"674200 1863600"
1018833,"privé - sans psg",130.24992799804,666200,1839600,"666200 1839600"
1019284,"privé - sans psg",68.4622577226412,664200,1833600,"664200 1833600"
1028411,"privé - sans psg",68.1361543618334,662200,1827600,"662200 1827600"
1005911,"privé - sans psg",71.6556896791918,680200,1861600,"680200 1861600"
1004754,"privé - sans psg",45.5325060212945,690200,1871600,"690200 1871600"
1009382,"publics - domaniales",6.32245945453397,688200,1865600,"688200 1865600"
1019803,"privé - sans psg",138.646728682384,686200,1859600,"686200 1859600"
1029144,"privé - sans psg",5.33990420577833,684200,1853600,"684200 1853600"
1011175,"privé - sans psg",16.3571016548619,682200,1847600,"682200 1847600"
1023032,"privé - sans psg",2.02978380191395,680200,1841600,"680200 1841600"
1029576,"privé - sans psg",71.247703382384,694200,1863600,"694200 1863600"
1030536,"publis - communales",67.6739680759074,692200,1857600,"692200 1857600"
1008414,"privé - sans psg",136.993665456452,682200,1817600,"682200 1817600"
1016777,"privé - sans psg",227.470345508949,706200,1879600,"706200 1879600"
1002421,"privé - sans psg",26.7635552714963,702200,1867600,"702200 1867600"
1019712,"publics - domaniales",73.1763134689043,700200,1861600,"700200 1861600"
1002109,"privé - sans psg",70.9597779712939,702200,1857600,"702200 1857600"
1027795,"privé - sans psg",136.902594677754,692200,1827600,"692200 1827600"
1011243,"privé - sans psg",109.95087604132,708200,1865600,"708200 1865600"
1003811,"privé - sans psg",1.30394612678994,704200,1853600,"704200 1853600"
1021990,"privé - sans psg",10.4746821802209,698200,1835600,"698200 1835600"
1011458,"privé - sans psg",6.30194584770766,696200,1829600,"696200 1829600"
1023421,"privé - sans psg",10.2927382591863,698200,1825600,"698200 1825600"
1009339,"privé - sans psg",20.8316031950598,714200,1863600,"714200 1863600"
1028767,"privé - sans psg",124.66166585849,712200,1857600,"712200 1857600"
1022733,"privé - sans psg",6.50924999237057,710200,1851600,"710200 1851600"
1030198,"privé - sans psg",90.6237714611321,708200,1845600,"708200 1845600"
1018841,"privé - sans psg",75.3771194449389,724200,1873600,"724200 1873600"
1008959,"privé - psg",83.0406801186391,718200,1855600,"718200 1855600"
1006558,"privé - sans psg",12.9047030597861,730200,1871600,"730200 1871600"
1006808,"privé - sans psg",65.6390510777814,726200,1859600,"726200 1859600"
1020622,"privé - sans psg",3.52864117753462,718200,1835600,"718200 1835600"
1007371,"privé - sans psg",33.9929722511396,734200,1863600,"734200 1863600"
1029843,"privé - sans psg",193.000499343068,258200,2355600,"258200 2355600"
1023465,"privé - sans psg",83.8661660388457,262200,2357600,"262200 2357600"
1031236,"privé - psg",112.988090963419,258200,2345600,"258200 2345600"
1006511,"privé - sans psg",98.2645353995772,264200,2353600,"264200 2353600"
1025636,"privé - sans psg",304.374161425271,286200,2409600,"286200 2409600"
1009777,"publics - domaniales",417.540929885345,272200,2367600,"272200 2367600"
1000279,"privé - psg",93.8803851911295,266200,2349600,"266200 2349600"
1004113,"privé - psg",250.578726454421,264200,2343600,"264200 2343600"
1025421,"privé - sans psg",400.728861263354,270200,2341600,"270200 2341600"
1025645,"privé - psg",136.523454753183,286200,2369600,"286200 2369600"
1021743,"privé - sans psg",213.508060765571,296200,2389600,"296200 2389600"
1001560,"privé - sans psg",120.840810563249,276200,2329600,"276200 2329600"
1006445,"privé - sans psg",104.832648671295,300200,2391600,"300200 2391600"
1013963,"privé - psg",181.456690475882,296200,2379600,"296200 2379600"
1015899,"privé - sans psg",132.058493179846,284200,2343600,"284200 2343600"
1009045,"privé - psg",343.05842052093,276200,2319600,"276200 2319600"
1031395,"privé - sans psg",187.308921849574,274200,2313600,"274200 2313600"
1004387,"privé - sans psg",62.3247044389589,300200,2381600,"300200 2381600"
1002595,"privé - sans psg",228.758720535858,284200,2333600,"284200 2333600"
1025097,"privé - sans psg",268.331795339269,300200,2361600,"300200 2361600"
1010499,"privé - psg",204.984888339763,318200,2385600,"318200 2385600"
1017779,"publics - domaniales",245.807904556848,312200,2367600,"312200 2367600"
1007258,"publics - domaniales",515.02705448223,310200,2361600,"310200 2361600"
1006229,"privé - sans psg",251.93733043604,324200,2383600,"324200 2383600"
1017258,"privé - psg",141.938503886009,316200,2359600,"316200 2359600"
1031107,"privé - sans psg",125.287262180672,334200,2393600,"334200 2393600"
1019366,"privé - sans psg",143.644222002047,312200,2327600,"312200 2327600"
1023056,"publics - domaniales",376.463164153285,340200,2381600,"340200 2381600"
1017899,"privé - psg",289.046172276235,328200,2325600,"328200 2325600"
1014994,"privé - psg",125.224014345802,332200,2327600,"332200 2327600"
1030973,"privé - psg",192.438748169418,336200,2329600,"336200 2329600"
1004232,"privé - sans psg",248.27388371271,496200,2189600,"496200 2189600"
1003561,"privé - psg",417.249343062311,524200,2243600,"524200 2243600"
1018558,"privé - sans psg",194.050411806546,506200,2189600,"506200 2189600"
1001556,"privé - psg",156.234555790925,500200,2171600,"500200 2171600"
1011030,"privé - psg",81.8087767730952,520200,2221600,"520200 2221600"
1003227,"privé - sans psg",177.487356064461,530200,2241600,"530200 2241600"
1000252,"privé - sans psg",115.533136693051,526200,2229600,"526200 2229600"
1025771,"privé - sans psg",1.40542975861862,516200,2199600,"516200 2199600"
1023216,"privé - sans psg",137.243042795948,524200,2213600,"524200 2213600"
1029557,"privé - sans psg",18.1856647689098,520200,2201600,"520200 2201600"
1029316,"privé - psg",244.450196362585,536200,2239600,"536200 2239600"
1002964,"privé - psg",301.23156231766,528200,2215600,"528200 2215600"
1006073,"privé - sans psg",2.42005419477597,524200,2203600,"524200 2203600"
1011595,"privé - sans psg",85.3947626521827,522200,2197600,"522200 2197600"
1020401,"privé - psg",44.9190903983557,514200,2173600,"514200 2173600"
1026215,"privé - psg",245.08253391035,540200,2241600,"540200 2241600"
1024626,"privé - psg",188.35616695411,526200,2199600,"526200 2199600"
1006493,"privé - psg",130.962245473202,524200,2193600,"524200 2193600"
1026711,"privé - psg",161.494399197732,520200,2181600,"520200 2181600"
1004857,"privé - sans psg",251.469618053249,542200,2237600,"542200 2237600"
1024283,"privé - psg",376.806196810376,538200,2225600,"538200 2225600"
1025343,"privé - sans psg",341.626797614717,536200,2219600,"536200 2219600"
1001956,"privé - sans psg",393.261424278924,522200,2177600,"522200 2177600"
1010019,"privé - sans psg",137.787476818647,528200,2185600,"528200 2185600"
1016249,"privé - psg",100.238520612656,524200,2173600,"524200 2173600"
1021807,"privé - sans psg",30.0035976203401,538200,2205600,"538200 2205600"
1029525,"privé - psg",266.822333735274,536200,2199600,"536200 2199600"
1020660,"privé - sans psg",234.185898756545,534200,2193600,"534200 2193600"
1008102,"privé - psg",200.243772508024,540200,2201600,"540200 2201600"
1008175,"privé - psg",91.7196320829594,538200,2195600,"538200 2195600"
1024170,"privé - sans psg",335.148057556278,532200,2177600,"532200 2177600"
1003656,"privé - psg",443.291900039625,542200,2197600,"542200 2197600"
1017984,"privé - sans psg",288.251156163366,530200,2161600,"530200 2161600"
1022032,"privé - sans psg",168.923375102858,544200,2193600,"544200 2193600"
1004171,"privé - psg",253.871354270413,548200,2195600,"548200 2195600"
1030708,"privé - sans psg",296.755280681028,544200,2183600,"544200 2183600"
1020831,"privé - sans psg",67.4452057000522,542200,2167600,"542200 2167600"
1010483,"privé - psg",22.0471231752224,560200,2211600,"560200 2211600"
1009545,"publics - domaniales",443.286497897228,554200,2193600,"554200 2193600"
1002808,"privé - sans psg",298.071576196061,546200,2169600,"546200 2169600"
1025357,"publics - domaniales",412.419803560663,556200,2189600,"556200 2189600"
1030497,"privé - sans psg",134.056321742317,562200,2197600,"562200 2197600"
1014674,"privé - sans psg",262.212675679963,556200,2169600,"556200 2169600"
1007156,"publics - domaniales",57.153028593361,568200,2195600,"568200 2195600"
1007526,"publics - domaniales",218.442061757231,566200,2189600,"566200 2189600"
1031043,"publics - domaniales",332.162286639926,572200,2197600,"572200 2197600"
1026121,"publis - communales",176.93237965178,578200,2205600,"578200 2205600"
1011102,"privé - sans psg",287.653544937568,574200,2193600,"574200 2193600"
1004224,"privé - sans psg",337.01457177599,578200,2165600,"578200 2165600"
1000434,"privé - sans psg",49.5765344222692,428200,2245600,"428200 2245600"
1026035,"privé - sans psg",135.992826894348,438200,2265600,"438200 2265600"
1029094,"privé - sans psg",121.075383894916,436200,2259600,"436200 2259600"
1008232,"privé - sans psg",5.16094111269469,430200,2241600,"430200 2241600"
1029214,"publis - communales",149.02965647877,440200,2261600,"440200 2261600"
1022471,"privé - sans psg",64.4337254435531,450200,2281600,"450200 2281600"
1025874,"privé - psg",88.8273849094203,444200,2263600,"444200 2263600"
1008061,"publis - communales",205.780987748574,442200,2257600,"442200 2257600"
1007086,"privé - psg",172.997634228671,448200,2265600,"448200 2265600"
1003212,"privé - psg",414.84734001325,454200,2273600,"454200 2273600"
1010417,"privé - psg",184.568240254891,452200,2267600,"452200 2267600"
1004561,"privé - psg",24.4866481657778,450200,2261600,"450200 2261600"
1008062,"publics - domaniales",53.2577653552845,446200,2249600,"446200 2249600"
1010502,"privé - sans psg",506.358279867484,442200,2237600,"442200 2237600"
1026013,"privé - psg",76.3872122481998,456200,2269600,"456200 2269600"
1009894,"privé - sans psg",391.889061120256,450200,2251600,"450200 2251600"
1030232,"publis - communales",350.278559211315,448200,2245600,"448200 2245600"
1024955,"privé - psg",136.900852244148,462200,2277600,"462200 2277600"
1029766,"privé - sans psg",1.5012799175278,460200,2271600,"460200 2271600"
1000478,"publics - domaniales",192.207620772837,452200,2247600,"452200 2247600"
1014546,"privé - psg",247.14833980215,464200,2273600,"464200 2273600"
1019131,"publics - domaniales",292.854834979417,456200,2249600,"456200 2249600"
1005497,"privé - sans psg",297.108291488843,454200,2233600,"454200 2233600"
1030702,"privé - psg",148.855983453909,476200,2289600,"476200 2289600"
1027473,"privé - sans psg",337.186503181101,466200,2259600,"466200 2259600"
1000036,"privé - sans psg",7.50939227278193,464200,2253600,"464200 2253600"
1000405,"privé - psg",184.178904643444,460200,2241600,"460200 2241600"
1003167,"privé - psg",108.212433080435,466200,2249600,"466200 2249600"
1005392,"privé - sans psg",239.358103545409,464200,2243600,"464200 2243600"
1028984,"privé - psg",17.9869812234549,462200,2237600,"462200 2237600"
1019526,"privé - psg",7.33829529607425,458200,2225600,"458200 2225600"
1015488,"privé - psg",183.129279232781,480200,2281600,"480200 2281600"
1021007,"privé - sans psg",15.6885936989618,476200,2259600,"476200 2259600"
1004542,"privé - sans psg",139.068238790321,470200,2241600,"470200 2241600"
1004672,"privé - psg",268.237584831671,474200,2243600,"474200 2243600"
1016246,"privé - psg",191.723379427313,472200,2237600,"472200 2237600"
1013838,"privé - sans psg",134.345074832253,474200,2233600,"474200 2233600"
1001761,"privé - sans psg",241.00210304936,496200,2289600,"496200 2289600"
1013893,"privé - sans psg",140.607373184253,496200,2279600,"496200 2279600"
1021106,"privé - psg",264.668965854937,498200,2275600,"498200 2275600"
1014041,"privé - sans psg",6.05152145929764,500200,2271600,"500200 2271600"
1027177,"privé - psg",235.3940156536,498200,2265600,"498200 2265600"
1016629,"privé - sans psg",232.27696956968,486200,2229600,"486200 2229600"
1004059,"privé - sans psg",136.42496620533,482200,2217600,"482200 2217600"
1000118,"privé - psg",184.11227313628,480200,2211600,"480200 2211600"
1003139,"privé - psg",360.256203651563,496200,2249600,"496200 2249600"
1023638,"privé - psg",244.66491682357,488200,2225600,"488200 2225600"
1029116,"privé - psg",170.687709105482,504200,2263600,"504200 2263600"
1009553,"privé - sans psg",15.3200370256521,490200,2221600,"490200 2221600"
1016835,"privé - psg",229.231510896575,488200,2215600,"488200 2215600"
1028980,"privé - psg",114.451350012662,484200,2203600,"484200 2203600"
1027165,"privé - psg",248.249407242379,508200,2265600,"508200 2265600"
1013992,"privé - sans psg",178.482370968201,506200,2259600,"506200 2259600"
1003580,"privé - psg",80.5371944902226,498200,2235600,"498200 2235600"
1001821,"privé - sans psg",264.039261457565,496200,2229600,"496200 2229600"
1025791,"privé - sans psg",149.575519695963,504200,2243600,"504200 2243600"
1025315,"privé - sans psg",2.43199365794236,498200,2225600,"498200 2225600"
1014378,"privé - sans psg",192.845707988508,496200,2219600,"496200 2219600"
1023546,"publis - communales",145.874774625471,496200,2209600,"496200 2209600"
1024943,"privé - psg",157.418993363476,508200,2235600,"508200 2235600"
1001179,"privé - sans psg",196.694349928852,496200,2199600,"496200 2199600"
1026116,"privé - psg",88.4222932461518,510200,2231600,"510200 2231600"
1009183,"privé - psg",210.23977621694,518200,2245600,"518200 2245600"
1027410,"privé - sans psg",262.854568887294,516200,2239600,"516200 2239600"
1029479,"privé - psg",234.422974656255,512200,2227600,"512200 2227600"
1016495,"privé - psg",107.01148164614,520200,2241600,"520200 2241600"
1004412,"privé - sans psg",196.971821206434,794200,2043600,"794200 2043600"
1004430,"privé - sans psg",112.176666058301,806200,2069600,"806200 2069600"
1030285,"privé - sans psg",257.610875964751,802200,2057600,"802200 2057600"
1002679,"privé - sans psg",355.096048047106,800200,2051600,"800200 2051600"
1002229,"privé - sans psg",216.098908386094,804200,2053600,"804200 2053600"
1003272,"privé - sans psg",131.09682043306,810200,2051600,"810200 2051600"
1014916,"privé - sans psg",190.807914364415,814200,2053600,"814200 2053600"
1004989,"privé - sans psg",70.7377616442868,832200,2097600,"832200 2097600"
1004602,"privé - sans psg",89.7479344964441,828200,2085600,"828200 2085600"
1008066,"privé - sans psg",561.918482250105,816200,2049600,"816200 2049600"
1007048,"privé - sans psg",70.6142875804753,836200,2099600,"836200 2099600"
1027593,"privé - sans psg",238.051420735131,834200,2093600,"834200 2093600"
1030604,"privé - sans psg",67.0074754011369,820200,2051600,"820200 2051600"
1018293,"privé - sans psg",48.1210708647998,834200,2083600,"834200 2083600"
1024684,"publis - communales",315.097552876179,824200,2053600,"824200 2053600"
1029518,"privé - sans psg",455.801763037299,840200,2091600,"840200 2091600"
1028857,"privé - sans psg",158.469016319138,838200,2085600,"838200 2085600"
1017948,"privé - sans psg",143.102979836964,832200,2067600,"832200 2067600"
1021285,"privé - sans psg",121.023194171207,828200,2055600,"828200 2055600"
1030053,"privé - sans psg",47.0776517295617,844200,2083600,"844200 2083600"
1005092,"privé - sans psg",484.494894075932,834200,2053600,"834200 2053600"
1009522,"privé - sans psg",237.186383884071,828200,2035600,"828200 2035600"
1021131,"publics - domaniales",79.5949969042086,826200,2029600,"826200 2029600"
1028518,"privé - sans psg",115.260412246167,824200,2023600,"824200 2023600"
1021556,"privé - sans psg",90.60757774489,832200,2037600,"832200 2037600"
1001995,"privé - sans psg",151.138778638347,826200,2019600,"826200 2019600"
1020988,"privé - sans psg",307.260950222468,840200,2051600,"840200 2051600"
1028076,"publis - communales",90.8371377952832,834200,2033600,"834200 2033600"
1007072,"privé - sans psg",65.4983727985369,840200,2041600,"840200 2041600"
1002599,"privé - sans psg",32.1485063801903,832200,2017600,"832200 2017600"
1020640,"privé - sans psg",353.271399825939,854200,2073600,"854200 2073600"
1008878,"privé - sans psg",2.09196394816775,844200,2043600,"844200 2043600"
1013274,"privé - sans psg",257.624685387072,842200,2037600,"842200 2037600"
1013897,"privé - sans psg",77.1516487153183,838200,2025600,"838200 2025600"
1029580,"privé - sans psg",186.719900214679,850200,2051600,"850200 2051600"
1029173,"privé - sans psg",202.990793580158,846200,2039600,"846200 2039600"
1000438,"privé - sans psg",202.13841502939,840200,2021600,"840200 2021600"
1009484,"privé - sans psg",481.289860959329,852200,2047600,"852200 2047600"
1002162,"privé - sans psg",536.306429630645,848200,2035600,"848200 2035600"
1022924,"privé - sans psg",109.040721572473,840200,2011600,"840200 2011600"
1023716,"privé - sans psg",536.301732338894,850200,2031600,"850200 2031600"
1025972,"privé - sans psg",377.049867668161,848200,2025600,"848200 2025600"
1017359,"publics - domaniales",335.432907999079,846200,2019600,"846200 2019600"
1005413,"publics - domaniales",16.3813340449443,844200,2013600,"844200 2013600"
1007616,"privé - sans psg",65.1234012984914,860200,2051600,"860200 2051600"
1029333,"publis - communales",169.963112496763,856200,2029600,"856200 2029600"
1031132,"publis - communales",273.754208133295,854200,2023600,"854200 2023600"
1016740,"publis - communales",222.388904508857,852200,2017600,"852200 2017600"
1021621,"privé - sans psg",348.577956462345,848200,2005600,"848200 2005600"
1014433,"publics - domaniales",146.033130170323,862200,2037600,"862200 2037600"
1011099,"publics - domaniales",398.597340720448,868200,2045600,"868200 2045600"
1005840,"publis - communales",118.193016309263,860200,2021600,"860200 2021600"
1005931,"publis - communales",218.921479705392,856200,2009600,"856200 2009600"
1002698,"privé - sans psg",198.747818849769,854200,2003600,"854200 2003600"
1002479,"publis - communales",345.813125638975,852200,1997600,"852200 1997600"
1001570,"publis - communales",108.260272554021,850200,1991600,"850200 1991600"
1023997,"privé - sans psg",217.60181607887,870200,2041600,"870200 2041600"
1013231,"publis - communales",202.26584529378,868200,2035600,"868200 2035600"
1001184,"privé - sans psg",314.790105474084,854200,1993600,"854200 1993600"
1025684,"privé - sans psg",423.88115019655,876200,2049600,"876200 2049600"
1025424,"privé - sans psg",495.697643173725,874200,2043600,"874200 2043600"
1010707,"privé - psg",472.225120983814,872200,2037600,"872200 2037600"
1019224,"privé - sans psg",292.042906656328,862200,2007600,"862200 2007600"
1015343,"privé - sans psg",12.7454155366452,858200,1995600,"858200 1995600"
1012121,"publis - communales",356.583314193954,856200,1989600,"856200 1989600"
1009910,"privé - sans psg",148.44006683655,866200,2009600,"866200 2009600"
1006778,"privé - sans psg",2.31362552991366,862200,1997600,"862200 1997600"
1025203,"privé - sans psg",253.886856634554,880200,2041600,"880200 2041600"
1028264,"privé - sans psg",43.7073637491765,868200,2005600,"868200 2005600"
1009301,"privé - sans psg",101.953339352369,864200,1993600,"864200 1993600"
1006384,"privé - sans psg",207.171887245683,860200,1981600,"860200 1981600"
1005575,"publis - communales",142.094881328766,876200,2019600,"876200 2019600"
1026112,"privé - sans psg",284.410373326767,874200,2013600,"874200 2013600"
1020285,"publis - communales",163.497309487681,872200,2007600,"872200 2007600"
1006004,"publis - communales",227.76381165172,870200,2001600,"870200 2001600"
1022406,"privé - sans psg",91.6522854335298,866200,1989600,"866200 1989600"
1006129,"privé - sans psg",2.14521823183764,864200,1983600,"864200 1983600"
1023902,"privé - sans psg",591.0565798798,890200,2051600,"890200 2051600"
1000001,"publis - communales",467.311884274121,888200,2045600,"888200 2045600"
1016623,"privé - sans psg",307.80166562265,884200,2033600,"884200 2033600"
1000187,"publis - communales",240.003694989763,878200,2015600,"878200 2015600"
1008413,"privé - sans psg",292.479535506313,876200,2009600,"876200 2009600"
1007864,"privé - sans psg",62.6661888645511,868200,1985600,"868200 1985600"
1025504,"privé - sans psg",105.08744131866,866200,1979600,"866200 1979600"
1013585,"privé - sans psg",89.9695412293384,880200,2021600,"880200 2021600"
1023696,"privé - sans psg",160.472205934914,894200,2053600,"894200 2053600"
1009913,"privé - sans psg",612.383051706906,892200,2047600,"892200 2047600"
1016885,"privé - sans psg",62.8264923055417,874200,1993600,"874200 1993600"
1003980,"publis - communales",275.047168708544,892200,2037600,"892200 2037600"
1028492,"publis - communales",158.833654529388,882200,2007600,"882200 2007600"
1014522,"privé - sans psg",527.618044138385,876200,1989600,"876200 1989600"
1022228,"privé - psg",227.588629715789,896200,2049600,"896200 2049600"
1023121,"publis - communales",105.320889559139,890200,2021600,"890200 2021600"
1021884,"publis - communales",93.973439744501,880200,1991600,"880200 1991600"
1026854,"publis - communales",332.16606319287,878200,1985600,"878200 1985600"
1024113,"privé - sans psg",392.90289339542,894200,2023600,"894200 2023600"
1000028,"privé - sans psg",529.888296488638,884200,1993600,"884200 1993600"
1003881,"privé - sans psg",724.885863647213,882200,1987600,"882200 1987600"
1009006,"publis - communales",13.1946646209529,880200,1981600,"880200 1981600"
1018660,"privé - sans psg",27.300273024844,892200,2017600,"892200 2017600"
1027501,"publis - communales",46.7796774813343,888200,2005600,"888200 2005600"
1013679,"privé - sans psg",87.4578606633734,896200,2009600,"896200 2009600"
1026817,"publis - communales",171.626087246517,836200,2249600,"836200 2249600"
1026242,"publis - communales",179.470786088574,830200,2231600,"830200 2231600"
1002041,"privé - psg",209.077166282329,834200,2233600,"834200 2233600"
1021746,"privé - sans psg",212.024748826339,830200,2221600,"830200 2221600"
1031169,"publis - communales",262.907173367605,846200,2249600,"846200 2249600"
1028815,"publics - domaniales",158.953404529394,844200,2233600,"844200 2233600"
1002901,"privé - sans psg",133.627401652293,834200,2203600,"834200 2203600"
1022606,"publis - communales",46.1752648991054,854200,2253600,"854200 2253600"
1030043,"publics - domaniales",345.785155953386,850200,2241600,"850200 2241600"
1012926,"publics - domaniales",415.175344053057,848200,2235600,"848200 2235600"
1025950,"privé - psg",417.476143340339,844200,2223600,"844200 2223600"
1001169,"privé - psg",258.683503151516,838200,2205600,"838200 2205600"
1013815,"publics - domaniales",195.045350097183,852200,2237600,"852200 2237600"
1010073,"publis - communales",263.351943906345,844200,2213600,"844200 2213600"
1013414,"privé - sans psg",114.137138679035,832200,2177600,"832200 2177600"
1014251,"publics - domaniales",139.043470504028,856200,2239600,"856200 2239600"
1031118,"publics - domaniales",125.006881468843,854200,2233600,"854200 2233600"
1023388,"privé - psg",421.320900646988,850200,2221600,"850200 2221600"
1000416,"privé - sans psg",111.844293624734,834200,2173600,"834200 2173600"
1020448,"publis - communales",329.186159366301,830200,2161600,"830200 2161600"
1001021,"publis - communales",196.85646427983,860200,2241600,"860200 2241600"
1008209,"publics - domaniales",311.161544953082,858200,2235600,"858200 2235600"
1015658,"privé - sans psg",325.979038496923,848200,2205600,"848200 2205600"
1006180,"privé - sans psg",214.880232440403,842200,2187600,"842200 2187600"
1020696,"privé - sans psg",402.74525589969,864200,2243600,"864200 2243600"
1003784,"publis - communales",217.1680794621,858200,2225600,"858200 2225600"
1007642,"privé - sans psg",393.734249867805,852200,2207600,"852200 2207600"
1013767,"publis - communales",127.135857078387,842200,2177600,"842200 2177600"
1004831,"privé - sans psg",39.6448130828118,838200,2165600,"838200 2165600"
1015635,"privé - sans psg",172.587760240376,836200,2159600,"836200 2159600"
1010497,"publics - domaniales",146.966652347345,860200,2221600,"860200 2221600"
1003108,"privé - sans psg",111.037710688463,844200,2173600,"844200 2173600"
1026367,"publis - communales",255.578997000276,860200,2211600,"860200 2211600"
1004459,"publis - communales",121.251065796028,854200,2193600,"854200 2193600"
1016084,"publis - communales",320.429879782121,850200,2181600,"850200 2181600"
1005534,"publis - communales",216.441022528643,844200,2163600,"844200 2163600"
1026110,"privé - sans psg",183.337389111592,840200,2151600,"840200 2151600"
1029886,"publis - communales",238.943815098006,868200,2225600,"868200 2225600"
1001958,"publis - communales",479.488060001437,866200,2219600,"866200 2219600"
1019415,"publis - communales",289.661912079174,864200,2213600,"864200 2213600"
1005115,"publis - communales",97.7817645859708,858200,2195600,"858200 2195600"
1026037,"privé - sans psg",100.948982467568,856200,2189600,"856200 2189600"
1024652,"privé - psg",290.345520283185,852200,2177600,"852200 2177600"
1023803,"privé - sans psg",66.6709032161899,850200,2171600,"850200 2171600"
1001357,"privé - sans psg",136.66533409646,844200,2153600,"844200 2153600"
1001714,"privé - sans psg",162.458255041863,870200,2221600,"870200 2221600"
1003269,"publics - domaniales",254.068299113219,868200,2215600,"868200 2215600"
1023619,"publis - communales",153.640190211038,854200,2173600,"854200 2173600"
1024893,"privé - sans psg",237.291577255703,852200,2167600,"852200 2167600"
1028657,"privé - sans psg",189.84030962016,868200,2205600,"868200 2205600"
1019969,"privé - sans psg",567.962084255779,860200,2181600,"860200 2181600"
1025669,"privé - sans psg",258.454221398447,876200,2219600,"876200 2219600"
1007852,"publis - communales",119.486119958376,874200,2213600,"874200 2213600"
1031056,"privé - sans psg",154.741098336182,868200,2195600,"868200 2195600"
1008184,"publis - communales",295.775553422611,864200,2183600,"864200 2183600"
1008621,"publis - communales",98.5135647262551,858200,2165600,"858200 2165600"
1012835,"publics - domaniales",279.344286396673,878200,2215600,"878200 2215600"
1011378,"publis - communales",373.810177416401,872200,2197600,"872200 2197600"
1000090,"privé - sans psg",156.439702324069,868200,2185600,"868200 2185600"
1027784,"privé - sans psg",171.465694400095,864200,2173600,"864200 2173600"
1027932,"publis - communales",242.739975241727,862200,2167600,"862200 2167600"
1019835,"privé - psg",140.496917325948,860200,2161600,"860200 2161600"
1024306,"publics - domaniales",276.183821579091,880200,2211600,"880200 2211600"
1025613,"privé - sans psg",147.507487824222,872200,2187600,"872200 2187600"
1013656,"publis - communales",184.819223388563,868200,2175600,"868200 2175600"
1007065,"publis - communales",253.845026681884,876200,2189600,"876200 2189600"
1021819,"publis - communales",201.488019755912,872200,2177600,"872200 2177600"
1014209,"publis - communales",146.778039620606,868200,2165600,"868200 2165600"
1025682,"privé - sans psg",208.55777580527,864200,2153600,"864200 2153600"
1026903,"publis - communales",272.169170672551,874200,2173600,"874200 2173600"
1022675,"publis - communales",32.4857098597752,872200,2167600,"872200 2167600"
1020248,"privé - sans psg",129.862687748214,870200,2161600,"870200 2161600"
1002308,"privé - psg",219.838962187399,868200,2155600,"868200 2155600"
1025451,"privé - sans psg",204.538819155907,866200,2149600,"866200 2149600"
1030058,"publis - communales",94.8518318178549,884200,2193600,"884200 2193600"
1005394,"publis - communales",215.546925855014,880200,2181600,"880200 2181600"
1016986,"publis - communales",267.013194932353,890200,2201600,"890200 2201600"
1012307,"privé - sans psg",239.958898789826,884200,2183600,"884200 2183600"
1023792,"privé - sans psg",253.181813988275,882200,2177600,"882200 2177600"
1030765,"privé - sans psg",117.929114890189,878200,2165600,"878200 2165600"
1022525,"privé - sans psg",339.253477589358,874200,2153600,"874200 2153600"
1023885,"publis - communales",113.978605368813,888200,2175600,"888200 2175600"
1021010,"privé - sans psg",381.711237270157,884200,2163600,"884200 2163600"
1028137,"privé - sans psg",168.061606008846,892200,2177600,"892200 2177600"
1029431,"privé - sans psg",82.1692383742033,312200,1917600,"312200 1917600"
1014285,"publics - domaniales",109.631416006502,308200,1905600,"308200 1905600"
1028177,"publics - domaniales",127.959249530218,306200,1899600,"306200 1899600"
1030713,"publics - domaniales",177.240423043712,304200,1893600,"304200 1893600"
1007572,"privé - sans psg",123.882694673069,312200,1907600,"312200 1907600"
1019414,"publics - domaniales",173.691005623582,310200,1901600,"310200 1901600"
1007112,"publics - domaniales",184.203815585147,308200,1895600,"308200 1895600"
1007902,"privé - sans psg",302.357337105048,306200,1889600,"306200 1889600"
1020567,"privé - psg",95.9527669009738,304200,1883600,"304200 1883600"
1020987,"privé - sans psg",51.181396026639,300200,1871600,"300200 1871600"
1007459,"privé - psg",61.0805780900574,298200,1865600,"298200 1865600"
1018790,"publis - communales",21.3992454905498,294200,1853600,"294200 1853600"
1006354,"privé - sans psg",17.7820597944052,326200,1939600,"326200 1939600"
1012530,"privé - sans psg",80.145134450502,322200,1927600,"322200 1927600"
1010124,"privé - psg",228.76269602138,320200,1921600,"320200 1921600"
1014617,"privé - psg",79.735732056709,318200,1915600,"318200 1915600"
1018206,"privé - psg",12.0707255662172,316200,1909600,"316200 1909600"
1006900,"privé - psg",143.750316432091,308200,1885600,"308200 1885600"
1012483,"privé - sans psg",182.909089425841,304200,1873600,"304200 1873600"
1030684,"privé - sans psg",161.334121247657,300200,1861600,"300200 1861600"
1019092,"privé - sans psg",2.29611918462808,296200,1849600,"296200 1849600"
1028248,"privé - psg",170.563488034558,308200,1875600,"308200 1875600"
1003191,"privé - sans psg",145.445910877982,304200,1863600,"304200 1863600"
1003015,"privé - sans psg",264.516744327078,302200,1857600,"302200 1857600"
1027366,"privé - psg",186.091545611734,300200,1851600,"300200 1851600"
1026741,"privé - sans psg",154.214226031398,324200,1913600,"324200 1913600"
1030618,"privé - psg",74.6233910190016,318200,1895600,"318200 1895600"
1011958,"privé - psg",110.396069699624,316200,1889600,"316200 1889600"
1008661,"privé - psg",194.047565742331,312200,1877600,"312200 1877600"
1001426,"privé - sans psg",11.555567169965,336200,1929600,"336200 1929600"
1021763,"privé - psg",98.6066863146268,332200,1917600,"332200 1917600"
1005143,"privé - psg",42.7110019888986,328200,1905600,"328200 1905600"
1008220,"privé - psg",35.782792351657,324200,1893600,"324200 1893600"
1001881,"privé - psg",62.7749910434804,318200,1875600,"318200 1875600"
1025072,"privé - sans psg",270.593124950147,316200,1869600,"316200 1869600"
1017854,"privé - sans psg",160.031940969277,312200,1857600,"312200 1857600"
1015020,"privé - sans psg",231.287946538873,314200,1853600,"314200 1853600"
1018670,"privé - psg",17.2717387490878,334200,1903600,"334200 1903600"
1017621,"privé - psg",51.9532783236624,332200,1897600,"332200 1897600"
1017511,"privé - psg",96.0327141499249,324200,1873600,"324200 1873600"
1002236,"publis - communales",151.409263938274,320200,1861600,"320200 1861600"
1001902,"publis - communales",136.452251811447,324200,1863600,"324200 1863600"
1028559,"publis - communales",65.589071515314,322200,1857600,"322200 1857600"
1028484,"privé - psg",37.4142542225418,348200,1925600,"348200 1925600"
1002820,"privé - sans psg",195.507265153358,328200,1855600,"328200 1855600"
1021185,"privé - psg",83.0969633855603,356200,1929600,"356200 1929600"
1004160,"privé - psg",72.663171399988,352200,1917600,"352200 1917600"
1006553,"publis - communales",136.564617309342,344200,1893600,"344200 1893600"
1030703,"privé - psg",306.147808805454,332200,1857600,"332200 1857600"
1009700,"privé - sans psg",143.369801422565,330200,1841600,"330200 1841600"
1018384,"privé - psg",3.18159113357038,360200,1921600,"360200 1921600"
1001335,"privé - psg",65.9941820058469,354200,1903600,"354200 1903600"
1008917,"privé - sans psg",17.9903535199913,350200,1891600,"350200 1891600"
1028731,"privé - sans psg",268.632730337544,336200,1849600,"336200 1849600"
1016880,"privé - psg",33.9883896008144,368200,1925600,"368200 1925600"
1004243,"privé - psg",48.008555013397,366200,1919600,"366200 1919600"
1000597,"privé - psg",77.2487265286243,356200,1889600,"356200 1889600"
1023265,"privé - sans psg",42.9960572245643,348200,1855600,"348200 1855600"
1023253,"privé - psg",9.84604880162095,362200,1887600,"362200 1887600"
1017789,"privé - psg",40.7773084722365,356200,1869600,"356200 1869600"
1029962,"privé - sans psg",366.12889457629,352200,1847600,"352200 1847600"
1008910,"privé - psg",86.3017570750073,376200,1909600,"376200 1909600"
1009235,"privé - psg",78.4891344218444,364200,1873600,"364200 1873600"
1017826,"privé - sans psg",73.3622056660479,362200,1867600,"362200 1867600"
1015921,"privé - sans psg",171.091900030529,356200,1849600,"356200 1849600"
1020973,"privé - sans psg",61.145088478219,366200,1869600,"366200 1869600"
1005144,"privé - psg",83.6008020755614,382200,1907600,"382200 1907600"
1021220,"privé - psg",55.3487138042876,376200,1889600,"376200 1889600"
1026503,"privé - psg",130.874309423117,374200,1883600,"374200 1883600"
1019036,"privé - sans psg",151.836016679821,372200,1867600,"372200 1867600"
1013019,"privé - sans psg",41.5316772106511,370200,1861600,"370200 1861600"
1005205,"privé - psg",61.288581021486,384200,1893600,"384200 1893600"
1011852,"privé - sans psg",156.663173360654,378200,1865600,"378200 1865600"
1029537,"privé - sans psg",172.930426003927,374200,1853600,"374200 1853600"
1012920,"privé - sans psg",89.9104373763711,372200,1847600,"372200 1847600"
1015113,"privé - sans psg",90.8841259377557,398200,1915600,"398200 1915600"
1026340,"privé - psg",124.909465727253,396200,1909600,"396200 1909600"
1006666,"privé - psg",9.91776521588926,394200,1903600,"394200 1903600"
1001919,"privé - sans psg",159.200215776342,388200,1885600,"388200 1885600"
1029857,"privé - sans psg",172.68509943111,384200,1873600,"384200 1873600"
1018460,"privé - sans psg",113.056986769953,380200,1851600,"380200 1851600"
1011629,"privé - psg",42.9002582977037,400200,1901600,"400200 1901600"
1013919,"privé - psg",195.321519926552,396200,1889600,"396200 1889600"
1011737,"privé - psg",112.161711606868,400200,1891600,"400200 1891600"
1005997,"privé - sans psg",121.349727622038,398200,1885600,"398200 1885600"
1020481,"privé - sans psg",501.018881888463,394200,1873600,"394200 1873600"
1025005,"privé - sans psg",64.2287349442997,388200,1855600,"388200 1855600"
1012986,"privé - sans psg",130.455076972678,384200,1843600,"384200 1843600"
1024155,"privé - psg",105.160251059552,406200,1899600,"406200 1899600"
1018508,"privé - psg",39.9822648521298,414200,1903600,"414200 1903600"
1009753,"publis - communales",102.181198899125,412200,1897600,"412200 1897600"
1018397,"privé - psg",113.456661462664,420200,1901600,"420200 1901600"
1014646,"privé - psg",3.62998053286167,418200,1895600,"418200 1895600"
1000857,"privé - psg",253.444140407641,490200,2341600,"490200 2341600"
1018867,"privé - sans psg",227.640992768085,480200,2301600,"480200 2301600"
1025074,"privé - sans psg",96.6172097272011,494200,2333600,"494200 2333600"
1014673,"privé - sans psg",158.016683693461,486200,2309600,"486200 2309600"
1017695,"privé - sans psg",312.531781169561,484200,2303600,"484200 2303600"
1014179,"privé - sans psg",216.438207785517,500200,2321600,"500200 2321600"
1006265,"privé - sans psg",214.833434173826,508200,2335600,"508200 2335600"
1009754,"privé - sans psg",262.28316215992,502200,2317600,"502200 2317600"
1002911,"privé - psg",319.423113714957,512200,2327600,"512200 2327600"
1025811,"privé - sans psg",271.23316954417,510200,2321600,"510200 2321600"
1031124,"privé - psg",293.5954513044,508200,2315600,"508200 2315600"
1017092,"privé - psg",4.11084018249089,518200,2325600,"518200 2325600"
1010021,"publis - communales",165.037661784411,514200,2313600,"514200 2313600"
1027531,"privé - psg",60.4372643916268,520200,2321600,"520200 2321600"
1020937,"privé - psg",476.24831606141,508200,2285600,"508200 2285600"
1025542,"privé - psg",203.416519560912,512200,2287600,"512200 2287600"
1024580,"privé - sans psg",29.5080054722153,510200,2281600,"510200 2281600"
1014414,"privé - sans psg",149.255727229266,508200,2275600,"508200 2275600"
1007949,"privé - psg",24.9590140974446,516200,2289600,"516200 2289600"
1029773,"publics - domaniales",231.604666126085,518200,2285600,"518200 2285600"
1025681,"privé - psg",125.271338952566,514200,2273600,"514200 2273600"
1012010,"privé - psg",143.351315121653,512200,2267600,"512200 2267600"
1004550,"privé - psg",290.977721824032,532200,2317600,"532200 2317600"
1024388,"privé - psg",149.133180952926,534200,2313600,"534200 2313600"
1021800,"publics - domaniales",7.86296659945077,524200,2283600,"524200 2283600"
1011163,"publics - domaniales",4.40366191115389,532200,2287600,"532200 2287600"
1025049,"publics - domaniales",67.1756844619198,530200,2281600,"530200 2281600"
1028197,"privé - sans psg",151.856469335361,528200,2275600,"528200 2275600"
1005023,"privé - sans psg",14.730346254341,520200,2251600,"520200 2251600"
1016719,"privé - sans psg",739.661065865042,540200,2301600,"540200 2301600"
1013506,"publics - domaniales",175.575584959908,536200,2289600,"536200 2289600"
1009510,"privé - sans psg",61.8088287140283,532200,2277600,"532200 2277600"
1001938,"privé - sans psg",184.216893308149,524200,2253600,"524200 2253600"
1002609,"privé - sans psg",152.716245120236,542200,2297600,"542200 2297600"
1011971,"publics - domaniales",170.522015309875,540200,2291600,"540200 2291600"
1006458,"publics - domaniales",301.889356321463,538200,2285600,"538200 2285600"
1019905,"privé - sans psg",202.92316914474,536200,2279600,"536200 2279600"
1019030,"privé - psg",184.33480428797,534200,2273600,"534200 2273600"
1018843,"privé - sans psg",283.386890436928,526200,2249600,"526200 2249600"
1007434,"privé - sans psg",84.8002238138723,544200,2293600,"544200 2293600"
1030097,"privé - psg",64.634911290721,540200,2281600,"540200 2281600"
1027939,"privé - sans psg",67.0963537221475,538200,2275600,"538200 2275600"
1020237,"privé - psg",115.271086976502,536200,2269600,"536200 2269600"
1019922,"privé - psg",437.342490123695,532200,2257600,"532200 2257600"
1030282,"privé - psg",134.361241149761,548200,2295600,"548200 2295600"
1026135,"publics - domaniales",161.624655911361,546200,2289600,"546200 2289600"
1024143,"privé - psg",58.2244397259492,544200,2283600,"544200 2283600"
1001236,"privé - psg",188.505611507691,548200,2285600,"548200 2285600"
1018430,"privé - sans psg",46.9676518230386,544200,2273600,"544200 2273600"
1005058,"privé - sans psg",90.8401217665902,540200,2261600,"540200 2261600"
1012061,"privé - sans psg",330.558282490529,552200,2287600,"552200 2287600"
1003744,"privé - psg",83.4225524813404,550200,2281600,"550200 2281600"
1024719,"privé - psg",210.213077561395,544200,2263600,"544200 2263600"
1014371,"privé - psg",82.574694345545,556200,2289600,"556200 2289600"
1004626,"privé - psg",325.839346956991,552200,2277600,"552200 2277600"
1028217,"privé - psg",319.680941591132,548200,2265600,"548200 2265600"
1000672,"privé - psg",116.314917052965,546200,2259600,"546200 2259600"
1016537,"privé - psg",173.069463093664,560200,2291600,"560200 2291600"
1024347,"privé - psg",91.388539032893,556200,2279600,"556200 2279600"
1001110,"privé - sans psg",128.936851066374,554200,2273600,"554200 2273600"
1020431,"privé - sans psg",86.157497818388,550200,2261600,"550200 2261600"
1025502,"privé - psg",246.549407330237,564200,2293600,"564200 2293600"
1010396,"privé - sans psg",286.076145934037,556200,2269600,"556200 2269600"
1026689,"privé - psg",361.160367460621,552200,2257600,"552200 2257600"
1009251,"privé - psg",99.1155361707271,568200,2295600,"568200 2295600"
1028926,"privé - psg",280.992878192651,562200,2277600,"562200 2277600"
1024848,"privé - psg",200.557107302928,560200,2271600,"560200 2271600"
1023694,"privé - psg",53.1879902988543,558200,2265600,"558200 2265600"
1002996,"privé - sans psg",251.144491876602,554200,2253600,"554200 2253600"
1024336,"privé - psg",67.6656168814086,570200,2291600,"570200 2291600"
1029501,"privé - psg",72.7476916385384,568200,2285600,"568200 2285600"
1015357,"privé - psg",215.173179452813,564200,2273600,"564200 2273600"
1019401,"privé - psg",265.769098179899,560200,2261600,"560200 2261600"
1024622,"privé - psg",163.492905735168,574200,2293600,"574200 2293600"
1011201,"privé - psg",147.49672153218,572200,2287600,"572200 2287600"
1004607,"privé - psg",368.692696219451,570200,2281600,"570200 2281600"
1003402,"privé - sans psg",530.442017401802,566200,2269600,"566200 2269600"
1008370,"privé - psg",234.955076059268,564200,2263600,"564200 2263600"
1007563,"privé - psg",192.56241666596,562200,2257600,"562200 2257600"
1021612,"privé - psg",204.132564405298,572200,2277600,"572200 2277600"
1001737,"privé - sans psg",128.073930375543,564200,2253600,"564200 2253600"
1015046,"publics - domaniales",88.6241708527779,582200,2297600,"582200 2297600"
1027225,"privé - psg",65.7252143130563,580200,2291600,"580200 2291600"
1019453,"privé - sans psg",231.168523234104,578200,2285600,"578200 2285600"
1006596,"privé - psg",106.015338166556,572200,2267600,"572200 2267600"
1022579,"privé - psg",68.1132610588202,570200,2261600,"570200 2261600"
1002518,"privé - psg",157.63286852989,584200,2293600,"584200 2293600"
1006368,"privé - psg",129.100579874122,580200,2281600,"580200 2281600"
1015035,"privé - psg",251.079178012535,578200,2275600,"578200 2275600"
1015066,"privé - psg",88.2582188104666,576200,2269600,"576200 2269600"
1023068,"privé - psg",173.80132716693,572200,2257600,"572200 2257600"
1022434,"privé - sans psg",24.1746114628484,588200,2295600,"588200 2295600"
1006213,"privé - psg",614.335414222614,584200,2283600,"584200 2283600"
1004085,"privé - psg",156.292822649607,582200,2277600,"582200 2277600"
1022083,"privé - sans psg",75.0014171244872,578200,2265600,"578200 2265600"
1025923,"privé - psg",345.797895751341,576200,2259600,"576200 2259600"
1030441,"privé - psg",118.951920810181,584200,2273600,"584200 2273600"
1006137,"privé - psg",77.3820245775628,588200,2275600,"588200 2275600"
1027586,"privé - psg",141.290939432811,586200,2269600,"586200 2269600"
1016271,"privé - psg",39.3766983051691,582200,2257600,"582200 2257600"
1006023,"privé - psg",320.729495530573,584200,2253600,"584200 2253600"
1011707,"privé - sans psg",142.648244511506,714200,2133600,"714200 2133600"
1030480,"privé - sans psg",17.5148290193372,708200,2105600,"708200 2105600"
1018218,"privé - psg",162.172089890887,716200,2119600,"716200 2119600"
1010426,"privé - sans psg",369.307468881309,710200,2101600,"710200 2101600"
1028511,"privé - psg",283.232927488627,708200,2095600,"708200 2095600"
1003986,"privé - sans psg",366.073850576692,720200,2121600,"720200 2121600"
1012858,"publis - communales",114.715070020912,716200,2109600,"716200 2109600"
1011540,"privé - psg",305.239324515243,720200,2111600,"720200 2111600"
1007910,"privé - psg",381.882739362667,732200,2127600,"732200 2127600"
1028762,"privé - sans psg",410.866456690958,720200,2091600,"720200 2091600"
1027092,"privé - sans psg",426.966556577834,716200,2079600,"716200 2079600"
1002664,"privé - sans psg",140.488458034758,728200,2105600,"728200 2105600"
1030980,"privé - sans psg",185.682507619172,726200,2089600,"726200 2089600"
1018336,"privé - sans psg",31.1733061884278,724200,2083600,"724200 2083600"
1023764,"privé - sans psg",459.844858807891,722200,2077600,"722200 2077600"
1006998,"privé - sans psg",120.214326995625,732200,2097600,"732200 2097600"
1014694,"privé - sans psg",156.308639612458,728200,2085600,"728200 2085600"
1018591,"privé - sans psg",59.5707666454874,748200,2125600,"748200 2125600"
1017505,"privé - sans psg",98.9617264107292,728200,2065600,"728200 2065600"
1015745,"privé - sans psg",185.289613495067,742200,2097600,"742200 2097600"
1020306,"publis - communales",50.8139830764148,736200,2079600,"736200 2079600"
1026427,"privé - sans psg",163.013333460655,744200,2093600,"744200 2093600"
1028351,"privé - sans psg",106.206100721802,732200,2057600,"732200 2057600"
1005981,"privé - sans psg",127.386262005025,730200,2051600,"730200 2051600"
1012432,"privé - sans psg",170.666336499087,728200,2045600,"728200 2045600"
1019488,"privé - psg",253.646940393624,748200,2095600,"748200 2095600"
1014356,"privé - sans psg",39.5334606359261,740200,2071600,"740200 2071600"
1029747,"privé - sans psg",261.826330173421,730200,2041600,"730200 2041600"
1026699,"privé - sans psg",185.899280213809,736200,2049600,"736200 2049600"
1029727,"privé - sans psg",21.3238271256242,752200,2087600,"752200 2087600"
1008023,"privé - sans psg",232.723806867367,736200,2039600,"736200 2039600"
1020515,"privé - psg",36.7067479432368,752200,2077600,"752200 2077600"
1006115,"privé - sans psg",174.49255142512,754200,2073600,"754200 2073600"
1008358,"privé - sans psg",195.685729452397,756200,2059600,"756200 2059600"
1007522,"privé - sans psg",168.740388812671,770200,2061600,"770200 2061600"
1006791,"privé - sans psg",17.8399691611706,766200,2049600,"766200 2049600"
1007872,"privé - sans psg",302.102699405911,762200,2037600,"762200 2037600"
1005427,"privé - sans psg",249.827871848927,764200,2033600,"764200 2033600"
1011970,"privé - sans psg",242.191286458563,778200,2065600,"778200 2065600"
1024702,"privé - sans psg",310.780447564736,774200,2053600,"774200 2053600"
1006386,"privé - psg",209.770934072142,770200,2041600,"770200 2041600"
1002527,"privé - sans psg",275.826113344253,772200,2037600,"772200 2037600"
1023147,"publis - communales",239.592875876774,780200,2051600,"780200 2051600"
1016679,"privé - sans psg",4.62566697709909,778200,2045600,"778200 2045600"
1000969,"privé - sans psg",181.794683112188,776200,2039600,"776200 2039600"
1028126,"privé - sans psg",66.0838774539601,784200,2053600,"784200 2053600"
1015260,"privé - sans psg",347.212718666331,780200,2041600,"780200 2041600"
1025042,"privé - sans psg",33.6345790640643,778200,2035600,"778200 2035600"
1010926,"privé - sans psg",24.9925900136601,788200,2045600,"788200 2045600"
1008100,"privé - sans psg",43.7620088420893,664200,2033600,"664200 2033600"
1028046,"privé - sans psg",50.8744174236636,668200,2035600,"668200 2035600"
1027591,"privé - sans psg",16.7361375395284,670200,2031600,"670200 2031600"
1028844,"privé - sans psg",397.235515632304,672200,2027600,"672200 2027600"
1002340,"privé - sans psg",251.847220318662,684200,2043600,"684200 2043600"
1026315,"privé - sans psg",28.1251107452532,680200,2031600,"680200 2031600"
1030334,"privé - sans psg",63.0459836941383,678200,2025600,"678200 2025600"
1007202,"privé - sans psg",184.443584438733,686200,2039600,"686200 2039600"
1007546,"privé - sans psg",95.991194368136,682200,2027600,"682200 2027600"
1024959,"privé - sans psg",118.66464083963,680200,2021600,"680200 2021600"
1026765,"privé - psg",222.130230163786,690200,2041600,"690200 2041600"
1029230,"privé - sans psg",102.446222074109,688200,2035600,"688200 2035600"
1000135,"privé - sans psg",141.217142536733,682200,2017600,"682200 2017600"
1017716,"privé - sans psg",180.647892832824,680200,2011600,"680200 2011600"
1002139,"privé - sans psg",332.576722232751,678200,2005600,"678200 2005600"
1016968,"publics - domaniales",85.2049631181374,684200,2013600,"684200 2013600"
1005034,"privé - sans psg",23.4282710467005,680200,2001600,"680200 2001600"
1009768,"privé - sans psg",425.009535874035,696200,2039600,"696200 2039600"
1029500,"privé - sans psg",9.63873955306736,694200,2033600,"694200 2033600"
1022648,"privé - sans psg",219.219599158285,686200,2009600,"686200 2009600"
1030304,"publis - communales",281.324562102103,684200,2003600,"684200 2003600"
1027476,"privé - sans psg",197.388712355234,698200,2035600,"698200 2035600"
1006294,"privé - sans psg",303.906064259453,696200,2029600,"696200 2029600"
1011436,"privé - psg",220.426755062418,690200,2011600,"690200 2011600"
1018804,"privé - sans psg",116.914175628331,688200,2005600,"688200 2005600"
1004787,"privé - sans psg",577.683067121997,702200,2037600,"702200 2037600"
1031194,"privé - sans psg",344.45825713051,700200,2031600,"700200 2031600"
1003849,"privé - sans psg",252.778355687921,698200,2025600,"698200 2025600"
1018786,"privé - sans psg",110.932867047246,692200,2007600,"692200 2007600"
1024462,"publis - communales",424.668989496048,688200,1995600,"688200 1995600"
1025742,"publis - communales",72.9933787536127,686200,1989600,"686200 1989600"
1021128,"privé - sans psg",328.528890541229,704200,2033600,"704200 2033600"
1006589,"privé - sans psg",5.57469709538783,700200,2021600,"700200 2021600"
1003563,"privé - sans psg",157.349939607332,696200,2009600,"696200 2009600"
1023279,"publis - communales",266.666588920938,688200,1985600,"688200 1985600"
1007683,"privé - sans psg",101.544375393194,706200,2029600,"706200 2029600"
1014860,"privé - sans psg",348.616300140901,704200,2023600,"704200 2023600"
1003446,"privé - sans psg",79.4310663840003,698200,2005600,"698200 2005600"
1021810,"publis - communales",27.9021982469893,714200,2043600,"714200 2043600"
1014905,"privé - sans psg",468.111526596912,708200,2025600,"708200 2025600"
1031328,"privé - sans psg",386.052761688622,706200,2019600,"706200 2019600"
1011853,"privé - sans psg",300.449713067499,696200,1989600,"696200 1989600"
1021598,"privé - sans psg",655.526458104602,714200,2033600,"714200 2033600"
1023506,"privé - sans psg",287.748702877493,712200,2027600,"712200 2027600"
1015919,"privé - sans psg",269.720645428702,710200,2021600,"710200 2021600"
1017441,"publis - communales",205.812602634464,704200,2003600,"704200 2003600"
1018571,"privé - sans psg",96.1742404145888,702200,1997600,"702200 1997600"
1005718,"privé - sans psg",187.860465290789,698200,1985600,"698200 1985600"
1006752,"privé - sans psg",36.3706921634093,714200,2023600,"714200 2023600"
1014413,"privé - sans psg",267.045173615292,720200,2031600,"720200 2031600"
1024192,"privé - sans psg",1.44088912968995,718200,2025600,"718200 2025600"
1014942,"privé - sans psg",113.518973731562,708200,1995600,"708200 1995600"
1012154,"privé - sans psg",346.162228131132,724200,2033600,"724200 2033600"
1017613,"privé - psg",138.025643134586,720200,2021600,"720200 2021600"
1022273,"privé - sans psg",256.001708754717,716200,2009600,"716200 2009600"
1015834,"privé - sans psg",144.993011707826,724200,2023600,"724200 2023600"
1016855,"privé - sans psg",312.572065485629,722200,2017600,"722200 2017600"
1021261,"privé - sans psg",215.276031099593,720200,2011600,"720200 2011600"
1024934,"privé - sans psg",269.398495553321,718200,2005600,"718200 2005600"
1026639,"privé - sans psg",37.7159154073124,732200,2037600,"732200 2037600"
1029484,"privé - sans psg",100.052821112615,724200,2013600,"724200 2013600"
1001622,"privé - sans psg",94.1021906627722,720200,2001600,"720200 2001600"
1021399,"privé - sans psg",217.930594603277,734200,2033600,"734200 2033600"
1008827,"privé - sans psg",198.245532930075,728200,2015600,"728200 2015600"
1027777,"privé - sans psg",190.531935968242,724200,2003600,"724200 2003600"
1007831,"privé - sans psg",312.645390222725,722200,1997600,"722200 1997600"
1015783,"privé - sans psg",232.234336679147,740200,2041600,"740200 2041600"
1010330,"privé - sans psg",63.79251918599,736200,2029600,"736200 2029600"
1012426,"privé - sans psg",145.523389792956,730200,2011600,"730200 2011600"
1011991,"privé - sans psg",302.084043204498,724200,1993600,"724200 1993600"
1005334,"privé - sans psg",409.163342934083,734200,2013600,"734200 2013600"
1008544,"privé - sans psg",231.456074476779,728200,1995600,"728200 1995600"
1006193,"privé - sans psg",128.997368181609,746200,2029600,"746200 2029600"
1028066,"publis - communales",92.0576688772206,744200,2023600,"744200 2023600"
1003005,"publics - domaniales",133.165303993546,740200,2011600,"740200 2011600"
1028246,"privé - sans psg",113.578041225468,736200,1999600,"736200 1999600"
1031178,"privé - sans psg",83.60030860029,730200,1981600,"730200 1981600"
1010413,"privé - sans psg",152.852684898527,748200,2025600,"748200 2025600"
1009870,"privé - sans psg",273.412598157518,744200,2013600,"744200 2013600"
1027597,"privé - sans psg",131.400373328279,740200,2001600,"740200 2001600"
1025124,"privé - sans psg",197.308128953487,752200,2027600,"752200 2027600"
1023618,"publis - communales",154.669505358586,746200,2009600,"746200 2009600"
1019174,"privé - sans psg",82.0573128230633,756200,2029600,"756200 2029600"
1027905,"privé - sans psg",515.750138494472,756200,2019600,"756200 2019600"
1026500,"privé - sans psg",741.901212690876,754200,2013600,"754200 2013600"
1028989,"privé - sans psg",48.3786722453142,752200,2007600,"752200 2007600"
1031335,"publis - communales",97.38429901073,748200,1995600,"748200 1995600"
1006003,"privé - sans psg",210.782232158024,762200,2027600,"762200 2027600"
1022017,"privé - sans psg",318.656725053697,760200,2021600,"760200 2021600"
1028625,"privé - sans psg",230.549179312323,766200,2029600,"766200 2029600"
1013090,"privé - sans psg",39.7377795061003,250200,2281600,"250200 2281600"
1025689,"privé - sans psg",37.8925653916032,246200,2269600,"246200 2269600"
1016455,"privé - sans psg",151.894084201825,248200,2265600,"248200 2265600"
1006561,"privé - sans psg",188.097907947695,252200,2267600,"252200 2267600"
1001738,"privé - sans psg",138.584155925155,268200,2285600,"268200 2285600"
1030818,"privé - sans psg",253.960427753224,282200,2307600,"282200 2307600"
1026360,"privé - sans psg",137.301083901341,280200,2301600,"280200 2301600"
1024330,"privé - psg",171.8571244192,276200,2279600,"276200 2279600"
1001753,"privé - sans psg",174.695244049014,274200,2273600,"274200 2273600"
1010054,"privé - sans psg",128.492804360235,288200,2295600,"288200 2295600"
1001391,"publics - domaniales",384.303266260658,286200,2289600,"286200 2289600"
1021609,"privé - sans psg",256.325920855188,274200,2253600,"274200 2253600"
1018099,"publics - domaniales",517.229030784168,290200,2291600,"290200 2291600"
1004837,"publics - domaniales",11.2125303834322,288200,2285600,"288200 2285600"
1025965,"privé - psg",201.076955022854,308200,2315600,"308200 2315600"
1016953,"privé - sans psg",98.8317854114351,292200,2267600,"292200 2267600"
1027675,"privé - psg",221.135961041813,312200,2317600,"312200 2317600"
1002557,"privé - psg",133.375286272113,308200,2305600,"308200 2305600"
1000223,"privé - sans psg",251.45624537907,316200,2309600,"316200 2309600"
1020203,"privé - psg",129.269636592754,308200,2285600,"308200 2285600"
1012790,"privé - sans psg",145.199045281366,300200,2261600,"300200 2261600"
1028372,"privé - sans psg",1.58579757950552,298200,2255600,"298200 2255600"
1025425,"privé - sans psg",87.3562181145561,296200,2249600,"296200 2249600"
1004153,"privé - sans psg",201.225325817847,294200,2233600,"294200 2233600"
1027434,"privé - psg",136.344372314077,324200,2313600,"324200 2313600"
1002651,"privé - psg",165.996197574072,328200,2305600,"328200 2305600"
1029206,"privé - sans psg",90.5354566239754,332200,2297600,"332200 2297600"
1006802,"privé - sans psg",225.156210729039,326200,2269600,"326200 2269600"
1000782,"privé - sans psg",163.551279093033,320200,2241600,"320200 2241600"
1014244,"privé - psg",24.6415936237418,554200,2323600,"554200 2323600"
1025593,"privé - sans psg",173.602839351932,560200,2331600,"560200 2331600"
1011653,"privé - sans psg",254.947027489085,558200,2325600,"558200 2325600"
1001418,"privé - sans psg",247.393822708775,552200,2307600,"552200 2307600"
1006630,"publics - domaniales",228.473209394386,568200,2335600,"568200 2335600"
1004287,"privé - sans psg",87.4423733950167,566200,2329600,"566200 2329600"
1001779,"privé - psg",206.195719193741,560200,2311600,"560200 2311600"
1016121,"privé - psg",109.444341371566,558200,2305600,"558200 2305600"
1007711,"publics - domaniales",500.745622252959,570200,2331600,"570200 2331600"
1026146,"privé - sans psg",185.414550695611,562200,2307600,"562200 2307600"
1001238,"privé - psg",196.580015732935,560200,2301600,"560200 2301600"
1029274,"privé - sans psg",285.296236477677,558200,2295600,"558200 2295600"
1019450,"publics - domaniales",281.38435230271,572200,2327600,"572200 2327600"
1002286,"privé - psg",204.810341322351,566200,2309600,"566200 2309600"
1018504,"privé - psg",152.834994336211,564200,2303600,"564200 2303600"
1023516,"privé - psg",126.941755756431,562200,2297600,"562200 2297600"
1005582,"privé - psg",184.216878761677,576200,2329600,"576200 2329600"
1000070,"privé - psg",224.538986990122,582200,2337600,"582200 2337600"
1004322,"privé - psg",225.595358260525,580200,2331600,"580200 2331600"
1027078,"privé - psg",32.54585201712,576200,2319600,"576200 2319600"
1028418,"privé - psg",144.834111235934,574200,2313600,"574200 2313600"
1009923,"privé - psg",139.610396703276,572200,2307600,"572200 2307600"
1005756,"publics - domaniales",323.029218543719,584200,2333600,"584200 2333600"
1018118,"privé - psg",46.8725597843885,572200,2297600,"572200 2297600"
1027484,"privé - sans psg",196.3653851908,590200,2341600,"590200 2341600"
1006777,"publics - domaniales",297.329395502511,588200,2335600,"588200 2335600"
1009826,"publics - domaniales",251.256982148767,586200,2329600,"586200 2329600"
1015951,"privé - sans psg",387.991657080805,584200,2323600,"584200 2323600"
1028178,"privé - sans psg",91.7482828560668,578200,2305600,"578200 2305600"
1020799,"privé - psg",94.0231999731371,576200,2299600,"576200 2299600"
1019939,"publics - domaniales",439.919982316602,592200,2337600,"592200 2337600"
1016601,"privé - psg",27.2306223042481,580200,2301600,"580200 2301600"
1030221,"publics - domaniales",48.1051624493268,594200,2333600,"594200 2333600"
1031075,"publics - domaniales",221.813457137948,592200,2327600,"592200 2327600"
1025891,"privé - psg",98.6887487430594,590200,2321600,"590200 2321600"
1031136,"privé - psg",254.70023052064,586200,2309600,"586200 2309600"
1024529,"privé - psg",97.1826109211479,584200,2303600,"584200 2303600"
1015790,"privé - sans psg",228.100095678089,596200,2329600,"596200 2329600"
1000452,"privé - sans psg",62.6443104753507,594200,2323600,"594200 2323600"
1022334,"privé - sans psg",188.492619573035,588200,2305600,"588200 2305600"
1001502,"privé - psg",102.238695273593,586200,2299600,"586200 2299600"
1000466,"publics - domaniales",259.094557111656,600200,2331600,"600200 2331600"
1016717,"publics - domaniales",41.7465831634712,598200,2325600,"598200 2325600"
1004892,"privé - psg",151.87531906121,592200,2307600,"592200 2307600"
1026104,"privé - sans psg",160.477633335016,590200,2301600,"590200 2301600"
1012011,"publics - domaniales",366.223456857042,600200,2321600,"600200 2321600"
1008716,"privé - psg",75.410427177486,596200,2299600,"596200 2299600"
1029026,"privé - sans psg",113.07587196146,600200,2301600,"600200 2301600"
1011827,"privé - psg",51.7409348554172,604200,2303600,"604200 2303600"
1027823,"privé - psg",352.174506713841,600200,2291600,"600200 2291600"
1013866,"publics - domaniales",175.368773389442,614200,2313600,"614200 2313600"
1027684,"privé - sans psg",173.087364666146,612200,2307600,"612200 2307600"
1011047,"privé - sans psg",339.134359205755,610200,2301600,"610200 2301600"
1002313,"publics - domaniales",213.792003316258,616200,2309600,"616200 2309600"
1018054,"privé - psg",79.5520926706551,632200,2347600,"632200 2347600"
1003333,"publics - domaniales",156.140527823213,620200,2311600,"620200 2311600"
1005746,"privé - sans psg",136.124568727667,612200,2287600,"612200 2287600"
1016981,"publics - domaniales",228.378599703305,632200,2337600,"632200 2337600"
1006481,"publics - domaniales",206.392589415397,636200,2339600,"636200 2339600"
1014516,"privé - sans psg",149.632889345876,620200,2291600,"620200 2291600"
1002795,"privé - psg",353.029545281166,628200,2305600,"628200 2305600"
1023578,"privé - psg",388.104948082495,632200,2307600,"632200 2307600"
1022570,"privé - sans psg",239.29956676273,630200,2301600,"630200 2301600"
1026649,"privé - psg",211.972793515006,628200,2295600,"628200 2295600"
1024248,"privé - sans psg",203.605983224401,644200,2333600,"644200 2333600"
1010035,"privé - psg",271.864746717065,640200,2301600,"640200 2301600"
1007744,"privé - sans psg",160.204107623017,638200,2295600,"638200 2295600"
1025184,"privé - sans psg",251.703273334657,500200,1951600,"500200 1951600"
1003616,"privé - sans psg",322.074797406806,504200,1953600,"504200 1953600"
1003153,"privé - sans psg",4.00788515602321,502200,1947600,"502200 1947600"
1007384,"privé - sans psg",74.9652679541838,508200,1955600,"508200 1955600"
1007569,"privé - sans psg",252.708232168091,506200,1949600,"506200 1949600"
1024645,"privé - sans psg",72.967320032409,512200,1957600,"512200 1957600"
1030442,"privé - sans psg",22.4265302507598,506200,1939600,"506200 1939600"
1005814,"privé - sans psg",101.67035818225,528200,1995600,"528200 1995600"
1012545,"privé - sans psg",129.67803728692,512200,1947600,"512200 1947600"
1023511,"privé - sans psg",9.9654405621979,510200,1941600,"510200 1941600"
1029889,"privé - sans psg",166.1767042367,530200,1991600,"530200 1991600"
1010343,"privé - psg",62.6624304121054,528200,1985600,"528200 1985600"
1029712,"privé - sans psg",297.798163873322,520200,1961600,"520200 1961600"
1020993,"privé - sans psg",104.403958112209,512200,1937600,"512200 1937600"
1008238,"privé - sans psg",126.191720622841,528200,1975600,"528200 1975600"
1012767,"privé - sans psg",11.3936646191215,538200,1995600,"538200 1995600"
1029697,"privé - sans psg",20.6367872783598,522200,1947600,"522200 1947600"
1006387,"privé - sans psg",44.4990133443334,516200,1929600,"516200 1929600"
1022995,"privé - sans psg",351.926256134471,538200,1985600,"538200 1985600"
1002885,"privé - sans psg",26.9977912743907,532200,1967600,"532200 1967600"
1002376,"privé - sans psg",57.02929170742,544200,1993600,"544200 1993600"
1009068,"privé - sans psg",224.638147781533,536200,1969600,"536200 1969600"
1004991,"privé - sans psg",6.81865200129649,528200,1945600,"528200 1945600"
1005503,"privé - sans psg",33.3272687779836,524200,1933600,"524200 1933600"
1007084,"privé - sans psg",52.1874167087244,522200,1927600,"522200 1927600"
1005587,"privé - sans psg",63.1275541363094,548200,1995600,"548200 1995600"
1005284,"privé - sans psg",299.501434242722,546200,1989600,"546200 1989600"
1003448,"privé - sans psg",20.8096169037197,530200,1941600,"530200 1941600"
1001766,"privé - sans psg",172.527687031238,544200,1973600,"544200 1973600"
1013608,"privé - sans psg",5.47126278340577,532200,1937600,"532200 1937600"
1027125,"privé - sans psg",6.6457990173928,530200,1931600,"530200 1931600"
1021191,"privé - sans psg",180.877245291518,528200,1925600,"528200 1925600"
1001641,"privé - psg",26.5410075117668,554200,1973600,"554200 1973600"
1028863,"privé - sans psg",285.446031965865,560200,1981600,"560200 1981600"
1024018,"privé - sans psg",52.5953799146084,556200,1969600,"556200 1969600"
1023422,"privé - sans psg",133.257901498423,552200,1957600,"552200 1957600"
1012071,"publics - domaniales",0.668545157785129,548200,1945600,"548200 1945600"
1011318,"privé - sans psg",47.6952816853943,542200,1927600,"542200 1927600"
1026039,"publis - communales",89.1134227686219,568200,1995600,"568200 1995600"
1021927,"privé - sans psg",443.410687867605,566200,1989600,"566200 1989600"
1002186,"privé - sans psg",233.730598387302,562200,1977600,"562200 1977600"
1010375,"privé - sans psg",18.9058818726288,556200,1959600,"556200 1959600"
1015860,"privé - sans psg",55.0104540746796,552200,1947600,"552200 1947600"
1010620,"privé - sans psg",40.8103709726741,548200,1935600,"548200 1935600"
1020611,"privé - sans psg",132.339776458617,568200,1985600,"568200 1985600"
1021446,"privé - sans psg",10.0902354018482,558200,1955600,"558200 1955600"
1011802,"privé - sans psg",20.0462270002325,556200,1949600,"556200 1949600"
1014603,"privé - psg",192.149377292388,554200,1943600,"554200 1943600"
1024126,"privé - sans psg",6.64982212792401,552200,1937600,"552200 1937600"
1013803,"privé - sans psg",58.0281563943556,548200,1925600,"548200 1925600"
1008904,"privé - sans psg",353.450274454445,570200,1981600,"570200 1981600"
1025014,"privé - sans psg",36.9784634640524,556200,1939600,"556200 1939600"
1025317,"privé - sans psg",56.8020818933591,576200,1989600,"576200 1989600"
1030706,"privé - sans psg",148.507871269078,568200,1965600,"568200 1965600"
1018737,"privé - sans psg",157.04301646639,564200,1953600,"564200 1953600"
1022736,"privé - sans psg",6.39906327912809,560200,1941600,"560200 1941600"
1010215,"privé - sans psg",506.322184657812,576200,1979600,"576200 1979600"
1030240,"privé - sans psg",104.585693519505,570200,1961600,"570200 1961600"
1003384,"privé - sans psg",177.446152362649,576200,1969600,"576200 1969600"
1014278,"privé - sans psg",240.689835692629,578200,1965600,"578200 1965600"
1014963,"privé - sans psg",160.220511561592,580200,1961600,"580200 1961600"
1015698,"privé - sans psg",472.722455352919,584200,1953600,"584200 1953600"
1017669,"privé - psg",359.869532222722,410200,1931600,"410200 1931600"
1002362,"privé - sans psg",106.008040406557,416200,1929600,"416200 1929600"
1009503,"privé - psg",187.322203904402,414200,1923600,"414200 1923600"
1021584,"privé - psg",46.2823037697476,412200,1917600,"412200 1917600"
1029324,"privé - psg",77.5485226193725,410200,1911600,"410200 1911600"
1022261,"privé - sans psg",254.795706427961,420200,1931600,"420200 1931600"
1013305,"privé - psg",133.679774095872,418200,1925600,"418200 1925600"
1003905,"privé - psg",160.928644951109,416200,1909600,"416200 1909600"
1018938,"publis - communales",232.540788358919,428200,1935600,"428200 1935600"
1000641,"privé - sans psg",435.05982683822,436200,1949600,"436200 1949600"
1025867,"privé - psg",144.169745240658,426200,1919600,"426200 1919600"
1004080,"privé - sans psg",85.0747474477986,446200,1959600,"446200 1959600"
1028637,"privé - sans psg",378.569365956688,432200,1917600,"432200 1917600"
1015384,"privé - psg",136.621159859296,430200,1911600,"430200 1911600"
1009891,"privé - sans psg",268.859011451901,428200,1905600,"428200 1905600"
1003952,"privé - sans psg",151.451097277928,454200,1953600,"454200 1953600"
1009538,"privé - sans psg",231.097241485154,452200,1937600,"452200 1937600"
1007472,"privé - sans psg",170.634566942512,452200,1927600,"452200 1927600"
1028732,"privé - sans psg",63.7782343397554,456200,1919600,"456200 1919600"
1015673,"privé - sans psg",123.551340376309,478200,1965600,"478200 1965600"
1009392,"privé - sans psg",219.245735296821,474200,1953600,"474200 1953600"
1003476,"privé - sans psg",340.093461580152,472200,1947600,"472200 1947600"
1020331,"privé - sans psg",198.534138065065,462200,1917600,"462200 1917600"
1029000,"privé - sans psg",63.7461357173769,484200,1953600,"484200 1953600"
1002467,"privé - sans psg",220.432118326347,476200,1929600,"476200 1929600"
1008189,"privé - sans psg",91.3636894827915,488200,1955600,"488200 1955600"
1029634,"privé - sans psg",89.1863694974409,472200,1907600,"472200 1907600"
1027074,"privé - sans psg",161.16240761591,492200,1957600,"492200 1957600"
1029148,"privé - sans psg",74.0240998664286,476200,1909600,"476200 1909600"
1013467,"privé - sans psg",59.4008206017349,494200,1953600,"494200 1953600"
1020309,"privé - sans psg",26.178501478391,498200,1955600,"498200 1955600"
1015173,"privé - sans psg",10.1594463774707,492200,1937600,"492200 1937600"
1014744,"privé - sans psg",39.829175798982,668200,1985600,"668200 1985600"
1002456,"privé - sans psg",240.907935985109,664200,1953600,"664200 1953600"
1029993,"privé - sans psg",366.63864060614,678200,1985600,"678200 1985600"
1013681,"privé - sans psg",117.275438085744,666200,1949600,"666200 1949600"
1016024,"privé - sans psg",59.5817574241767,672200,1957600,"672200 1957600"
1013801,"privé - sans psg",440.502985014113,666200,1939600,"666200 1939600"
1023679,"privé - sans psg",32.0827300011862,682200,1977600,"682200 1977600"
1015752,"privé - sans psg",126.388554124258,680200,1971600,"680200 1971600"
1006954,"privé - sans psg",232.203126506637,676200,1959600,"676200 1959600"
1011754,"privé - sans psg",107.814301262908,674200,1953600,"674200 1953600"
1001217,"privé - sans psg",193.028109612308,684200,1973600,"684200 1973600"
1021651,"privé - psg",58.034042526961,680200,1961600,"680200 1961600"
1001970,"privé - sans psg",216.533417093624,674200,1943600,"674200 1943600"
1013829,"privé - sans psg",38.7079877122763,672200,1937600,"672200 1937600"
1003594,"privé - sans psg",1.85602256206562,682200,1957600,"682200 1957600"
1027439,"publis - communales",114.625511008245,692200,1977600,"692200 1977600"
1007672,"privé - sans psg",46.5353984411286,688200,1965600,"688200 1965600"
1017162,"privé - sans psg",219.085542511189,686200,1959600,"686200 1959600"
1005338,"privé - sans psg",88.9342229634792,672200,1917600,"672200 1917600"
1029254,"privé - sans psg",155.114199493954,696200,1979600,"696200 1979600"
1009762,"privé - sans psg",80.8237091187932,692200,1967600,"692200 1967600"
1004485,"publis - communales",330.694797661312,686200,1949600,"686200 1949600"
1030300,"privé - sans psg",173.123017756074,696200,1969600,"696200 1969600"
1013215,"privé - sans psg",60.432966831949,688200,1945600,"688200 1945600"
1028734,"privé - sans psg",10.1737115564469,682200,1927600,"682200 1927600"
1025776,"privé - sans psg",35.7322565177065,678200,1915600,"678200 1915600"
1023141,"privé - sans psg",7.39757580590737,696200,1959600,"696200 1959600"
1024502,"privé - sans psg",67.2949601994436,694200,1953600,"694200 1953600"
1007844,"privé - sans psg",42.0065167601029,706200,1979600,"706200 1979600"
1021940,"publics - domaniales",72.0522704764763,700200,1961600,"700200 1961600"
1016644,"privé - sans psg",20.3555484276247,698200,1955600,"698200 1955600"
1014374,"privé - sans psg",29.3311848256764,696200,1949600,"696200 1949600"
1020334,"privé - sans psg",72.9299186157548,694200,1943600,"694200 1943600"
1010905,"privé - sans psg",36.0014148738001,686200,1919600,"686200 1919600"
1018904,"privé - sans psg",67.4554612465863,706200,1969600,"706200 1969600"
1001999,"publis - communales",84.1851683792733,702200,1957600,"702200 1957600"
1019742,"privé - sans psg",22.5713332416048,700200,1951600,"700200 1951600"
1008148,"privé - sans psg",103.418480928818,712200,1977600,"712200 1977600"
1017627,"privé - sans psg",196.915613784388,702200,1947600,"702200 1947600"
1006190,"privé - psg",217.088954779541,700200,1941600,"700200 1941600"
1030270,"privé - sans psg",43.5644358862178,698200,1935600,"698200 1935600"
1001833,"publics - domaniales",284.60403277206,688200,1905600,"688200 1905600"
1026736,"privé - sans psg",214.800913114169,714200,1973600,"714200 1973600"
1018639,"privé - sans psg",174.291128304812,712200,1967600,"712200 1967600"
1020954,"privé - sans psg",33.1456855937426,710200,1961600,"710200 1961600"
1011373,"privé - sans psg",190.80019803482,708200,1945600,"708200 1945600"
1008583,"privé - sans psg",59.6519786341017,696200,1909600,"696200 1909600"
1007717,"privé - sans psg",423.288829303088,720200,1971600,"720200 1971600"
1016801,"publis - communales",260.275744673665,718200,1965600,"718200 1965600"
1005065,"publis - communales",232.271595305336,716200,1959600,"716200 1959600"
1001777,"publis - communales",25.1049697358721,720200,1961600,"720200 1961600"
1021778,"publis - communales",275.214556290093,716200,1949600,"716200 1949600"
1008684,"privé - psg",328.231012635866,706200,1919600,"706200 1919600"
1028062,"privé - sans psg",127.868962840866,704200,1913600,"704200 1913600"
1023960,"privé - sans psg",257.678227350062,722200,1957600,"722200 1957600"
1002700,"publis - communales",252.912569262584,718200,1945600,"718200 1945600"
1023819,"privé - sans psg",79.7171819487574,724200,1953600,"724200 1953600"
1007715,"privé - sans psg",133.088450586108,722200,1947600,"722200 1947600"
1027854,"publics - domaniales",141.950377602044,712200,1917600,"712200 1917600"
1015600,"privé - sans psg",143.985272264693,710200,1911600,"710200 1911600"
1016511,"privé - psg",281.238988503107,724200,1943600,"724200 1943600"
1001430,"privé - sans psg",273.444681338744,728200,1945600,"728200 1945600"
1008671,"publics - domaniales",103.267849380112,724200,1933600,"724200 1933600"
1019951,"privé - sans psg",200.488319484827,720200,1921600,"720200 1921600"
1015859,"publics - domaniales",18.0828845304602,716200,1909600,"716200 1909600"
1000779,"privé - sans psg",193.370668683999,728200,1925600,"728200 1925600"
1025111,"privé - sans psg",93.8211850542581,724200,1913600,"724200 1913600"
1006127,"privé - sans psg",7.32643938810177,722200,1907600,"722200 1907600"
1001934,"privé - psg",276.888102363096,332200,2317600,"332200 2317600"
1013969,"privé - sans psg",28.4099846003882,340200,2301600,"340200 2301600"
1023715,"privé - psg",205.100380942076,346200,2309600,"346200 2309600"
1001793,"privé - sans psg",111.093186567459,342200,2257600,"342200 2257600"
1015494,"privé - sans psg",22.7813980792326,344200,2253600,"344200 2253600"
1015102,"privé - sans psg",43.1080089429706,362200,2277600,"362200 2277600"
1022074,"privé - sans psg",59.6388910370241,352200,2237600,"352200 2237600"
1018242,"privé - psg",39.0539205435942,368200,2275600,"368200 2275600"
1009384,"privé - sans psg",45.2224654677756,380200,2301600,"380200 2301600"
1015332,"privé - sans psg",352.387387224186,372200,2277600,"372200 2277600"
1013556,"privé - sans psg",136.930796423035,386200,2309600,"386200 2309600"
1020559,"privé - psg",146.411300584896,380200,2261600,"380200 2261600"
1015651,"privé - sans psg",130.640853433393,394200,2293600,"394200 2293600"
1001855,"privé - sans psg",132.636217750475,376200,2239600,"376200 2239600"
1006670,"privé - sans psg",162.403262404571,396200,2289600,"396200 2289600"
1002098,"privé - psg",133.784200984427,386200,2259600,"386200 2259600"
1011877,"privé - sans psg",455.271429909334,398200,2285600,"398200 2285600"
1004025,"privé - sans psg",6.35440316380588,392200,2267600,"392200 2267600"
1029013,"privé - sans psg",11.8564786407445,404200,2293600,"404200 2293600"
1010737,"privé - sans psg",278.194041034544,392200,2257600,"392200 2257600"
1011125,"privé - sans psg",331.894907081139,406200,2289600,"406200 2289600"
1002251,"privé - psg",71.8184017169187,404200,2283600,"404200 2283600"
1008198,"privé - sans psg",61.1973988180064,402200,2267600,"402200 2267600"
1022395,"publics - domaniales",66.7042001748127,402200,2257600,"402200 2257600"
1024006,"privé - sans psg",384.073822826507,420200,2291600,"420200 2291600"
1008644,"privé - sans psg",97.0155187982986,418200,2285600,"418200 2285600"
1014021,"privé - psg",254.518995393663,414200,2273600,"414200 2273600"
1018898,"privé - psg",177.268625614386,424200,2293600,"424200 2293600"
1016733,"publics - domaniales",104.850543922506,420200,2281600,"420200 2281600"
1030793,"privé - sans psg",105.682405031431,410200,2251600,"410200 2251600"
1020069,"privé - psg",89.9788341168318,422200,2277600,"422200 2277600"
1024061,"privé - sans psg",123.810878336686,414200,2253600,"414200 2253600"
1024408,"privé - sans psg",178.126924601155,424200,2273600,"424200 2273600"
1015090,"privé - psg",87.5457587397263,428200,2275600,"428200 2275600"
1009684,"privé - psg",114.153016730791,424200,2263600,"424200 2263600"
1000546,"privé - sans psg",20.4938194379445,420200,2251600,"420200 2251600"
1015466,"privé - sans psg",34.5155729469537,434200,2283600,"434200 2283600"
1021234,"privé - sans psg",91.5927571233002,428200,2265600,"428200 2265600"
1020487,"privé - psg",141.948052788837,426200,2259600,"426200 2259600"
1005280,"privé - psg",190.222116465402,440200,2291600,"440200 2291600"
1029844,"privé - sans psg",207.502870965797,430200,2261600,"430200 2261600"
1003843,"publis - communales",93.7641271907898,302200,2517600,"302200 2517600"
1020433,"privé - sans psg",356.991884164187,320200,2511600,"320200 2511600"
1007611,"privé - sans psg",123.899178301862,330200,2521600,"330200 2521600"
1027457,"privé - sans psg",98.9244630048329,328200,2435600,"328200 2435600"
1013904,"privé - psg",193.238674726071,324200,2393600,"324200 2393600"
1020635,"publis - communales",267.125187757033,332200,2407600,"332200 2407600"
1028910,"privé - sans psg",422.784331037184,344200,2413600,"344200 2413600"
1021568,"privé - sans psg",56.776945410914,358200,2445600,"358200 2445600"
1005255,"privé - sans psg",368.889437717113,372200,2407600,"372200 2407600"
1010244,"privé - psg",292.571592040169,696200,2469600,"696200 2469600"
1010708,"privé - sans psg",383.89923972072,696200,2459600,"696200 2459600"
1023587,"privé - sans psg",205.841204343078,682200,2417600,"682200 2417600"
1029610,"privé - sans psg",96.0050729011305,688200,2425600,"688200 2425600"
1022328,"privé - sans psg",72.0461571351554,708200,2475600,"708200 2475600"
1022311,"privé - psg",289.567033738881,700200,2451600,"700200 2451600"
1017825,"privé - psg",166.600808462746,698200,2445600,"698200 2445600"
1005610,"privé - psg",236.951231343041,696200,2439600,"696200 2439600"
1013053,"privé - psg",307.982007722759,692200,2427600,"692200 2427600"
1017118,"privé - sans psg",322.977367184916,714200,2483600,"714200 2483600"
1003735,"privé - sans psg",331.494923080637,712200,2477600,"712200 2477600"
1021003,"privé - sans psg",16.3039607435792,706200,2459600,"706200 2459600"
1005141,"privé - sans psg",111.364061497106,700200,2441600,"700200 2441600"
1016372,"privé - sans psg",653.553982551333,690200,2411600,"690200 2411600"
1000895,"privé - psg",301.518905555749,704200,2443600,"704200 2443600"
1005749,"privé - psg",382.035871309102,700200,2431600,"700200 2431600"
1027827,"privé - psg",153.095494774288,694200,2413600,"694200 2413600"
1030002,"publis - communales",292.796800419226,708200,2445600,"708200 2445600"
1016004,"publics - domaniales",289.422088195359,696200,2409600,"696200 2409600"
1007706,"privé - psg",213.089118670808,712200,2447600,"712200 2447600"
1011430,"privé - psg",461.941682545028,710200,2441600,"710200 2441600"
1013452,"privé - psg",37.6518041243045,708200,2435600,"708200 2435600"
1003069,"privé - psg",216.620967391714,702200,2417600,"702200 2417600"
1029312,"publis - communales",349.349103706198,720200,2461600,"720200 2461600"
1016896,"privé - psg",241.425535478176,716200,2449600,"716200 2449600"
1008271,"privé - psg",267.521645452147,712200,2437600,"712200 2437600"
1019666,"privé - sans psg",83.3480306255189,708200,2425600,"708200 2425600"
1002173,"privé - sans psg",94.8570851521605,706200,2419600,"706200 2419600"
1004728,"publics - domaniales",117.542372724517,724200,2463600,"724200 2463600"
1026263,"privé - psg",344.286291346847,716200,2439600,"716200 2439600"
1010174,"publis - communales",228.561325854356,720200,2441600,"720200 2441600"
1007880,"privé - sans psg",230.630097283218,730200,2461600,"730200 2461600"
1004370,"privé - sans psg",171.130512407531,720200,2431600,"720200 2431600"
1013856,"privé - sans psg",421.511154158221,740200,2481600,"740200 2481600"
1009170,"privé - sans psg",53.2012516548238,738200,2465600,"738200 2465600"
1029488,"privé - sans psg",182.992770223335,736200,2459600,"736200 2459600"
1016028,"privé - sans psg",121.044374551152,748200,2475600,"748200 2475600"
1016066,"privé - sans psg",28.944568839515,754200,2473600,"754200 2473600"
1003503,"privé - sans psg",49.2086818644731,750200,2461600,"750200 2461600"
1019705,"privé - sans psg",99.902443749356,756200,2459600,"756200 2459600"
1021732,"privé - sans psg",43.4650029951248,754200,2453600,"754200 2453600"
1012927,"privé - sans psg",4.2709863734456,764200,2463600,"764200 2463600"
1028619,"privé - sans psg",55.9326037185726,748200,2405600,"748200 2405600"
1009494,"privé - sans psg",11.8220852980725,772200,2467600,"772200 2467600"
1000926,"publics - domaniales",117.829396147699,754200,2413600,"754200 2413600"
1021142,"privé - sans psg",198.162790523927,764200,2413600,"764200 2413600"
1018610,"privé - psg",265.285240519367,788200,2475600,"788200 2475600"
1024555,"privé - sans psg",258.950354769019,788200,2465600,"788200 2465600"
1017573,"privé - psg",275.325987969235,768200,2405600,"768200 2405600"
1011212,"publis - communales",182.077609975047,790200,2461600,"790200 2461600"
1009294,"privé - sans psg",167.242629152424,788200,2455600,"788200 2455600"
1008709,"privé - sans psg",182.081041062775,778200,2425600,"778200 2425600"
1019416,"privé - sans psg",281.316239066565,770200,2401600,"770200 2401600"
1007228,"privé - psg",9.9881611270629,792200,2457600,"792200 2457600"
1008706,"privé - sans psg",341.883346399358,788200,2445600,"788200 2445600"
1013878,"publics - domaniales",210.142335176946,794200,2453600,"794200 2453600"
1018275,"privé - psg",227.375846843567,790200,2441600,"790200 2441600"
1023601,"privé - sans psg",370.626052160082,786200,2429600,"786200 2429600"
1006658,"privé - sans psg",183.874437180755,784200,2413600,"784200 2413600"
1023882,"privé - sans psg",91.7126257822646,790200,2421600,"790200 2421600"
1011257,"publics - domaniales",239.201758177484,788200,2415600,"788200 2415600"
1005483,"publics - domaniales",62.8033578230698,792200,2417600,"792200 2417600"
1019924,"publis - communales",4.15794739376073,784200,2393600,"784200 2393600"
1018459,"privé - psg",176.769228284301,780200,2381600,"780200 2381600"
1007701,"privé - psg",357.325446219882,790200,2401600,"790200 2401600"
1020691,"publics - domaniales",40.7656729246646,788200,2395600,"788200 2395600"
1018694,"publis - communales",60.8031638008577,786200,2389600,"786200 2389600"
1013496,"privé - psg",282.198527103336,794200,2403600,"794200 2403600"
1006216,"privé - sans psg",303.377784062194,792200,2397600,"792200 2397600"
1000410,"publis - communales",281.982233724663,788200,2385600,"788200 2385600"
1008284,"privé - sans psg",3.92075627041568,796200,2399600,"796200 2399600"
1004727,"privé - sans psg",224.603387364606,794200,2393600,"794200 2393600"
1016177,"publis - communales",220.624329524702,792200,2387600,"792200 2387600"
1007913,"privé - sans psg",146.441248302232,788200,2375600,"788200 2375600"
1000146,"publis - communales",267.252731420067,786200,2369600,"786200 2369600"
1028109,"publis - communales",227.62364563761,778200,2345600,"778200 2345600"
1012667,"privé - sans psg",281.968703921223,800200,2401600,"800200 2401600"
1013960,"privé - psg",196.104256213262,780200,2341600,"780200 2341600"
1018509,"privé - sans psg",187.768151876445,798200,2385600,"798200 2385600"
1018677,"privé - sans psg",190.692731389034,786200,2349600,"786200 2349600"
1027477,"publis - communales",229.951092136072,804200,2393600,"804200 2393600"
1018352,"privé - psg",315.971111668661,800200,2381600,"800200 2381600"
1007396,"privé - sans psg",368.777945786909,796200,2369600,"796200 2369600"
1001650,"publics - domaniales",147.778427712467,794200,2363600,"794200 2363600"
1015501,"publis - communales",127.075889299984,792200,2357600,"792200 2357600"
1020974,"publis - communales",5.04713571574964,788200,2345600,"788200 2345600"
1010849,"privé - psg",79.7232195577612,786200,2339600,"786200 2339600"
1017014,"privé - psg",50.4103794436463,804200,2383600,"804200 2383600"
1018041,"privé - sans psg",171.49764317721,802200,2377600,"802200 2377600"
1026694,"privé - psg",231.135848843415,798200,2365600,"798200 2365600"
1009720,"publis - communales",240.833893025644,804200,2373600,"804200 2373600"
1029151,"publis - communales",24.1358006981157,800200,2361600,"800200 2361600"
1018757,"publis - communales",175.637227573081,788200,2325600,"788200 2325600"
1002061,"privé - sans psg",91.769854680163,814200,2393600,"814200 2393600"
1006813,"publis - communales",11.7519530888847,812200,2387600,"812200 2387600"
1031255,"privé - psg",320.406676769416,804200,2363600,"804200 2363600"
1030983,"publics - domaniales",261.760882279474,796200,2339600,"796200 2339600"
1005857,"publis - communales",168.854738882989,794200,2333600,"794200 2333600"
1008240,"publis - communales",128.115132117553,792200,2327600,"792200 2327600"
1008006,"publis - communales",121.029492360585,812200,2377600,"812200 2377600"
1014536,"publis - communales",311.799223538072,810200,2371600,"810200 2371600"
1011388,"publics - domaniales",122.370888876937,800200,2341600,"800200 2341600"
1027164,"privé - sans psg",35.701099378839,796200,2329600,"796200 2329600"
1008315,"publis - communales",159.22749841855,794200,2323600,"794200 2323600"
1022701,"publis - communales",312.783648287214,818200,2385600,"818200 2385600"
1015061,"publis - communales",130.365980064938,814200,2373600,"814200 2373600"
1025494,"publis - communales",53.3202078962152,812200,2367600,"812200 2367600"
1000072,"publis - communales",114.089263263137,806200,2349600,"806200 2349600"
1004959,"publics - domaniales",244.176075245951,798200,2325600,"798200 2325600"
1025764,"publis - communales",255.975141799012,820200,2381600,"820200 2381600"
1029539,"publis - communales",18.6843158551017,812200,2357600,"812200 2357600"
1016485,"publis - communales",128.694946393604,808200,2345600,"808200 2345600"
1029487,"publics - domaniales",63.8225287647022,804200,2333600,"804200 2333600"
1023130,"privé - psg",143.711545759658,822200,2377600,"822200 2377600"
1001309,"privé - sans psg",88.5407109215609,814200,2353600,"814200 2353600"
1012335,"publis - communales",343.939599658021,804200,2323600,"804200 2323600"
1017864,"publis - communales",265.18696682239,800200,2311600,"800200 2311600"
1018568,"privé - sans psg",155.622057335437,798200,2305600,"798200 2305600"
1001153,"publis - communales",41.8186015852911,826200,2379600,"826200 2379600"
1002905,"publis - communales",239.653565990849,820200,2361600,"820200 2361600"
1000112,"publis - communales",121.79849608412,816200,2349600,"816200 2349600"
1029413,"publics - domaniales",116.770572281832,814200,2343600,"814200 2343600"
1011292,"privé - psg",274.04402086764,812200,2337600,"812200 2337600"
1001923,"privé - psg",74.3574849121333,810200,2331600,"810200 2331600"
1006314,"publis - communales",201.45535017833,808200,2325600,"808200 2325600"
1008502,"publis - communales",61.6187831386335,802200,2307600,"802200 2307600"
1031318,"privé - psg",21.9813687682042,824200,2363600,"824200 2363600"
1029966,"publics - domaniales",77.3286740476476,822200,2357600,"822200 2357600"
1014393,"publis - communales",183.448282637134,820200,2351600,"820200 2351600"
1003238,"privé - psg",162.615325693393,818200,2345600,"818200 2345600"
1007941,"publics - domaniales",256.006825794338,808200,2315600,"808200 2315600"
1022476,"privé - sans psg",220.473381242119,804200,2303600,"804200 2303600"
1002494,"publis - communales",101.960388095437,828200,2365600,"828200 2365600"
1021184,"privé - sans psg",127.910548012129,824200,2353600,"824200 2353600"
1005955,"publis - communales",56.7637145930904,816200,2329600,"816200 2329600"
1008825,"publics - domaniales",253.938224169059,812200,2317600,"812200 2317600"
1017155,"publis - communales",73.0397777722014,830200,2361600,"830200 2361600"
1014250,"publis - communales",152.083820521066,814200,2313600,"814200 2313600"
1005136,"publis - communales",298.100595408821,812200,2307600,"812200 2307600"
1018154,"publis - communales",121.969787697852,836200,2369600,"836200 2369600"
1011006,"publis - communales",81.6204223216732,824200,2333600,"824200 2333600"
1026808,"privé - sans psg",90.7024629356974,820200,2321600,"820200 2321600"
1024707,"privé - psg",279.700579362873,818200,2315600,"818200 2315600"
1028609,"publis - communales",5.80460446462137,836200,2359600,"836200 2359600"
1024505,"publics - domaniales",272.264421744096,822200,2317600,"822200 2317600"
1006722,"publis - communales",202.0841224403,840200,2361600,"840200 2361600"
1021110,"publis - communales",208.458776881912,844200,2363600,"844200 2363600"
1004538,"privé - sans psg",410.251048179717,840200,2351600,"840200 2351600"
1026002,"privé - psg",394.99105012652,850200,2361600,"850200 2361600"
1024880,"privé - sans psg",166.04944138598,844200,2343600,"844200 2343600"
1003749,"publis - communales",251.79772239794,834200,2313600,"834200 2313600"
1013291,"privé - sans psg",246.22929597136,832200,2307600,"832200 2307600"
1011710,"privé - psg",266.129350444506,830200,2301600,"830200 2301600"
1016306,"privé - sans psg",433.123233927479,836200,2309600,"836200 2309600"
1010164,"publis - communales",379.907838678154,850200,2341600,"850200 2341600"
1027799,"publis - communales",313.771327105223,848200,2335600,"848200 2335600"
1012020,"publis - communales",387.715232790919,840200,2311600,"840200 2311600"
1011185,"privé - sans psg",328.351638245556,838200,2305600,"838200 2305600"
1004187,"publis - communales",112.688012636275,850200,2331600,"850200 2331600"
1017231,"publis - communales",272.661836316487,848200,2325600,"848200 2325600"
1029077,"publis - communales",328.24933437986,856200,2339600,"856200 2339600"
1012323,"publis - communales",268.173005421789,852200,2327600,"852200 2327600"
1028152,"privé - psg",243.104735893102,846200,2309600,"846200 2309600"
1004775,"publis - communales",139.946869294603,844200,2303600,"844200 2303600"
1010535,"publis - communales",83.8561753875877,860200,2331600,"860200 2331600"
1004419,"privé - sans psg",211.331550689708,356200,2369600,"356200 2369600"
1007487,"privé - psg",310.429395302677,354200,2353600,"354200 2353600"
1016610,"privé - psg",179.317590040533,356200,2349600,"356200 2349600"
1004816,"privé - sans psg",633.18022961879,352200,2337600,"352200 2337600"
1021040,"privé - psg",323.939692039131,366200,2369600,"366200 2369600"
1017739,"privé - psg",116.258331992734,364200,2363600,"364200 2363600"
1002104,"privé - sans psg",258.042772849057,372200,2367600,"372200 2367600"
1003141,"privé - sans psg",87.6766910280455,368200,2355600,"368200 2355600"
1029643,"privé - psg",394.68262516419,376200,2369600,"376200 2369600"
1003545,"privé - psg",202.639815980599,384200,2363600,"384200 2363600"
1024076,"privé - psg",150.518674649618,390200,2361600,"390200 2361600"
1025459,"privé - sans psg",108.712586545856,374200,2313600,"374200 2313600"
1019180,"privé - sans psg",147.472073299834,398200,2375600,"398200 2375600"
1012959,"privé - psg",56.4010268267598,380200,2311600,"380200 2311600"
1013207,"privé - psg",181.963716134945,400200,2361600,"400200 2361600"
1003805,"privé - psg",101.939158302807,412200,2377600,"412200 2377600"
1022198,"privé - psg",216.087904574835,402200,2347600,"402200 2347600"
1015355,"privé - sans psg",110.175495732943,394200,2323600,"394200 2323600"
1020928,"privé - psg",103.586798091229,418200,2385600,"418200 2385600"
1019597,"privé - psg",278.298456164513,414200,2373600,"414200 2373600"
1000414,"privé - psg",316.39560889991,404200,2343600,"404200 2343600"
1007539,"publics - domaniales",205.647217117791,412200,2357600,"412200 2357600"
1001048,"privé - sans psg",255.013099909346,842200,2507600,"842200 2507600"
1016521,"privé - sans psg",270.07932996646,840200,2501600,"840200 2501600"
1001707,"privé - psg",303.04799707949,846200,2509600,"846200 2509600"
1000659,"publis - communales",66.079863323328,852200,2507600,"852200 2507600"
1011293,"privé - sans psg",385.761727398058,854200,2493600,"854200 2493600"
1008223,"publis - communales",309.804121115374,848200,2475600,"848200 2475600"
1007800,"privé - psg",289.714469205137,860200,2501600,"860200 2501600"
1018398,"publis - communales",263.966863357624,852200,2477600,"852200 2477600"
1009712,"privé - sans psg",156.940158452167,852200,2467600,"852200 2467600"
1003779,"privé - sans psg",115.887733586226,858200,2475600,"858200 2475600"
1001176,"publis - communales",50.3460210118478,864200,2483600,"864200 2483600"
1028670,"privé - sans psg",319.749348623681,862200,2477600,"862200 2477600"
1004483,"privé - sans psg",79.2388128806743,860200,2471600,"860200 2471600"
1015883,"publis - communales",236.545875397738,856200,2439600,"856200 2439600"
1011558,"publis - communales",328.770353679219,852200,2427600,"852200 2427600"
1023894,"publics - domaniales",36.5537075256056,850200,2421600,"850200 2421600"
1029023,"publis - communales",105.356317375942,860200,2441600,"860200 2441600"
1028922,"publics - domaniales",315.346299555082,856200,2429600,"856200 2429600"
1000202,"publis - communales",22.2864388043479,852200,2417600,"852200 2417600"
1007904,"publis - communales",140.709466485279,866200,2449600,"866200 2449600"
1031324,"publis - communales",391.380144017204,856200,2419600,"856200 2419600"
1007305,"privé - sans psg",160.647634743691,864200,2433600,"864200 2433600"
1007960,"privé - sans psg",164.246370199825,856200,2409600,"856200 2409600"
1026678,"publics - domaniales",63.6792464034688,868200,2435600,"868200 2435600"
1007862,"publis - communales",95.1950265573346,866200,2429600,"866200 2429600"
1015087,"privé - sans psg",68.8245461423241,860200,2411600,"860200 2411600"
1014889,"publis - communales",42.9956354150557,858200,2405600,"858200 2405600"
1021041,"privé - sans psg",592.72124983657,874200,2443600,"874200 2443600"
1005498,"publis - communales",80.1977707201823,866200,2419600,"866200 2419600"
1000828,"privé - sans psg",165.326234644616,876200,2439600,"876200 2439600"
1008980,"privé - psg",227.929703624996,870200,2421600,"870200 2421600"
1008452,"publis - communales",136.3250591873,866200,2409600,"866200 2409600"
1008469,"publis - communales",119.485920614702,864200,2403600,"864200 2403600"
1020921,"privé - sans psg",65.1589610260085,862200,2397600,"862200 2397600"
1008485,"publis - communales",110.091674086029,868200,2405600,"868200 2405600"
1002654,"publis - communales",73.641471549715,864200,2393600,"864200 2393600"
1012149,"publics - domaniales",345.683149442904,876200,2419600,"876200 2419600"
1022268,"publis - communales",104.484799384958,872200,2407600,"872200 2407600"
1007330,"publis - communales",174.005186075904,870200,2401600,"870200 2401600"
1015776,"publics - domaniales",265.330406616247,866200,2389600,"866200 2389600"
1000674,"privé - sans psg",161.518993318006,880200,2421600,"880200 2421600"
1001359,"privé - sans psg",171.597888349685,876200,2409600,"876200 2409600"
1014599,"publics - domaniales",340.671622537216,874200,2403600,"874200 2403600"
1012301,"privé - psg",368.212463245614,888200,2435600,"888200 2435600"
1021738,"publis - communales",116.70440902853,886200,2429600,"886200 2429600"
1019362,"privé - psg",752.055583509875,878200,2405600,"878200 2405600"
1022197,"publis - communales",200.225879862995,892200,2427600,"892200 2427600"
1006877,"publis - communales",182.014314487512,894200,2423600,"894200 2423600"
1016869,"publis - communales",377.96120671062,882200,2387600,"882200 2387600"
1015181,"publics - domaniales",157.136208598388,896200,2419600,"896200 2419600"
1025309,"privé - psg",161.53779877728,888200,2395600,"888200 2395600"
1000427,"publis - communales",298.036579124126,900200,2421600,"900200 2421600"
1024086,"privé - sans psg",13.3216811946009,892200,2397600,"892200 2397600"
1021062,"publis - communales",230.915191354256,888200,2385600,"888200 2385600"
1024958,"privé - sans psg",104.642836553196,898200,2405600,"898200 2405600"
1021934,"privé - sans psg",207.142906595473,908200,2415600,"908200 2415600"
1018574,"privé - psg",8.13739074721077,904200,2403600,"904200 2403600"
1016802,"publics - domaniales",63.8006211785144,914200,2413600,"914200 2413600"
1016304,"privé - sans psg",254.001217335588,912200,2407600,"912200 2407600"
1009262,"publis - communales",66.940968255656,916200,2409600,"916200 2409600"
1013060,"publis - communales",287.345907245213,912200,2397600,"912200 2397600"
1021380,"privé - sans psg",559.508254279413,918200,2405600,"918200 2405600"
1007278,"privé - sans psg",110.661737984855,920200,2411600,"920200 2411600"
1011332,"publis - communales",128.468041852086,920200,2401600,"920200 2401600"
1004809,"privé - sans psg",207.650100933549,928200,2405600,"928200 2405600"
1016922,"publis - communales",399.665394280957,926200,2389600,"926200 2389600"
1013743,"privé - sans psg",33.6963354599117,936200,2409600,"936200 2409600"
1012028,"publis - communales",267.800197085166,938200,2405600,"938200 2405600"
1020968,"publics - domaniales",225.185068100748,934200,2393600,"934200 2393600"
1019836,"publis - communales",210.144465688061,942200,2407600,"942200 2407600"
1017815,"privé - sans psg",43.9888282426851,940200,2401600,"940200 2401600"
1018468,"publics - domaniales",16.1831784285846,944200,2403600,"944200 2403600"
1010162,"publics - domaniales",271.13437335088,942200,2397600,"942200 2397600"
1009815,"publis - communales",359.727221496357,802200,2507600,"802200 2507600"
1002062,"publis - communales",67.3359631926202,806200,2509600,"806200 2509600"
1009765,"publics - domaniales",144.911424916007,804200,2503600,"804200 2503600"
1001913,"publis - communales",274.793388872277,802200,2497600,"802200 2497600"
1005988,"privé - sans psg",180.70763838993,794200,2473600,"794200 2473600"
1000054,"publics - domaniales",300.430191999235,792200,2467600,"792200 2467600"
1027800,"publis - communales",513.705367166514,804200,2493600,"804200 2493600"
1018624,"publics - domaniales",4.59187292449784,796200,2469600,"796200 2469600"
1021070,"privé - psg",166.372780911208,810200,2501600,"810200 2501600"
1017340,"publis - communales",11.5060594038144,800200,2471600,"800200 2471600"
1028828,"privé - psg",428.46322776605,816200,2509600,"816200 2509600"
1013723,"privé - psg",52.5561464184834,814200,2503600,"814200 2503600"
1012771,"publis - communales",315.724845379936,812200,2497600,"812200 2497600"
1020281,"publics - domaniales",72.165300098936,804200,2473600,"804200 2473600"
1015529,"publis - communales",140.883806532212,802200,2467600,"802200 2467600"
1007054,"publics - domaniales",67.9241229338895,798200,2455600,"798200 2455600"
1004930,"privé - sans psg",247.759150357194,792200,2437600,"792200 2437600"
1013048,"privé - sans psg",77.3476271527208,788200,2425600,"788200 2425600"
1021363,"publics - domaniales",176.77117192306,818200,2505600,"818200 2505600"
1003463,"privé - sans psg",41.3982994529359,816200,2499600,"816200 2499600"
1016790,"publis - communales",218.432117934084,814200,2493600,"814200 2493600"
1011040,"publis - communales",168.562731101679,806200,2469600,"806200 2469600"
1027944,"publics - domaniales",310.517960138299,800200,2451600,"800200 2451600"
1012815,"publics - domaniales",255.893431603463,796200,2439600,"796200 2439600"
1001469,"publics - domaniales",56.6515995103287,820200,2501600,"820200 2501600"
1028098,"publis - communales",206.594557165274,812200,2477600,"812200 2477600"
1025638,"privé - sans psg",312.644351946743,804200,2453600,"804200 2453600"
1013067,"publics - domaniales",109.661296131503,800200,2441600,"800200 2441600"
1023145,"publis - communales",381.372876538606,820200,2491600,"820200 2491600"
1012997,"publis - communales",263.404013893193,818200,2485600,"818200 2485600"
1020518,"publics - domaniales",192.827842514536,814200,2473600,"814200 2473600"
1031155,"privé - sans psg",207.158511814257,804200,2443600,"804200 2443600"
1017472,"publics - domaniales",119.194622045648,802200,2437600,"802200 2437600"
1030509,"privé - psg",315.507231984462,800200,2431600,"800200 2431600"
1015555,"publics - domaniales",4.16981625803266,796200,2419600,"796200 2419600"
1024284,"publics - domaniales",47.8958624634756,820200,2481600,"820200 2481600"
1006904,"privé - sans psg",64.0468253865977,816200,2469600,"816200 2469600"
1004093,"privé - sans psg",158.572752997648,802200,2427600,"802200 2427600"
1005929,"publis - communales",336.63591480843,826200,2489600,"826200 2489600"
1010104,"publics - domaniales",121.174188515061,822200,2477600,"822200 2477600"
1031140,"publis - communales",158.118654674006,816200,2459600,"816200 2459600"
1002016,"privé - psg",103.235370166325,814200,2453600,"814200 2453600"
1030673,"publis - communales",575.674119519061,804200,2423600,"804200 2423600"
1004298,"privé - psg",22.6730197524107,800200,2411600,"800200 2411600"
1026566,"publics - domaniales",321.628382771941,824200,2473600,"824200 2473600"
1021794,"privé - sans psg",323.888214181048,808200,2425600,"808200 2425600"
1029364,"publis - communales",316.575378933069,830200,2481600,"830200 2481600"
1001225,"publics - domaniales",103.90062713746,828200,2475600,"828200 2475600"
1012616,"publics - domaniales",54.8925519171949,826200,2469600,"826200 2469600"
1029981,"privé - psg",373.457432148603,822200,2457600,"822200 2457600"
1020971,"publis - communales",116.390468659912,820200,2451600,"820200 2451600"
1030546,"privé - sans psg",97.8350973939547,814200,2433600,"814200 2433600"
1030761,"privé - sans psg",366.18406214965,812200,2427600,"812200 2427600"
1003306,"publis - communales",320.632397976803,836200,2489600,"836200 2489600"
1014145,"publics - domaniales",173.04733943732,834200,2483600,"834200 2483600"
1001071,"publics - domaniales",218.201618884869,828200,2465600,"828200 2465600"
1020868,"privé - sans psg",586.76306085715,818200,2435600,"818200 2435600"
1009307,"privé - sans psg",210.520453849391,814200,2423600,"814200 2423600"
1008605,"publis - communales",210.152592764326,832200,2467600,"832200 2467600"
1015742,"publics - domaniales",165.039019523155,830200,2461600,"830200 2461600"
1019447,"privé - psg",242.1373102548,824200,2443600,"824200 2443600"
1020842,"privé - sans psg",353.378363224536,818200,2425600,"818200 2425600"
1010296,"privé - sans psg",78.6494273696868,816200,2419600,"816200 2419600"
1014445,"privé - sans psg",36.8133547171124,814200,2413600,"814200 2413600"
1029389,"publis - communales",248.007114689914,832200,2457600,"832200 2457600"
1011828,"publis - communales",298.756920265167,824200,2433600,"824200 2433600"
1002783,"publics - domaniales",66.7701474200684,816200,2409600,"816200 2409600"
1001366,"privé - sans psg",31.5676682631213,812200,2397600,"812200 2397600"
1002500,"publis - communales",393.066113270782,838200,2465600,"838200 2465600"
1015595,"publis - communales",181.149472945264,834200,2453600,"834200 2453600"
1024024,"publics - domaniales",214.473973174385,828200,2435600,"828200 2435600"
1026001,"publis - communales",122.79797605296,826200,2429600,"826200 2429600"
1005900,"publis - communales",231.331175091132,842200,2467600,"842200 2467600"
1026809,"privé - sans psg",111.009145756786,836200,2449600,"836200 2449600"
1025677,"publis - communales",53.6739169930117,818200,2395600,"818200 2395600"
1004725,"privé - sans psg",282.449794727317,828200,2415600,"828200 2415600"
1004148,"privé - psg",37.4625313041495,842200,2437600,"842200 2437600"
1012799,"publis - communales",4.07985726640393,840200,2431600,"840200 2431600"
1007857,"publics - domaniales",3.61711492060129,836200,2419600,"836200 2419600"
1000349,"publics - domaniales",227.763671956611,850200,2451600,"850200 2451600"
1025833,"publis - communales",397.488249859077,848200,2445600,"848200 2445600"
1030008,"publis - communales",94.714557546073,844200,2423600,"844200 2423600"
1020265,"privé - psg",57.5212155085641,836200,2399600,"836200 2399600"
1028226,"publis - communales",207.179412036581,834200,2393600,"834200 2393600"
1001380,"publis - communales",252.402796232643,832200,2387600,"832200 2387600"
1022058,"publis - communales",110.839193487615,840200,2391600,"840200 2391600"
1005504,"publis - communales",205.544468078238,850200,2411600,"850200 2411600"
1006868,"privé - psg",31.7698199108448,844200,2393600,"844200 2393600"
1028904,"privé - psg",127.904659143849,842200,2387600,"842200 2387600"
1021518,"publics - domaniales",116.318990481174,852200,2407600,"852200 2407600"
1010576,"privé - sans psg",332.67559646428,848200,2395600,"848200 2395600"
1030773,"privé - sans psg",121.590531949495,852200,2397600,"852200 2397600"
1009662,"privé - sans psg",65.2156901340026,166200,2369600,"166200 2369600"
1019539,"privé - sans psg",46.8444110974337,160200,2351600,"160200 2351600"
1026033,"privé - sans psg",49.5963608986067,164200,2353600,"164200 2353600"
1023876,"privé - sans psg",131.556373484123,166200,2349600,"166200 2349600"
1026206,"privé - sans psg",250.99703701374,168200,2345600,"168200 2345600"
1023992,"privé - sans psg",577.135045443937,178200,2365600,"178200 2365600"
1027334,"privé - sans psg",114.345093200972,172200,2347600,"172200 2347600"
1028965,"privé - sans psg",1.1907887686404,174200,2343600,"174200 2343600"
1023229,"privé - sans psg",152.671802148555,182200,2357600,"182200 2357600"
1015872,"privé - sans psg",327.964110905442,178200,2345600,"178200 2345600"
1003551,"privé - sans psg",124.76333368928,176200,2339600,"176200 2339600"
1011088,"privé - psg",329.241494180738,180200,2341600,"180200 2341600"
1030453,"privé - sans psg",155.672074673405,176200,2329600,"176200 2329600"
1022315,"privé - sans psg",193.573346233204,180200,2331600,"180200 2331600"
1002615,"privé - psg",212.214566949073,194200,2363600,"194200 2363600"
1007612,"privé - sans psg",21.6947721558272,178200,2315600,"178200 2315600"
1016173,"privé - sans psg",276.999307417612,198200,2365600,"198200 2365600"
1003265,"publis - communales",83.9012706521852,192200,2347600,"192200 2347600"
1000447,"privé - sans psg",280.868382819727,196200,2329600,"196200 2329600"
1030355,"privé - sans psg",92.6262228314809,200200,2331600,"200200 2331600"
1026266,"privé - sans psg",134.547971641903,192200,2307600,"192200 2307600"
1013758,"privé - psg",230.069242188712,212200,2327600,"212200 2327600"
1004852,"privé - sans psg",32.2801560902922,212200,2317600,"212200 2317600"
1005925,"privé - sans psg",385.221681539957,218200,2325600,"218200 2325600"
1001620,"privé - sans psg",188.207493464057,228200,2345600,"228200 2345600"
1005424,"privé - psg",132.742923165052,232200,2347600,"232200 2347600"
1026602,"privé - sans psg",83.0804678642349,220200,2311600,"220200 2311600"
1014410,"privé - psg",304.706953562774,236200,2349600,"236200 2349600"
1029509,"privé - sans psg",220.494700655294,224200,2313600,"224200 2313600"
1015311,"privé - sans psg",435.191912630547,240200,2351600,"240200 2351600"
1003080,"privé - psg",122.474033441541,238200,2345600,"238200 2345600"
1012960,"privé - sans psg",42.5703957249915,232200,2327600,"232200 2327600"
1000260,"privé - sans psg",142.786611746441,230200,2321600,"230200 2321600"
1030354,"privé - sans psg",207.035726083694,228200,2315600,"228200 2315600"
1017794,"privé - sans psg",87.4899565498687,236200,2329600,"236200 2329600"
1011495,"publis - communales",82.2655604906576,244200,2333600,"244200 2333600"
1017952,"privé - sans psg",129.360584683693,232200,2297600,"232200 2297600"
1004342,"privé - psg",122.360962969263,240200,2311600,"240200 2311600"
1010301,"privé - sans psg",522.957144519957,238200,2305600,"238200 2305600"
1010373,"privé - sans psg",193.706418533901,256200,2329600,"256200 2329600"
1000648,"privé - sans psg",238.42510316783,256200,2319600,"256200 2319600"
1024496,"privé - psg",297.220671090624,250200,2301600,"250200 2301600"
1004076,"privé - sans psg",234.015849453144,248200,2295600,"248200 2295600"
1023486,"privé - sans psg",154.904672238581,250200,2291600,"250200 2291600"
1004028,"privé - sans psg",122.178638891202,248200,2285600,"248200 2285600"
1004671,"privé - psg",155.398034579079,266200,2329600,"266200 2329600"
1005757,"privé - psg",77.7309212493355,262200,2317600,"262200 2317600"
1022752,"privé - sans psg",153.884672802535,258200,2305600,"258200 2305600"
1021569,"privé - sans psg",185.052161524741,858200,2505600,"858200 2505600"
1025607,"publis - communales",242.136162070999,866200,2499600,"866200 2499600"
1024752,"publis - communales",286.175365825865,870200,2501600,"870200 2501600"
1015395,"publis - communales",325.730294963017,882200,2507600,"882200 2507600"
1006519,"publics - domaniales",234.589007082927,874200,2483600,"874200 2483600"
1003042,"privé - psg",208.445464244357,874200,2473600,"874200 2473600"
1029120,"publics - domaniales",184.420554399145,868200,2455600,"868200 2455600"
1011576,"privé - sans psg",36.1123997031429,876200,2469600,"876200 2469600"
1017110,"privé - psg",239.22874954206,884200,2483600,"884200 2483600"
1007821,"privé - sans psg",322.503420881492,888200,2485600,"888200 2485600"
1010010,"publics - domaniales",229.693207350871,894200,2493600,"894200 2493600"
1030020,"publis - communales",90.2556295051278,890200,2481600,"890200 2481600"
1025225,"privé - sans psg",71.4592676024096,886200,2469600,"886200 2469600"
1002339,"publics - domaniales",309.078974981241,892200,2477600,"892200 2477600"
1005321,"publis - communales",377.119051510614,896200,2479600,"896200 2479600"
1013420,"privé - psg",59.9755215994811,894200,2473600,"894200 2473600"
1013253,"publis - communales",310.297216788998,906200,2499600,"906200 2499600"
1025699,"privé - sans psg",294.227212698391,900200,2481600,"900200 2481600"
1030731,"privé - psg",120.392835102402,896200,2469600,"896200 2469600"
1005554,"publics - domaniales",317.009709687716,888200,2445600,"888200 2445600"
1024753,"publics - domaniales",376.359374955229,894200,2453600,"894200 2453600"
1020833,"privé - psg",251.623031558795,892200,2447600,"892200 2447600"
1009825,"publis - communales",358.195695865739,908200,2485600,"908200 2485600"
1005859,"publis - communales",216.724163058479,910200,2481600,"910200 2481600"
1012626,"publics - domaniales",391.870347676181,902200,2457600,"902200 2457600"
1024187,"privé - sans psg",104.358244551142,908200,2465600,"908200 2465600"
1018878,"publis - communales",241.290602543573,906200,2459600,"906200 2459600"
1018877,"publics - domaniales",145.080815763977,916200,2479600,"916200 2479600"
1025446,"privé - sans psg",73.0132820295055,914200,2473600,"914200 2473600"
1010284,"publis - communales",257.276573565874,910200,2461600,"910200 2461600"
1000593,"publics - domaniales",60.5407516292627,916200,2469600,"916200 2469600"
1025948,"privé - sans psg",177.618015613538,918200,2465600,"918200 2465600"
1021535,"publis - communales",191.424746545949,922200,2467600,"922200 2467600"
1026961,"publics - domaniales",414.753787252295,908200,2425600,"908200 2425600"
1000316,"publis - communales",217.670945939173,924200,2463600,"924200 2463600"
1004517,"publis - communales",209.221950022656,922200,2457600,"922200 2457600"
1024493,"publis - communales",232.262611925817,928200,2465600,"928200 2465600"
1028808,"publis - communales",176.314742570221,922200,2437600,"922200 2437600"
1000702,"publis - communales",169.233910943055,940200,2471600,"940200 2471600"
1001149,"publics - domaniales",256.525675626703,932200,2447600,"932200 2447600"
1028867,"publis - communales",236.757940162554,942200,2457600,"942200 2457600"
1004678,"publics - domaniales",83.1062931715687,936200,2439600,"936200 2439600"
1025642,"publis - communales",107.287023198622,930200,2421600,"930200 2421600"
1019474,"privé - psg",91.0643470953498,928200,2415600,"928200 2415600"
1005653,"publics - domaniales",113.576581820269,940200,2441600,"940200 2441600"
1013260,"publics - domaniales",403.478911334296,938200,2435600,"938200 2435600"
1011340,"publis - communales",289.778088590326,950200,2461600,"950200 2461600"
1014702,"publis - communales",21.241959590919,940200,2411600,"940200 2411600"
1014025,"publics - domaniales",135.838236508892,962200,2457600,"962200 2457600"
1004441,"privé - psg",421.780904131301,946200,2409600,"946200 2409600"
1010253,"privé - sans psg",465.073738293794,968200,2465600,"968200 2465600"
1015163,"privé - psg",71.3049106216872,952200,2417600,"952200 2417600"
1003910,"publics - domaniales",286.393046408273,972200,2467600,"972200 2467600"
1018505,"privé - sans psg",144.224434937753,970200,2461600,"970200 2461600"
1015675,"publis - communales",287.03369602568,968200,2455600,"968200 2455600"
1026108,"publics - domaniales",459.807580065252,958200,2425600,"958200 2425600"
1004951,"publis - communales",258.642451104213,954200,2413600,"954200 2413600"
1021197,"publics - domaniales",178.3583642861,952200,2407600,"952200 2407600"
1008488,"privé - sans psg",381.492279483882,976200,2469600,"976200 2469600"
1007673,"publics - domaniales",158.578796433045,972200,2457600,"972200 2457600"
1025688,"privé - sans psg",272.048644351799,970200,2451600,"970200 2451600"
1019949,"publics - domaniales",1.1292271692635,956200,2409600,"956200 2409600"
1010879,"privé - psg",98.9993067953743,954200,2403600,"954200 2403600"
1021355,"publics - domaniales",309.786737881141,976200,2459600,"976200 2459600"
1020390,"publics - domaniales",202.692802753439,974200,2453600,"974200 2453600"
1026624,"publics - domaniales",340.483118018276,962200,2417600,"962200 2417600"
1012188,"publics - domaniales",28.7343078152648,960200,2411600,"960200 2411600"
1018473,"publics - domaniales",35.9451572312114,958200,2405600,"958200 2405600"
1016616,"publics - domaniales",71.2375709816166,980200,2461600,"980200 2461600"
1020216,"publics - domaniales",212.90614849276,984200,2463600,"984200 2463600"
1008139,"publics - domaniales",178.09935059917,982200,2457600,"982200 2457600"
1019315,"publics - domaniales",292.5663181607,980200,2451600,"980200 2451600"
1017102,"privé - psg",129.073704527831,644200,2283600,"644200 2283600"
1007723,"privé - psg",115.896546747717,648200,2285600,"648200 2285600"
1012152,"privé - sans psg",452.439180343071,648200,2275600,"648200 2275600"
1024342,"privé - sans psg",298.769841331873,644200,2263600,"644200 2263600"
1005563,"privé - sans psg",259.002171057418,642200,2257600,"642200 2257600"
1019766,"privé - psg",301.244380039658,652200,2277600,"652200 2277600"
1005726,"privé - sans psg",419.654373773191,658200,2285600,"658200 2285600"
1023709,"publis - communales",430.708780793239,658200,2275600,"658200 2275600"
1025113,"privé - psg",211.914135076297,660200,2261600,"660200 2261600"
1027163,"publis - communales",394.309572547719,664200,2263600,"664200 2263600"
1006266,"privé - sans psg",231.971401352058,662200,2257600,"662200 2257600"
1002027,"privé - psg",146.447342143737,660200,2251600,"660200 2251600"
1023439,"privé - psg",461.240756439122,666200,2259600,"666200 2259600"
1022340,"publics - domaniales",223.075891458807,664200,2253600,"664200 2253600"
1012392,"publis - communales",273.639456265691,674200,2273600,"674200 2273600"
1017684,"privé - psg",210.261274748497,672200,2267600,"672200 2267600"
1014711,"publis - communales",249.694700127071,666200,2249600,"666200 2249600"
1028105,"publics - domaniales",189.454605252735,664200,2243600,"664200 2243600"
1017294,"publics - domaniales",43.1042725123312,662200,2237600,"662200 2237600"
1013731,"publis - communales",312.381662327304,672200,2257600,"672200 2257600"
1026019,"privé - sans psg",155.072995235594,682200,2277600,"682200 2277600"
1008627,"privé - sans psg",36.1759981635142,680200,2271600,"680200 2271600"
1012866,"privé - sans psg",307.05695843502,678200,2265600,"678200 2265600"
1017956,"privé - psg",294.943273796922,672200,2247600,"672200 2247600"
1009135,"publics - domaniales",292.420172318864,668200,2235600,"668200 2235600"
1005319,"privé - psg",208.617763534495,676200,2249600,"676200 2249600"
1005000,"publis - communales",146.76733675746,670200,2231600,"670200 2231600"
1009289,"publics - domaniales",75.1285307472619,668200,2225600,"668200 2225600"
1019375,"privé - sans psg",11.4270204657284,666200,2219600,"666200 2219600"
1004069,"privé - sans psg",196.25487307832,662200,2207600,"662200 2207600"
1016925,"privé - psg",376.716858381764,686200,2269600,"686200 2269600"
1026426,"publis - communales",260.696929509682,676200,2239600,"676200 2239600"
1016778,"privé - sans psg",135.924129256408,664200,2203600,"664200 2203600"
1001049,"privé - psg",156.868923758601,692200,2277600,"692200 2277600"
1027138,"privé - sans psg",446.323429727365,676200,2229600,"676200 2229600"
1016355,"privé - psg",249.706726370519,672200,2217600,"672200 2217600"
1014051,"publis - communales",343.847618114819,694200,2273600,"694200 2273600"
1012756,"publis - communales",365.105760423815,686200,2249600,"686200 2249600"
1006707,"publis - communales",149.764522364085,680200,2231600,"680200 2231600"
1029859,"publics - domaniales",281.481066338622,676200,2219600,"676200 2219600"
1029080,"privé - psg",388.059123454629,674200,2213600,"674200 2213600"
1012265,"privé - sans psg",416.15944042901,670200,2201600,"670200 2201600"
1004312,"privé - psg",280.120648292371,668200,2195600,"668200 2195600"
1028082,"privé - psg",264.880556518672,676200,2209600,"676200 2209600"
1015732,"privé - psg",223.525850159207,672200,2197600,"672200 2197600"
1003920,"publis - communales",296.22992218127,700200,2271600,"700200 2271600"
1021748,"privé - sans psg",38.5421304658824,688200,2235600,"688200 2235600"
1003418,"privé - psg",308.313970087067,700200,2261600,"700200 2261600"
1005910,"publics - domaniales",205.621842811749,684200,2213600,"684200 2213600"
1015959,"privé - psg",260.594677937774,698200,2245600,"698200 2245600"
1007127,"privé - psg",165.542807688594,686200,2209600,"686200 2209600"
1022440,"privé - psg",26.7697351878193,684200,2203600,"684200 2203600"
1018640,"privé - sans psg",249.898660792103,680200,2191600,"680200 2191600"
1005379,"privé - psg",127.437120082634,692200,2217600,"692200 2217600"
1020919,"privé - psg",223.427592310344,688200,2205600,"688200 2205600"
1006739,"privé - psg",294.184954516721,684200,2193600,"684200 2193600"
1011464,"privé - sans psg",339.718996877806,710200,2261600,"710200 2261600"
1023981,"privé - sans psg",294.051442940283,704200,2243600,"704200 2243600"
1004290,"privé - sans psg",244.682047931659,692200,2207600,"692200 2207600"
1013041,"privé - psg",158.072120220477,708200,2245600,"708200 2245600"
1020239,"publics - domaniales",348.003366240308,700200,2221600,"700200 2221600"
1027314,"publis - communales",266.912388640154,714200,2253600,"714200 2253600"
1012253,"privé - psg",355.168354118621,708200,2235600,"708200 2235600"
1004467,"privé - sans psg",193.661802046545,692200,2187600,"692200 2187600"
1012437,"privé - sans psg",162.040419488388,714200,2243600,"714200 2243600"
1004530,"privé - sans psg",321.966967450481,712200,2237600,"712200 2237600"
1018991,"privé - psg",213.1792534402,722200,2257600,"722200 2257600"
1001784,"privé - psg",234.388430047021,718200,2245600,"718200 2245600"
1022941,"privé - sans psg",4.42127232670426,714200,2233600,"714200 2233600"
1012050,"privé - sans psg",94.0523720758991,712200,2227600,"712200 2227600"
1008134,"privé - psg",388.77739731159,710200,2221600,"710200 2221600"
1026295,"privé - psg",244.074872212879,702200,2197600,"702200 2197600"
1026696,"privé - psg",50.2271823707948,724200,2253600,"724200 2253600"
1022789,"privé - psg",121.641422330593,708200,2205600,"708200 2205600"
1012187,"privé - sans psg",715.749436131796,726200,2249600,"726200 2249600"
1003939,"privé - sans psg",275.521297844632,718200,2225600,"718200 2225600"
1008378,"privé - sans psg",84.9002266706672,716200,2219600,"716200 2219600"
1027152,"privé - sans psg",21.5904238633867,714200,2213600,"714200 2213600"
1029800,"privé - psg",368.899662419305,712200,2207600,"712200 2207600"
1018341,"privé - psg",143.954767043686,710200,2201600,"710200 2201600"
1017471,"privé - sans psg",734.313210610832,730200,2251600,"730200 2251600"
1009174,"privé - psg",363.803630218822,720200,2221600,"720200 2221600"
1023027,"privé - psg",225.908540149482,716200,2209600,"716200 2209600"
1026659,"privé - psg",270.465090579703,712200,2197600,"712200 2197600"
1029066,"privé - sans psg",135.829931776443,730200,2241600,"730200 2241600"
1004015,"privé - sans psg",323.612798924732,724200,2223600,"724200 2223600"
1008118,"privé - sans psg",411.42325778155,736200,2249600,"736200 2249600"
1028057,"privé - psg",234.019014809404,728200,2225600,"728200 2225600"
1014118,"privé - sans psg",342.920314295065,724200,2213600,"724200 2213600"
1022011,"privé - psg",195.160870201414,738200,2245600,"738200 2245600"
1000024,"privé - sans psg",318.236851158305,728200,2215600,"728200 2215600"
1013128,"privé - psg",209.529163275257,726200,2209600,"726200 2209600"
1002284,"privé - sans psg",1.26914381707301,740200,2241600,"740200 2241600"
1025028,"privé - sans psg",2.9307193894875,596200,2669600,"596200 2669600"
1029814,"publics - domaniales",181.79236575316,616200,2629600,"616200 2629600"
1004118,"privé - sans psg",50.554793441027,662200,2617600,"662200 2617600"
1016330,"privé - psg",254.663269510677,658200,2605600,"658200 2605600"
1017361,"publics - domaniales",415.426156895087,684200,2603600,"684200 2603600"
1022989,"publics - domaniales",382.409219475904,690200,2611600,"690200 2611600"
1009127,"privé - sans psg",119.086825834209,688200,2605600,"688200 2605600"
1023742,"privé - psg",499.763891259603,688200,2575600,"688200 2575600"
1025575,"publics - domaniales",182.227866485156,696200,2579600,"696200 2579600"
1019451,"privé - psg",118.233557483336,704200,2593600,"704200 2593600"
1009613,"publics - domaniales",329.019166938267,700200,2581600,"700200 2581600"
1009672,"publics - domaniales",292.180451615386,704200,2583600,"704200 2583600"
1023322,"publics - domaniales",129.697293490247,702200,2577600,"702200 2577600"
1008926,"privé - psg",113.476645272009,698200,2565600,"698200 2565600"
1022176,"privé - sans psg",147.516589656423,706200,2579600,"706200 2579600"
1006506,"privé - psg",130.472874404984,716200,2579600,"716200 2579600"
1030750,"privé - sans psg",317.620744389711,728200,2585600,"728200 2585600"
1007407,"privé - psg",243.102624440296,724200,2573600,"724200 2573600"
1011553,"privé - sans psg",426.182870241685,730200,2581600,"730200 2581600"
1012603,"privé - psg",105.850191143367,728200,2565600,"728200 2565600"
1011726,"privé - psg",301.612965326034,732200,2567600,"732200 2567600"
1005114,"privé - sans psg",369.573091453904,556200,2509600,"556200 2509600"
1005202,"privé - sans psg",107.318195460955,568200,2495600,"568200 2495600"
1019123,"privé - psg",162.411493291182,564200,2483600,"564200 2483600"
1019637,"privé - sans psg",321.622910562362,574200,2503600,"574200 2503600"
1029289,"privé - sans psg",157.812848946654,564200,2473600,"564200 2473600"
1014803,"privé - psg",392.732857729321,582200,2517600,"582200 2517600"
1020014,"privé - sans psg",203.665110224894,580200,2491600,"580200 2491600"
1028234,"privé - psg",172.174125117963,576200,2479600,"576200 2479600"
1020130,"privé - sans psg",264.519855240662,572200,2467600,"572200 2467600"
1011002,"privé - sans psg",181.489740370574,588200,2485600,"588200 2485600"
1000666,"privé - sans psg",393.927409406645,590200,2481600,"590200 2481600"
1013027,"privé - sans psg",187.454274771907,604200,2513600,"604200 2513600"
1001752,"privé - sans psg",103.503233197956,602200,2497600,"602200 2497600"
1023678,"privé - sans psg",49.5693707828366,608200,2505600,"608200 2505600"
1006135,"privé - sans psg",175.97074757898,600200,2481600,"600200 2481600"
1015130,"privé - sans psg",373.869440217264,600200,2471600,"600200 2471600"
1017841,"privé - sans psg",182.667228597536,602200,2467600,"602200 2467600"
1005839,"privé - sans psg",221.762699924907,608200,2475600,"608200 2475600"
1022720,"publis - communales",188.211840347361,610200,2461600,"610200 2461600"
1005861,"privé - psg",200.699900497596,620200,2481600,"620200 2481600"
1003582,"publis - communales",241.983977068276,618200,2475600,"618200 2475600"
1020111,"publics - domaniales",310.36356988629,616200,2469600,"616200 2469600"
1001373,"privé - sans psg",390.970924935873,632200,2507600,"632200 2507600"
1003677,"privé - psg",95.7532558834822,616200,2459600,"616200 2459600"
1020996,"publics - domaniales",158.758764482481,620200,2461600,"620200 2461600"
1018554,"privé - psg",432.252516108671,640200,2511600,"640200 2511600"
1025492,"privé - psg",20.6736386178213,638200,2505600,"638200 2505600"
1028781,"privé - sans psg",229.323911932481,630200,2481600,"630200 2481600"
1017238,"privé - sans psg",6.19541652707538,624200,2463600,"624200 2463600"
1012209,"privé - psg",96.0656822857003,622200,2457600,"622200 2457600"
1022939,"publics - domaniales",293.45389872698,634200,2483600,"634200 2483600"
1028317,"publics - domaniales",157.823670894659,626200,2459600,"626200 2459600"
1020021,"publics - domaniales",322.469601920809,642200,2497600,"642200 2497600"
1003628,"publics - domaniales",175.38532518958,638200,2485600,"638200 2485600"
1006685,"publics - domaniales",128.837857476818,636200,2479600,"636200 2479600"
1022465,"publics - domaniales",235.514171431122,640200,2481600,"640200 2481600"
1005363,"privé - psg",262.647224787739,636200,2469600,"636200 2469600"
1013911,"privé - sans psg",300.492754928105,654200,2513600,"654200 2513600"
1011578,"privé - sans psg",227.770517074611,650200,2501600,"650200 2501600"
1024921,"privé - psg",218.687792283388,648200,2495600,"648200 2495600"
1028180,"publics - domaniales",456.66739148188,644200,2483600,"644200 2483600"
1030311,"privé - psg",30.6048839501198,638200,2465600,"638200 2465600"
1031133,"privé - sans psg",48.4938699656491,656200,2509600,"656200 2509600"
1021042,"privé - psg",221.697423778443,648200,2485600,"648200 2485600"
1030881,"privé - sans psg",180.910667111653,656200,2499600,"656200 2499600"
1006842,"privé - psg",168.937701471229,654200,2493600,"654200 2493600"
1025234,"privé - sans psg",11.8909872338427,648200,2475600,"648200 2475600"
1024615,"publics - domaniales",404.587635570352,652200,2467600,"652200 2467600"
1001395,"privé - sans psg",647.18113109961,380200,2421600,"380200 2421600"
1022932,"privé - sans psg",46.0689594828911,376200,2399600,"376200 2399600"
1012727,"privé - sans psg",17.6256355875531,384200,2413600,"384200 2413600"
1010388,"publics - domaniales",219.110665146958,392200,2407600,"392200 2407600"
1015815,"publics - domaniales",148.036876894258,390200,2401600,"390200 2401600"
1002371,"publics - domaniales",62.5664251732578,394200,2403600,"394200 2403600"
1026745,"publics - domaniales",149.802718578925,402200,2397600,"402200 2397600"
1016448,"privé - psg",318.681201542413,416200,2419600,"416200 2419600"
1029918,"privé - psg",310.845656405572,408200,2395600,"408200 2395600"
1014870,"privé - sans psg",324.650142725664,432200,2427600,"432200 2427600"
1028096,"privé - psg",33.5112514804577,430200,2421600,"430200 2421600"
1015878,"privé - psg",140.754935467078,426200,2409600,"426200 2409600"
1030065,"privé - sans psg",120.330100965469,422200,2397600,"422200 2397600"
1028776,"publics - domaniales",92.307539277474,432200,2417600,"432200 2417600"
1025500,"privé - psg",101.414736949734,428200,2405600,"428200 2405600"
1020214,"publics - domaniales",222.601264362603,428200,2395600,"428200 2395600"
1023748,"publics - domaniales",72.1189830532033,432200,2397600,"432200 2397600"
1012491,"privé - sans psg",101.897714216152,430200,2391600,"430200 2391600"
1024275,"privé - psg",9.02928913484487,448200,2435600,"448200 2435600"
1002487,"privé - psg",316.626253097099,436200,2399600,"436200 2399600"
1021679,"publics - domaniales",18.9279164874122,434200,2393600,"434200 2393600"
1018276,"privé - sans psg",54.024856376199,456200,2439600,"456200 2439600"
1008553,"privé - psg",100.893821004541,452200,2427600,"452200 2427600"
1029929,"privé - sans psg",666.09774110289,450200,2411600,"450200 2411600"
1021049,"privé - sans psg",269.777741849181,460200,2431600,"460200 2431600"
1015350,"publics - domaniales",439.567200792045,448200,2395600,"448200 2395600"
1018724,"publics - domaniales",174.09808003329,446200,2389600,"446200 2389600"
1027084,"privé - psg",313.281069065803,460200,2421600,"460200 2421600"
1017154,"privé - psg",453.12092129817,456200,2389600,"456200 2389600"
1004275,"privé - psg",1.46075491792888,474200,2423600,"474200 2423600"
1002052,"privé - sans psg",144.583402551815,468200,2405600,"468200 2405600"
1006455,"privé - sans psg",851.994360505104,460200,2381600,"460200 2381600"
1024240,"publics - domaniales",46.732053608072,472200,2407600,"472200 2407600"
1027193,"privé - psg",344.967556286181,480200,2421600,"480200 2421600"
1010072,"privé - sans psg",277.99781765811,476200,2409600,"476200 2409600"
1013859,"publics - domaniales",65.1792897989935,474200,2403600,"474200 2403600"
1017156,"publics - domaniales",408.439967044092,466200,2379600,"466200 2379600"
1005267,"publics - domaniales",15.3739309129372,476200,2389600,"476200 2389600"
1005699,"privé - psg",276.891921437434,484200,2403600,"484200 2403600"
1011147,"privé - sans psg",382.209609854747,478200,2385600,"478200 2385600"
1030619,"privé - sans psg",232.625004859021,488200,2405600,"488200 2405600"
1010122,"privé - psg",135.403742599736,488200,2395600,"488200 2395600"
1003472,"privé - psg",264.719084310992,492200,2397600,"492200 2397600"
1010972,"privé - psg",175.267430361042,488200,2385600,"488200 2385600"
1007494,"privé - sans psg",116.569420186892,490200,2381600,"490200 2381600"
1004722,"publis - communales",246.850164061482,548200,2605600,"548200 2605600"
1025877,"privé - psg",203.604385682508,566200,2649600,"566200 2649600"
1007184,"privé - sans psg",141.918329416338,564200,2643600,"564200 2643600"
1014984,"privé - sans psg",193.66919189398,556200,2619600,"556200 2619600"
1024686,"privé - sans psg",171.142288374933,574200,2653600,"574200 2653600"
1030895,"privé - psg",43.0218372072526,572200,2647600,"572200 2647600"
1030957,"privé - sans psg",76.6170370381982,568200,2635600,"568200 2635600"
1009993,"privé - psg",39.6585706011021,564200,2613600,"564200 2613600"
1006890,"privé - sans psg",649.668364775633,568200,2615600,"568200 2615600"
1007199,"publics - domaniales",195.911649543663,580200,2641600,"580200 2641600"
1004753,"privé - psg",185.531678161619,578200,2635600,"578200 2635600"
1021334,"privé - psg",270.92185424023,586200,2649600,"586200 2649600"
1022452,"privé - psg",181.709408354785,576200,2609600,"576200 2609600"
1008264,"privé - psg",247.700664425921,578200,2605600,"578200 2605600"
1004372,"publics - domaniales",160.88732906966,600200,2641600,"600200 2641600"
1001998,"privé - sans psg",441.947012551086,584200,2593600,"584200 2593600"
1016042,"privé - psg",333.502973252614,588200,2595600,"588200 2595600"
1000080,"privé - sans psg",84.0604279744474,596200,2609600,"596200 2609600"
1018534,"privé - psg",100.413174160857,614200,2613600,"614200 2613600"
1016383,"publics - domaniales",353.686337554842,618200,2605600,"618200 2605600"
1001174,"privé - psg",121.655798973556,620200,2591600,"620200 2591600"
1023164,"privé - sans psg",117.410474129008,614200,2573600,"614200 2573600"
1005702,"privé - sans psg",242.353090653216,630200,2571600,"630200 2571600"
1015425,"privé - sans psg",118.306688601184,646200,2609600,"646200 2609600"
1012362,"privé - sans psg",243.566278764551,618200,2125600,"618200 2125600"
1006582,"privé - sans psg",401.737087826466,626200,2129600,"626200 2129600"
1005246,"privé - sans psg",445.905112814567,624200,2123600,"624200 2123600"
1026417,"privé - sans psg",206.167009806517,622200,2117600,"622200 2117600"
1029168,"privé - sans psg",195.408011239069,618200,2105600,"618200 2105600"
1025185,"privé - sans psg",273.921119611141,614200,2093600,"614200 2093600"
1025537,"privé - sans psg",322.805423734968,624200,2113600,"624200 2113600"
1016195,"privé - sans psg",136.398126217256,626200,2109600,"626200 2109600"
1023576,"publis - communales",115.754588393045,618200,2085600,"618200 2085600"
1008013,"privé - sans psg",152.354737872412,632200,2117600,"632200 2117600"
1012201,"privé - sans psg",296.109948785506,624200,2093600,"624200 2093600"
1006448,"privé - sans psg",254.162417505648,620200,2081600,"620200 2081600"
1022514,"privé - sans psg",77.2744663180283,636200,2119600,"636200 2119600"
1015704,"privé - sans psg",478.63793671983,632200,2107600,"632200 2107600"
1023233,"privé - sans psg",21.5437979509548,628200,2095600,"628200 2095600"
1012302,"privé - sans psg",344.018915967336,644200,2133600,"644200 2133600"
1008914,"privé - sans psg",209.874410776344,640200,2121600,"640200 2121600"
1003178,"privé - sans psg",395.331267717574,628200,2085600,"628200 2085600"
1015323,"privé - sans psg",426.70865668264,624200,2073600,"624200 2073600"
1025663,"publis - communales",232.933588894341,646200,2129600,"646200 2129600"
1021309,"privé - sans psg",43.0176726902962,644200,2123600,"644200 2123600"
1023795,"privé - sans psg",392.107207528493,640200,2111600,"640200 2111600"
1018137,"publis - communales",194.938245970363,628200,2075600,"628200 2075600"
1025692,"privé - sans psg",23.6889168139484,648200,2125600,"648200 2125600"
1006765,"privé - sans psg",320.206017320704,644200,2113600,"644200 2113600"
1011966,"privé - sans psg",154.359081415116,624200,2053600,"624200 2053600"
1021820,"privé - sans psg",379.061890570535,650200,2121600,"650200 2121600"
1022282,"privé - sans psg",94.0697289255505,646200,2109600,"646200 2109600"
1027182,"privé - sans psg",304.836823502089,642200,2097600,"642200 2097600"
1015659,"publis - communales",255.738127431528,626200,2049600,"626200 2049600"
1014205,"privé - psg",42.8491842078269,648200,2105600,"648200 2105600"
1025940,"privé - sans psg",242.505377551686,640200,2081600,"640200 2081600"
1014062,"privé - sans psg",106.808241459102,656200,2119600,"656200 2119600"
1008260,"privé - sans psg",124.997358698377,654200,2113600,"654200 2113600"
1030396,"privé - sans psg",218.510462002452,652200,2107600,"652200 2107600"
1001567,"privé - sans psg",324.62081818518,648200,2095600,"648200 2095600"
1018094,"publis - communales",256.35743239198,646200,2089600,"646200 2089600"
1012776,"publics - domaniales",289.726859437978,640200,2071600,"640200 2071600"
1012174,"privé - sans psg",646.01008619498,638200,2065600,"638200 2065600"
1004505,"privé - sans psg",201.133998214374,656200,2109600,"656200 2109600"
1018462,"privé - psg",273.512749279671,650200,2091600,"650200 2091600"
1012813,"privé - sans psg",14.9517596109682,654200,2093600,"654200 2093600"
1001772,"privé - sans psg",39.8959791982595,648200,2075600,"648200 2075600"
1008060,"publis - communales",412.716877584563,646200,2069600,"646200 2069600"
1012678,"privé - sans psg",92.8262415993828,644200,2063600,"644200 2063600"
1000373,"privé - sans psg",183.185500540073,640200,2051600,"640200 2051600"
1016264,"privé - sans psg",15.7461913549941,648200,2065600,"648200 2065600"
1016221,"privé - sans psg",207.778728797553,646200,2049600,"646200 2049600"
1023712,"privé - sans psg",237.166689649064,668200,2105600,"668200 2105600"
1013360,"privé - sans psg",211.24639007296,660200,2081600,"660200 2081600"
1022559,"privé - sans psg",345.414905533853,652200,2057600,"652200 2057600"
1016509,"publis - communales",253.208976314203,650200,2051600,"650200 2051600"
1019386,"privé - sans psg",117.272236351723,660200,2071600,"660200 2071600"
1022883,"privé - sans psg",181.46170050134,658200,2065600,"658200 2065600"
1001272,"privé - sans psg",113.559882029562,656200,2059600,"656200 2059600"
1025704,"publis - communales",290.033996207512,652200,2037600,"652200 2037600"
1016961,"privé - psg",208.388558731072,682200,2117600,"682200 2117600"
1029743,"privé - sans psg",278.360871168247,684200,2113600,"684200 2113600"
1004697,"privé - sans psg",140.142770273981,680200,2101600,"680200 2101600"
1015602,"privé - sans psg",26.6846457383467,676200,2089600,"676200 2089600"
1006287,"privé - sans psg",358.168086507333,672200,2077600,"672200 2077600"
1027546,"publis - communales",187.251575422151,660200,2041600,"660200 2041600"
1020551,"privé - sans psg",220.54898604378,692200,2107600,"692200 2107600"
1017313,"privé - psg",118.323798673555,690200,2101600,"690200 2101600"
1015503,"privé - sans psg",536.541193070193,696200,2109600,"696200 2109600"
1020328,"privé - psg",579.933574600208,696200,2099600,"696200 2099600"
1015296,"privé - sans psg",537.766213440977,692200,2087600,"692200 2087600"
1016662,"privé - sans psg",238.653280726766,686200,2069600,"686200 2069600"
1030526,"privé - sans psg",191.420596819824,682200,2057600,"682200 2057600"
1013177,"privé - sans psg",141.791894865499,680200,2051600,"680200 2051600"
1013687,"privé - sans psg",62.3691990589039,692200,2077600,"692200 2077600"
1007646,"privé - psg",224.092198046168,704200,2103600,"704200 2103600"
1014383,"privé - sans psg",123.332062652069,694200,2073600,"694200 2073600"
1007847,"privé - sans psg",162.296851975829,692200,2067600,"692200 2067600"
1002810,"privé - sans psg",91.0104679262631,688200,2055600,"688200 2055600"
1027801,"privé - sans psg",151.709806526945,686200,2049600,"686200 2049600"
1025975,"privé - sans psg",374.738479034025,706200,2089600,"706200 2089600"
1029837,"privé - psg",74.6274543089283,704200,2083600,"704200 2083600"
1011539,"privé - sans psg",170.337285802946,700200,2071600,"700200 2071600"
1031333,"publics - domaniales",222.111786720073,696200,2059600,"696200 2059600"
1027277,"publis - communales",244.338121213301,708200,2085600,"708200 2085600"
1018180,"privé - sans psg",121.204657229833,704200,2073600,"704200 2073600"
1005705,"privé - sans psg",317.790386589002,700200,2061600,"700200 2061600"
1000126,"publis - communales",264.010503991731,696200,2049600,"696200 2049600"
1007906,"privé - sans psg",201.964122565494,710200,2081600,"710200 2081600"
1014557,"privé - sans psg",52.5862354373798,708200,2075600,"708200 2075600"
1000866,"privé - sans psg",530.100473196915,704200,2063600,"704200 2063600"
1018930,"privé - sans psg",361.154068950029,706200,2059600,"706200 2059600"
1006548,"privé - sans psg",333.59318502902,704200,2053600,"704200 2053600"
1026770,"privé - sans psg",449.871583920432,712200,2067600,"712200 2067600"
1003892,"privé - sans psg",14.3338444754414,708200,2055600,"708200 2055600"
1028198,"privé - sans psg",420.814663999718,704200,2043600,"704200 2043600"
1030870,"privé - sans psg",6.88680195736251,716200,2069600,"716200 2069600"
1020602,"privé - sans psg",406.023404609635,714200,2053600,"714200 2053600"
1017106,"publis - communales",137.218186193609,712200,2047600,"712200 2047600"
1023260,"privé - sans psg",209.742391537885,710200,2041600,"710200 2041600"
1016089,"privé - sans psg",440.723708395563,720200,2061600,"720200 2061600"
1020312,"publis - communales",485.706814727169,718200,2055600,"718200 2055600"
1015032,"privé - sans psg",256.701759680907,716200,2049600,"716200 2049600"
1013817,"privé - sans psg",85.3623790364717,724200,2063600,"724200 2063600"
1011001,"privé - sans psg",100.164568100411,718200,2045600,"718200 2045600"
1012818,"privé - sans psg",376.588108804271,724200,2053600,"724200 2053600"
1030981,"privé - sans psg",99.3147920874975,720200,2041600,"720200 2041600"
1024770,"privé - sans psg",383.821020743878,728200,2055600,"728200 2055600"
1001246,"publis - communales",161.77013095961,270200,1821600,"270200 1821600"
1024271,"privé - sans psg",151.001526262819,284200,1833600,"284200 1833600"
1025296,"publis - communales",435.03559854638,280200,1821600,"280200 1821600"
1031025,"publis - communales",298.695278755149,286200,1829600,"286200 1829600"
1013219,"privé - sans psg",149.598027081316,296200,1839600,"296200 1839600"
1019652,"privé - sans psg",52.8598586423039,294200,1833600,"294200 1833600"
1021667,"privé - sans psg",238.710869602122,298200,1835600,"298200 1835600"
1024171,"privé - sans psg",111.008108569067,296200,1829600,"296200 1829600"
1030085,"publis - communales",293.173795926273,300200,1831600,"300200 1831600"
1013255,"privé - sans psg",368.536034767451,306200,1829600,"306200 1829600"
1002490,"privé - sans psg",448.914841735836,304200,1823600,"304200 1823600"
1019187,"privé - sans psg",219.56290927073,302200,1817600,"302200 1817600"
1014904,"privé - sans psg",236.442073609662,298200,1805600,"298200 1805600"
1015632,"publis - communales",12.0898595263225,312200,1827600,"312200 1827600"
1004789,"privé - sans psg",172.921285591753,308200,1805600,"308200 1805600"
1020540,"privé - sans psg",278.2682182287,320200,1831600,"320200 1831600"
1007439,"privé - sans psg",338.777709535878,310200,1801600,"310200 1801600"
1023581,"privé - sans psg",621.840713364035,308200,1795600,"308200 1795600"
1012889,"privé - sans psg",11.8779740701667,320200,1821600,"320200 1821600"
1010200,"privé - sans psg",101.744569773859,320200,1811600,"320200 1811600"
1014765,"privé - sans psg",207.370544030348,332200,1837600,"332200 1837600"
1030667,"publis - communales",282.979758519198,324200,1813600,"324200 1813600"
1012184,"privé - sans psg",32.8032960149866,336200,1839600,"336200 1839600"
1023007,"publis - communales",477.204846789834,322200,1797600,"322200 1797600"
1024323,"privé - sans psg",320.711563065867,338200,1835600,"338200 1835600"
1016643,"privé - sans psg",9.26461851782997,336200,1829600,"336200 1829600"
1026532,"publis - communales",295.364299434918,322200,1787600,"322200 1787600"
1027032,"privé - sans psg",48.0867127832554,340200,1831600,"340200 1831600"
1023909,"privé - sans psg",177.728895940404,336200,1819600,"336200 1819600"
1001427,"privé - sans psg",20.795222067407,348200,1845600,"348200 1845600"
1028391,"privé - sans psg",136.921214122332,336200,1809600,"336200 1809600"
1019942,"privé - sans psg",203.650749900139,328200,1785600,"328200 1785600"
1018909,"privé - sans psg",133.922185855136,350200,1841600,"350200 1841600"
1015172,"privé - sans psg",36.8011356606762,338200,1805600,"338200 1805600"
1010556,"publis - communales",383.780031333857,336200,1789600,"336200 1789600"
1031346,"publis - communales",428.263705018663,334200,1783600,"334200 1783600"
1007292,"privé - sans psg",387.17538839294,344200,1803600,"344200 1803600"
1026009,"privé - sans psg",553.987745031711,340200,1781600,"340200 1781600"
1003509,"privé - sans psg",24.4013868531798,360200,1831600,"360200 1831600"
1028094,"privé - sans psg",109.92355018619,348200,1795600,"348200 1795600"
1022036,"publis - communales",504.448717879299,348200,1785600,"348200 1785600"
1009514,"privé - sans psg",120.115595652146,360200,1811600,"360200 1811600"
1019670,"publis - communales",123.814304845894,354200,1793600,"354200 1793600"
1005570,"publis - communales",131.895251723763,350200,1781600,"350200 1781600"
1024447,"privé - sans psg",178.259271944312,368200,1825600,"368200 1825600"
1007224,"publis - communales",396.921916631867,356200,1789600,"356200 1789600"
1024986,"privé - sans psg",188.797457164393,374200,1833600,"374200 1833600"
1006740,"privé - sans psg",52.6831910738041,360200,1791600,"360200 1791600"
1018870,"privé - psg",154.679886974118,372200,1817600,"372200 1817600"
1003962,"publis - communales",140.978164737513,364200,1793600,"364200 1793600"
1019707,"publis - communales",426.575468799566,362200,1787600,"362200 1787600"
1027357,"privé - sans psg",170.249654557398,380200,1831600,"380200 1831600"
1019330,"privé - sans psg",208.061238683322,374200,1813600,"374200 1813600"
1020725,"privé - sans psg",128.404947186811,370200,1801600,"370200 1801600"
1023747,"privé - psg",192.368939354287,368200,1795600,"368200 1795600"
1016207,"publis - communales",154.086903311882,366200,1789600,"366200 1789600"
1016776,"privé - sans psg",346.675750636853,376200,1809600,"376200 1809600"
1011224,"privé - sans psg",125.402886562639,384200,1823600,"384200 1823600"
1015267,"privé - sans psg",188.308498418706,372200,1787600,"372200 1787600"
1011272,"privé - sans psg",39.6899147536254,376200,1789600,"376200 1789600"
1014476,"privé - sans psg",576.464025002272,396200,1829600,"396200 1829600"
1021911,"privé - sans psg",211.544307806537,388200,1805600,"388200 1805600"
1012145,"publis - communales",357.22322435922,380200,1781600,"380200 1781600"
1030479,"publis - communales",176.708675686222,376200,1769600,"376200 1769600"
1004470,"publis - communales",202.284894280649,392200,1807600,"392200 1807600"
1027577,"publis - communales",280.842164205878,386200,1789600,"386200 1789600"
1028067,"publis - communales",344.500314271675,394200,1803600,"394200 1803600"
1023006,"privé - sans psg",54.453451699374,388200,1785600,"388200 1785600"
1018875,"privé - sans psg",247.054780872336,408200,1835600,"408200 1835600"
1018616,"privé - sans psg",51.0243524417839,406200,1829600,"406200 1829600"
1013957,"publics - domaniales",330.760456939035,396200,1789600,"396200 1789600"
1023509,"publis - communales",240.865264733644,394200,1783600,"394200 1783600"
1014048,"privé - psg",191.353860586809,402200,1797600,"402200 1797600"
1030746,"publis - communales",20.9421679167098,400200,1791600,"400200 1791600"
1030369,"privé - sans psg",46.7275841943746,418200,1835600,"418200 1835600"
1021165,"privé - sans psg",165.300931450175,416200,1829600,"416200 1829600"
1017255,"publis - communales",124.915594054471,410200,1811600,"410200 1811600"
1021435,"publis - communales",75.8977048588564,408200,1805600,"408200 1805600"
1007695,"privé - sans psg",39.8775271014809,400200,1781600,"400200 1781600"
1021445,"privé - sans psg",567.955071163016,408200,1795600,"408200 1795600"
1024020,"publis - communales",17.810916352812,406200,1789600,"406200 1789600"
1026115,"privé - sans psg",133.439893786013,404200,1773600,"404200 1773600"
1007453,"privé - sans psg",96.7254366487778,424200,1823600,"424200 1823600"
1001910,"privé - sans psg",18.0366971401121,414200,1793600,"414200 1793600"
1013953,"publis - communales",293.758703721204,410200,1781600,"410200 1781600"
1020729,"privé - sans psg",548.094477833475,416200,1789600,"416200 1789600"
1008652,"publis - communales",301.425620911793,414200,1783600,"414200 1783600"
1008257,"privé - sans psg",159.288025605593,424200,1803600,"424200 1803600"
1000763,"publis - communales",432.219949386043,418200,1785600,"418200 1785600"
1015075,"privé - sans psg",180.043675221581,432200,1817600,"432200 1817600"
1008511,"privé - sans psg",299.571289681903,424200,1793600,"424200 1793600"
1004285,"publis - communales",404.124521715773,418200,1775600,"418200 1775600"
1008324,"privé - sans psg",181.847455511271,416200,1769600,"416200 1769600"
1020771,"privé - sans psg",170.584738116783,434200,1803600,"434200 1803600"
1031206,"privé - sans psg",102.846271642092,432200,1797600,"432200 1797600"
1031119,"privé - sans psg",384.283777572325,428200,1785600,"428200 1785600"
1021623,"privé - sans psg",59.1115716734715,430200,1781600,"430200 1781600"
1016666,"privé - sans psg",606.069576562368,428200,1775600,"428200 1775600"
1022256,"publis - communales",243.840055767383,444200,1813600,"444200 1813600"
1009212,"privé - sans psg",243.093457301361,436200,1789600,"436200 1789600"
1023474,"privé - psg",147.669082719136,432200,1777600,"432200 1777600"
1020178,"publis - communales",206.185051200737,430200,1771600,"430200 1771600"
1024115,"privé - sans psg",99.4227746064407,426200,1759600,"426200 1759600"
1000534,"privé - sans psg",176.362510854965,424200,1753600,"424200 1753600"
1028453,"privé - sans psg",60.0603851998554,444200,1803600,"444200 1803600"
1025118,"privé - psg",248.294399687258,436200,1779600,"436200 1779600"
1028074,"privé - sans psg",400.536603674949,440200,1781600,"440200 1781600"
1004462,"publis - communales",85.6423633864599,436200,1769600,"436200 1769600"
1003919,"privé - sans psg",396.086498209103,446200,1789600,"446200 1789600"
1027869,"publis - communales",148.196623532549,442200,1777600,"442200 1777600"
1004328,"privé - sans psg",299.419509071499,438200,1765600,"438200 1765600"
1015305,"privé - sans psg",14.4746194489371,456200,1809600,"456200 1809600"
1019276,"privé - psg",180.168204012949,440200,1761600,"440200 1761600"
1023830,"privé - sans psg",6.08711596609149,438200,1755600,"438200 1755600"
1013984,"publics - domaniales",197.015145939702,444200,1773600,"444200 1773600"
1030243,"privé - sans psg",210.669062253471,450200,1781600,"450200 1781600"
1027732,"publis - communales",150.644076111217,450200,1771600,"450200 1771600"
1026881,"publis - communales",157.39685834893,452200,1777600,"452200 1777600"
1027542,"privé - psg",164.640089262971,444200,1753600,"444200 1753600"
1021279,"privé - sans psg",395.471831286358,456200,1779600,"456200 1779600"
1003631,"privé - sans psg",231.959868457972,454200,1773600,"454200 1773600"
1030425,"privé - sans psg",236.197673920786,456200,1769600,"456200 1769600"
1021226,"publis - communales",117.898218605841,562200,1727600,"562200 1727600"
1011398,"privé - sans psg",3.71130497266833,560200,1721600,"560200 1721600"
1016244,"privé - sans psg",11.8504889428153,566200,1719600,"566200 1719600"
1003398,"publis - communales",272.484928264378,578200,1735600,"578200 1735600"
1013224,"publics - domaniales",62.1892436527087,576200,1729600,"576200 1729600"
1030646,"publics - domaniales",118.519133607965,574200,1723600,"574200 1723600"
1010065,"privé - sans psg",35.2373875227229,570200,1711600,"570200 1711600"
1002838,"publics - domaniales",214.538809457966,584200,1733600,"584200 1733600"
1012692,"publis - communales",116.476856900205,586200,1719600,"586200 1719600"
1021098,"privé - sans psg",9.09668940335708,588200,1725600,"588200 1725600"
1017868,"publis - communales",50.8841354060982,602200,1757600,"602200 1757600"
1020562,"publics - domaniales",170.317667115988,606200,1759600,"606200 1759600"
1002347,"privé - sans psg",84.9982380626059,604200,1753600,"604200 1753600"
1000993,"publis - communales",237.997302112174,592200,1717600,"592200 1717600"
1021615,"privé - sans psg",25.4311441362237,612200,1757600,"612200 1757600"
1029461,"privé - sans psg",53.1620894984196,604200,1733600,"604200 1733600"
1007544,"publics - domaniales",124.854502128427,602200,1727600,"602200 1727600"
1019062,"privé - sans psg",116.34317578353,616200,1749600,"616200 1749600"
1030168,"publics - domaniales",289.23276592222,604200,1713600,"604200 1713600"
1018326,"publics - domaniales",22.0764490521578,608200,1725600,"608200 1725600"
1020419,"privé - sans psg",18.8170934743637,616200,1739600,"616200 1739600"
1024528,"privé - sans psg",27.3782615625413,622200,1747600,"622200 1747600"
1029821,"privé - sans psg",76.0797656557785,618200,1735600,"618200 1735600"
1009285,"publics - domaniales",88.1917286268633,614200,1723600,"614200 1723600"
1008958,"publics - domaniales",260.172128231956,612200,1717600,"612200 1717600"
1024825,"privé - sans psg",188.899949822467,610200,1711600,"610200 1711600"
1015202,"privé - sans psg",17.0071991263806,624200,1733600,"624200 1733600"
1022430,"privé - psg",210.753750675388,622200,1727600,"622200 1727600"
1026330,"publis - communales",190.530403190773,620200,1721600,"620200 1721600"
1021352,"privé - sans psg",20.8115828833245,618200,1715600,"618200 1715600"
1025364,"privé - sans psg",84.2347053464503,642200,1767600,"642200 1767600"
1019079,"privé - sans psg",105.026288671321,628200,1725600,"628200 1725600"
1018345,"privé - sans psg",112.025736017308,626200,1719600,"626200 1719600"
1010322,"publis - communales",55.8893601595169,624200,1713600,"624200 1713600"
1014759,"publis - communales",117.611867833333,622200,1707600,"622200 1707600"
1015447,"privé - psg",168.022355938717,632200,1717600,"632200 1717600"
1001308,"privé - sans psg",69.2225913776433,642200,1737600,"642200 1737600"
1019333,"privé - sans psg",318.412583101323,640200,1721600,"640200 1721600"
1003274,"privé - sans psg",180.469997479816,638200,1715600,"638200 1715600"
1008538,"privé - sans psg",54.7424369578375,646200,1719600,"646200 1719600"
1010155,"publis - communales",347.529568499032,946200,2459600,"946200 2459600"
1019335,"publis - communales",150.913251422854,946200,2449600,"946200 2449600"
1029818,"privé - psg",307.09372484328,944200,2443600,"944200 2443600"
1010017,"publis - communales",209.975061706394,960200,2451600,"960200 2451600"
1030635,"publics - domaniales",278.975835765984,958200,2445600,"958200 2445600"
1011362,"publics - domaniales",383.579601097315,966200,2449600,"966200 2449600"
1026972,"publics - domaniales",211.59158735684,964200,2443600,"964200 2443600"
1031044,"privé - sans psg",241.234192462602,962200,2437600,"962200 2437600"
1022405,"privé - psg",159.978358238219,950200,2401600,"950200 2401600"
1014755,"publics - domaniales",259.263707009891,968200,2445600,"968200 2445600"
1006612,"publis - communales",278.077096940333,970200,2441600,"970200 2441600"
1022089,"publics - domaniales",257.676396714876,968200,2435600,"968200 2435600"
1016510,"publis - communales",305.325712055047,966200,2429600,"966200 2429600"
1010557,"publics - domaniales",216.678697877441,964200,2423600,"964200 2423600"
1024329,"publics - domaniales",257.434867648055,956200,2399600,"956200 2399600"
1004898,"publics - domaniales",295.170624533932,954200,2393600,"954200 2393600"
1019219,"publics - domaniales",338.440829227514,976200,2449600,"976200 2449600"
1002168,"publics - domaniales",123.048123977636,964200,2413600,"964200 2413600"
1018347,"publis - communales",115.488048161367,960200,2401600,"960200 2401600"
1005108,"privé - sans psg",389.821603845114,956200,2389600,"956200 2389600"
1005736,"publics - domaniales",389.190617520817,968200,2415600,"968200 2415600"
1019570,"publis - communales",265.537419034898,966200,2409600,"966200 2409600"
1002291,"publis - communales",222.406768792954,964200,2403600,"964200 2403600"
1028374,"privé - sans psg",146.827267271564,960200,2391600,"960200 2391600"
1001437,"privé - psg",280.231138325601,958200,2385600,"958200 2385600"
1030308,"privé - sans psg",384.186233985465,986200,2459600,"986200 2459600"
1020033,"publis - communales",153.754190793946,984200,2453600,"984200 2453600"
1022168,"publis - communales",195.253425711814,972200,2417600,"972200 2417600"
1014909,"publis - communales",303.870454463802,970200,2411600,"970200 2411600"
1019630,"publis - communales",207.370622442139,964200,2393600,"964200 2393600"
1009253,"publics - domaniales",130.557384402747,962200,2387600,"962200 2387600"
1026797,"publis - communales",282.43867072456,960200,2381600,"960200 2381600"
1004393,"publics - domaniales",422.060484333677,990200,2461600,"990200 2461600"
1028368,"publics - domaniales",245.10408232146,988200,2455600,"988200 2455600"
1017603,"publis - communales",214.909937104001,986200,2449600,"986200 2449600"
1022289,"privé - sans psg",120.335219712083,974200,2413600,"974200 2413600"
1018252,"privé - psg",173.346308732655,970200,2401600,"970200 2401600"
1007784,"publis - communales",288.817801356569,968200,2395600,"968200 2395600"
1019435,"publics - domaniales",222.925549649027,966200,2389600,"966200 2389600"
1029885,"privé - psg",373.940151130975,992200,2457600,"992200 2457600"
1005086,"publis - communales",413.294080526595,972200,2397600,"972200 2397600"
1030573,"privé - sans psg",94.1920391637734,968200,2385600,"968200 2385600"
1027444,"privé - psg",296.536423652626,996200,2459600,"996200 2459600"
1007466,"publis - communales",175.137398718857,994200,2453600,"994200 2453600"
1013544,"publics - domaniales",300.809367691865,990200,2441600,"990200 2441600"
1000231,"publis - communales",290.837617851794,976200,2399600,"976200 2399600"
1003345,"privé - psg",145.979786636854,974200,2393600,"974200 2393600"
1026303,"privé - psg",229.550996724031,972200,2387600,"972200 2387600"
1025150,"privé - sans psg",344.645892949261,970200,2381600,"970200 2381600"
1014202,"publis - communales",195.147802213679,1000200,2461600,"1000200 2461600"
1023407,"privé - sans psg",301.912449481956,994200,2443600,"994200 2443600"
1030338,"publis - communales",310.740495589555,976200,2389600,"976200 2389600"
1013437,"publics - domaniales",344.190406077849,972200,2377600,"972200 2377600"
1017819,"publis - communales",239.485162518855,1002200,2457600,"1002200 2457600"
1020213,"publis - communales",25.5368589361608,1000200,2451600,"1000200 2451600"
1003507,"publics - domaniales",470.859506982481,996200,2439600,"996200 2439600"
1005809,"privé - sans psg",113.731626326098,976200,2379600,"976200 2379600"
1013038,"publics - domaniales",310.704715705827,1000200,2441600,"1000200 2441600"
1010274,"publis - communales",403.925060815908,980200,2381600,"980200 2381600"
1020099,"publics - domaniales",450.71536501821,1004200,2443600,"1004200 2443600"
1028954,"publis - communales",78.4998325250223,998200,2425600,"998200 2425600"
1009914,"publis - communales",300.308765531346,980200,2371600,"980200 2371600"
1007604,"publics - domaniales",297.88580360058,1008200,2445600,"1008200 2445600"
1012055,"publics - domaniales",45.2809913818743,1006200,2439600,"1006200 2439600"
1017631,"privé - sans psg",65.7573520634933,1004200,2433600,"1004200 2433600"
1027411,"publis - communales",213.934324423301,1016200,2459600,"1016200 2459600"
1026372,"publics - domaniales",1.10478302763064,1010200,2441600,"1010200 2441600"
1024663,"publis - communales",414.035243078442,996200,2399600,"996200 2399600"
1006424,"publis - communales",67.7916195006378,1016200,2449600,"1016200 2449600"
1010790,"publis - communales",149.009361529228,1012200,2437600,"1012200 2437600"
1024062,"publis - communales",148.603397982598,1008200,2425600,"1008200 2425600"
1027267,"publis - communales",179.834252245798,1022200,2457600,"1022200 2457600"
1022242,"publis - communales",20.8280003926264,1018200,2445600,"1018200 2445600"
1004797,"privé - sans psg",25.0455729244743,1014200,2433600,"1014200 2433600"
1020958,"privé - sans psg",397.870946822868,994200,2373600,"994200 2373600"
1021032,"publics - domaniales",87.7623982242079,992200,2367600,"992200 2367600"
1014986,"privé - sans psg",60.2365170929553,990200,2361600,"990200 2361600"
1016109,"publis - communales",406.808485926837,944200,2343600,"944200 2343600"
1007684,"publis - communales",284.361466191587,958200,2375600,"958200 2375600"
1011706,"publis - communales",413.332014670753,956200,2369600,"956200 2369600"
1016074,"publis - communales",184.825955525908,954200,2363600,"954200 2363600"
1013884,"publis - communales",221.019740068807,946200,2339600,"946200 2339600"
1000632,"privé - sans psg",521.356188744413,940200,2321600,"940200 2321600"
1003728,"publis - communales",385.398110128424,960200,2371600,"960200 2371600"
1022131,"publis - communales",67.7658116979911,958200,2365600,"958200 2365600"
1007186,"privé - sans psg",326.969471054595,956200,2359600,"956200 2359600"
1009246,"privé - sans psg",697.33376139463,952200,2347600,"952200 2347600"
1031100,"publis - communales",112.690659653092,950200,2341600,"950200 2341600"
1002211,"publis - communales",214.703522374676,948200,2335600,"948200 2335600"
1029010,"privé - sans psg",306.638955257997,946200,2329600,"946200 2329600"
1012939,"privé - sans psg",342.99630946755,944200,2323600,"944200 2323600"
1002794,"publis - communales",529.099703227298,964200,2373600,"964200 2373600"
1013888,"privé - sans psg",153.960388017208,960200,2361600,"960200 2361600"
1017973,"publis - communales",383.738176524455,952200,2337600,"952200 2337600"
1009520,"privé - sans psg",398.516976677031,948200,2325600,"948200 2325600"
1025783,"publics - domaniales",460.427901781597,966200,2369600,"966200 2369600"
1027704,"publis - communales",72.390374848376,964200,2363600,"964200 2363600"
1016191,"publis - communales",170.449354636637,962200,2357600,"962200 2357600"
1014578,"privé - sans psg",403.477102699114,958200,2345600,"958200 2345600"
1009038,"publics - domaniales",103.50667423575,954200,2333600,"954200 2333600"
1025853,"publis - communales",258.382288152563,952200,2327600,"952200 2327600"
1002880,"privé - sans psg",221.752043685786,950200,2321600,"950200 2321600"
1008993,"publis - communales",158.146390168294,970200,2371600,"970200 2371600"
1017672,"publis - communales",308.621922114455,968200,2365600,"968200 2365600"
1030821,"publis - communales",269.618913950838,964200,2353600,"964200 2353600"
1019851,"publis - communales",253.213390902706,962200,2347600,"962200 2347600"
1023208,"publis - communales",389.232548242199,960200,2341600,"960200 2341600"
1016951,"publis - communales",427.991044598775,956200,2329600,"956200 2329600"
1001270,"publis - communales",272.852252045833,966200,2349600,"966200 2349600"
1008726,"publis - communales",163.140059529491,960200,2331600,"960200 2331600"
1003381,"publis - communales",275.413837305578,958200,2325600,"958200 2325600"
1006420,"privé - sans psg",385.898709719024,968200,2345600,"968200 2345600"
1020251,"publis - communales",380.592151750495,964200,2333600,"964200 2333600"
1013848,"privé - sans psg",162.088727991793,964200,2323600,"964200 2323600"
1020323,"privé - sans psg",592.992588280253,960200,2311600,"960200 2311600"
1014173,"publis - communales",121.839663338645,974200,2343600,"974200 2343600"
1018403,"privé - psg",369.713228384065,964200,2313600,"964200 2313600"
1003757,"publis - communales",273.414228867161,974200,2333600,"974200 2333600"
1010987,"publis - communales",286.859459818703,972200,2327600,"972200 2327600"
1001003,"privé - sans psg",889.878010577409,972200,2307600,"972200 2307600"
1025059,"publis - communales",242.217218986899,970200,2301600,"970200 2301600"
1009799,"publis - communales",85.1858312587737,966200,2289600,"966200 2289600"
1027490,"publics - domaniales",22.0967156433671,984200,2333600,"984200 2333600"
1009409,"privé - sans psg",390.318657238156,972200,2297600,"972200 2297600"
1016018,"privé - sans psg",384.089782049866,970200,2291600,"970200 2291600"
1013313,"privé - sans psg",732.848800908762,968200,2285600,"968200 2285600"
1018142,"publics - domaniales",100.540074951738,984200,2323600,"984200 2323600"
1015400,"publics - domaniales",154.494605565732,982200,2317600,"982200 2317600"
1029851,"privé - sans psg",266.901069470123,978200,2305600,"978200 2305600"
1014868,"publis - communales",210.93304355055,972200,2287600,"972200 2287600"
1000950,"publics - domaniales",206.78258344873,984200,2313600,"984200 2313600"
1030982,"privé - sans psg",757.667990660687,980200,2301600,"980200 2301600"
1006834,"publis - communales",450.919413368795,976200,2289600,"976200 2289600"
1016202,"publis - communales",539.510214436519,978200,2285600,"978200 2285600"
1009496,"publis - communales",310.54712956915,988200,2295600,"988200 2295600"
1002844,"privé - sans psg",353.190295720908,754200,2123600,"754200 2123600"
1001701,"privé - psg",407.068410000755,762200,2137600,"762200 2137600"
1018049,"privé - sans psg",186.280116569915,758200,2125600,"758200 2125600"
1023254,"privé - psg",1.43272924219585,764200,2133600,"764200 2133600"
1020910,"privé - psg",405.265285814423,770200,2141600,"770200 2141600"
1011160,"privé - sans psg",102.114017562387,764200,2123600,"764200 2123600"
1030543,"privé - sans psg",268.382485987057,756200,2099600,"756200 2099600"
1021506,"privé - sans psg",433.379547185265,768200,2125600,"768200 2125600"
1020327,"privé - sans psg",150.744183279156,760200,2101600,"760200 2101600"
1006356,"privé - sans psg",333.67033507571,774200,2133600,"774200 2133600"
1025123,"publis - communales",275.108157894078,766200,2109600,"766200 2109600"
1002922,"privé - sans psg",43.8351141325146,764200,2103600,"764200 2103600"
1000197,"privé - psg",14.8324461732788,762200,2097600,"762200 2097600"
1024922,"privé - sans psg",402.490546951895,780200,2141600,"780200 2141600"
1006984,"privé - sans psg",139.642340261406,772200,2117600,"772200 2117600"
1023769,"privé - sans psg",303.150785778738,764200,2093600,"764200 2093600"
1031097,"privé - sans psg",91.2072966110111,760200,2081600,"760200 2081600"
1024057,"privé - sans psg",30.8086519510699,768200,2095600,"768200 2095600"
1004680,"privé - sans psg",66.7226664840307,772200,2097600,"772200 2097600"
1020899,"privé - sans psg",93.975954425621,770200,2081600,"770200 2081600"
1017671,"privé - sans psg",147.078729952932,776200,2079600,"776200 2079600"
1015863,"privé - sans psg",105.921127528255,772200,2067600,"772200 2067600"
1017968,"privé - sans psg",89.7381916743515,786200,2099600,"786200 2099600"
1022042,"privé - sans psg",21.9784883453071,778200,2075600,"778200 2075600"
1013401,"privé - sans psg",138.927705708272,788200,2095600,"788200 2095600"
1016035,"privé - sans psg",156.932999958496,796200,2099600,"796200 2099600"
1004124,"privé - sans psg",13.9390476048355,788200,2075600,"788200 2075600"
1014751,"privé - sans psg",2.6232484249991,796200,2079600,"796200 2079600"
1007746,"privé - sans psg",173.981775109107,790200,2061600,"790200 2061600"
1028651,"publis - communales",118.932530817914,796200,2069600,"796200 2069600"
1021466,"privé - sans psg",316.872486361495,832200,2297600,"832200 2297600"
1009667,"privé - psg",123.161188514279,836200,2299600,"836200 2299600"
1002696,"privé - psg",4.66467335694248,834200,2273600,"834200 2273600"
1009616,"privé - psg",250.76388099022,844200,2293600,"844200 2293600"
1000646,"privé - psg",175.670606298574,854200,2313600,"854200 2313600"
1011433,"publis - communales",503.786144294696,848200,2295600,"848200 2295600"
1000368,"publis - communales",273.828163518385,844200,2283600,"844200 2283600"
1011396,"privé - sans psg",196.228164065257,840200,2271600,"840200 2271600"
1027615,"publis - communales",303.507890033638,862200,2327600,"862200 2327600"
1010569,"publis - communales",202.575902807276,858200,2315600,"858200 2315600"
1028840,"privé - sans psg",243.859683121377,842200,2267600,"842200 2267600"
1000971,"publis - communales",148.74456286161,866200,2329600,"866200 2329600"
1014927,"publis - communales",148.923537055369,860200,2311600,"860200 2311600"
1027862,"publis - communales",474.649058225009,856200,2299600,"856200 2299600"
1030133,"privé - psg",210.018496989412,844200,2263600,"844200 2263600"
1004543,"privé - psg",328.900955079958,852200,2277600,"852200 2277600"
1026540,"publis - communales",409.488655317453,876200,2339600,"876200 2339600"
1003929,"privé - sans psg",420.888209236199,872200,2327600,"872200 2327600"
1015696,"privé - sans psg",65.7705265893223,866200,2309600,"866200 2309600"
1020041,"publis - communales",326.572484320789,862200,2297600,"862200 2297600"
1030875,"publis - communales",295.257501441652,858200,2285600,"858200 2285600"
1009683,"privé - sans psg",212.378428352102,856200,2279600,"856200 2279600"
1019237,"publics - domaniales",314.911105680955,880200,2341600,"880200 2341600"
1008761,"privé - sans psg",332.207267630474,872200,2317600,"872200 2317600"
1017055,"publis - communales",255.050629224273,868200,2305600,"868200 2305600"
1007392,"privé - sans psg",537.379474364613,860200,2281600,"860200 2281600"
1024169,"publis - communales",288.573793573339,878200,2325600,"878200 2325600"
1031293,"privé - sans psg",432.525353257616,872200,2307600,"872200 2307600"
1024104,"privé - psg",244.918826168676,870200,2301600,"870200 2301600"
1002239,"publis - communales",441.163366469608,868200,2295600,"868200 2295600"
1007039,"privé - psg",270.084779640633,864200,2283600,"864200 2283600"
1021749,"publis - communales",572.560275107888,862200,2277600,"862200 2277600"
1024423,"publis - communales",173.960563886393,884200,2333600,"884200 2333600"
1022960,"privé - sans psg",222.75058805478,880200,2321600,"880200 2321600"
1013744,"privé - sans psg",264.227332422197,860200,2261600,"860200 2261600"
1000619,"publis - communales",304.481049176729,884200,2323600,"884200 2323600"
1015984,"publis - communales",206.692978085134,882200,2317600,"882200 2317600"
1028914,"privé - sans psg",64.8483281543524,876200,2299600,"876200 2299600"
1006531,"publis - communales",43.5551623077475,868200,2275600,"868200 2275600"
1025685,"publis - communales",101.651863629029,890200,2331600,"890200 2331600"
1019916,"privé - sans psg",381.332436715704,876200,2289600,"876200 2289600"
1003512,"publis - communales",351.409258437888,874200,2283600,"874200 2283600"
1019769,"publis - communales",192.409507214738,868200,2265600,"868200 2265600"
1001415,"publis - communales",310.017888354705,894200,2333600,"894200 2333600"
1015753,"privé - sans psg",181.761885579752,892200,2327600,"892200 2327600"
1001597,"publis - communales",441.975759571759,886200,2309600,"886200 2309600"
1000745,"privé - sans psg",250.995690330557,882200,2297600,"882200 2297600"
1000208,"privé - sans psg",141.305476420834,880200,2291600,"880200 2291600"
1001385,"privé - sans psg",292.170870870289,878200,2285600,"878200 2285600"
1024470,"publis - communales",313.874603847192,876200,2279600,"876200 2279600"
1018946,"publis - communales",434.865191468502,874200,2273600,"874200 2273600"
1030923,"privé - sans psg",4.17162722813969,892200,2317600,"892200 2317600"
1022457,"publis - communales",118.087841557175,884200,2293600,"884200 2293600"
1011607,"publis - communales",327.05129237126,880200,2281600,"880200 2281600"
1018586,"publis - communales",269.819405554842,896200,2319600,"896200 2319600"
1001542,"publis - communales",443.584410130401,894200,2313600,"894200 2313600"
1021174,"publis - communales",111.871794202382,892200,2307600,"892200 2307600"
1026707,"privé - sans psg",174.673988877874,886200,2289600,"886200 2289600"
1024683,"privé - sans psg",445.838627369836,884200,2283600,"884200 2283600"
1006668,"privé - sans psg",379.096391035878,880200,2271600,"880200 2271600"
1018963,"publis - communales",455.057042763581,904200,2333600,"904200 2333600"
1024835,"privé - sans psg",390.821110527837,900200,2321600,"900200 2321600"
1028337,"publis - communales",418.489552934036,888200,2285600,"888200 2285600"
1023298,"publis - communales",9.37991414137969,904200,2323600,"904200 2323600"
1030522,"privé - sans psg",75.6282965579875,896200,2299600,"896200 2299600"
1015990,"publis - communales",314.00345786867,892200,2287600,"892200 2287600"
1000686,"publis - communales",405.768659483135,890200,2281600,"890200 2281600"
1008163,"publis - communales",447.382980606058,888200,2275600,"888200 2275600"
1002902,"publis - communales",339.293698577246,900200,2301600,"900200 2301600"
1007512,"publis - communales",348.442267637025,892200,2277600,"892200 2277600"
1014161,"publis - communales",145.950493580889,910200,2321600,"910200 2321600"
1022984,"privé - sans psg",177.960458646607,916200,2329600,"916200 2329600"
1030753,"publis - communales",186.163808237372,910200,2311600,"910200 2311600"
1027093,"privé - sans psg",266.175117249536,908200,2305600,"908200 2305600"
1016743,"privé - sans psg",283.811057263935,904200,2293600,"904200 2293600"
1020067,"privé - sans psg",114.333023108739,920200,2331600,"920200 2331600"
1020903,"privé - sans psg",312.483727690895,918200,2325600,"918200 2325600"
1016429,"publis - communales",220.893925746523,912200,2307600,"912200 2307600"
1005556,"privé - psg",393.169886445278,910200,2301600,"910200 2301600"
1010566,"privé - sans psg",115.891395448886,916200,2309600,"916200 2309600"
1029611,"privé - psg",90.1633658094801,912200,2297600,"912200 2297600"
1006684,"privé - sans psg",62.2869027354331,924200,2323600,"924200 2323600"
1022330,"publis - communales",143.059927039465,922200,2317600,"922200 2317600"
1029180,"privé - psg",323.363094181546,920200,2311600,"920200 2311600"
1027301,"publis - communales",272.058049402784,924200,2313600,"924200 2313600"
1027403,"publis - communales",343.624799004471,920200,2301600,"920200 2301600"
1018216,"privé - sans psg",171.257278281773,930200,2321600,"930200 2321600"
1015316,"privé - sans psg",211.0495163611,928200,2315600,"928200 2315600"
1015609,"privé - sans psg",161.773234596586,926200,2309600,"926200 2309600"
1015700,"publics - domaniales",138.918401448141,924200,2303600,"924200 2303600"
1019085,"publis - communales",467.09385715043,922200,2297600,"922200 2297600"
1012467,"publis - communales",278.034769855596,932200,2317600,"932200 2317600"
1010384,"publis - communales",10.3133380356261,928200,2305600,"928200 2305600"
1027140,"publis - communales",350.745802461625,930200,2301600,"930200 2301600"
1016819,"publis - communales",423.792783388881,928200,2295600,"928200 2295600"
1013201,"privé - psg",319.514354246717,708200,2185600,"708200 2185600"
1030024,"privé - sans psg",184.319641592759,708200,2175600,"708200 2175600"
1013733,"privé - psg",251.353197582694,732200,2227600,"732200 2227600"
1016962,"privé - sans psg",141.860359209952,730200,2221600,"730200 2221600"
1005382,"privé - psg",323.535672904711,714200,2173600,"714200 2173600"
1002621,"privé - psg",336.704696973165,736200,2229600,"736200 2229600"
1012715,"privé - sans psg",214.35567537461,742200,2237600,"742200 2237600"
1011331,"privé - psg",500.046512696175,740200,2231600,"740200 2231600"
1014478,"privé - psg",260.537078103666,740200,2221600,"740200 2221600"
1001368,"privé - sans psg",293.296079866037,732200,2197600,"732200 2197600"
1005072,"privé - psg",155.468969498656,724200,2173600,"724200 2173600"
1010627,"privé - psg",639.23044635355,748200,2235600,"748200 2235600"
1010063,"privé - psg",305.341962784013,744200,2223600,"744200 2223600"
1030965,"privé - psg",296.395538962839,728200,2175600,"728200 2175600"
1010835,"privé - sans psg",95.5693391581582,750200,2231600,"750200 2231600"
1001963,"privé - sans psg",53.9773268070899,744200,2213600,"744200 2213600"
1017680,"privé - sans psg",191.02058907921,748200,2215600,"748200 2215600"
1001742,"privé - sans psg",4.21449022514413,744200,2203600,"744200 2203600"
1012006,"privé - sans psg",294.601838396751,734200,2173600,"734200 2173600"
1011704,"privé - sans psg",672.209781120925,732200,2167600,"732200 2167600"
1025045,"privé - sans psg",164.45312286371,748200,2205600,"748200 2205600"
1025676,"privé - sans psg",152.377855795529,758200,2225600,"758200 2225600"
1001441,"privé - psg",244.286721558927,756200,2219600,"756200 2219600"
1000457,"privé - psg",180.136238726663,754200,2213600,"754200 2213600"
1029998,"publis - communales",104.221648762643,736200,2159600,"736200 2159600"
1019853,"publics - domaniales",380.42976925064,756200,2209600,"756200 2209600"
1014029,"privé - sans psg",306.139768216928,740200,2161600,"740200 2161600"
1024834,"publics - domaniales",224.748293677075,762200,2217600,"762200 2217600"
1019077,"privé - sans psg",288.760029159538,760200,2211600,"760200 2211600"
1020534,"privé - sans psg",224.951001455376,756200,2199600,"756200 2199600"
1031298,"privé - psg",147.387069602156,748200,2175600,"748200 2175600"
1027420,"privé - sans psg",203.70178355652,736200,2139600,"736200 2139600"
1022663,"privé - psg",241.45230284828,764200,2213600,"764200 2213600"
1020298,"privé - sans psg",127.83579082756,752200,2177600,"752200 2177600"
1019533,"publis - communales",284.489679550476,770200,2221600,"770200 2221600"
1024840,"privé - psg",319.47608516248,766200,2209600,"766200 2209600"
1030080,"privé - sans psg",235.466052901147,752200,2167600,"752200 2167600"
1001757,"privé - psg",517.53577347857,748200,2155600,"748200 2155600"
1017944,"privé - sans psg",79.4721897692423,754200,2163600,"754200 2163600"
1010092,"privé - psg",560.313173370421,768200,2195600,"768200 2195600"
1004030,"privé - psg",348.887316146396,762200,2177600,"762200 2177600"
1002059,"privé - psg",267.284908974641,758200,2165600,"758200 2165600"
1001298,"privé - sans psg",212.131592162568,780200,2211600,"780200 2211600"
1014815,"publis - communales",201.739106622054,778200,2205600,"778200 2205600"
1019459,"publis - communales",269.631628548171,768200,2175600,"768200 2175600"
1005264,"privé - sans psg",333.1051152495,764200,2163600,"764200 2163600"
1017670,"privé - sans psg",496.687609278944,756200,2139600,"756200 2139600"
1006006,"privé - psg",125.441615294129,788200,2215600,"788200 2215600"
1009261,"privé - sans psg",104.685506383569,780200,2191600,"780200 2191600"
1001453,"publis - communales",193.960357817483,778200,2185600,"778200 2185600"
1020376,"publis - communales",199.215679019893,776200,2179600,"776200 2179600"
1013872,"privé - sans psg",229.008721389206,768200,2145600,"768200 2145600"
1004929,"privé - psg",139.716799308086,794200,2213600,"794200 2213600"
1017528,"privé - sans psg",265.367792089622,788200,2195600,"788200 2195600"
1006620,"publis - communales",207.492478002853,786200,2189600,"786200 2189600"
1019124,"privé - sans psg",227.158641551122,782200,2177600,"782200 2177600"
1000719,"privé - sans psg",237.015823467687,774200,2153600,"774200 2153600"
1017044,"privé - sans psg",192.356197613443,796200,2209600,"796200 2209600"
1013695,"privé - sans psg",176.930879373144,786200,2179600,"786200 2179600"
1011145,"publics - domaniales",304.114944639067,784200,2173600,"784200 2173600"
1025794,"publics - domaniales",595.806397710165,780200,2161600,"780200 2161600"
1030251,"privé - sans psg",442.111849669876,778200,2155600,"778200 2155600"
1020368,"privé - sans psg",242.272487602558,790200,2181600,"790200 2181600"
1013662,"privé - psg",25.825739540533,786200,2169600,"786200 2169600"
1028766,"privé - sans psg",156.953542454787,784200,2163600,"784200 2163600"
1026349,"privé - sans psg",25.547373783758,788200,2165600,"788200 2165600"
1014124,"privé - psg",343.41732139679,814200,2213600,"814200 2213600"
1015483,"privé - psg",218.222526751643,812200,2207600,"812200 2207600"
1014001,"publis - communales",28.6574460781849,800200,2171600,"800200 2171600"
1003515,"privé - sans psg",86.3484032801609,812200,2187600,"812200 2187600"
1004022,"privé - sans psg",253.231281848262,808200,2175600,"808200 2175600"
1005849,"privé - psg",250.227877338407,814200,2173600,"814200 2173600"
1010700,"privé - sans psg",124.038260086269,820200,2181600,"820200 2181600"
1030373,"publis - communales",196.910459528497,830200,2201600,"830200 2201600"
1020737,"privé - sans psg",487.306680594158,826200,2189600,"826200 2189600"
1022583,"privé - sans psg",31.6748135596521,828200,2175600,"828200 2175600"
1022281,"privé - psg",154.926304867053,392200,2317600,"392200 2317600"
1011443,"publics - domaniales",213.198302576833,416200,2359600,"416200 2359600"
1019365,"publics - domaniales",373.640716204055,412200,2347600,"412200 2347600"
1004751,"privé - sans psg",206.316788164038,426200,2379600,"426200 2379600"
1010969,"publics - domaniales",267.507146737878,420200,2361600,"420200 2361600"
1018771,"privé - psg",207.599712012048,406200,2309600,"406200 2309600"
1017086,"privé - sans psg",436.046835287335,412200,2317600,"412200 2317600"
1025824,"privé - sans psg",63.2596131134087,414200,2313600,"414200 2313600"
1002856,"publics - domaniales",6.67141138664715,440200,2381600,"440200 2381600"
1029084,"privé - psg",135.312633864372,424200,2333600,"424200 2333600"
1030642,"privé - psg",226.431771121313,418200,2315600,"418200 2315600"
1025888,"privé - sans psg",104.033333020949,412200,2297600,"412200 2297600"
1003295,"publics - domaniales",258.124896948582,442200,2377600,"442200 2377600"
1025957,"privé - sans psg",115.954548154694,436200,2359600,"436200 2359600"
1027738,"privé - psg",21.7460175790226,428200,2335600,"428200 2335600"
1002950,"privé - sans psg",55.4564376244573,416200,2299600,"416200 2299600"
1001841,"privé - sans psg",321.024828487045,432200,2337600,"432200 2337600"
1020333,"publics - domaniales",282.031085031206,450200,2381600,"450200 2381600"
1012765,"privé - psg",23.5729793064231,424200,2303600,"424200 2303600"
1016783,"privé - psg",76.0454744303167,422200,2297600,"422200 2297600"
1025939,"publis - communales",193.441907961519,436200,2329600,"436200 2329600"
1022849,"privé - sans psg",140.687937208833,430200,2311600,"430200 2311600"
1026306,"privé - sans psg",165.603201047316,428200,2305600,"428200 2305600"
1028042,"privé - sans psg",71.92144140472,426200,2299600,"426200 2299600"
1013981,"privé - sans psg",45.0674850559117,448200,2355600,"448200 2355600"
1020233,"privé - psg",306.951357360074,436200,2319600,"436200 2319600"
1021537,"privé - sans psg",303.177525316166,434200,2313600,"434200 2313600"
1020840,"privé - psg",107.270214778291,430200,2301600,"430200 2301600"
1021676,"privé - sans psg",345.89472270256,452200,2357600,"452200 2357600"
1031325,"privé - sans psg",213.419848887154,444200,2333600,"444200 2333600"
1023662,"privé - psg",201.794965399154,450200,2341600,"450200 2341600"
1016435,"privé - psg",159.015526542155,446200,2329600,"446200 2329600"
1026701,"privé - sans psg",29.1200987783801,440200,2311600,"440200 2311600"
1023881,"privé - psg",25.986091569773,436200,2299600,"436200 2299600"
1026261,"privé - psg",25.5249430451508,450200,2331600,"450200 2331600"
1007058,"privé - sans psg",83.8839208622266,444200,2313600,"444200 2313600"
1005800,"privé - sans psg",303.222340494665,458200,2345600,"458200 2345600"
1016558,"privé - psg",261.407963355962,454200,2333600,"454200 2333600"
1018845,"publics - domaniales",142.450051833994,452200,2317600,"452200 2317600"
1009978,"privé - psg",157.841473708658,444200,2293600,"444200 2293600"
1017150,"privé - psg",182.876320397478,470200,2361600,"470200 2361600"
1017183,"privé - sans psg",123.642805914303,460200,2331600,"460200 2331600"
1029423,"privé - psg",190.382260860721,456200,2319600,"456200 2319600"
1006352,"publics - domaniales",364.217000376364,454200,2313600,"454200 2313600"
1024087,"privé - sans psg",277.693190149849,450200,2301600,"450200 2301600"
1010660,"privé - psg",174.996294576036,474200,2363600,"474200 2363600"
1030089,"privé - sans psg",254.355074455884,466200,2339600,"466200 2339600"
1003285,"publics - domaniales",272.425893627086,458200,2315600,"458200 2315600"
1010827,"publics - domaniales",181.070294233447,460200,2311600,"460200 2311600"
1031289,"privé - sans psg",26.7254553926322,468200,2325600,"468200 2325600"
1016660,"privé - psg",375.228142964179,476200,2339600,"476200 2339600"
1011571,"privé - psg",94.9515724018023,476200,2329600,"476200 2329600"
1030224,"privé - sans psg",194.468434738344,484200,2343600,"484200 2343600"
1027563,"privé - sans psg",109.998027309867,476200,2319600,"476200 2319600"
1002531,"privé - sans psg",271.289055197225,872200,2107600,"872200 2107600"
1022810,"privé - sans psg",96.6529450140332,870200,2101600,"870200 2101600"
1016909,"privé - sans psg",89.7371298021982,864200,2083600,"864200 2083600"
1017640,"privé - sans psg",145.588303210216,862200,2077600,"862200 2077600"
1001398,"privé - sans psg",360.601168403932,860200,2071600,"860200 2071600"
1026586,"privé - sans psg",339.826114672681,872200,2097600,"872200 2097600"
1008063,"publis - communales",115.922009892832,864200,2073600,"864200 2073600"
1007787,"privé - sans psg",166.340726061103,870200,2081600,"870200 2081600"
1030105,"privé - sans psg",47.3568501744542,874200,2083600,"874200 2083600"
1017235,"publis - communales",97.4563023315318,872200,2077600,"872200 2077600"
1015944,"privé - sans psg",89.3746067624136,872200,2067600,"872200 2067600"
1004294,"publis - communales",243.32243668028,870200,2061600,"870200 2061600"
1026577,"privé - sans psg",463.246028560937,882200,2077600,"882200 2077600"
1012341,"privé - sans psg",39.4638578102593,880200,2071600,"880200 2071600"
1023099,"publis - communales",194.725856983974,884200,2073600,"884200 2073600"
1025959,"privé - sans psg",252.598228917071,888200,2075600,"888200 2075600"
1030467,"publis - communales",73.3036593086107,888200,2065600,"888200 2065600"
1024688,"publis - communales",179.626644936737,890200,2071600,"890200 2071600"
1017624,"privé - sans psg",283.383403177672,898200,2085600,"898200 2085600"
1014595,"publis - communales",344.556000443054,906200,2079600,"906200 2079600"
1025222,"privé - sans psg",128.187831440239,914200,2093600,"914200 2093600"
1023399,"privé - sans psg",116.125117077021,908200,2075600,"908200 2075600"
1026892,"privé - sans psg",46.1227397152904,906200,2069600,"906200 2069600"
1007890,"publis - communales",419.629508692143,904200,2063600,"904200 2063600"
1024066,"publics - domaniales",118.341183792599,900200,2051600,"900200 2051600"
1020772,"privé - sans psg",536.649425579895,910200,2071600,"910200 2071600"
1002404,"publis - communales",198.682472933231,908200,2065600,"908200 2065600"
1004362,"privé - sans psg",282.04670676187,906200,2059600,"906200 2059600"
1018608,"privé - sans psg",352.061416401793,920200,2091600,"920200 2091600"
1011598,"privé - sans psg",474.793726472171,918200,2085600,"918200 2085600"
1000615,"privé - sans psg",240.785641605621,916200,2079600,"916200 2079600"
1025018,"publis - communales",131.918468457958,912200,2067600,"912200 2067600"
1001266,"privé - sans psg",225.488332591159,910200,2061600,"910200 2061600"
1029002,"privé - sans psg",23.5256941509307,928200,2105600,"928200 2105600"
1010758,"privé - sans psg",203.338659611721,924200,2093600,"924200 2093600"
1008364,"publis - communales",146.53997279924,912200,2057600,"912200 2057600"
1023166,"publis - communales",176.951320888627,910200,2051600,"910200 2051600"
1024480,"privé - sans psg",352.207349736431,908200,2045600,"908200 2045600"
1016407,"publis - communales",49.2600122570482,906200,2039600,"906200 2039600"
1003210,"publis - communales",120.877938762831,922200,2077600,"922200 2077600"
1008713,"privé - sans psg",13.5385662567081,912200,2047600,"912200 2047600"
1008654,"privé - sans psg",227.797245599469,930200,2091600,"930200 2091600"
1021335,"publis - communales",77.235061063019,928200,2085600,"928200 2085600"
1000585,"privé - sans psg",445.296643936176,922200,2067600,"922200 2067600"
1015135,"privé - sans psg",140.29895405248,916200,2049600,"916200 2049600"
1006095,"publis - communales",305.712996017948,924200,2053600,"924200 2053600"
1020643,"privé - sans psg",138.775701311192,928200,2065600,"928200 2065600"
1008623,"privé - sans psg",483.124592902818,936200,2069600,"936200 2069600"
1011366,"privé - sans psg",634.252964038756,932200,2057600,"932200 2057600"
1024412,"privé - sans psg",90.6606596767722,928200,2045600,"928200 2045600"
1010809,"privé - sans psg",83.3924244519506,940200,2071600,"940200 2071600"
1016362,"privé - sans psg",419.692770757854,944200,2073600,"944200 2073600"
1008674,"publis - communales",224.820179596702,940200,2061600,"940200 2061600"
1015462,"publis - communales",123.093192302491,938200,2055600,"938200 2055600"
1027524,"privé - sans psg",17.0947016915163,952200,2077600,"952200 2077600"
1027789,"privé - sans psg",3.41546687125083,942200,2047600,"942200 2047600"
1005128,"privé - sans psg",101.277683715326,936200,2029600,"936200 2029600"
1012625,"privé - sans psg",102.372918466479,940200,2031600,"940200 2031600"
1024150,"publics - domaniales",10.116336890799,952200,2037600,"952200 2037600"
1006247,"publis - communales",264.511174735024,960200,2041600,"960200 2041600"
1024527,"privé - sans psg",323.260134870238,876200,2129600,"876200 2129600"
1003927,"privé - sans psg",25.9040706579949,874200,2123600,"874200 2123600"
1015517,"privé - sans psg",206.913791748584,884200,2123600,"884200 2123600"
1021278,"privé - sans psg",195.72020431419,882200,2117600,"882200 2117600"
1028519,"privé - sans psg",238.79479090646,884200,2113600,"884200 2113600"
1015867,"privé - sans psg",368.389741582433,892200,2127600,"892200 2127600"
1026517,"privé - sans psg",89.8507359183907,888200,2115600,"888200 2115600"
1000433,"publis - communales",304.206486635412,896200,2129600,"896200 2129600"
1026774,"privé - sans psg",46.606085571935,888200,2105600,"888200 2105600"
1013843,"privé - sans psg",27.6970937756061,910200,2151600,"910200 2151600"
1011614,"privé - sans psg",268.030970959136,908200,2145600,"908200 2145600"
1024523,"privé - sans psg",647.256049307023,896200,2109600,"896200 2109600"
1014449,"privé - sans psg",133.672689631368,894200,2103600,"894200 2103600"
1008648,"privé - sans psg",314.203244531563,892200,2097600,"892200 2097600"
1003351,"privé - sans psg",629.661907941274,890200,2091600,"890200 2091600"
1017276,"privé - sans psg",201.940791216125,914200,2153600,"914200 2153600"
1024511,"privé - sans psg",573.585619685235,912200,2147600,"912200 2147600"
1030312,"publis - communales",120.948465916069,910200,2141600,"910200 2141600"
1016269,"privé - sans psg",233.396578142405,894200,2093600,"894200 2093600"
1013645,"publis - communales",185.275921378404,912200,2137600,"912200 2137600"
1017618,"privé - sans psg",755.533981158381,918200,2145600,"918200 2145600"
1014653,"publics - domaniales",49.223246426016,924200,2153600,"924200 2153600"
1009716,"privé - sans psg",468.671645115408,920200,2141600,"920200 2141600"
1029335,"privé - sans psg",486.208047186481,914200,2123600,"914200 2123600"
1007707,"privé - sans psg",60.1275260950744,912200,2117600,"912200 2117600"
1022865,"publis - communales",542.587893048322,908200,2105600,"908200 2105600"
1004234,"privé - sans psg",478.918997061772,930200,2161600,"930200 2161600"
1027582,"privé - sans psg",372.765823985288,920200,2131600,"920200 2131600"
1024799,"publis - communales",174.397602423711,918200,2125600,"918200 2125600"
1016292,"publis - communales",308.230334926404,932200,2157600,"932200 2157600"
1020256,"privé - sans psg",251.187938562965,928200,2145600,"928200 2145600"
1021563,"privé - sans psg",372.099150985055,924200,2133600,"924200 2133600"
1003341,"publis - communales",205.176088090487,916200,2109600,"916200 2109600"
1025396,"privé - sans psg",351.490196431428,908200,2085600,"908200 2085600"
1024695,"privé - sans psg",28.260226601468,926200,2139600,"926200 2139600"
1013766,"privé - sans psg",23.070478055661,920200,2121600,"920200 2121600"
1017312,"publis - communales",165.934607020347,934200,2153600,"934200 2153600"
1027877,"privé - sans psg",334.929306284903,932200,2147600,"932200 2147600"
1010606,"privé - sans psg",194.511630968757,930200,2131600,"930200 2131600"
1014385,"privé - sans psg",125.026620364333,924200,2113600,"924200 2113600"
1027775,"publis - communales",153.697497806826,930200,2121600,"930200 2121600"
1023505,"privé - sans psg",345.175812410124,934200,2123600,"934200 2123600"
1005909,"privé - sans psg",135.444940460992,932200,2117600,"932200 2117600"
1019072,"publis - communales",144.018530926906,942200,2147600,"942200 2147600"
1012441,"publis - communales",182.617709888172,946200,2149600,"946200 2149600"
1024346,"privé - sans psg",256.385484877953,940200,2131600,"940200 2131600"
1027729,"privé - sans psg",150.359568190706,932200,2107600,"932200 2107600"
1003038,"publis - communales",232.229735290429,944200,2123600,"944200 2123600"
1001611,"privé - sans psg",114.398317355604,940200,2111600,"940200 2111600"
1014541,"privé - sans psg",303.625087148543,944200,2113600,"944200 2113600"
1027356,"privé - sans psg",331.672926682111,940200,2101600,"940200 2101600"
1000732,"privé - sans psg",149.091341656584,942200,2107600,"942200 2107600"
1003675,"privé - psg",173.721848934792,450200,2521600,"450200 2521600"
1023354,"privé - sans psg",156.069240074342,448200,2505600,"448200 2505600"
1025861,"privé - sans psg",545.366440590457,466200,2529600,"466200 2529600"
1014358,"privé - sans psg",140.040532371444,464200,2523600,"464200 2523600"
1003908,"privé - psg",182.333257399552,464200,2503600,"464200 2503600"
1014254,"privé - sans psg",132.837317792663,478200,2535600,"478200 2535600"
1011871,"privé - psg",291.154955413944,476200,2529600,"476200 2529600"
1025578,"privé - psg",243.307656908231,468200,2505600,"468200 2505600"
1012575,"privé - sans psg",20.5085251710996,472200,2507600,"472200 2507600"
1010223,"privé - psg",693.008120147403,480200,2521600,"480200 2521600"
1011559,"privé - psg",23.692117904469,478200,2505600,"478200 2505600"
1030392,"publics - domaniales",139.304300956493,482200,2507600,"482200 2507600"
1003268,"privé - sans psg",144.067552302341,492200,2527600,"492200 2527600"
1015371,"publics - domaniales",134.821992473082,482200,2497600,"482200 2497600"
1002635,"publics - domaniales",82.5552712558151,480200,2491600,"480200 2491600"
1017641,"publics - domaniales",247.872460834702,488200,2505600,"488200 2505600"
1021573,"publics - domaniales",134.024001342202,484200,2493600,"484200 2493600"
1014331,"publics - domaniales",104.35660997812,490200,2501600,"490200 2501600"
1013583,"privé - sans psg",1.42215402508732,488200,2495600,"488200 2495600"
1006591,"privé - sans psg",122.263122501158,504200,2523600,"504200 2523600"
1005564,"privé - sans psg",279.844931450792,498200,2505600,"498200 2505600"
1025134,"privé - sans psg",241.837891951145,496200,2489600,"496200 2489600"
1027538,"privé - psg",68.9012070205117,508200,2515600,"508200 2515600"
1017883,"publics - domaniales",211.157041503283,502200,2497600,"502200 2497600"
1003221,"publics - domaniales",209.947053441215,500200,2491600,"500200 2491600"
1027068,"privé - psg",233.404973834127,522200,2547600,"522200 2547600"
1022159,"privé - psg",117.090276709253,516200,2529600,"516200 2529600"
1029567,"privé - psg",230.249126822969,508200,2505600,"508200 2505600"
1022492,"privé - sans psg",328.620378317271,504200,2493600,"504200 2493600"
1018360,"publics - domaniales",174.36007319321,500200,2481600,"500200 2481600"
1011712,"privé - sans psg",82.1907103348572,512200,2507600,"512200 2507600"
1019659,"publics - domaniales",311.869367688001,510200,2501600,"510200 2501600"
1023916,"privé - sans psg",10.8427603836829,506200,2489600,"506200 2489600"
1029625,"publics - domaniales",240.808307107202,508200,2485600,"508200 2485600"
1029474,"privé - sans psg",360.216827093701,536200,2559600,"536200 2559600"
1016646,"privé - sans psg",58.7392940396577,532200,2547600,"532200 2547600"
1000218,"publics - domaniales",277.22829111327,526200,2529600,"526200 2529600"
1020965,"publics - domaniales",186.67803885872,524200,2523600,"524200 2523600"
1018365,"privé - psg",241.681737636521,516200,2499600,"516200 2499600"
1022851,"privé - sans psg",22.8765546803869,512200,2487600,"512200 2487600"
1003557,"privé - sans psg",27.4688454076033,538200,2545600,"538200 2545600"
1016342,"privé - psg",254.825160190547,528200,2515600,"528200 2515600"
1010452,"privé - psg",154.682481677635,518200,2485600,"518200 2485600"
1023661,"privé - sans psg",268.589035247583,546200,2549600,"546200 2549600"
1025787,"privé - sans psg",140.501813007158,532200,2507600,"532200 2507600"
1009318,"privé - psg",447.048353085101,538200,2515600,"538200 2515600"
1019434,"privé - psg",121.825955560097,532200,2497600,"532200 2497600"
1023945,"privé - sans psg",1084.47811014943,536200,2499600,"536200 2499600"
1030907,"privé - psg",154.390141801186,552200,2537600,"552200 2537600"
1001451,"privé - psg",28.9781283297605,546200,2509600,"546200 2509600"
1004044,"privé - sans psg",82.8170428044159,554200,2523600,"554200 2523600"
1011070,"privé - sans psg",40.2187446346456,548200,2505600,"548200 2505600"
1002986,"privé - sans psg",57.4452065991614,626200,2449600,"626200 2449600"
1013096,"privé - sans psg",403.54671531707,632200,2447600,"632200 2447600"
1008091,"publis - communales",87.539709522409,624200,2423600,"624200 2423600"
1024554,"privé - sans psg",244.174416424832,622200,2417600,"622200 2417600"
1013680,"privé - sans psg",250.029478818556,616200,2399600,"616200 2399600"
1010919,"publics - domaniales",184.685674728396,626200,2419600,"626200 2419600"
1019543,"privé - sans psg",123.759645742677,618200,2395600,"618200 2395600"
1018659,"privé - sans psg",219.483916981957,638200,2445600,"638200 2445600"
1014973,"privé - psg",196.660060772671,630200,2421600,"630200 2421600"
1003441,"privé - sans psg",185.082193057616,628200,2415600,"628200 2415600"
1018163,"privé - sans psg",392.968404910742,616200,2379600,"616200 2379600"
1022035,"publics - domaniales",282.655847682177,614200,2373600,"614200 2373600"
1006480,"publics - domaniales",140.499564514442,620200,2381600,"620200 2381600"
1012912,"privé - sans psg",3.17940280587831,642200,2437600,"642200 2437600"
1000563,"privé - sans psg",112.627249203783,638200,2425600,"638200 2425600"
1024520,"privé - psg",129.4772272694,628200,2395600,"628200 2395600"
1013230,"publics - domaniales",110.758043374707,624200,2383600,"624200 2383600"
1029670,"publics - domaniales",111.160289348827,622200,2377600,"622200 2377600"
1016129,"publics - domaniales",118.469204031443,618200,2365600,"618200 2365600"
1018551,"publics - domaniales",139.909153551133,640200,2421600,"640200 2421600"
1022884,"privé - psg",144.963557669778,636200,2409600,"636200 2409600"
1018889,"publics - domaniales",154.871906996814,628200,2385600,"628200 2385600"
1006629,"publics - domaniales",338.957646538008,626200,2379600,"626200 2379600"
1030630,"publics - domaniales",125.517664422576,624200,2373600,"624200 2373600"
1016403,"publics - domaniales",431.340399561628,648200,2435600,"648200 2435600"
1021539,"privé - psg",198.270660843387,642200,2417600,"642200 2417600"
1025160,"privé - psg",299.786767860145,638200,2405600,"638200 2405600"
1021224,"privé - sans psg",360.072103911842,652200,2437600,"652200 2437600"
1002424,"privé - sans psg",173.317891514088,648200,2425600,"648200 2425600"
1002167,"publics - domaniales",238.858540101269,632200,2377600,"632200 2377600"
1022652,"privé - sans psg",309.179542727698,656200,2439600,"656200 2439600"
1006959,"privé - sans psg",193.40311368088,642200,2397600,"642200 2397600"
1003021,"publics - domaniales",369.374262305334,636200,2379600,"636200 2379600"
1022576,"publics - domaniales",184.577302441298,634200,2373600,"634200 2373600"
1017795,"privé - sans psg",196.801199594383,632200,2367600,"632200 2367600"
1007922,"privé - psg",393.049555457503,630200,2361600,"630200 2361600"
1008450,"privé - psg",195.047543974576,644200,2393600,"644200 2393600"
1029181,"publics - domaniales",109.604106889983,642200,2387600,"642200 2387600"
1011543,"privé - psg",115.05486355693,636200,2369600,"636200 2369600"
1020706,"privé - psg",21.9926932928765,664200,2443600,"664200 2443600"
1006417,"privé - sans psg",96.6526425115381,638200,2365600,"638200 2365600"
1007631,"privé - sans psg",188.090680015981,634200,2353600,"634200 2353600"
1003429,"privé - psg",265.324079997379,648200,2385600,"648200 2385600"
1029904,"privé - sans psg",185.809550650799,652200,2387600,"652200 2387600"
1013849,"privé - sans psg",232.22655119319,660200,2401600,"660200 2401600"
1001320,"privé - sans psg",181.868187709799,656200,2379600,"656200 2379600"
1001843,"publis - communales",86.7493813806541,654200,2373600,"654200 2373600"
1006555,"privé - sans psg",83.7804188100471,664200,2393600,"664200 2393600"
1021368,"privé - sans psg",59.8057318933614,660200,2381600,"660200 2381600"
1012242,"privé - sans psg",90.0636586321559,672200,2397600,"672200 2397600"
1026338,"privé - psg",228.112213889933,676200,2399600,"676200 2399600"
1011191,"privé - sans psg",264.914572156636,670200,2381600,"670200 2381600"
1005430,"privé - psg",211.523430315302,684200,2403600,"684200 2403600"
1000234,"privé - sans psg",209.328154285791,540200,2451600,"540200 2451600"
1017082,"privé - sans psg",418.970699920872,538200,2445600,"538200 2445600"
1018155,"privé - sans psg",340.895049487371,540200,2441600,"540200 2441600"
1013292,"publis - communales",267.476458102948,544200,2443600,"544200 2443600"
1005771,"privé - sans psg",103.955455450126,552200,2447600,"552200 2447600"
1020966,"privé - sans psg",284.725066875977,546200,2429600,"546200 2429600"
1024045,"privé - sans psg",80.4655882797522,556200,2449600,"556200 2449600"
1005462,"privé - sans psg",146.710978236732,552200,2437600,"552200 2437600"
1004038,"privé - sans psg",181.280129995323,548200,2425600,"548200 2425600"
1017821,"privé - sans psg",106.638401941323,556200,2439600,"556200 2439600"
1014220,"privé - sans psg",356.983996058703,554200,2433600,"554200 2433600"
1031152,"publics - domaniales",125.66787751995,552200,2417600,"552200 2417600"
1026383,"privé - sans psg",152.087834582639,558200,2425600,"558200 2425600"
1018388,"publics - domaniales",199.494798551552,556200,2419600,"556200 2419600"
1028505,"privé - psg",79.4580220659131,554200,2413600,"554200 2413600"
1021240,"privé - sans psg",4.86662822811785,552200,2407600,"552200 2407600"
1000775,"publics - domaniales",249.323155510518,556200,2409600,"556200 2409600"
1022480,"privé - sans psg",227.90448040008,554200,2403600,"554200 2403600"
1031394,"privé - sans psg",240.41778760341,558200,2405600,"558200 2405600"
1011884,"privé - psg",146.376447244817,556200,2399600,"556200 2399600"
1021440,"publics - domaniales",349.526301586612,574200,2423600,"574200 2423600"
1016668,"privé - psg",201.294216920999,570200,2411600,"570200 2411600"
1030672,"publics - domaniales",54.6503746937673,568200,2405600,"568200 2405600"
1002035,"privé - sans psg",150.135549399008,570200,2401600,"570200 2401600"
1023610,"privé - psg",249.042081660136,568200,2395600,"568200 2395600"
1004545,"privé - psg",251.399613460235,566200,2389600,"566200 2389600"
1002255,"privé - sans psg",99.1147024448162,580200,2421600,"580200 2421600"
1025320,"privé - sans psg",190.513670876415,572200,2397600,"572200 2397600"
1029871,"privé - sans psg",58.2360571348954,580200,2411600,"580200 2411600"
1006443,"publics - domaniales",204.056224343996,590200,2421600,"590200 2421600"
1005774,"privé - sans psg",203.492094085062,362200,2217600,"362200 2217600"
1029213,"privé - sans psg",250.219659442139,378200,2215600,"378200 2215600"
1013932,"privé - psg",134.705592443683,374200,2173600,"374200 2173600"
1019189,"privé - sans psg",153.757874684022,392200,2217600,"392200 2217600"
1023625,"privé - sans psg",28.1761523053643,392200,2197600,"392200 2197600"
1011314,"publics - domaniales",217.125551356361,386200,2179600,"386200 2179600"
1021022,"privé - sans psg",200.418692437738,384200,2173600,"384200 2173600"
1004259,"privé - sans psg",426.035608190364,392200,2167600,"392200 2167600"
1005171,"privé - psg",111.887354375803,404200,2193600,"404200 2193600"
1022642,"privé - psg",606.654925348751,406200,2189600,"406200 2189600"
1009675,"privé - sans psg",172.263879093957,402200,2177600,"402200 2177600"
1019649,"publics - domaniales",265.518532274749,388200,2135600,"388200 2135600"
1002166,"privé - sans psg",103.536962864225,404200,2163600,"404200 2163600"
1010624,"privé - psg",163.782090616281,408200,2165600,"408200 2165600"
1013460,"privé - sans psg",256.292917987246,414200,2173600,"414200 2173600"
1027816,"privé - sans psg",27.2368921255507,404200,2133600,"404200 2133600"
1025608,"privé - psg",135.801925875004,414200,2113600,"414200 2113600"
1022897,"publics - domaniales",175.619226565458,430200,2151600,"430200 2151600"
1029752,"privé - sans psg",39.6373534537316,426200,2139600,"426200 2139600"
1022255,"privé - sans psg",358.485838681235,544200,2593600,"544200 2593600"
1004449,"privé - sans psg",268.381333811961,546200,2589600,"546200 2589600"
1014010,"publics - domaniales",339.154902339147,564200,2583600,"564200 2583600"
1030643,"privé - sans psg",260.302953521772,572200,2557600,"572200 2557600"
1011154,"privé - sans psg",18.3861383961053,582200,2557600,"582200 2557600"
1008354,"privé - sans psg",603.234432852146,572200,2527600,"572200 2527600"
1021701,"privé - psg",147.808843880821,580200,2531600,"580200 2531600"
1020326,"privé - psg",51.0814373880371,594200,2563600,"594200 2563600"
1022184,"privé - sans psg",92.2651000871617,592200,2547600,"592200 2547600"
1025416,"privé - psg",73.7424156329958,602200,2547600,"602200 2547600"
1021300,"privé - sans psg",179.371321938511,610200,2531600,"610200 2531600"
1005696,"privé - sans psg",183.376637679074,628200,2545600,"628200 2545600"
1018469,"privé - psg",158.790565883685,634200,2553600,"634200 2553600"
1002573,"privé - psg",132.818108976607,634200,2543600,"634200 2543600"
1030984,"privé - psg",213.343007181349,642200,2557600,"642200 2557600"
1019982,"privé - psg",262.118252740192,628200,2515600,"628200 2515600"
1027579,"privé - sans psg",44.6511400021102,652200,2547600,"652200 2547600"
1027960,"publics - domaniales",80.8817630996293,550200,1891600,"550200 1891600"
1006070,"privé - sans psg",359.574938774654,548200,1885600,"548200 1885600"
1025859,"publics - domaniales",130.155188849335,556200,1889600,"556200 1889600"
1016288,"privé - sans psg",81.4098419172636,568200,1895600,"568200 1895600"
1017178,"privé - psg",36.4973280419347,564200,1883600,"564200 1883600"
1004213,"privé - sans psg",99.7229224436535,566200,1869600,"566200 1869600"
1009760,"privé - sans psg",286.722787220993,558200,1845600,"558200 1845600"
1030762,"privé - psg",112.316642055363,564200,1853600,"564200 1853600"
1016168,"privé - sans psg",137.161603900563,574200,1873600,"574200 1873600"
1024896,"privé - sans psg",26.168680354185,568200,1855600,"568200 1855600"
1019338,"privé - sans psg",177.133644173451,572200,1857600,"572200 1857600"
1012785,"privé - sans psg",205.196036401288,568200,1835600,"568200 1835600"
1016860,"privé - sans psg",142.470706919285,594200,1903600,"594200 1903600"
1003771,"privé - sans psg",93.266255148592,592200,1887600,"592200 1887600"
1007349,"privé - sans psg",69.8563640289297,578200,1845600,"578200 1845600"
1020494,"privé - sans psg",187.49593287566,596200,1889600,"596200 1889600"
1025216,"privé - sans psg",109.35140270637,598200,1885600,"598200 1885600"
1011367,"privé - sans psg",157.743446525906,594200,1873600,"594200 1873600"
1017895,"publics - domaniales",172.183525397441,582200,1827600,"582200 1827600"
1011425,"privé - sans psg",227.542575866404,580200,1821600,"580200 1821600"
1006859,"privé - sans psg",234.908191993133,604200,1883600,"604200 1883600"
1012571,"privé - sans psg",9.82443320742319,596200,1859600,"596200 1859600"
1031080,"privé - sans psg",336.982220309842,610200,1891600,"610200 1891600"
1029169,"privé - sans psg",156.469653272935,608200,1885600,"608200 1885600"
1006123,"privé - sans psg",163.445487785288,600200,1861600,"600200 1861600"
1018567,"publis - communales",283.950333883424,596200,1829600,"596200 1829600"
1008213,"privé - sans psg",217.299831731478,612200,1867600,"612200 1867600"
1020349,"privé - psg",78.8157406218942,614200,1863600,"614200 1863600"
1005562,"privé - sans psg",361.596515488674,608200,1845600,"608200 1845600"
1031356,"privé - sans psg",315.365584693398,614200,1843600,"614200 1843600"
1017929,"privé - psg",447.393868240083,612200,1837600,"612200 1837600"
1012158,"publics - domaniales",291.359903538811,624200,1853600,"624200 1853600"
1022105,"privé - psg",235.237355853372,622200,1847600,"622200 1847600"
1024032,"publis - communales",167.37005471785,630200,1851600,"630200 1851600"
1006762,"publics - domaniales",208.139453304835,624200,1833600,"624200 1833600"
1006925,"privé - psg",344.816644573542,622200,1827600,"622200 1827600"
1009690,"privé - sans psg",426.017287654672,646200,1859600,"646200 1859600"
1002472,"privé - sans psg",80.2734564208016,644200,1853600,"644200 1853600"
1002129,"privé - sans psg",461.465384310675,488200,1925600,"488200 1925600"
1009272,"privé - sans psg",3.66727734023185,496200,1929600,"496200 1929600"
1015220,"privé - sans psg",29.5287756596072,500200,1931600,"500200 1931600"
1000041,"privé - sans psg",166.25179490883,484200,1883600,"484200 1883600"
1015697,"privé - sans psg",64.1329511409811,506200,1909600,"506200 1909600"
1004792,"privé - sans psg",156.051881561936,504200,1903600,"504200 1903600"
1010368,"privé - sans psg",71.3846528087717,516200,1909600,"516200 1909600"
1009413,"privé - sans psg",152.383167873347,520200,1901600,"520200 1901600"
1031171,"privé - sans psg",121.604438277164,516200,1889600,"516200 1889600"
1021947,"publics - domaniales",127.026305143768,514200,1883600,"514200 1883600"
1023799,"privé - sans psg",171.82907579853,532200,1917600,"532200 1917600"
1018815,"privé - sans psg",390.365240528728,534200,1913600,"534200 1913600"
1000938,"privé - sans psg",185.428816156682,532200,1907600,"532200 1907600"
1018783,"privé - sans psg",138.978139158385,524200,1883600,"524200 1883600"
1005520,"privé - sans psg",202.893149744848,540200,1921600,"540200 1921600"
1007950,"privé - sans psg",292.262426528598,542200,1917600,"542200 1917600"
1029613,"privé - sans psg",117.407136437675,538200,1905600,"538200 1905600"
1030930,"privé - sans psg",50.9727405357186,530200,1881600,"530200 1881600"
1013725,"privé - sans psg",140.239157368527,536200,1889600,"536200 1889600"
1011635,"privé - sans psg",1.2609555529257,544200,1903600,"544200 1903600"
1019225,"privé - sans psg",194.964881171552,540200,1891600,"540200 1891600"
1018062,"privé - psg",235.025387054474,554200,1903600,"554200 1903600"
1021929,"privé - psg",84.1028245629939,560200,1901600,"560200 1901600"
1028925,"privé - sans psg",5.51792765390783,880200,1861600,"880200 1861600"
1029996,"privé - sans psg",24.5360787221836,878200,1855600,"878200 1855600"
1028273,"privé - sans psg",25.4362872934289,876200,1849600,"876200 1849600"
1002550,"publis - communales",4.88197653483744,888200,1865600,"888200 1865600"
1022115,"privé - sans psg",57.0590010289038,882200,1847600,"882200 1847600"
1025106,"privé - psg",61.2946251957603,880200,1841600,"880200 1841600"
1030190,"privé - sans psg",77.8089521069435,878200,1835600,"878200 1835600"
1021783,"publis - communales",35.621861490647,874200,1823600,"874200 1823600"
1001477,"privé - sans psg",111.481810182031,894200,1863600,"894200 1863600"
1018331,"privé - sans psg",13.3944945796591,888200,1845600,"888200 1845600"
1011882,"privé - psg",41.636419929459,884200,1833600,"884200 1833600"
1016852,"publics - domaniales",72.1076576158314,880200,1821600,"880200 1821600"
1001476,"privé - psg",110.68365918902,896200,1849600,"896200 1849600"
1025334,"privé - sans psg",166.499077969064,894200,1843600,"894200 1843600"
1012210,"privé - sans psg",95.9629704721006,892200,1837600,"892200 1837600"
1023492,"privé - sans psg",23.019656155372,890200,1831600,"890200 1831600"
1012628,"privé - sans psg",119.902810514312,888200,1825600,"888200 1825600"
1013448,"privé - psg",66.5442329886824,886200,1819600,"886200 1819600"
1000142,"publis - communales",159.506210616812,884200,1813600,"884200 1813600"
1007260,"publis - communales",86.6336978666777,908200,1865600,"908200 1865600"
1016364,"publis - communales",59.0264924700206,904200,1853600,"904200 1853600"
1000180,"privé - sans psg",164.817549534977,900200,1841600,"900200 1841600"
1004251,"privé - sans psg",66.8804125400128,896200,1829600,"896200 1829600"
1026896,"privé - psg",101.974179593448,894200,1823600,"894200 1823600"
1016725,"privé - psg",71.9466278961518,892200,1817600,"892200 1817600"
1030888,"privé - psg",126.541223286103,888200,1805600,"888200 1805600"
1004166,"privé - sans psg",3.93322409037338,912200,1857600,"912200 1857600"
1029867,"privé - psg",207.470487130551,910200,1851600,"910200 1851600"
1011783,"privé - psg",147.667319278701,908200,1845600,"908200 1845600"
1010892,"privé - sans psg",94.5747121907323,902200,1827600,"902200 1827600"
1012535,"privé - sans psg",38.8419277247551,898200,1815600,"898200 1815600"
1005036,"publics - domaniales",224.020010328107,896200,1809600,"896200 1809600"
1011705,"privé - sans psg",133.27429822678,908200,1825600,"908200 1825600"
1018862,"privé - sans psg",138.32332868662,904200,1813600,"904200 1813600"
1027990,"privé - sans psg",164.402654660197,930200,1871600,"930200 1871600"
1019917,"privé - sans psg",12.9952591684628,924200,1853600,"924200 1853600"
1023706,"privé - sans psg",93.8790144654622,920200,1841600,"920200 1841600"
1010644,"publics - domaniales",11.0051137543063,918200,1835600,"918200 1835600"
1003413,"privé - sans psg",11.5639958689294,916200,1829600,"916200 1829600"
1002043,"privé - sans psg",100.556018091921,914200,1823600,"914200 1823600"
1017433,"privé - sans psg",0.499969528412712,934200,1863600,"934200 1863600"
1011457,"publis - communales",177.399954675039,924200,1833600,"924200 1833600"
1003244,"privé - sans psg",68.2233383928035,920200,1821600,"920200 1821600"
1009370,"privé - sans psg",81.2706787130659,918200,1815600,"918200 1815600"
1017167,"publis - communales",39.1938377852743,916200,1809600,"916200 1809600"
1030636,"privé - sans psg",19.9336239448251,944200,1873600,"944200 1873600"
1017332,"privé - sans psg",58.1316653639275,942200,1867600,"942200 1867600"
1021124,"privé - sans psg",198.782208209424,938200,1855600,"938200 1855600"
1018463,"privé - sans psg",178.549991496402,936200,1849600,"936200 1849600"
1006377,"privé - psg",169.595821127099,934200,1843600,"934200 1843600"
1005935,"privé - sans psg",21.9350221106791,932200,1837600,"932200 1837600"
1009473,"privé - sans psg",180.909410025352,930200,1831600,"930200 1831600"
1007745,"privé - psg",80.6086646400782,928200,1825600,"928200 1825600"
1025985,"publics - domaniales",143.536419730273,926200,1819600,"926200 1819600"
1018613,"privé - psg",19.3271820221129,922200,1807600,"922200 1807600"
1022511,"privé - sans psg",316.680445912766,944200,1853600,"944200 1853600"
1001984,"privé - sans psg",147.369698012452,942200,1847600,"942200 1847600"
1002267,"privé - sans psg",31.319398111287,932200,1817600,"932200 1817600"
1005393,"publics - domaniales",99.1559717140929,928200,1805600,"928200 1805600"
1002209,"privé - sans psg",6.58310014189579,948200,1865600,"948200 1865600"
1006891,"privé - sans psg",76.2598029017932,954200,1863600,"954200 1863600"
1026275,"privé - sans psg",183.649318786177,950200,1851600,"950200 1851600"
1004832,"publis - communales",151.570379756299,948200,1845600,"948200 1845600"
1006060,"privé - sans psg",217.219067143711,944200,1833600,"944200 1833600"
1017136,"privé - sans psg",10.1746497556043,942200,1827600,"942200 1827600"
1020008,"privé - sans psg",5.76180815559358,940200,1821600,"940200 1821600"
1010437,"privé - psg",154.367844099191,938200,1815600,"938200 1815600"
1012654,"privé - psg",15.5758436247935,956200,1849600,"956200 1849600"
1007801,"privé - psg",184.258680801737,950200,1831600,"950200 1831600"
1030296,"privé - sans psg",332.043213503932,944200,1813600,"944200 1813600"
1016766,"privé - sans psg",41.3208783628324,942200,1807600,"942200 1807600"
1019710,"privé - sans psg",204.817674268553,964200,1853600,"964200 1853600"
1023221,"publis - communales",31.6991133093312,962200,1847600,"962200 1847600"
1018053,"privé - sans psg",83.3701668316107,950200,1811600,"950200 1811600"
1011755,"privé - sans psg",171.50681581145,948200,1805600,"948200 1805600"
1002705,"publics - domaniales",131.603380012965,968200,1845600,"968200 1845600"
1022611,"publics - domaniales",3.05915839783635,966200,1839600,"966200 1839600"
1023122,"privé - sans psg",122.550243842658,802200,1917600,"802200 1917600"
1030271,"privé - sans psg",177.434355916022,812200,1927600,"812200 1927600"
1008069,"privé - sans psg",160.518160481673,810200,1921600,"810200 1921600"
1019807,"privé - sans psg",78.692589780246,814200,1903600,"814200 1903600"
1008877,"publis - communales",40.7458303313825,832200,1917600,"832200 1917600"
1014013,"privé - sans psg",15.2252919076782,838200,1915600,"838200 1915600"
1027151,"privé - sans psg",25.4178926495338,834200,1903600,"834200 1903600"
1006601,"publis - communales",86.6635502292003,828200,1885600,"828200 1885600"
1023377,"publis - communales",17.9640266781494,824200,1873600,"824200 1873600"
1022175,"publis - communales",173.674454204201,836200,1909600,"836200 1909600"
1021640,"privé - sans psg",54.3018579795572,830200,1881600,"830200 1881600"
1012144,"privé - sans psg",50.4999775475257,840200,1901600,"840200 1901600"
1017558,"publis - communales",2.45733495951279,836200,1889600,"836200 1889600"
1003826,"privé - sans psg",17.9442768174256,832200,1877600,"832200 1877600"
1021080,"publis - communales",41.3828384266712,830200,1871600,"830200 1871600"
1015110,"publis - communales",15.1576867183148,836200,1879600,"836200 1879600"
1027359,"publis - communales",171.913119260621,848200,1905600,"848200 1905600"
1006074,"privé - sans psg",18.092855432841,846200,1899600,"846200 1899600"
1019231,"privé - sans psg",14.3862029966019,842200,1887600,"842200 1887600"
1018441,"privé - sans psg",52.5637931093046,840200,1881600,"840200 1881600"
1026189,"publis - communales",89.6694395947203,836200,1869600,"836200 1869600"
1007550,"privé - sans psg",152.83555075141,844200,1883600,"844200 1883600"
1005472,"privé - sans psg",116.45924845485,854200,1883600,"854200 1883600"
1010366,"publis - communales",139.664252991327,850200,1871600,"850200 1871600"
1018931,"privé - sans psg",57.1088514016805,860200,1881600,"860200 1881600"
1028399,"privé - sans psg",6.9288863607661,854200,1863600,"854200 1863600"
1015112,"privé - sans psg",106.592502654359,864200,1873600,"864200 1873600"
1023657,"privé - sans psg",3.81464860247746,868200,1865600,"868200 1865600"
1012745,"privé - sans psg",28.5321751151833,290200,2211600,"290200 2211600"
1019003,"privé - sans psg",52.398925931119,282200,2187600,"282200 2187600"
1019817,"privé - sans psg",123.536857271503,294200,2213600,"294200 2213600"
1024839,"privé - sans psg",42.3281419644735,296200,2209600,"296200 2209600"
1014534,"privé - sans psg",416.484014868891,306200,2229600,"306200 2229600"
1010258,"privé - sans psg",26.8100288922977,296200,2199600,"296200 2199600"
1015001,"privé - sans psg",12.4109479773822,292200,2177600,"292200 2177600"
1008245,"privé - sans psg",61.2674398628084,294200,2173600,"294200 2173600"
1002753,"privé - sans psg",289.959590565007,302200,2177600,"302200 2177600"
1015851,"privé - sans psg",191.293921552226,302200,2167600,"302200 2167600"
1018179,"privé - sans psg",204.213824446675,332200,2207600,"332200 2207600"
1003380,"privé - sans psg",161.230489721383,348200,2215600,"348200 2215600"
1028254,"privé - sans psg",121.811078085981,352200,2207600,"352200 2207600"
1003658,"privé - sans psg",76.7115352690433,356200,2209600,"356200 2209600"
1010963,"privé - psg",35.1209864077233,348200,2185600,"348200 2185600"
1029456,"privé - sans psg",1.90391662106064,352200,2177600,"352200 2177600"
1026605,"privé - sans psg",101.553268070065,354200,2163600,"354200 2163600"
1022871,"publics - domaniales",243.193820248085,360200,2171600,"360200 2171600"
1024984,"privé - sans psg",101.1289048423,372200,2177600,"372200 2177600"
1013692,"privé - sans psg",179.739804019283,370200,2151600,"370200 2151600"
1024655,"privé - sans psg",173.260499710946,420200,2231600,"420200 2231600"
1012754,"privé - sans psg",261.391894802077,424200,2233600,"424200 2233600"
1011787,"privé - psg",92.9966229453147,428200,2235600,"428200 2235600"
1027338,"privé - sans psg",160.531609439611,436200,2229600,"436200 2229600"
1001038,"privé - psg",69.0236375394875,432200,2217600,"432200 2217600"
1025467,"publis - communales",268.058976050155,434200,2213600,"434200 2213600"
1005904,"privé - sans psg",206.664681588636,430200,2181600,"430200 2181600"
1020797,"publics - domaniales",67.9670852201442,432200,2177600,"432200 2177600"
1003710,"privé - sans psg",130.885628656473,444200,2203600,"444200 2203600"
1025732,"privé - psg",28.6333607555265,434200,2173600,"434200 2173600"
1006710,"publis - communales",232.205315836413,430200,2161600,"430200 2161600"
1029742,"privé - sans psg",39.2321185303667,450200,2211600,"450200 2211600"
1004766,"privé - sans psg",117.643879849045,440200,2181600,"440200 2181600"
1017269,"privé - sans psg",135.73334487638,450200,2201600,"450200 2201600"
1006067,"privé - sans psg",216.890735520336,442200,2177600,"442200 2177600"
1007867,"privé - sans psg",135.237118003586,432200,2147600,"432200 2147600"
1022416,"privé - sans psg",97.7803022779786,452200,2197600,"452200 2197600"
1009836,"privé - sans psg",466.891676186092,464200,2213600,"464200 2213600"
1012517,"privé - psg",250.122303546664,456200,2189600,"456200 2189600"
1011170,"privé - psg",42.1361334980577,448200,2165600,"448200 2165600"
1025055,"privé - psg",75.8436787210465,460200,2191600,"460200 2191600"
1000947,"publics - domaniales",194.251794568306,458200,2185600,"458200 2185600"
1014459,"privé - psg",361.736925500616,456200,2179600,"456200 2179600"
1022236,"privé - psg",163.520906144977,448200,2155600,"448200 2155600"
1017434,"privé - psg",199.187198113394,464200,2193600,"464200 2193600"
1031360,"publics - domaniales",138.881143828288,460200,2181600,"460200 2181600"
1031104,"privé - sans psg",495.421553575739,452200,2157600,"452200 2157600"
1004183,"privé - psg",308.858780310738,474200,2213600,"474200 2213600"
1028232,"privé - psg",386.971311665203,466200,2189600,"466200 2189600"
1011356,"privé - sans psg",283.091562052641,458200,2165600,"458200 2165600"
1029073,"privé - psg",416.475672753671,476200,2209600,"476200 2209600"
1025714,"privé - psg",110.705221637062,472200,2197600,"472200 2197600"
1005328,"privé - psg",286.818433470832,460200,2161600,"460200 2161600"
1018327,"privé - sans psg",147.017414922219,458200,2155600,"458200 2155600"
1004345,"privé - sans psg",352.622017015464,464200,2163600,"464200 2163600"
1025675,"privé - psg",94.4259832112355,462200,2157600,"462200 2157600"
1027286,"privé - sans psg",32.159077584074,450200,2121600,"450200 2121600"
1025391,"privé - sans psg",196.171246809271,480200,2201600,"480200 2201600"
1014328,"privé - sans psg",158.089974627313,472200,2177600,"472200 2177600"
1010459,"privé - sans psg",203.766423500255,472200,2157600,"472200 2157600"
1018557,"privé - sans psg",9.84115793120611,478200,2165600,"478200 2165600"
1003162,"privé - sans psg",43.6762475124013,476200,2159600,"476200 2159600"
1023800,"privé - sans psg",573.50280282385,476200,2129600,"476200 2129600"
1025662,"privé - psg",165.826606007285,492200,2147600,"492200 2147600"
1016942,"privé - sans psg",72.6104834642353,500200,2161600,"500200 2161600"
1030834,"privé - sans psg",169.037323739767,490200,2141600,"490200 2141600"
1019260,"privé - sans psg",23.5766244310485,470200,2081600,"470200 2081600"
1004791,"privé - sans psg",303.406540876993,492200,2137600,"492200 2137600"
1022846,"privé - sans psg",146.879539176267,476200,2089600,"476200 2089600"
1017418,"privé - sans psg",110.871430832184,474200,2083600,"474200 2083600"
1002872,"privé - sans psg",35.4958186918051,488200,2115600,"488200 2115600"
1009149,"privé - sans psg",91.6905219670926,480200,2091600,"480200 2091600"
1027119,"privé - sans psg",214.095257006872,482200,2077600,"482200 2077600"
1014336,"privé - psg",169.969213909852,496200,2109600,"496200 2109600"
1027680,"privé - sans psg",235.911230895825,490200,2091600,"490200 2091600"
1016716,"privé - sans psg",79.4135188894885,512200,2147600,"512200 2147600"
1002425,"privé - sans psg",40.4753907186342,494200,2093600,"494200 2093600"
1017347,"privé - sans psg",115.871035810239,490200,2081600,"490200 2081600"
1009145,"privé - sans psg",83.0167641787962,504200,2113600,"504200 2113600"
1010295,"privé - sans psg",5.93787312987552,500200,2101600,"500200 2101600"
1005709,"privé - sans psg",46.1766040962004,506200,2099600,"506200 2099600"
1009154,"privé - sans psg",187.207575627659,504200,2093600,"504200 2093600"
1004428,"privé - sans psg",81.7219684700171,498200,2075600,"498200 2075600"
1018628,"privé - sans psg",274.728904581168,512200,2107600,"512200 2107600"
1016334,"privé - psg",23.4775962692686,510200,2101600,"510200 2101600"
1015721,"privé - sans psg",149.077768618615,516200,2109600,"516200 2109600"
1024507,"privé - sans psg",176.563691325722,522200,2117600,"522200 2117600"
1019973,"privé - sans psg",8.48689997502257,520200,2111600,"520200 2111600"
1018922,"privé - sans psg",57.3221189159114,518200,2105600,"518200 2105600"
1022615,"privé - sans psg",230.374360099349,512200,2087600,"512200 2087600"
1001669,"privé - psg",168.748878234749,506200,2069600,"506200 2069600"
1017095,"privé - sans psg",283.046217348285,526200,2119600,"526200 2119600"
1031166,"privé - sans psg",182.748652390993,522200,2107600,"522200 2107600"
1028208,"privé - sans psg",403.804348936843,520200,2101600,"520200 2101600"
1028713,"privé - sans psg",118.832519877415,512200,2077600,"512200 2077600"
1015917,"privé - sans psg",57.8404405890377,510200,2071600,"510200 2071600"
1016461,"privé - sans psg",206.598121638258,508200,2065600,"508200 2065600"
1010299,"privé - sans psg",102.581800709489,532200,2127600,"532200 2127600"
1015351,"privé - psg",48.2782171387361,524200,2103600,"524200 2103600"
1025175,"privé - sans psg",392.533291205776,532200,2117600,"532200 2117600"
1014223,"privé - sans psg",314.940698593772,528200,2105600,"528200 2105600"
1025491,"privé - sans psg",165.234185710143,520200,2081600,"520200 2081600"
1020927,"privé - sans psg",260.050573365905,516200,2069600,"516200 2069600"
1028748,"privé - sans psg",17.6227511666109,534200,2113600,"534200 2113600"
1022931,"privé - sans psg",405.298053859793,532200,2107600,"532200 2107600"
1003564,"privé - sans psg",146.654736190397,522200,2077600,"522200 2077600"
1012686,"privé - sans psg",262.982100873866,518200,2065600,"518200 2065600"
1021092,"privé - sans psg",43.4454743182988,520200,2061600,"520200 2061600"
1022656,"privé - sans psg",5.25900312434254,532200,2087600,"532200 2087600"
1014528,"privé - sans psg",280.461557762595,522200,2057600,"522200 2057600"
1027385,"privé - sans psg",167.385198324671,540200,2101600,"540200 2101600"
1003704,"privé - sans psg",53.537221507426,536200,2089600,"536200 2089600"
1029799,"privé - sans psg",181.724277748761,542200,2097600,"542200 2097600"
1029291,"privé - psg",27.0138023123413,544200,2093600,"544200 2093600"
1001588,"privé - sans psg",132.823220949474,540200,2081600,"540200 2081600"
1000573,"privé - sans psg",186.417719547578,544200,2083600,"544200 2083600"
1017701,"publis - communales",212.509021312446,550200,2081600,"550200 2081600"
1015770,"privé - sans psg",720.455442393318,548200,2075600,"548200 2075600"
1028340,"privé - sans psg",222.555178091825,546200,2069600,"546200 2069600"
1000657,"privé - psg",226.624821429999,554200,2083600,"554200 2083600"
1013257,"privé - sans psg",306.693990483648,552200,2077600,"552200 2077600"
1026231,"privé - psg",15.9289924685442,558200,2085600,"558200 2085600"
1027723,"privé - sans psg",267.706719205176,556200,2079600,"556200 2079600"
1024888,"privé - sans psg",472.625827828604,560200,2081600,"560200 2081600"
1019487,"publis - communales",6.99899061271995,830200,2381600,"830200 2381600"
1004329,"publis - communales",337.681955792183,836200,2379600,"836200 2379600"
1025249,"publis - communales",218.225177482619,840200,2381600,"840200 2381600"
1027511,"publis - communales",32.7402697630482,844200,2383600,"844200 2383600"
1011790,"publis - communales",219.78932873578,842200,2377600,"842200 2377600"
1006633,"privé - sans psg",267.110492593706,840200,2371600,"840200 2371600"
1022754,"privé - sans psg",25.9351746317531,844200,2373600,"844200 2373600"
1009715,"privé - psg",220.291080434249,846200,2369600,"846200 2369600"
1028110,"publis - communales",122.320580734888,848200,2365600,"848200 2365600"
1013561,"publics - domaniales",7.02568256579428,856200,2379600,"856200 2379600"
1002334,"publis - communales",180.065628371765,854200,2353600,"854200 2353600"
1002811,"publis - communales",522.545739374301,852200,2347600,"852200 2347600"
1002202,"publis - communales",258.218251665947,866200,2379600,"866200 2379600"
1005987,"privé - sans psg",392.686821143674,856200,2349600,"856200 2349600"
1029264,"publis - communales",388.764206156713,866200,2369600,"866200 2369600"
1014408,"publis - communales",225.952140289115,860200,2351600,"860200 2351600"
1023668,"publis - communales",282.986770596595,864200,2353600,"864200 2353600"
1017834,"privé - psg",4.7517567526207,868200,2345600,"868200 2345600"
1018086,"privé - sans psg",713.507909281347,880200,2371600,"880200 2371600"
1021910,"publis - communales",469.842229694569,874200,2353600,"874200 2353600"
1000130,"privé - sans psg",237.891739863655,880200,2361600,"880200 2361600"
1023874,"privé - sans psg",698.744414308081,876200,2349600,"876200 2349600"
1017316,"publis - communales",44.9972574381942,888200,2375600,"888200 2375600"
1021968,"privé - sans psg",426.781693185595,884200,2363600,"884200 2363600"
1002580,"publics - domaniales",131.448965952286,880200,2351600,"880200 2351600"
1021448,"publics - domaniales",124.314886600796,878200,2345600,"878200 2345600"
1024090,"privé - sans psg",329.13256639695,884200,2353600,"884200 2353600"
1019785,"publics - domaniales",50.3813115097803,882200,2347600,"882200 2347600"
1004411,"publis - communales",147.051659882916,898200,2385600,"898200 2385600"
1009905,"privé - sans psg",130.114939381763,896200,2379600,"896200 2379600"
1002789,"publis - communales",291.170846344423,892200,2367600,"892200 2367600"
1012443,"privé - psg",115.240967286474,888200,2355600,"888200 2355600"
1009957,"publics - domaniales",175.860603864701,900200,2381600,"900200 2381600"
1011101,"publis - communales",220.463963297943,900200,2371600,"900200 2371600"
1004665,"publis - communales",657.185760276945,896200,2359600,"896200 2359600"
1012801,"privé - sans psg",368.341656300931,894200,2353600,"894200 2353600"
1013697,"publics - domaniales",337.336325036626,892200,2347600,"892200 2347600"
1013566,"publis - communales",349.324317868916,888200,2335600,"888200 2335600"
1007429,"privé - psg",170.6638236434,906200,2379600,"906200 2379600"
1006744,"publis - communales",208.542624584326,904200,2373600,"904200 2373600"
1006045,"privé - sans psg",143.859635826427,896200,2349600,"896200 2349600"
1030575,"publis - communales",143.790345344129,894200,2343600,"894200 2343600"
1002289,"publis - communales",336.452275529479,892200,2337600,"892200 2337600"
1013240,"publics - domaniales",272.00107351764,902200,2357600,"902200 2357600"
1028015,"privé - psg",474.049376630917,912200,2377600,"912200 2377600"
1029113,"publis - communales",226.273185956498,908200,2365600,"908200 2365600"
1007091,"privé - psg",486.852462207297,900200,2341600,"900200 2341600"
1026162,"privé - sans psg",76.742206799858,916200,2379600,"916200 2379600"
1016867,"publis - communales",54.7005405903967,910200,2361600,"910200 2361600"
1005236,"publis - communales",66.4939417661178,908200,2355600,"908200 2355600"
1018823,"publis - communales",19.7011289394777,906200,2349600,"906200 2349600"
1004155,"publis - communales",11.6100898600719,902200,2337600,"902200 2337600"
1022725,"privé - sans psg",234.13667364933,912200,2357600,"912200 2357600"
1005743,"publics - domaniales",115.950788595657,908200,2345600,"908200 2345600"
1008301,"privé - sans psg",159.76507342698,922200,2377600,"922200 2377600"
1023775,"publis - communales",264.07468100301,918200,2365600,"918200 2365600"
1028031,"publis - communales",54.8888158477072,914200,2353600,"914200 2353600"
1026702,"privé - sans psg",492.395793775986,912200,2347600,"912200 2347600"
1021618,"publics - domaniales",327.818224057944,910200,2341600,"910200 2341600"
1027293,"publics - domaniales",233.916456430763,928200,2385600,"928200 2385600"
1000222,"privé - sans psg",210.736993261381,924200,2373600,"924200 2373600"
1018825,"privé - sans psg",68.1441771511099,920200,2361600,"920200 2361600"
1031302,"publis - communales",389.950673349604,916200,2349600,"916200 2349600"
1023074,"publics - domaniales",101.39519144153,928200,2375600,"928200 2375600"
1010811,"publis - communales",248.26231170132,926200,2369600,"926200 2369600"
1009764,"privé - sans psg",249.963097585656,922200,2357600,"922200 2357600"
1000821,"publics - domaniales",226.926769766352,920200,2351600,"920200 2351600"
1012863,"publis - communales",311.480537085518,918200,2345600,"918200 2345600"
1019327,"publics - domaniales",285.394689466742,916200,2339600,"916200 2339600"
1017940,"publis - communales",169.484084170879,930200,2371600,"930200 2371600"
1030236,"publis - communales",141.968498980204,926200,2359600,"926200 2359600"
1003660,"publis - communales",167.546991487777,922200,2347600,"922200 2347600"
1005131,"publics - domaniales",182.007976538595,940200,2391600,"940200 2391600"
1031072,"privé - sans psg",227.07810804157,938200,2385600,"938200 2385600"
1024154,"publics - domaniales",291.999182311726,934200,2373600,"934200 2373600"
1014172,"publics - domaniales",37.3037967235824,932200,2367600,"932200 2367600"
1013272,"privé - psg",334.276490461662,928200,2355600,"928200 2355600"
1018745,"publis - communales",301.493030972586,926200,2349600,"926200 2349600"
1013821,"publis - communales",357.726746108987,922200,2337600,"922200 2337600"
1005347,"publics - domaniales",95.5552254780594,944200,2393600,"944200 2393600"
1002259,"privé - sans psg",427.461192133824,940200,2381600,"940200 2381600"
1000892,"privé - sans psg",14.0648450742452,936200,2369600,"936200 2369600"
1009466,"privé - sans psg",342.259220951713,932200,2357600,"932200 2357600"
1005440,"privé - sans psg",262.182728454435,924200,2333600,"924200 2333600"
1026419,"publics - domaniales",187.823114441565,948200,2395600,"948200 2395600"
1026766,"privé - sans psg",128.345365813897,944200,2383600,"944200 2383600"
1012690,"publics - domaniales",277.904525669609,934200,2353600,"934200 2353600"
1013683,"publics - domaniales",419.796980806604,932200,2347600,"932200 2347600"
1012770,"privé - sans psg",204.077783979312,930200,2341600,"930200 2341600"
1027568,"publis - communales",183.345857652004,928200,2335600,"928200 2335600"
1018993,"privé - sans psg",299.337397914264,926200,2329600,"926200 2329600"
1031151,"publics - domaniales",210.032836018787,952200,2397600,"952200 2397600"
1019509,"publics - domaniales",123.256624952095,938200,2355600,"938200 2355600"
1013079,"privé - sans psg",415.951838702214,950200,2381600,"950200 2381600"
1006087,"publis - communales",42.2862206322139,948200,2375600,"948200 2375600"
1002067,"privé - sans psg",156.788300753501,946200,2369600,"946200 2369600"
1024807,"privé - sans psg",186.279301802507,942200,2357600,"942200 2357600"
1015187,"publis - communales",59.951918728375,940200,2351600,"940200 2351600"
1004097,"privé - sans psg",507.693249727212,934200,2333600,"934200 2333600"
1020983,"publis - communales",266.063882568679,948200,2365600,"948200 2365600"
1014153,"publics - domaniales",179.775431996664,944200,2353600,"944200 2353600"
1015611,"privé - sans psg",223.040534379853,940200,2341600,"940200 2341600"
1027705,"privé - sans psg",461.680568638171,936200,2329600,"936200 2329600"
1018208,"privé - sans psg",3.43273683929634,956200,2379600,"956200 2379600"
1013343,"publis - communales",483.371750378406,954200,2373600,"954200 2373600"
1014060,"publis - communales",271.200114923459,952200,2367600,"952200 2367600"
1011174,"privé - sans psg",96.9730318953877,950200,2361600,"950200 2361600"
1028229,"publis - communales",237.545580745174,948200,2355600,"948200 2355600"
1009648,"publics - domaniales",254.255589803899,946200,2349600,"946200 2349600"
1024144,"publis - communales",410.455849846422,942200,2337600,"942200 2337600"
1018789,"privé - sans psg",30.0116505215422,940200,2331600,"940200 2331600"
1007176,"privé - sans psg",139.674379248073,938200,2325600,"938200 2325600"
1009493,"publis - communales",187.641345334733,942200,2327600,"942200 2327600"
1024629,"privé - sans psg",248.349746370425,654200,2353600,"654200 2353600"
1028348,"privé - sans psg",115.23976576296,652200,2347600,"652200 2347600"
1014583,"privé - sans psg",327.895621314633,660200,2361600,"660200 2361600"
1016674,"privé - psg",200.735205510499,644200,2303600,"644200 2303600"
1008434,"privé - sans psg",164.463658380538,668200,2355600,"668200 2355600"
1009534,"privé - psg",248.565945381624,654200,2313600,"654200 2313600"
1008115,"privé - sans psg",360.406460952263,650200,2301600,"650200 2301600"
1007280,"privé - psg",323.114980602191,646200,2289600,"646200 2289600"
1007027,"publics - domaniales",420.0892327739,674200,2363600,"674200 2363600"
1029947,"privé - sans psg",343.427447018738,666200,2339600,"666200 2339600"
1013568,"privé - psg",268.944950954359,650200,2291600,"650200 2291600"
1006838,"privé - sans psg",243.052694825763,676200,2359600,"676200 2359600"
1010202,"privé - psg",186.277985735577,656200,2299600,"656200 2299600"
1015941,"privé - psg",267.279769787386,652200,2287600,"652200 2287600"
1027489,"publics - domaniales",192.249545888475,686200,2369600,"686200 2369600"
1000120,"privé - sans psg",146.227226243634,680200,2351600,"680200 2351600"
1003193,"privé - psg",182.921239280998,676200,2339600,"676200 2339600"
1024198,"privé - psg",104.191873369805,672200,2327600,"672200 2327600"
1027133,"privé - sans psg",144.151094774038,668200,2315600,"668200 2315600"
1031088,"privé - psg",177.998351463711,664200,2303600,"664200 2303600"
1027694,"privé - psg",330.513242895013,682200,2347600,"682200 2347600"
1001263,"privé - sans psg",314.368273823343,672200,2317600,"672200 2317600"
1000323,"privé - psg",301.787875644084,670200,2311600,"670200 2311600"
1008548,"privé - psg",259.407220138086,668200,2305600,"668200 2305600"
1008422,"privé - sans psg",162.691211401643,684200,2343600,"684200 2343600"
1002476,"publis - communales",273.213026995469,682200,2337600,"682200 2337600"
1018298,"privé - sans psg",325.214470996262,672200,2307600,"672200 2307600"
1026988,"privé - sans psg",137.791620487373,670200,2301600,"670200 2301600"
1021809,"privé - sans psg",172.183080460439,668200,2295600,"668200 2295600"
1011626,"privé - sans psg",202.108318098169,680200,2321600,"680200 2321600"
1004292,"privé - psg",209.419726984653,692200,2347600,"692200 2347600"
1027984,"publics - domaniales",202.470162867374,690200,2341600,"690200 2341600"
1008567,"privé - sans psg",256.846091066991,684200,2323600,"684200 2323600"
1021736,"privé - sans psg",232.969236403955,678200,2305600,"678200 2305600"
1018333,"privé - sans psg",81.4055487356732,676200,2299600,"676200 2299600"
1000787,"publics - domaniales",3.02873453432799,696200,2349600,"696200 2349600"
1010910,"privé - sans psg",251.366315355779,682200,2307600,"682200 2307600"
1014458,"privé - sans psg",116.957178959706,674200,2283600,"674200 2283600"
1023165,"publis - communales",257.050501667613,698200,2345600,"698200 2345600"
1023440,"privé - sans psg",96.225540983904,688200,2315600,"688200 2315600"
1016686,"privé - psg",429.637489537456,686200,2309600,"686200 2309600"
1001776,"privé - sans psg",387.652294214752,682200,2297600,"682200 2297600"
1023543,"privé - sans psg",412.304033145108,700200,2331600,"700200 2331600"
1001703,"privé - sans psg",256.066596955797,684200,2283600,"684200 2283600"
1002998,"publics - domaniales",71.0783411353811,702200,2327600,"702200 2327600"
1002956,"privé - psg",208.645808458305,698200,2315600,"698200 2315600"
1012563,"publis - communales",60.2192317043417,690200,2291600,"690200 2291600"
1004035,"privé - psg",27.5101881392376,688200,2285600,"688200 2285600"
1004512,"publis - communales",247.081345538554,696200,2299600,"696200 2299600"
1015293,"privé - psg",136.355084982235,692200,2287600,"692200 2287600"
1029222,"privé - sans psg",290.444676685156,696200,2289600,"696200 2289600"
1004527,"privé - sans psg",155.234413958225,702200,2297600,"702200 2297600"
1025745,"privé - sans psg",286.866495617167,696200,2279600,"696200 2279600"
1022274,"privé - psg",133.329536706902,700200,2281600,"700200 2281600"
1028716,"publis - communales",257.349672511023,698200,2275600,"698200 2275600"
1000561,"privé - sans psg",192.116519538565,716200,2319600,"716200 2319600"
1018413,"privé - sans psg",95.7773665940382,712200,2307600,"712200 2307600"
1001760,"privé - sans psg",72.5138451039381,708200,2295600,"708200 2295600"
1023337,"privé - sans psg",265.171404821019,702200,2277600,"702200 2277600"
1005602,"publis - communales",204.424229388767,708200,2285600,"708200 2285600"
1014560,"privé - sans psg",96.2603547943002,704200,2273600,"704200 2273600"
1020698,"privé - sans psg",263.529867270552,718200,2305600,"718200 2305600"
1030831,"publis - communales",46.7283703122983,712200,2287600,"712200 2287600"
1028433,"privé - psg",152.82774934907,724200,2313600,"724200 2313600"
1008144,"privé - sans psg",95.9048790872371,720200,2301600,"720200 2301600"
1026118,"privé - sans psg",238.133190013103,712200,2277600,"712200 2277600"
1030393,"publis - communales",182.387172042777,720200,2291600,"720200 2291600"
1020294,"privé - sans psg",313.007096152796,736200,2329600,"736200 2329600"
1023573,"privé - psg",268.110025964544,724200,2293600,"724200 2293600"
1016422,"privé - sans psg",431.257773880342,740200,2331600,"740200 2331600"
1023561,"publis - communales",106.519556684951,736200,2319600,"736200 2319600"
1003715,"privé - sans psg",99.5469631429499,732200,2307600,"732200 2307600"
1008645,"publics - domaniales",146.086558734905,728200,2295600,"728200 2295600"
1015490,"privé - sans psg",282.045511825489,726200,2289600,"726200 2289600"
1022797,"publis - communales",178.04893821993,722200,2277600,"722200 2277600"
1012679,"publis - communales",41.3602012753549,730200,2291600,"730200 2291600"
1012032,"privé - psg",205.37076557167,744200,2323600,"744200 2323600"
1015778,"publis - communales",219.920650257771,742200,2317600,"742200 2317600"
1001242,"publis - communales",112.108087520151,740200,2311600,"740200 2311600"
1002459,"privé - sans psg",148.366265119551,734200,2293600,"734200 2293600"
1012876,"publis - communales",58.3106274926102,740200,2301600,"740200 2301600"
1012450,"privé - sans psg",93.5486708477626,728200,2265600,"728200 2265600"
1002766,"privé - psg",218.50103405194,936200,2319600,"936200 2319600"
1001505,"privé - sans psg",251.594474563783,934200,2313600,"934200 2313600"
1023809,"privé - psg",111.435470155615,942200,2317600,"942200 2317600"
1010545,"privé - sans psg",120.456259763558,944200,2313600,"944200 2313600"
1018313,"publis - communales",198.442801175444,948200,2315600,"948200 2315600"
1022785,"publis - communales",118.742273919692,946200,2299600,"946200 2299600"
1004004,"publis - communales",323.348871067276,944200,2293600,"944200 2293600"
1021739,"privé - psg",365.813771762428,954200,2293600,"954200 2293600"
1000928,"publis - communales",298.290379399509,956200,2289600,"956200 2289600"
1024004,"privé - sans psg",416.761245799659,960200,2291600,"960200 2291600"
1024830,"publis - communales",453.032467535386,584200,2413600,"584200 2413600"
1025052,"publics - domaniales",229.366833860131,576200,2389600,"576200 2389600"
1015107,"privé - sans psg",233.384579046802,590200,2401600,"590200 2401600"
1030717,"privé - sans psg",138.208849639036,586200,2379600,"586200 2379600"
1015475,"privé - sans psg",188.406536633221,592200,2387600,"592200 2387600"
1027585,"privé - sans psg",253.039469131376,596200,2389600,"596200 2389600"
1012317,"privé - sans psg",50.9894413384584,598200,2385600,"598200 2385600"
1031326,"privé - sans psg",240.362307165778,600200,2381600,"600200 2381600"
1023431,"publics - domaniales",306.261368196092,612200,2407600,"612200 2407600"
1013262,"privé - sans psg",139.984598726826,602200,2377600,"602200 2377600"
1002897,"publis - communales",227.465418552493,612200,2397600,"612200 2397600"
1022829,"privé - sans psg",240.290210382878,608200,2385600,"608200 2385600"
1015991,"privé - sans psg",72.6741404735369,604200,2373600,"604200 2373600"
1018058,"privé - psg",80.7343083530759,612200,2387600,"612200 2387600"
1006797,"privé - sans psg",109.394999679093,608200,2375600,"608200 2375600"
1014666,"publics - domaniales",130.694358546733,616200,2419600,"616200 2419600"
1007179,"privé - psg",90.5919148587333,560200,2451600,"560200 2451600"
1026600,"privé - sans psg",419.235022027955,578200,2465600,"578200 2465600"
1019309,"privé - sans psg",104.442648641766,572200,2447600,"572200 2447600"
1010024,"privé - sans psg",109.322487605808,578200,2445600,"578200 2445600"
1014799,"privé - psg",360.743369087217,590200,2461600,"590200 2461600"
1027701,"publics - domaniales",583.546207308932,594200,2453600,"594200 2453600"
1030661,"publis - communales",111.784330515869,600200,2461600,"600200 2461600"
