"idp","pro_psg","pnr","expl","nb_cut","nb_tree"
746162,"publics - domaniales","hors PNR","facile",1,12
720620,"privé - sans psg","hors PNR","très facile",5,11
738018,"privé - psg","hors PNR","très facile",7,15
777046,"privé - psg","hors PNR","difficile",3,24
703094,"publics - domaniales","dans PNR","très facile",1,6
770652,"publics - domaniales","hors PNR","difficile",4,17
747924,"publics - domaniales","hors PNR","très facile",2,12
754967,"publics - domaniales","hors PNR","très facile",2,13
759013,"publics - domaniales","dans PNR","très facile",4,8
742296,"publics - domaniales","dans PNR","facile",1,17
734865,"privé - psg","dans PNR","très facile",1,11
756109,"publics - domaniales","dans PNR","très facile",3,16
730967,"publics - domaniales","dans PNR","facile",1,24
701401,"publics - domaniales","dans PNR","très facile",1,11
732678,"publis - communales","dans PNR","très facile",1,11
770589,"publics - domaniales","hors PNR","facile",1,11
724105,"publics - domaniales","hors PNR","difficile",8,23
754111,"publics - domaniales","hors PNR","facile",1,23
712098,"publics - domaniales","hors PNR","difficile",4,20
761939,"privé - psg","dans PNR","difficile",1,7
733084,"publics - domaniales","hors PNR","facile",1,9
719158,"privé - psg","dans PNR","très facile",1,28
737188,"publis - communales","hors PNR","facile",2,16
719627,"publis - communales","hors PNR","difficile",2,11
776024,"publics - domaniales","dans PNR","très facile",6,17
714068,"publis - communales","hors PNR","facile",1,12
741349,"publis - communales","hors PNR","très facile",2,23
729317,"publis - communales","hors PNR","très facile",2,19
762272,"publis - communales","hors PNR","très facile",6,22
740060,"publis - communales","dans PNR","très facile",2,13
747030,"privé - sans psg","dans PNR","difficile",4,25
711260,"publis - communales","dans PNR","difficile",13,30
770499,"publis - communales","dans PNR","difficile",1,15
714600,"publis - communales","dans PNR","facile",3,8
732904,"publis - communales","dans PNR","très facile",2,17
753778,"privé - psg","dans PNR","facile",4,8
720179,"publis - communales","dans PNR","très facile",3,18
739429,"publis - communales","dans PNR","facile",2,21
734970,"publics - domaniales","dans PNR","difficile",1,11
760259,"privé - sans psg","dans PNR","facile",8,26
734838,"privé - psg","dans PNR","facile",20,20
738331,"publics - domaniales","dans PNR","facile",1,10
737514,"publis - communales","hors PNR","très facile",2,5
768932,"publis - communales","dans PNR","très facile",1,13
715276,"publics - domaniales","hors PNR","facile",3,10
753013,"publis - communales","dans PNR","facile",1,18
737694,"publis - communales","hors PNR","très facile",4,13
763608,"publics - domaniales","hors PNR","très facile",2,15
736719,"publis - communales","dans PNR","difficile",3,21
756853,"publis - communales","hors PNR","très facile",8,14
735919,"privé - sans psg","hors PNR","moyenne",1,10
765290,"publis - communales","hors PNR","facile",2,8
733573,"publis - communales","hors PNR","très facile",2,13
746252,"publics - domaniales","hors PNR","difficile",2,12
728455,"publis - communales","dans PNR","moyenne",2,16
780475,"privé - sans psg","hors PNR","moyenne",28,28
721100,"publics - domaniales","hors PNR","difficile",4,15
719730,"publis - communales","hors PNR","facile",1,17
759291,"publics - domaniales","dans PNR","très facile",1,32
716020,"publics - domaniales","hors PNR","difficile",1,9
730305,"privé - sans psg","hors PNR","difficile",22,22
731596,"publis - communales","dans PNR","très facile",3,24
739850,"publis - communales","hors PNR","très facile",5,22
741764,"publis - communales","dans PNR","facile",1,17
700178,"publis - communales","dans PNR","facile",5,17
718233,"publis - communales","dans PNR","très facile",1,9
780851,"privé - sans psg","dans PNR","facile",2,9
761588,"publics - domaniales","dans PNR","facile",3,10
758698,"publis - communales","dans PNR","facile",2,15
749958,"privé - psg","dans PNR","très facile",1,15
713817,"publics - domaniales","dans PNR","difficile",3,18
758636,"privé - psg","dans PNR","difficile",10,23
860369,"publics - domaniales","hors PNR","très facile",1,5
853266,"publis - communales","hors PNR","moyenne",4,12
821584,"publis - communales","hors PNR","très facile",1,27
851110,"publics - domaniales","hors PNR","très facile",3,24
857623,"publics - domaniales","hors PNR","très facile",6,26
851436,"privé - sans psg","dans PNR","très facile",13,13
877940,"publics - domaniales","hors PNR","très facile",1,8
844965,"publics - domaniales","dans PNR","difficile",2,12
838231,"publics - domaniales","dans PNR","très facile",3,20
872525,"publics - domaniales","dans PNR","facile",1,16
828967,"publics - domaniales","hors PNR","difficile",2,13
815411,"publics - domaniales","hors PNR","très facile",1,17
858344,"publics - domaniales","hors PNR","très facile",4,20
877474,"publics - domaniales","dans PNR","très facile",3,7
856970,"privé - psg","dans PNR","très facile",2,5
861150,"publics - domaniales","hors PNR","difficile",3,13
844621,"publis - communales","hors PNR","difficile",3,15
829725,"publis - communales","dans PNR","très facile",2,4
869208,"publics - domaniales","hors PNR","facile",6,15
859350,"publics - domaniales","hors PNR","très facile",4,19
876594,"publis - communales","hors PNR","difficile",1,12
874309,"publis - communales","dans PNR","difficile",4,16
822430,"publis - communales","hors PNR","difficile",2,14
838261,"publis - communales","hors PNR","très facile",1,6
875472,"publis - communales","hors PNR","facile",2,17
828034,"privé - psg","dans PNR","difficile",9,20
818113,"publis - communales","hors PNR","difficile",2,25
805733,"publis - communales","hors PNR","facile",1,17
878743,"publis - communales","dans PNR","difficile",1,12
816099,"privé - sans psg","dans PNR","facile",4,24
852173,"publis - communales","dans PNR","très facile",3,19
858683,"publis - communales","dans PNR","difficile",1,26
847665,"publis - communales","dans PNR","très facile",3,15
804883,"publis - communales","hors PNR","difficile",1,12
813688,"publis - communales","dans PNR","difficile",1,18
865813,"publis - communales","dans PNR","très facile",1,14
864612,"publis - communales","dans PNR","difficile",3,16
814498,"publis - communales","dans PNR","facile",1,11
824177,"privé - sans psg","dans PNR","très facile",4,19
843064,"privé - sans psg","dans PNR","très facile",4,9
838161,"privé - sans psg","dans PNR","difficile",16,22
858591,"privé - sans psg","hors PNR","très facile",1,18
856907,"publis - communales","hors PNR","facile",3,12
854852,"publis - communales","hors PNR","facile",2,9
831377,"publics - domaniales","hors PNR","facile",5,19
827927,"publis - communales","dans PNR","très facile",3,20
829947,"privé - sans psg","hors PNR","très facile",1,32
817428,"publis - communales","hors PNR","facile",3,19
877184,"privé - sans psg","dans PNR","facile",1,6
811954,"publis - communales","dans PNR","difficile",3,11
870294,"publis - communales","dans PNR","très facile",3,17
844857,"publics - domaniales","hors PNR","très facile",4,14
845267,"publis - communales","hors PNR","difficile",2,10
815652,"privé - sans psg","dans PNR","très facile",1,13
818221,"publis - communales","dans PNR","difficile",6,35
875656,"publis - communales","hors PNR","difficile",2,23
808938,"privé - sans psg","dans PNR","facile",1,41
826445,"publis - communales","dans PNR","facile",1,13
821645,"publis - communales","dans PNR","facile",1,15
856707,"privé - sans psg","dans PNR","très facile",3,14
803561,"publis - communales","dans PNR","difficile",1,20
880689,"publics - domaniales","dans PNR","très facile",1,7
878029,"privé - psg","dans PNR","très facile",3,27
846846,"privé - psg","dans PNR","difficile",4,23
936462,"publis - communales","hors PNR","très facile",2,5
974283,"publics - domaniales","hors PNR","très facile",4,12
933186,"privé - psg","hors PNR","difficile",9,20
913856,"privé - psg","hors PNR","très facile",6,18
925337,"publics - domaniales","dans PNR","très facile",3,21
915083,"publics - domaniales","hors PNR","difficile",10,23
939436,"publics - domaniales","hors PNR","facile",3,10
938842,"publics - domaniales","hors PNR","difficile",2,13
961868,"publics - domaniales","dans PNR","très facile",1,8
945537,"publis - communales","dans PNR","difficile",1,2
973094,"publics - domaniales","dans PNR","facile",1,11
946287,"publics - domaniales","hors PNR","facile",2,11
947026,"privé - sans psg","hors PNR","très facile",1,17
921308,"publis - communales","hors PNR","très facile",2,10
933654,"publis - communales","hors PNR","difficile",1,12
961211,"privé - psg","dans PNR","facile",6,11
939274,"publis - communales","hors PNR","facile",1,18
915192,"publis - communales","hors PNR","facile",1,13
931933,"privé - psg","hors PNR","difficile",7,25
979760,"publics - domaniales","dans PNR","facile",4,12
928073,"publis - communales","dans PNR","difficile",1,19
934707,"privé - sans psg","dans PNR","difficile",1,22
954925,"publis - communales","dans PNR","difficile",2,14
973602,"publis - communales","dans PNR","difficile",1,10
980990,"publis - communales","dans PNR","moyenne",3,14
962680,"publis - communales","hors PNR","difficile",1,16
907223,"privé - psg","dans PNR","facile",3,15
932122,"publis - communales","hors PNR","difficile",1,9
927412,"publis - communales","dans PNR","moyenne",3,19
970631,"publis - communales","dans PNR","difficile",2,24
904346,"privé - psg","dans PNR","moyenne",2,17
969959,"privé - psg","hors PNR","difficile",10,17
944075,"publics - domaniales","dans PNR","difficile",3,23
928625,"privé - sans psg","hors PNR","très facile",3,27
972185,"publics - domaniales","hors PNR","facile",1,17
936663,"publis - communales","hors PNR","difficile",1,5
949966,"privé - sans psg","hors PNR","facile",2,7
915382,"publis - communales","hors PNR","très facile",5,11
952411,"privé - sans psg","hors PNR","très facile",2,30
934252,"privé - sans psg","hors PNR","très facile",3,21
920231,"privé - sans psg","hors PNR","difficile",2,23
921816,"privé - sans psg","dans PNR","très facile",3,20
922694,"privé - sans psg","dans PNR","très facile",27,28
909408,"publis - communales","dans PNR","facile",5,16
955720,"privé - sans psg","dans PNR","moyenne",2,17
966090,"privé - sans psg","hors PNR","très facile",20,20
908694,"publics - domaniales","dans PNR","moyenne",2,15
905874,"privé - psg","dans PNR","facile",1,12
951847,"publics - domaniales","dans PNR","facile",2,14
911369,"privé - sans psg","dans PNR","moyenne",2,15
929413,"privé - psg","dans PNR","difficile",2,7
916119,"publis - communales","dans PNR","difficile",2,8
930434,"publics - domaniales","dans PNR","difficile",1,26
915581,"publics - domaniales","dans PNR","difficile",4,12
933452,"publis - communales","dans PNR","moyenne",2,15
976517,"publis - communales","dans PNR","difficile",2,7
1016922,"publis - communales","hors PNR","difficile",1,22
1004441,"privé - psg","hors PNR","difficile",1,18
1015163,"privé - psg","hors PNR","difficile",1,4
1015675,"publis - communales","dans PNR","facile",2,14
1007673,"publics - domaniales","dans PNR","facile",4,16
1020390,"publics - domaniales","dans PNR","difficile",5,14
1026624,"publics - domaniales","hors PNR","difficile",3,23
1019315,"publics - domaniales","dans PNR","difficile",6,17
1011362,"publics - domaniales","dans PNR","très facile",2,8
1022089,"publics - domaniales","dans PNR","facile",4,13
1010557,"publics - domaniales","hors PNR","moyenne",3,17
1019219,"publics - domaniales","dans PNR","difficile",4,13
1018347,"publis - communales","hors PNR","très facile",2,17
1019570,"publis - communales","hors PNR","difficile",1,7
1002291,"publis - communales","hors PNR","difficile",1,20
1014909,"publis - communales","hors PNR","difficile",2,7
1004393,"publics - domaniales","dans PNR","moyenne",1,12
1007784,"publis - communales","hors PNR","moyenne",1,10
1029885,"privé - psg","dans PNR","difficile",2,16
1027444,"privé - psg","dans PNR","difficile",2,16
1014202,"publis - communales","dans PNR","très facile",4,9
1013437,"publics - domaniales","hors PNR","facile",2,14
1011706,"publis - communales","dans PNR","difficile",3,16
1003728,"publis - communales","dans PNR","difficile",2,17
1012939,"privé - sans psg","dans PNR","difficile",6,19
1025853,"publis - communales","dans PNR","difficile",2,11
1002880,"privé - sans psg","dans PNR","difficile",8,20
1023208,"publis - communales","hors PNR","difficile",1,15
1016951,"publis - communales","dans PNR","moyenne",1,16
1001270,"publis - communales","dans PNR","difficile",2,15
1003381,"publis - communales","dans PNR","difficile",1,15
1022984,"privé - sans psg","dans PNR","difficile",9,9
1027293,"publics - domaniales","hors PNR","très facile",1,19
1012863,"publis - communales","hors PNR","difficile",3,16
1019327,"publics - domaniales","dans PNR","très facile",2,13
1005131,"publics - domaniales","hors PNR","difficile",1,13
1014172,"publics - domaniales","hors PNR","très facile",5,8
1018745,"publis - communales","hors PNR","difficile",4,16
1013821,"publis - communales","hors PNR","difficile",5,22
1012690,"publics - domaniales","dans PNR","très facile",1,21
1012770,"privé - sans psg","dans PNR","difficile",3,15
1013079,"privé - sans psg","dans PNR","facile",1,23
1002067,"privé - sans psg","dans PNR","très facile",1,6
1020983,"publis - communales","dans PNR","difficile",1,18
1014153,"publics - domaniales","dans PNR","facile",1,11
1027705,"privé - sans psg","dans PNR","difficile",1,23
1013343,"publis - communales","dans PNR","très facile",1,14
1014060,"publis - communales","dans PNR","difficile",2,16
1011174,"privé - sans psg","dans PNR","facile",3,9
1028229,"publis - communales","dans PNR","difficile",12,12
1018789,"privé - sans psg","dans PNR","difficile",1,2
1023809,"privé - psg","dans PNR","très facile",2,4
1018313,"publis - communales","dans PNR","moyenne",1,10
1130900,"publics - domaniales","hors PNR","facile",2,16
1108808,"publics - domaniales","hors PNR","très facile",1,11
1124238,"publics - domaniales","hors PNR","difficile",1,12
1109037,"publics - domaniales","hors PNR","facile",3,12
1119674,"publics - domaniales","hors PNR","difficile",2,7
1101666,"publics - domaniales","hors PNR","facile",6,13
1121382,"publics - domaniales","dans PNR","difficile",3,21
1119816,"publics - domaniales","hors PNR","difficile",1,23
1128984,"publics - domaniales","hors PNR","moyenne",1,13
1100749,"publics - domaniales","hors PNR","très facile",3,6
1107886,"privé - psg","dans PNR","très facile",1,11
1113312,"publics - domaniales","dans PNR","difficile",3,8
1109316,"privé - psg","dans PNR","facile",1,17
1126669,"publics - domaniales","hors PNR","difficile",5,28
1107655,"publics - domaniales","hors PNR","difficile",1,6
1127273,"publis - communales","dans PNR","moyenne",3,16
1101535,"publis - communales","hors PNR","difficile",1,12
1106347,"privé - sans psg","hors PNR","facile",4,4
1122436,"publics - domaniales","hors PNR","très facile",1,17
1126117,"privé - psg","dans PNR","difficile",2,11
1118347,"publics - domaniales","dans PNR","facile",3,18
1117883,"publis - communales","hors PNR","facile",1,11
1123727,"publis - communales","hors PNR","très facile",1,11
1116424,"publis - communales","hors PNR","très facile",1,8
1126521,"publics - domaniales","dans PNR","facile",3,17
1108588,"privé - sans psg","dans PNR","facile",3,18
1118098,"publis - communales","hors PNR","difficile",4,11
1101903,"publis - communales","dans PNR","difficile",2,13
1119165,"publics - domaniales","dans PNR","difficile",3,14
1111549,"publis - communales","dans PNR","difficile",2,19
1130629,"privé - psg","dans PNR","difficile",8,23
1107617,"publics - domaniales","dans PNR","facile",3,14
1102276,"publis - communales","dans PNR","difficile",4,18
1124541,"privé - sans psg","dans PNR","très facile",1,15
1111303,"publis - communales","dans PNR","facile",1,17
1125999,"publis - communales","hors PNR","très facile",5,10
1107947,"publics - domaniales","hors PNR","difficile",3,10
1129938,"publics - domaniales","hors PNR","facile",1,13
1130208,"privé - psg","hors PNR","difficile",5,15
1114070,"privé - sans psg","dans PNR","très facile",18,18
1121748,"publics - domaniales","dans PNR","difficile",12,16
1125070,"privé - sans psg","hors PNR","très facile",6,6
1121381,"privé - sans psg","dans PNR","moyenne",2,12
1119583,"publis - communales","dans PNR","facile",2,19
1112119,"publics - domaniales","dans PNR","facile",2,14
1113664,"publics - domaniales","dans PNR","difficile",1,7
1100910,"privé - psg","dans PNR","difficile",2,6
1214606,"privé - sans psg","hors PNR","très facile",1,13
1209076,"publics - domaniales","hors PNR","difficile",3,23
1208249,"privé - psg","hors PNR","difficile",2,14
1221397,"publis - communales","hors PNR","difficile",2,18
1225505,"publics - domaniales","hors PNR","facile",1,8
1229644,"publics - domaniales","dans PNR","très facile",1,1
1200389,"publics - domaniales","dans PNR","difficile",2,9
1230955,"publics - domaniales","dans PNR","difficile",2,17
1219282,"publics - domaniales","dans PNR","difficile",1,27
1228145,"publis - communales","dans PNR","difficile",2,11
1206469,"publics - domaniales","hors PNR","difficile",3,7
1206704,"privé - sans psg","dans PNR","difficile",2,6
1223528,"publis - communales","hors PNR","très facile",3,15
1204456,"privé - psg","hors PNR","difficile",6,26
1228177,"publics - domaniales","dans PNR","moyenne",1,18
1224483,"privé - psg","hors PNR","facile",4,16
1212777,"publis - communales","hors PNR","difficile",1,18
1212178,"privé - psg","hors PNR","moyenne",3,10
1211047,"publis - communales","hors PNR","très facile",2,17
1209852,"publis - communales","hors PNR","difficile",1,12
1220185,"publics - domaniales","hors PNR","difficile",1,28
1220096,"publis - communales","dans PNR","difficile",2,15
1227473,"publis - communales","dans PNR","difficile",2,22
1215497,"privé - sans psg","dans PNR","moyenne",5,10
1225890,"publis - communales","dans PNR","difficile",3,25
1201346,"publis - communales","dans PNR","très facile",1,16
1229192,"publis - communales","dans PNR","difficile",1,9
1202562,"privé - sans psg","dans PNR","facile",13,13
1214935,"privé - sans psg","dans PNR","facile",1,9
1220821,"privé - sans psg","hors PNR","difficile",8,18
1204463,"publis - communales","dans PNR","très facile",5,14
1206670,"publis - communales","hors PNR","difficile",2,16
1206552,"privé - sans psg","hors PNR","facile",12,14
1214517,"publics - domaniales","hors PNR","difficile",5,20
1202098,"publics - domaniales","hors PNR","difficile",2,15
1212832,"publis - communales","dans PNR","difficile",2,4
1200890,"publics - domaniales","dans PNR","très facile",18,20
1207279,"publis - communales","dans PNR","difficile",1,12
1210386,"publis - communales","dans PNR","difficile",1,13
1307133,"publis - communales","hors PNR","facile",4,5
1337217,"publics - domaniales","hors PNR","très facile",6,24
1348449,"publis - communales","hors PNR","facile",2,20
1346167,"privé - psg","hors PNR","très facile",4,15
1302966,"publics - domaniales","hors PNR","difficile",3,15
1343583,"privé - psg","hors PNR","très facile",1,16
1335906,"privé - sans psg","dans PNR","difficile",4,4
1329778,"publics - domaniales","dans PNR","facile",1,11
1336335,"privé - sans psg","hors PNR","difficile",3,9
1315073,"publics - domaniales","hors PNR","difficile",8,24
1354468,"publics - domaniales","hors PNR","très facile",1,19
1315741,"publics - domaniales","dans PNR","facile",1,10
1308077,"publics - domaniales","hors PNR","difficile",2,18
1319544,"publics - domaniales","hors PNR","difficile",1,17
1311166,"publics - domaniales","dans PNR","très facile",1,8
1348665,"publics - domaniales","dans PNR","difficile",12,19
1312695,"privé - sans psg","hors PNR","moyenne",14,14
1320826,"privé - psg","hors PNR","difficile",2,14
1305351,"publis - communales","hors PNR","difficile",10,10
1320151,"publis - communales","dans PNR","facile",1,16
1321987,"publis - communales","hors PNR","difficile",2,31
1303361,"privé - psg","hors PNR","facile",5,18
1322368,"publis - communales","hors PNR","difficile",1,14
1314258,"privé - psg","dans PNR","difficile",2,8
1327584,"publis - communales","dans PNR","difficile",6,29
1314922,"publis - communales","dans PNR","difficile",5,13
1334725,"publis - communales","dans PNR","difficile",1,12
1323721,"publis - communales","dans PNR","moyenne",4,15
1324582,"privé - sans psg","dans PNR","moyenne",1,3
1329440,"publics - domaniales","dans PNR","difficile",1,14
1330904,"publis - communales","hors PNR","facile",1,9
1331565,"privé - sans psg","dans PNR","très facile",1,6
1308924,"publis - communales","dans PNR","très facile",2,7
1308338,"publis - communales","dans PNR","facile",3,15
1327612,"publis - communales","dans PNR","très facile",6,14
1326445,"publis - communales","dans PNR","difficile",1,15
1338647,"privé - sans psg","dans PNR","facile",1,27
1347253,"privé - sans psg","hors PNR","très facile",37,37
1331452,"publics - domaniales","hors PNR","très facile",3,13
1323785,"publis - communales","dans PNR","difficile",16,17
1344432,"publics - domaniales","dans PNR","difficile",2,9
1336402,"privé - sans psg","dans PNR","difficile",1,20
1340801,"publis - communales","dans PNR","difficile",1,15
1351115,"privé - psg","dans PNR","facile",1,23
1411999,"privé - psg","hors PNR","difficile",1,8
1417271,"privé - psg","hors PNR","facile",4,7
1408312,"privé - psg","hors PNR","difficile",2,19
1430522,"publics - domaniales","hors PNR","facile",1,13
1425688,"publics - domaniales","dans PNR","difficile",1,12
1438333,"publics - domaniales","dans PNR","facile",1,15
1448955,"publics - domaniales","dans PNR","difficile",1,10
1414643,"privé - sans psg","dans PNR","facile",3,22
1403127,"publics - domaniales","dans PNR","moyenne",4,18
1433696,"publis - communales","dans PNR","moyenne",1,11
1413409,"publis - communales","dans PNR","moyenne",1,2
1423952,"publics - domaniales","hors PNR","facile",1,13
1453825,"publics - domaniales","hors PNR","moyenne",4,6
1402698,"publis - communales","hors PNR","très facile",1,11
1447259,"publis - communales","hors PNR","moyenne",2,19
1407816,"privé - psg","dans PNR","facile",7,20
1417360,"publics - domaniales","dans PNR","difficile",5,20
1438381,"privé - psg","hors PNR","difficile",3,18
1427852,"publics - domaniales","dans PNR","moyenne",1,11
1453896,"privé - psg","hors PNR","difficile",5,18
1438600,"publis - communales","hors PNR","moyenne",4,20
1441932,"publis - communales","dans PNR","difficile",1,14
1413263,"publics - domaniales","hors PNR","difficile",1,14
1445775,"publis - communales","dans PNR","difficile",1,21
1414442,"publis - communales","dans PNR","difficile",4,13
1418663,"publis - communales","dans PNR","difficile",2,13
1448682,"publis - communales","dans PNR","difficile",8,20
1406197,"publis - communales","dans PNR","facile",1,18
1417568,"publis - communales","dans PNR","difficile",3,7
1441090,"privé - sans psg","dans PNR","facile",21,21
1412055,"publics - domaniales","dans PNR","difficile",1,9
1452217,"privé - sans psg","dans PNR","moyenne",10,10
1419826,"publics - domaniales","hors PNR","moyenne",4,15
1435574,"publis - communales","hors PNR","très facile",2,27
1422282,"privé - sans psg","hors PNR","facile",15,16
1417690,"publis - communales","dans PNR","facile",1,15
1439890,"privé - sans psg","dans PNR","moyenne",1,22
1439806,"privé - sans psg","hors PNR","difficile",4,21
1447447,"publics - domaniales","dans PNR","difficile",3,16
1450172,"privé - psg","dans PNR","difficile",4,17
1448295,"publis - communales","dans PNR","difficile",1,12
1408079,"publis - communales","dans PNR","moyenne",1,8
1504902,"publis - communales","hors PNR","facile",1,16
1540648,"privé - psg","hors PNR","facile",3,15
1542884,"privé - psg","hors PNR","difficile",2,17
1512562,"privé - psg","dans PNR","facile",20,20
1503071,"publics - domaniales","dans PNR","moyenne",1,13
1531019,"publics - domaniales","hors PNR","difficile",6,10
1553414,"publics - domaniales","hors PNR","facile",1,18
1548418,"publics - domaniales","dans PNR","très facile",1,8
1514466,"publics - domaniales","hors PNR","facile",3,15
1531145,"publics - domaniales","hors PNR","difficile",1,9
1515573,"publics - domaniales","dans PNR","très facile",2,12
1537814,"privé - psg","dans PNR","facile",1,13
1548355,"publics - domaniales","dans PNR","facile",1,12
1515058,"publics - domaniales","hors PNR","facile",1,3
1542537,"publis - communales","hors PNR","difficile",1,9
1509541,"publics - domaniales","hors PNR","difficile",3,11
1505999,"publis - communales","hors PNR","facile",3,14
1537593,"publis - communales","hors PNR","difficile",1,20
1539027,"publics - domaniales","hors PNR","difficile",3,20
1513054,"privé - psg","dans PNR","très facile",4,21
1508491,"publics - domaniales","dans PNR","moyenne",2,15
1543256,"privé - psg","dans PNR","très facile",1,7
1515046,"privé - psg","hors PNR","difficile",1,6
1547392,"publis - communales","dans PNR","difficile",2,10
1546744,"privé - sans psg","hors PNR","difficile",1,23
1534275,"publis - communales","hors PNR","difficile",1,7
1541470,"publis - communales","dans PNR","difficile",2,26
1518868,"publis - communales","dans PNR","difficile",1,19
1518996,"publics - domaniales","dans PNR","facile",1,15
1539824,"publis - communales","dans PNR","difficile",1,22
1533085,"publis - communales","dans PNR","difficile",1,25
1530983,"privé - sans psg","dans PNR","très facile",1,11
1545542,"privé - sans psg","dans PNR","difficile",2,21
1520392,"publics - domaniales","dans PNR","difficile",1,6
1532650,"privé - sans psg","hors PNR","facile",1,14
1553374,"privé - sans psg","dans PNR","difficile",3,12
1553666,"publics - domaniales","dans PNR","difficile",4,17
1500261,"publics - domaniales","hors PNR","très facile",1,6
1511022,"publis - communales","hors PNR","facile",3,12
1502426,"privé - psg","hors PNR","facile",1,19
1516816,"publics - domaniales","hors PNR","difficile",1,23
1508224,"publics - domaniales","hors PNR","facile",3,12
1508159,"publics - domaniales","dans PNR","difficile",1,4
1514090,"privé - sans psg","dans PNR","difficile",13,13
1554664,"publics - domaniales","dans PNR","facile",6,16
1537902,"publis - communales","dans PNR","difficile",5,16
1550310,"publis - communales","dans PNR","difficile",4,25
1553093,"privé - sans psg","dans PNR","facile",6,14
574327,"publis - communales","hors PNR","facile",1,5
272470,"publics - domaniales","hors PNR",NA,1,11
655995,"publics - domaniales","hors PNR","moyenne",1,7
679350,"publics - domaniales","hors PNR","facile",3,8
262000,"publics - domaniales","hors PNR",NA,3,12
479037,"publics - domaniales","hors PNR","très facile",1,15
330737,"publics - domaniales","hors PNR","difficile",2,13
510746,"publics - domaniales","hors PNR","difficile",2,4
224543,"publics - domaniales","hors PNR",NA,1,13
604079,"publics - domaniales","hors PNR","difficile",2,13
567502,"publics - domaniales","hors PNR","difficile",2,8
568706,"privé - psg","hors PNR","difficile",2,8
106941,"privé - sans psg","hors PNR",NA,1,6
9355,"publics - domaniales","hors PNR",NA,2,14
43459,"publics - domaniales","hors PNR",NA,3,6
248482,"privé - psg","hors PNR",NA,3,11
615007,"privé - psg","hors PNR","facile",3,7
102357,"privé - psg","hors PNR",NA,1,10
34260,"privé - psg","hors PNR",NA,2,18
569731,"privé - psg","hors PNR","moyenne",1,4
304039,"privé - psg","hors PNR","facile",1,16
534865,"privé - psg","hors PNR","difficile",2,10
418181,"privé - psg","hors PNR","facile",1,9
582818,"privé - psg","hors PNR","très facile",6,22
651115,"publics - domaniales","hors PNR","difficile",3,12
508932,"publics - domaniales","hors PNR","difficile",3,5
279709,"publics - domaniales","hors PNR",NA,2,13
454019,"publics - domaniales","hors PNR","difficile",2,11
510040,"privé - sans psg","hors PNR","facile",2,16
546089,"privé - psg","hors PNR","facile",3,8
302684,"privé - psg","hors PNR","difficile",1,1
317125,"publics - domaniales","hors PNR","difficile",2,10
511167,"publics - domaniales","hors PNR","difficile",4,27
551677,"publics - domaniales","hors PNR","facile",1,8
257415,"publics - domaniales","hors PNR",NA,1,13
444665,"publics - domaniales","hors PNR","facile",3,7
202992,"publics - domaniales","hors PNR",NA,1,15
342926,"publics - domaniales","hors PNR","très facile",2,8
334504,"publics - domaniales","dans PNR","facile",7,20
228642,"publics - domaniales","hors PNR",NA,4,18
655422,"privé - sans psg","dans PNR","moyenne",3,8
244160,"publics - domaniales","dans PNR",NA,1,12
322314,"privé - sans psg","dans PNR","facile",1,11
258022,"publics - domaniales","dans PNR",NA,4,10
436944,"privé - sans psg","dans PNR","facile",3,20
342911,"publics - domaniales","dans PNR","très facile",3,14
471898,"publics - domaniales","dans PNR","moyenne",4,18
375013,"publics - domaniales","dans PNR","facile",3,14
632298,"publics - domaniales","dans PNR","très facile",7,16
241434,"publics - domaniales","dans PNR",NA,2,7
435557,"publics - domaniales","dans PNR","difficile",4,11
613719,"publics - domaniales","dans PNR","facile",2,8
237718,"publics - domaniales","dans PNR",NA,1,9
463707,"publics - domaniales","dans PNR","très facile",3,11
426661,"publics - domaniales","dans PNR","difficile",4,25
680722,"privé - sans psg","dans PNR","très facile",1,4
334612,"publics - domaniales","dans PNR","difficile",5,13
602120,"publics - domaniales","dans PNR","très facile",1,13
455612,"publics - domaniales","dans PNR","facile",2,12
312808,"privé - psg","dans PNR","difficile",2,11
270479,"privé - psg","dans PNR",NA,2,9
110408,"publics - domaniales","hors PNR",NA,2,4
5797,"privé - psg","hors PNR",NA,1,5
52931,"publics - domaniales","hors PNR",NA,4,14
152713,"publics - domaniales","hors PNR",NA,1,16
48801,"publics - domaniales","hors PNR",NA,3,8
14457,"publics - domaniales","hors PNR",NA,4,13
116291,"publics - domaniales","hors PNR",NA,5,5
103914,"publics - domaniales","hors PNR",NA,6,9
103193,"publics - domaniales","dans PNR",NA,2,5
112139,"privé - sans psg","dans PNR",NA,9,11
9175,"privé - psg","dans PNR",NA,6,12
5677,"publics - domaniales","dans PNR",NA,4,20
15400,"publics - domaniales","dans PNR",NA,4,10
146319,"publics - domaniales","dans PNR",NA,2,14
118286,"publics - domaniales","dans PNR",NA,1,15
37020,"publics - domaniales","dans PNR",NA,2,17
12385,"publics - domaniales","dans PNR",NA,2,14
331487,"publis - communales","hors PNR","facile",3,12
680843,"publics - domaniales","hors PNR","très facile",3,13
318027,"publics - domaniales","hors PNR","facile",3,10
444065,"publics - domaniales","hors PNR","facile",2,11
466889,"privé - psg","hors PNR","très facile",4,12
561323,"privé - sans psg","hors PNR","très facile",1,25
671681,"privé - sans psg","hors PNR","très facile",1,19
260044,"publics - domaniales","hors PNR",NA,1,6
542899,"publis - communales","hors PNR","difficile",2,7
654478,"publis - communales","hors PNR","difficile",2,21
460918,"publis - communales","hors PNR","difficile",1,2
249586,"publis - communales","hors PNR",NA,2,6
528510,"publis - communales","hors PNR","très facile",1,16
235199,"publis - communales","hors PNR",NA,2,10
461052,"publis - communales","hors PNR","difficile",2,11
543583,"publis - communales","hors PNR","facile",1,9
614549,"publis - communales","hors PNR","très facile",1,11
659556,"publis - communales","hors PNR","facile",3,23
510472,"publics - domaniales","hors PNR","très facile",3,21
433635,"publis - communales","hors PNR","difficile",6,23
582144,"publis - communales","hors PNR","difficile",1,14
665896,"publis - communales","hors PNR","très facile",3,18
229327,"publis - communales","hors PNR",NA,1,14
524010,"publics - domaniales","dans PNR","facile",3,19
677941,"publics - domaniales","hors PNR","difficile",1,19
510430,"publis - communales","hors PNR","difficile",3,16
540190,"publics - domaniales","hors PNR","facile",1,13
306992,"publics - domaniales","dans PNR","difficile",4,12
414557,"publics - domaniales","dans PNR","difficile",1,9
300912,"publis - communales","hors PNR","facile",1,8
446080,"publis - communales","hors PNR","difficile",6,22
248801,"publics - domaniales","hors PNR",NA,2,20
277492,"publis - communales","hors PNR",NA,1,11
435902,"publis - communales","hors PNR","facile",8,28
630021,"publics - domaniales","dans PNR","difficile",2,8
539313,"publics - domaniales","hors PNR","difficile",3,25
501041,"privé - psg","hors PNR","facile",2,11
251218,"publics - domaniales","dans PNR",NA,1,8
404318,"publics - domaniales","dans PNR","difficile",2,12
377388,"publis - communales","dans PNR","facile",4,7
440929,"publis - communales","hors PNR","très facile",4,22
658176,"publics - domaniales","dans PNR","très facile",1,10
660919,"privé - psg","dans PNR","très facile",1,8
632661,"publis - communales","hors PNR","difficile",8,22
533085,"publis - communales","hors PNR","moyenne",6,20
327032,"publics - domaniales","dans PNR","facile",1,7
243561,"publics - domaniales","dans PNR",NA,3,12
304838,"publis - communales","dans PNR","facile",1,8
425127,"publis - communales","hors PNR","facile",1,12
248568,"publis - communales","hors PNR",NA,3,12
534278,"publics - domaniales","dans PNR","très facile",5,6
652722,"publis - communales","dans PNR","difficile",1,8
540727,"privé - psg","hors PNR","difficile",1,10
379237,"privé - psg","hors PNR","facile",1,11
226945,"publis - communales","hors PNR",NA,1,4
315787,"privé - sans psg","hors PNR","moyenne",2,6
209950,"publis - communales","hors PNR",NA,2,11
514754,"publis - communales","hors PNR","moyenne",1,16
643100,"privé - psg","hors PNR","difficile",2,17
341402,"publics - domaniales","dans PNR","difficile",2,12
270876,"publics - domaniales","dans PNR",NA,5,13
405884,"privé - psg","hors PNR","difficile",2,10
336072,"publics - domaniales","hors PNR","difficile",2,11
446718,"publis - communales","dans PNR","facile",1,7
673522,"publis - communales","dans PNR","très facile",6,17
639589,"privé - psg","dans PNR","difficile",1,18
504177,"publis - communales","dans PNR","facile",4,21
415388,"privé - psg","dans PNR","difficile",2,13
514744,"privé - psg","dans PNR","difficile",3,8
557255,"privé - psg","dans PNR","moyenne",1,4
236120,"publis - communales","dans PNR",NA,1,4
478832,"privé - psg","dans PNR","difficile",1,8
464872,"publis - communales","dans PNR","très facile",1,12
209715,"publis - communales","dans PNR",NA,5,13
420047,"publis - communales","dans PNR","très facile",3,11
310407,"publis - communales","dans PNR","difficile",1,9
619264,"privé - sans psg","dans PNR","difficile",9,23
35455,"publics - domaniales","hors PNR",NA,1,1
145853,"publis - communales","hors PNR",NA,5,13
43678,"publis - communales","hors PNR",NA,1,13
20076,"publics - domaniales","hors PNR",NA,6,14
49636,"publis - communales","hors PNR",NA,3,10
28458,"publis - communales","hors PNR",NA,2,12
134630,"publis - communales","hors PNR",NA,1,11
118905,"privé - sans psg","hors PNR",NA,3,8
103776,"publis - communales","hors PNR",NA,1,9
580,"publics - domaniales","hors PNR",NA,1,9
150961,"publis - communales","hors PNR",NA,6,13
109714,"privé - sans psg","hors PNR",NA,1,14
110117,"privé - psg","dans PNR",NA,8,11
25508,"privé - psg","dans PNR",NA,4,18
137825,"publis - communales","hors PNR",NA,1,7
18226,"publics - domaniales","hors PNR",NA,1,21
140221,"publics - domaniales","hors PNR",NA,2,19
41318,"privé - psg","hors PNR",NA,6,6
140558,"publis - communales","hors PNR",NA,1,17
41481,"publis - communales","hors PNR",NA,2,14
108691,"publis - communales","hors PNR",NA,5,19
138037,"publics - domaniales","dans PNR",NA,2,11
51483,"publics - domaniales","dans PNR",NA,4,13
19360,"publics - domaniales","dans PNR",NA,3,10
29404,"publis - communales","hors PNR",NA,1,10
114276,"publis - communales","hors PNR",NA,2,2
54226,"privé - sans psg","dans PNR",NA,1,5
14611,"publics - domaniales","hors PNR",NA,2,11
116635,"privé - psg","hors PNR",NA,5,19
150723,"publics - domaniales","dans PNR",NA,4,11
54624,"publis - communales","hors PNR",NA,2,16
150871,"privé - psg","hors PNR",NA,4,11
51128,"publis - communales","hors PNR",NA,1,15
126100,"publics - domaniales","dans PNR",NA,2,14
111199,"publics - domaniales","dans PNR",NA,3,17
24355,"privé - psg","dans PNR",NA,3,13
7899,"publics - domaniales","dans PNR",NA,4,8
139346,"publis - communales","dans PNR",NA,1,10
123035,"publics - domaniales","dans PNR",NA,3,21
32917,"publis - communales","dans PNR",NA,3,20
142629,"privé - psg","dans PNR",NA,2,7
12716,"publics - domaniales","dans PNR",NA,3,15
144247,"publis - communales","dans PNR",NA,7,14
44982,"publis - communales","dans PNR",NA,10,21
279232,"publics - domaniales","hors PNR",NA,7,20
438245,"publics - domaniales","hors PNR","difficile",4,22
638219,"publics - domaniales","hors PNR","très facile",1,4
222239,"publics - domaniales","hors PNR",NA,7,8
533853,"publis - communales","hors PNR","facile",8,16
47371,"publis - communales","hors PNR",NA,6,15
608174,"privé - sans psg","dans PNR","très facile",3,3
465014,"publis - communales","dans PNR","difficile",1,12
421531,"publis - communales","dans PNR","difficile",1,11
101430,"publis - communales","dans PNR",NA,5,17
273157,"publis - communales","dans PNR",NA,1,5
574449,"publis - communales","dans PNR","difficile",2,13
449381,"publics - domaniales","dans PNR","difficile",2,21
315340,"publis - communales","dans PNR","difficile",3,12
500865,"publis - communales","dans PNR","difficile",1,27
436333,"publis - communales","dans PNR","difficile",5,24
411910,"publis - communales","dans PNR","difficile",1,19
401941,"publis - communales","dans PNR","difficile",5,28
358930,"publics - domaniales","dans PNR","difficile",5,19
638117,"publis - communales","dans PNR","facile",15,24
226335,"publis - communales","dans PNR",NA,6,19
217996,"publis - communales","dans PNR",NA,2,8
340088,"publis - communales","dans PNR","difficile",1,13
660444,"publics - domaniales","dans PNR","très facile",2,8
248745,"publis - communales","dans PNR",NA,4,14
480200,"privé - sans psg","dans PNR","difficile",5,20
339531,"publis - communales","dans PNR","facile",3,10
217900,"publics - domaniales","dans PNR",NA,4,6
306363,"publis - communales","hors PNR","difficile",1,18
271491,"publis - communales","dans PNR",NA,1,11
527431,"publis - communales","dans PNR","difficile",4,13
648050,"publis - communales","dans PNR","très facile",1,21
274894,"publis - communales","dans PNR",NA,1,10
456198,"publis - communales","dans PNR","difficile",1,13
254397,"publis - communales","dans PNR",NA,4,11
357501,"publis - communales","dans PNR","difficile",1,10
349016,"publis - communales","dans PNR","difficile",4,17
632544,"publics - domaniales","dans PNR","difficile",1,14
331695,"publis - communales","dans PNR","difficile",3,15
244648,"publics - domaniales","dans PNR",NA,7,19
303709,"publis - communales","dans PNR","difficile",9,13
235171,"publis - communales","dans PNR",NA,4,11
632921,"publis - communales","dans PNR","très facile",4,17
577201,"publis - communales","dans PNR","facile",2,15
667596,"publis - communales","dans PNR","facile",1,10
205812,"privé - sans psg","dans PNR",NA,14,19
226604,"publics - domaniales","dans PNR",NA,5,16
362776,"publis - communales","dans PNR","difficile",1,11
675163,"publis - communales","dans PNR","difficile",4,15
252076,"publis - communales","dans PNR",NA,2,16
319498,"publics - domaniales","dans PNR","difficile",2,10
225972,"publis - communales","dans PNR",NA,3,12
563205,"publis - communales","hors PNR","difficile",4,26
675964,"publis - communales","dans PNR","difficile",8,15
237298,"publis - communales","dans PNR",NA,3,21
213687,"publis - communales","dans PNR",NA,2,13
544976,"publics - domaniales","dans PNR","facile",2,12
461109,"publis - communales","dans PNR","difficile",2,19
467612,"publis - communales","dans PNR","difficile",3,20
200164,"publis - communales","dans PNR",NA,4,15
114071,"publis - communales","dans PNR",NA,3,14
37956,"publis - communales","dans PNR",NA,1,13
129296,"privé - sans psg","dans PNR",NA,10,17
3510,"publis - communales","dans PNR",NA,1,13
47815,"publis - communales","dans PNR",NA,3,8
148690,"publis - communales","dans PNR",NA,2,24
12368,"publis - communales","dans PNR",NA,4,11
146658,"publis - communales","dans PNR",NA,1,16
120443,"publics - domaniales","dans PNR",NA,3,12
50773,"publis - communales","dans PNR",NA,2,13
111745,"privé - sans psg","dans PNR",NA,1,2
131424,"publis - communales","dans PNR",NA,7,21
41278,"publis - communales","dans PNR",NA,8,18
145863,"publis - communales","dans PNR",NA,2,12
34595,"publis - communales","dans PNR",NA,2,11
124957,"publis - communales","dans PNR",NA,1,9
19899,"publics - domaniales","dans PNR",NA,3,19
30984,"publis - communales","dans PNR",NA,1,20
42624,"publis - communales","hors PNR",NA,1,20
142026,"publis - communales","hors PNR",NA,1,12
142632,"publis - communales","dans PNR",NA,2,12
20335,"publis - communales","dans PNR",NA,7,18
44942,"publis - communales","dans PNR",NA,2,11
21148,"publis - communales","dans PNR",NA,3,16
139689,"publis - communales","dans PNR",NA,2,21
244713,"publis - communales","dans PNR",NA,3,9
634420,"publis - communales","dans PNR","difficile",3,16
257049,"privé - sans psg","dans PNR",NA,13,16
347128,"privé - sans psg","dans PNR","difficile",10,15
570443,"privé - sans psg","dans PNR","très facile",10,26
654458,"privé - sans psg","dans PNR","très facile",15,15
323258,"privé - sans psg","dans PNR","difficile",1,15
672386,"privé - sans psg","dans PNR","très facile",1,14
327554,"publis - communales","dans PNR","difficile",4,8
547071,"privé - sans psg","dans PNR","difficile",1,10
228257,"publics - domaniales","dans PNR",NA,2,8
372681,"publics - domaniales","dans PNR","difficile",4,22
529106,"publis - communales","dans PNR","difficile",1,9
17009,"privé - sans psg","dans PNR",NA,1,14
20155,"privé - sans psg","dans PNR",NA,9,10
137464,"privé - psg","dans PNR",NA,5,23
617102,"publis - communales","hors PNR","très facile",1,20
671465,"publics - domaniales","hors PNR","très facile",1,19
277326,"publis - communales","hors PNR",NA,1,14
453309,"publics - domaniales","hors PNR","difficile",2,16
340190,"publics - domaniales","hors PNR","facile",4,13
212027,"publics - domaniales","hors PNR",NA,5,13
443072,"publics - domaniales","hors PNR","difficile",1,14
225707,"publics - domaniales","hors PNR",NA,2,10
333760,"publis - communales","hors PNR","très facile",2,12
16199,"privé - sans psg","hors PNR",NA,2,6
48253,"privé - sans psg","hors PNR",NA,2,7
38131,"publics - domaniales","hors PNR",NA,1,17
21947,"publics - domaniales","hors PNR",NA,1,3
355655,"privé - sans psg","dans PNR","difficile",7,10
580417,"publics - domaniales","hors PNR","facile",1,10
215922,"publis - communales","hors PNR",NA,1,15
201096,"publics - domaniales","dans PNR",NA,1,16
444965,"publis - communales","dans PNR","difficile",1,13
300576,"publis - communales","dans PNR","difficile",1,6
266298,"publis - communales","hors PNR",NA,1,8
223543,"publis - communales","hors PNR",NA,2,8
358818,"publics - domaniales","hors PNR","difficile",1,6
236742,"privé - sans psg","dans PNR",NA,1,17
305323,"publis - communales","hors PNR","difficile",1,12
268706,"publis - communales","dans PNR",NA,2,13
518026,"privé - sans psg","hors PNR","difficile",1,17
472529,"publis - communales","hors PNR","très facile",3,16
426712,"publis - communales","hors PNR","facile",3,16
278879,"publis - communales","hors PNR",NA,2,12
503907,"publis - communales","hors PNR","facile",3,16
662081,"publics - domaniales","hors PNR","facile",1,15
582896,"privé - sans psg","hors PNR","très facile",1,14
268734,"privé - sans psg","hors PNR",NA,1,2
454958,"publics - domaniales","hors PNR","très facile",4,11
614196,"publis - communales","hors PNR","facile",1,5
600767,"publis - communales","hors PNR","facile",5,9
215515,"publis - communales","hors PNR",NA,1,13
435346,"privé - psg","hors PNR","facile",3,33
201930,"privé - sans psg","dans PNR",NA,3,18
441923,"publis - communales","dans PNR","facile",1,20
200985,"publics - domaniales","dans PNR",NA,7,19
543553,"privé - sans psg","dans PNR","facile",1,13
635361,"privé - sans psg","dans PNR","facile",29,29
571822,"privé - sans psg","dans PNR","facile",8,12
458278,"privé - sans psg","dans PNR","difficile",1,5
644451,"privé - sans psg","dans PNR","moyenne",11,11
430925,"publics - domaniales","hors PNR","difficile",3,19
355437,"privé - psg","hors PNR","facile",3,12
221574,"publis - communales","hors PNR",NA,1,15
248440,"privé - sans psg","dans PNR",NA,3,16
453166,"privé - sans psg","dans PNR","difficile",5,19
438609,"publics - domaniales","dans PNR","facile",1,19
219404,"publis - communales","dans PNR",NA,1,8
556742,"publis - communales","hors PNR","difficile",3,22
652671,"publics - domaniales","dans PNR","très facile",2,18
619651,"publis - communales","dans PNR","très facile",1,23
626905,"publics - domaniales","dans PNR","très facile",2,23
326896,"publics - domaniales","dans PNR","difficile",1,15
266937,"publis - communales","dans PNR",NA,3,17
304027,"publis - communales","dans PNR","moyenne",2,16
524810,"publis - communales","hors PNR","difficile",3,13
523971,"publics - domaniales","dans PNR","facile",3,15
556396,"publis - communales","dans PNR","difficile",1,16
272228,"publis - communales","dans PNR",NA,13,18
372220,"publis - communales","dans PNR","facile",2,14
609956,"publics - domaniales","dans PNR","très facile",2,7
245284,"privé - sans psg","hors PNR",NA,1,12
417962,"publis - communales","dans PNR","difficile",2,4
224731,"publics - domaniales","dans PNR",NA,1,14
510416,"publics - domaniales","dans PNR","moyenne",2,14
406503,"privé - sans psg","hors PNR","très facile",2,16
471189,"publis - communales","dans PNR","facile",4,21
366599,"publis - communales","dans PNR","difficile",1,12
515037,"publics - domaniales","dans PNR","facile",1,13
49112,"privé - sans psg","hors PNR",NA,4,10
100641,"publics - domaniales","hors PNR",NA,2,26
30224,"publis - communales","dans PNR",NA,5,14
108763,"publis - communales","hors PNR",NA,2,7
9714,"privé - sans psg","dans PNR",NA,9,34
38197,"publis - communales","dans PNR",NA,1,19
125661,"publis - communales","dans PNR",NA,1,15
129951,"publis - communales","hors PNR",NA,7,8
48858,"privé - sans psg","dans PNR",NA,6,13
39517,"publics - domaniales","hors PNR",NA,1,4
144987,"publics - domaniales","hors PNR",NA,3,17
14475,"publis - communales","dans PNR",NA,1,16
114711,"publics - domaniales","dans PNR",NA,1,15
39637,"publics - domaniales","dans PNR",NA,4,23
102466,"publis - communales","dans PNR",NA,3,18
25113,"publis - communales","dans PNR",NA,2,9
13389,"publics - domaniales","dans PNR",NA,2,12
42131,"publics - domaniales","dans PNR",NA,1,17
104408,"publics - domaniales","dans PNR",NA,1,9
35110,"privé - sans psg","hors PNR",NA,1,7
138610,"publics - domaniales","dans PNR",NA,2,17
28245,"publis - communales","dans PNR",NA,4,18
110712,"publics - domaniales","dans PNR",NA,1,16
335466,"publics - domaniales","hors PNR","difficile",1,17
541495,"privé - sans psg","hors PNR","difficile",4,19
417532,"privé - sans psg","hors PNR","très facile",3,15
304019,"publis - communales","hors PNR","moyenne",1,4
649958,"publics - domaniales","hors PNR","difficile",4,18
518719,"publics - domaniales","hors PNR","difficile",3,12
416020,"publics - domaniales","hors PNR","difficile",1,7
217335,"publis - communales","hors PNR",NA,1,6
574401,"publics - domaniales","hors PNR","difficile",1,15
516376,"privé - sans psg","hors PNR","facile",5,18
8613,"publics - domaniales","hors PNR",NA,2,14
105024,"publics - domaniales","hors PNR",NA,1,4
2364,"privé - psg","hors PNR",NA,2,9
139138,"privé - sans psg","dans PNR",NA,22,25
421651,"publis - communales","dans PNR","difficile",1,15
234699,"publics - domaniales","dans PNR",NA,3,12
249272,"privé - sans psg","dans PNR",NA,3,14
429431,"privé - sans psg","dans PNR","difficile",13,18
356608,"publis - communales","dans PNR","facile",1,18
371349,"publis - communales","dans PNR","facile",4,20
665243,"privé - psg","dans PNR","difficile",5,18
311184,"publis - communales","dans PNR","difficile",1,14
318761,"publis - communales","dans PNR","difficile",4,8
219405,"publics - domaniales","dans PNR",NA,1,20
147787,"publics - domaniales","dans PNR",NA,6,19
121219,"publis - communales","hors PNR",NA,1,14
124429,"privé - sans psg","dans PNR",NA,12,20
117748,"publis - communales","dans PNR",NA,2,8
126091,"privé - psg","dans PNR",NA,1,11
356480,"privé - psg","dans PNR","difficile",1,10
677367,"publics - domaniales","dans PNR","difficile",3,17
256000,"publis - communales","dans PNR",NA,6,14
510841,"privé - psg","dans PNR","difficile",2,10
349754,"privé - psg","dans PNR","difficile",2,19
3470,"publis - communales","dans PNR",NA,1,7
1410469,"privé - sans psg","hors PNR","moyenne",0,14
706866,"privé - psg","hors PNR","facile",0,16
35502,"publics - domaniales","dans PNR",NA,0,11
1303474,"publis - communales","hors PNR","difficile",0,15
919999,"privé - sans psg","hors PNR","moyenne",0,17
1305520,"publis - communales","hors PNR","facile",0,9
1201912,"publis - communales","hors PNR","facile",0,18
1505441,"publics - domaniales","dans PNR","difficile",0,19
255274,"publics - domaniales","dans PNR",NA,0,11
816202,"publics - domaniales","hors PNR","très facile",0,7
1714651,"privé - psg","hors PNR","difficile",0,15
1741188,"privé - sans psg","dans PNR","moyenne",0,17
1635724,"publics - domaniales","dans PNR","très facile",0,8
759671,"privé - sans psg","dans PNR","facile",0,23
1019509,"publics - domaniales","dans PNR","difficile",0,5
1916188,"publics - domaniales","dans PNR","facile",0,20
1550605,"publis - communales","dans PNR","moyenne",0,17
1814496,"privé - sans psg","dans PNR","très facile",0,5
503146,"privé - sans psg","dans PNR","très facile",0,14
1935541,"publics - domaniales","hors PNR","difficile",0,4
453183,"privé - sans psg","hors PNR","moyenne",0,17
1539364,"privé - psg","dans PNR","difficile",0,13
1817530,"publis - communales","hors PNR","difficile",0,17
809266,"privé - psg","hors PNR","très facile",0,19
1028374,"privé - sans psg","hors PNR","facile",0,17
359745,"publics - domaniales","dans PNR","moyenne",0,12
868366,"privé - sans psg","dans PNR","facile",0,34
917298,"privé - sans psg","hors PNR","très facile",0,43
1316099,"publis - communales","dans PNR","difficile",0,14
271589,"publis - communales","hors PNR",NA,0,11
372601,"publis - communales","dans PNR","difficile",0,9
1430253,"publis - communales","dans PNR","moyenne",0,10
9491,"publis - communales","hors PNR",NA,0,16
611320,"publics - domaniales","hors PNR","difficile",0,8
1222197,"privé - sans psg","hors PNR","facile",0,25
1403774,"privé - sans psg","dans PNR","difficile",0,13
422718,"privé - psg","dans PNR","difficile",0,8
1630045,"privé - psg","hors PNR","très facile",0,17
1404894,"publis - communales","hors PNR","difficile",0,14
2046433,"publis - communales","dans PNR","facile",0,10
856732,"privé - sans psg","dans PNR","facile",0,20
649287,"publis - communales","hors PNR","difficile",0,13
559391,"publis - communales","dans PNR","facile",0,13
11142,"privé - psg","dans PNR",NA,0,8
1910033,"publics - domaniales","dans PNR","facile",0,7
1714193,"privé - sans psg","hors PNR","facile",0,28
536455,"privé - sans psg","dans PNR","moyenne",0,20
1306829,"privé - psg","dans PNR","difficile",0,14
928263,"publis - communales","hors PNR","très facile",0,11
542373,"publics - domaniales","hors PNR","difficile",0,11
467230,"privé - sans psg","dans PNR","très facile",0,3
1844674,"privé - psg","dans PNR","très facile",0,12
1620958,"privé - sans psg","hors PNR","très facile",0,21
957100,"privé - psg","hors PNR","difficile",0,11
1314570,"privé - sans psg","hors PNR","facile",0,7
2022611,"publics - domaniales","dans PNR","difficile",0,13
206854,"publics - domaniales","hors PNR",NA,0,9
1208104,"publis - communales","dans PNR","difficile",0,18
253835,"privé - sans psg","dans PNR",NA,0,2
1902247,"privé - sans psg","dans PNR","difficile",0,23
2012026,"publis - communales","dans PNR","difficile",0,17
1907275,"publics - domaniales","hors PNR","difficile",0,12
1700718,"publics - domaniales","dans PNR","difficile",0,13
818571,"privé - sans psg","dans PNR","facile",0,17
238561,"publics - domaniales","dans PNR",NA,0,13
365947,"publics - domaniales","hors PNR","moyenne",0,13
361414,"privé - sans psg","dans PNR","moyenne",0,16
43606,"privé - sans psg","dans PNR",NA,0,10
871394,"publis - communales","dans PNR","difficile",0,15
1416613,"privé - psg","dans PNR","moyenne",0,8
1846483,"privé - sans psg","hors PNR","moyenne",0,7
1342122,"privé - sans psg","dans PNR","facile",0,9
337309,"publis - communales","dans PNR","difficile",0,15
212973,"publis - communales","hors PNR",NA,0,14
1639648,"privé - psg","dans PNR","difficile",0,19
1328241,"publics - domaniales","hors PNR","facile",0,8
1754680,"publics - domaniales","hors PNR","difficile",0,12
1521216,"privé - sans psg","dans PNR","facile",0,7
671084,"privé - psg","hors PNR","très facile",0,19
1128655,"publics - domaniales","hors PNR","difficile",0,7
1807925,"publis - communales","hors PNR","difficile",0,8
1647222,"privé - sans psg","dans PNR","facile",0,14
236925,"publis - communales","hors PNR",NA,0,7
717236,"publis - communales","hors PNR","très facile",0,10
1225433,"publics - domaniales","hors PNR","facile",0,21
378505,"publics - domaniales","hors PNR","difficile",0,13
2019021,"privé - sans psg","dans PNR","difficile",0,12
47686,"privé - sans psg","dans PNR",NA,0,11
365990,"privé - psg","dans PNR","difficile",0,12
583916,"privé - sans psg","dans PNR","facile",0,8
1812741,"publis - communales","hors PNR","difficile",0,16
459094,"publis - communales","hors PNR","facile",0,18
936500,"publis - communales","hors PNR","facile",0,8
1807617,"publics - domaniales","dans PNR","difficile",0,7
124854,"publics - domaniales","dans PNR",NA,0,17
961467,"privé - sans psg","hors PNR","très facile",0,2
1500503,"publics - domaniales","hors PNR","difficile",0,21
744546,"publis - communales","hors PNR","très facile",0,16
1208849,"publics - domaniales","hors PNR","difficile",0,14
1350260,"publis - communales","hors PNR","difficile",0,11
848930,"privé - sans psg","dans PNR","difficile",0,10
750358,"publis - communales","hors PNR","facile",0,9
1502288,"publis - communales","hors PNR","très facile",0,18
376841,"publics - domaniales","dans PNR","difficile",0,8
1618252,"publics - domaniales","dans PNR","difficile",0,20
206732,"privé - sans psg","hors PNR",NA,0,16
263901,"privé - psg","dans PNR",NA,0,10
1333038,"publis - communales","hors PNR","très facile",0,14
576028,"publis - communales","hors PNR","très facile",0,23
1323304,"publis - communales","hors PNR","difficile",0,18
608069,"privé - sans psg","hors PNR","facile",0,1
1928736,"publics - domaniales","hors PNR","difficile",0,8
1130895,"publis - communales","dans PNR","facile",0,24
1313311,"publics - domaniales","hors PNR","facile",0,25
1727190,"privé - sans psg","dans PNR","difficile",0,9
671632,"privé - sans psg","dans PNR","très facile",0,1
917299,"publics - domaniales","hors PNR","facile",0,16
264278,"publics - domaniales","hors PNR",NA,0,6
13224,"publis - communales","dans PNR",NA,0,10
962621,"publis - communales","hors PNR","facile",0,24
131096,"privé - psg","dans PNR",NA,0,7
2025019,"publics - domaniales","dans PNR","facile",0,26
1311818,"privé - sans psg","dans PNR","très facile",0,8
431746,"publis - communales","dans PNR","facile",0,12
1811732,"publics - domaniales","hors PNR","très facile",0,9
241500,"privé - sans psg","dans PNR",NA,0,14
760222,"privé - sans psg","dans PNR","difficile",0,14
453210,"publis - communales","dans PNR","difficile",0,15
667191,"publis - communales","dans PNR","facile",0,11
1628955,"publis - communales","hors PNR","très facile",0,29
113438,"publis - communales","dans PNR",NA,0,12
54169,"publis - communales","hors PNR",NA,0,9
929537,"publics - domaniales","dans PNR","difficile",0,8
413898,"publics - domaniales","hors PNR","difficile",0,15
9999,"publis - communales","dans PNR",NA,0,6
1103425,"privé - sans psg","dans PNR","facile",0,13
1309328,"privé - sans psg","dans PNR","difficile",0,13
610491,"publis - communales","dans PNR","très facile",0,17
151108,"publis - communales","dans PNR",NA,0,11
41381,"privé - sans psg","hors PNR",NA,0,12
1012467,"publis - communales","dans PNR","facile",0,18
701467,"privé - sans psg","hors PNR","facile",0,8
847052,"privé - sans psg","dans PNR","facile",0,9
1735402,"publics - domaniales","hors PNR","très facile",0,4
39171,"privé - sans psg","hors PNR",NA,0,11
827482,"publis - communales","dans PNR","facile",0,4
2020483,"publics - domaniales","hors PNR","facile",0,12
1832416,"publis - communales","hors PNR","difficile",0,10
1943352,"publics - domaniales","dans PNR","difficile",0,15
854075,"publis - communales","hors PNR","difficile",0,16
1636476,"publis - communales","hors PNR","difficile",0,11
2015025,"privé - psg","dans PNR","difficile",0,4
647253,"publics - domaniales","dans PNR","difficile",0,6
1737626,"privé - sans psg","dans PNR","difficile",0,30
344731,"publics - domaniales","hors PNR","difficile",0,15
1837529,"privé - sans psg","dans PNR","difficile",0,14
1344900,"publis - communales","dans PNR","moyenne",0,18
426983,"privé - psg","hors PNR","très facile",0,3
1519006,"privé - sans psg","hors PNR","facile",0,17
108165,"publics - domaniales","hors PNR",NA,0,16
1947666,"privé - sans psg","dans PNR","moyenne",0,12
377440,"publis - communales","dans PNR","difficile",0,6
1907738,"publis - communales","dans PNR","moyenne",0,8
404210,"publis - communales","dans PNR","moyenne",0,8
1653745,"privé - sans psg","dans PNR","difficile",0,5
344272,"privé - sans psg","dans PNR","très facile",0,11
146954,"publis - communales","dans PNR",NA,0,9
730551,"privé - sans psg","dans PNR","très facile",0,21
901988,"publics - domaniales","hors PNR","difficile",0,22
1204560,"privé - sans psg","hors PNR","facile",0,8
1125527,"publis - communales","dans PNR","difficile",0,14
178,"publis - communales","hors PNR",NA,0,18
1452445,"publis - communales","hors PNR","très facile",0,17
1230582,"publis - communales","dans PNR","difficile",0,16
1850226,"privé - sans psg","dans PNR","difficile",0,7
1924747,"publis - communales","hors PNR","facile",0,17
551926,"privé - sans psg","dans PNR","difficile",0,18
405833,"publics - domaniales","dans PNR","difficile",0,11
1009648,"publics - domaniales","dans PNR","difficile",0,5
144874,"publis - communales","dans PNR",NA,0,12
1531703,"publis - communales","dans PNR","très facile",0,5
1119252,"privé - sans psg","hors PNR","difficile",0,17
640611,"privé - sans psg","hors PNR","facile",0,9
2028999,"privé - psg","dans PNR","facile",0,8
583138,"privé - sans psg","hors PNR","difficile",0,26
332524,"privé - sans psg","hors PNR","très facile",0,13
1603646,"publis - communales","hors PNR","facile",0,13
1019630,"publis - communales","hors PNR","difficile",0,12
1229021,"publics - domaniales","hors PNR","facile",0,18
1517347,"publics - domaniales","hors PNR","difficile",0,8
618966,"publics - domaniales","hors PNR","facile",0,10
318116,"publics - domaniales","dans PNR","facile",0,9
741091,"publis - communales","dans PNR","difficile",0,13
1510745,"publics - domaniales","hors PNR","très facile",0,11
1916495,"publics - domaniales","hors PNR","facile",0,24
428421,"publis - communales","hors PNR","difficile",0,5
2032247,"publics - domaniales","dans PNR","difficile",0,18
2021081,"privé - sans psg","dans PNR","difficile",0,17
1708571,"privé - sans psg","dans PNR","difficile",0,18
770428,"publis - communales","dans PNR","difficile",0,8
263943,"publics - domaniales","hors PNR",NA,0,5
1731481,"publis - communales","dans PNR","difficile",0,10
864263,"publis - communales","hors PNR","difficile",0,17
1124512,"privé - sans psg","dans PNR","difficile",0,14
1541681,"privé - psg","hors PNR","difficile",0,13
305055,"publics - domaniales","hors PNR","difficile",0,9
1217321,"privé - sans psg","dans PNR","facile",0,18
1722202,"publics - domaniales","hors PNR","facile",0,5
1630461,"privé - sans psg","dans PNR","difficile",0,9
140603,"privé - sans psg","dans PNR",NA,0,12
221309,"privé - psg","dans PNR",NA,0,8
1538302,"privé - sans psg","dans PNR","très facile",0,11
1629253,"publis - communales","dans PNR","difficile",0,13
1224854,"publis - communales","dans PNR","facile",0,16
1031151,"publics - domaniales","hors PNR","moyenne",0,12
1210228,"publics - domaniales","hors PNR","difficile",0,14
740622,"publis - communales","hors PNR","très facile",0,9
1308833,"privé - psg","hors PNR","moyenne",0,14
2050122,"publics - domaniales","hors PNR","difficile",0,15
50790,"publics - domaniales","dans PNR",NA,0,8
442848,"publis - communales","dans PNR","difficile",0,20
617409,"publis - communales","dans PNR","très facile",0,10
1400047,"publics - domaniales","dans PNR","très facile",0,10
676297,"publics - domaniales","hors PNR","très facile",0,4
1816710,"publis - communales","dans PNR","facile",0,21
844138,"publis - communales","dans PNR","difficile",0,12
1951466,"publics - domaniales","hors PNR","facile",0,20
274621,"publis - communales","dans PNR",NA,0,17
1222022,"publics - domaniales","dans PNR","difficile",0,19
639420,"publics - domaniales","dans PNR","très facile",0,11
1613685,"publis - communales","hors PNR","difficile",0,11
1340763,"publis - communales","dans PNR","difficile",0,15
1211439,"publics - domaniales","hors PNR","moyenne",0,13
1713573,"publis - communales","hors PNR","difficile",0,22
1846675,"publis - communales","hors PNR","difficile",0,27
618872,"privé - sans psg","hors PNR","difficile",0,23
1940819,"publics - domaniales","dans PNR","difficile",0,14
714754,"publics - domaniales","dans PNR","très facile",0,29
1830788,"publis - communales","dans PNR","moyenne",0,14
133605,"publics - domaniales","dans PNR",NA,0,19
927045,"privé - sans psg","dans PNR","facile",0,6
2040314,"publics - domaniales","hors PNR","moyenne",0,18
908315,"privé - sans psg","dans PNR","très facile",0,19
1852120,"publis - communales","hors PNR","très facile",0,27
325229,"publis - communales","dans PNR","difficile",0,10
1616980,"publis - communales","dans PNR","facile",0,12
1421515,"privé - sans psg","dans PNR","très facile",0,4
960176,"publics - domaniales","dans PNR","très facile",0,19
1644692,"privé - sans psg","hors PNR","très facile",0,7
1204457,"publis - communales","hors PNR","difficile",0,19
1941581,"publis - communales","dans PNR","difficile",0,30
1850490,"publics - domaniales","hors PNR","difficile",0,20
828424,"privé - sans psg","dans PNR","très facile",0,31
1918534,"publics - domaniales","dans PNR","difficile",0,23
1729404,"privé - sans psg","hors PNR","facile",0,13
1706048,"publis - communales","dans PNR","très facile",0,19
1338358,"privé - sans psg","hors PNR","très facile",0,4
1946407,"publics - domaniales","dans PNR","difficile",0,17
2037334,"privé - psg","dans PNR","très facile",0,6
746142,"publis - communales","dans PNR","difficile",0,15
932543,"publis - communales","dans PNR","difficile",0,19
533323,"publics - domaniales","hors PNR","facile",0,3
1214862,"publics - domaniales","hors PNR","moyenne",0,19
1633415,"publics - domaniales","hors PNR","difficile",0,19
1614236,"privé - sans psg","hors PNR","très facile",0,9
928996,"publis - communales","dans PNR","difficile",0,17
3930,"privé - sans psg","hors PNR",NA,0,10
1313199,"privé - psg","hors PNR","difficile",0,14
669886,"publis - communales","dans PNR","difficile",0,17
129304,"privé - sans psg","dans PNR",NA,0,10
380621,"privé - sans psg","hors PNR","facile",0,5
1807894,"publis - communales","dans PNR","difficile",0,13
977507,"publics - domaniales","dans PNR","difficile",0,11
1814206,"publics - domaniales","dans PNR","difficile",0,23
1312660,"privé - psg","dans PNR","difficile",0,10
662223,"privé - psg","dans PNR","moyenne",0,27
32226,"privé - sans psg","dans PNR",NA,0,8
1324464,"privé - sans psg","dans PNR","difficile",0,11
16571,"privé - psg","hors PNR",NA,0,13
101623,"publics - domaniales","dans PNR",NA,0,12
749736,"publis - communales","dans PNR","difficile",0,13
1437305,"publis - communales","dans PNR","difficile",0,14
125937,"privé - sans psg","dans PNR",NA,0,17
1602295,"privé - sans psg","hors PNR","très facile",0,1
1641054,"publis - communales","hors PNR","moyenne",0,19
1020033,"publis - communales","dans PNR","difficile",0,19
924014,"publis - communales","hors PNR","moyenne",0,26
1021355,"publics - domaniales","dans PNR","très facile",0,13
1208212,"publis - communales","dans PNR","difficile",0,21
600946,"privé - sans psg","dans PNR","difficile",0,26
1104176,"publis - communales","dans PNR","très facile",0,8
722820,"publis - communales","dans PNR","facile",0,9
1230702,"publics - domaniales","dans PNR","difficile",0,11
451453,"privé - sans psg","hors PNR","facile",0,18
22485,"privé - sans psg","dans PNR",NA,0,15
1312187,"privé - sans psg","dans PNR","moyenne",0,1
54200,"publics - domaniales","dans PNR",NA,0,9
541617,"privé - psg","hors PNR","difficile",0,23
1345332,"publis - communales","dans PNR","difficile",0,24
1013683,"publics - domaniales","dans PNR","très facile",0,19
837801,"publis - communales","dans PNR","très facile",0,8
974406,"privé - sans psg","dans PNR","très facile",0,2
1609175,"publis - communales","dans PNR","difficile",0,13
1919499,"publis - communales","dans PNR","facile",0,13
1516211,"publics - domaniales","dans PNR","très facile",0,22
1913022,"publis - communales","dans PNR","difficile",0,12
1721267,"publis - communales","dans PNR","facile",0,15
1615512,"publis - communales","dans PNR","difficile",0,15
1708359,"publis - communales","dans PNR","facile",0,11
1335837,"publis - communales","hors PNR","difficile",0,16
1340170,"publis - communales","hors PNR","difficile",0,2
1608271,"privé - sans psg","dans PNR","très facile",0,14
1628507,"privé - sans psg","dans PNR","moyenne",0,5
1010811,"publis - communales","hors PNR","difficile",0,9
439749,"privé - psg","dans PNR","difficile",0,8
1303538,"publis - communales","hors PNR","difficile",0,20
2050136,"publis - communales","dans PNR","difficile",0,23
866233,"publis - communales","dans PNR","moyenne",0,5
974196,"publics - domaniales","dans PNR","moyenne",0,20
930019,"publics - domaniales","dans PNR","très facile",0,9
1331181,"publics - domaniales","dans PNR","difficile",0,16
1852481,"privé - sans psg","dans PNR","difficile",0,18
772014,"privé - sans psg","dans PNR","facile",0,30
132902,"privé - sans psg","hors PNR",NA,0,12
1121945,"privé - sans psg","dans PNR","facile",0,21
835918,"privé - psg","dans PNR","très facile",0,20
216932,"publics - domaniales","dans PNR",NA,0,12
2014113,"publics - domaniales","dans PNR","très facile",0,9
876036,"privé - sans psg","dans PNR","difficile",0,19
1231349,"publics - domaniales","hors PNR","difficile",0,25
1005440,"privé - sans psg","dans PNR","facile",0,14
379093,"publics - domaniales","dans PNR","très facile",0,14
464644,"publis - communales","dans PNR","difficile",0,27
731708,"publics - domaniales","dans PNR","difficile",0,16
1225220,"privé - sans psg","dans PNR","très facile",0,18
600657,"publis - communales","hors PNR","difficile",0,7
48812,"publis - communales","dans PNR",NA,0,17
2006846,"publis - communales","dans PNR","très facile",0,22
1937302,"privé - psg","hors PNR","difficile",0,31
369721,"publis - communales","hors PNR","très facile",0,15
1720335,"publis - communales","hors PNR","facile",0,13
1536859,"publics - domaniales","hors PNR","facile",0,20
955592,"publis - communales","dans PNR","difficile",0,1
2056,"privé - sans psg","dans PNR",NA,0,15
248624,"privé - sans psg","dans PNR",NA,0,15
1216805,"publics - domaniales","hors PNR","difficile",0,12
1019435,"publics - domaniales","hors PNR","moyenne",0,8
1911069,"publis - communales","hors PNR","difficile",0,15
936503,"privé - psg","hors PNR","difficile",0,10
1607921,"publics - domaniales","hors PNR","facile",0,11
1621184,"privé - sans psg","hors PNR","facile",0,1
1610951,"publics - domaniales","hors PNR","difficile",0,5
1123517,"publis - communales","dans PNR","difficile",0,20
1602732,"publics - domaniales","dans PNR","difficile",0,18
444729,"publics - domaniales","dans PNR","difficile",0,9
1947347,"publis - communales","hors PNR","difficile",0,13
1434119,"publics - domaniales","dans PNR","difficile",0,12
1944142,"publis - communales","dans PNR","difficile",0,26
1903745,"privé - sans psg","dans PNR","difficile",0,10
131420,"publics - domaniales","dans PNR",NA,0,6
344889,"publics - domaniales","hors PNR","très facile",0,3
1915711,"privé - sans psg","hors PNR","facile",0,15
547276,"publis - communales","dans PNR","difficile",0,24
320826,"publics - domaniales","hors PNR","difficile",0,8
1823515,"publics - domaniales","hors PNR","facile",0,16
1309322,"privé - psg","hors PNR","très facile",0,4
2796,"publis - communales","dans PNR",NA,0,12
1618637,"publis - communales","dans PNR","difficile",0,23
1942959,"publics - domaniales","dans PNR","difficile",0,25
1511525,"publics - domaniales","dans PNR","facile",0,9
1448800,"publis - communales","hors PNR","difficile",0,5
469542,"privé - sans psg","dans PNR","très facile",0,1
132596,"privé - sans psg","dans PNR",NA,0,3
1736076,"privé - psg","hors PNR","très facile",0,10
1333546,"publis - communales","dans PNR","difficile",0,14
1007684,"publis - communales","dans PNR","difficile",0,12
1026797,"publis - communales","hors PNR","moyenne",0,9
1437785,"publis - communales","dans PNR","difficile",0,24
632429,"privé - psg","dans PNR","très facile",0,13
1207725,"publics - domaniales","hors PNR","difficile",0,19
100305,"privé - sans psg","dans PNR",NA,0,10
1310234,"publics - domaniales","dans PNR","très facile",0,6
1125271,"privé - sans psg","dans PNR","moyenne",0,24
1116861,"publis - communales","dans PNR","difficile",0,5
379677,"publics - domaniales","dans PNR","très facile",0,7
1851598,"publics - domaniales","hors PNR","facile",0,36
1816318,"publis - communales","dans PNR","difficile",0,10
1438717,"publis - communales","dans PNR","très facile",0,17
1726647,"publis - communales","hors PNR","facile",0,6
1438924,"publics - domaniales","dans PNR","très facile",0,8
1231007,"publis - communales","hors PNR","difficile",0,10
248974,"publis - communales","dans PNR",NA,0,8
268361,"publics - domaniales","dans PNR",NA,0,14
128593,"privé - sans psg","dans PNR",NA,0,18
270286,"publis - communales","hors PNR",NA,0,15
2009733,"publics - domaniales","dans PNR","facile",0,25
2002022,"publis - communales","hors PNR","difficile",0,6
260960,"publics - domaniales","dans PNR",NA,0,11
630197,"privé - sans psg","dans PNR","difficile",0,16
1532260,"publis - communales","dans PNR","difficile",0,6
1115537,"privé - sans psg","hors PNR","difficile",0,22
1839415,"publis - communales","dans PNR","difficile",0,8
1005809,"privé - sans psg","hors PNR","moyenne",0,14
1317210,"publics - domaniales","hors PNR","facile",0,5
130105,"publis - communales","hors PNR",NA,0,6
805155,"publis - communales","dans PNR","difficile",0,12
667403,"publis - communales","dans PNR","difficile",0,20
1119344,"privé - psg","hors PNR","difficile",0,4
1009246,"privé - sans psg","dans PNR","difficile",0,27
762219,"publis - communales","dans PNR","très facile",0,28
814953,"publics - domaniales","hors PNR","très facile",0,14
779500,"publis - communales","hors PNR","facile",0,32
1130074,"publis - communales","dans PNR","facile",0,9
1221078,"publis - communales","hors PNR","très facile",0,21
1012188,"publics - domaniales","hors PNR","difficile",0,2
27374,"publics - domaniales","dans PNR",NA,0,8
1907121,"publis - communales","dans PNR","difficile",0,12
209235,"privé - sans psg","dans PNR",NA,0,6
664917,"privé - sans psg","hors PNR","difficile",0,11
1751905,"publics - domaniales","hors PNR","moyenne",0,9
2053392,"publis - communales","dans PNR","difficile",0,13
1646322,"publis - communales","hors PNR","difficile",0,19
837865,"privé - psg","dans PNR","difficile",0,9
959164,"publis - communales","dans PNR","moyenne",0,12
547020,"publis - communales","dans PNR","facile",0,3
1319677,"publics - domaniales","hors PNR","difficile",0,13
1325498,"publis - communales","hors PNR","difficile",0,26
1208850,"publis - communales","hors PNR","très facile",0,10
1802069,"privé - sans psg","hors PNR","moyenne",0,26
2046167,"publics - domaniales","dans PNR","difficile",0,8
738031,"publics - domaniales","dans PNR","très facile",0,5
1522197,"publis - communales","dans PNR","difficile",0,14
2017513,"publis - communales","dans PNR","difficile",0,13
2006013,"publics - domaniales","dans PNR","très facile",0,25
502383,"publics - domaniales","hors PNR","difficile",0,10
1310477,"publics - domaniales","dans PNR","difficile",0,19
652735,"publics - domaniales","dans PNR","très facile",0,11
731856,"publis - communales","dans PNR","difficile",0,8
608773,"privé - sans psg","dans PNR","moyenne",0,7
1103128,"publics - domaniales","hors PNR","moyenne",0,9
1221604,"publis - communales","dans PNR","difficile",0,16
1333889,"publis - communales","dans PNR","difficile",0,20
2039169,"publics - domaniales","hors PNR","difficile",0,8
626748,"publics - domaniales","dans PNR","très facile",0,2
780174,"publis - communales","dans PNR","difficile",0,14
1106850,"publics - domaniales","dans PNR","facile",0,23
664477,"publics - domaniales","hors PNR","difficile",0,20
1417756,"privé - sans psg","dans PNR","difficile",0,8
548510,"publis - communales","dans PNR","difficile",0,23
1708529,"publis - communales","hors PNR","difficile",0,19
1540788,"privé - sans psg","hors PNR","difficile",0,5
1633913,"publics - domaniales","dans PNR","difficile",0,30
1006087,"publis - communales","hors PNR","facile",0,15
1842986,"privé - sans psg","dans PNR","difficile",0,9
806645,"privé - psg","dans PNR","difficile",0,9
1415865,"publics - domaniales","dans PNR","difficile",0,2
954348,"privé - psg","dans PNR","moyenne",0,12
1927188,"publis - communales","hors PNR","difficile",0,16
257367,"privé - psg","dans PNR",NA,0,21
1016616,"publics - domaniales","dans PNR","difficile",0,20
1005736,"publics - domaniales","hors PNR","facile",0,17
1725634,"publis - communales","hors PNR","très facile",0,15
813179,"privé - psg","dans PNR","facile",0,4
2005858,"publis - communales","dans PNR","difficile",0,18
1414869,"publis - communales","hors PNR","difficile",0,35
1621088,"publics - domaniales","hors PNR","difficile",0,21
1015187,"publis - communales","dans PNR","très facile",0,7
2010899,"publis - communales","dans PNR","très facile",0,12
1225671,"publis - communales","dans PNR","difficile",0,26
2031988,"publis - communales","hors PNR","difficile",0,13
138012,"publics - domaniales","dans PNR",NA,0,14
1913425,"publis - communales","hors PNR","facile",0,15
1736085,"privé - psg","dans PNR","difficile",0,19
449341,"privé - sans psg","dans PNR","difficile",0,7
1109378,"publics - domaniales","dans PNR","facile",0,7
1304228,"publis - communales","hors PNR","facile",0,12
1549122,"publics - domaniales","hors PNR","très facile",0,30
1022330,"publis - communales","hors PNR","difficile",0,14
6100,"privé - sans psg","hors PNR",NA,0,6
201790,"publis - communales","hors PNR",NA,0,3
1909613,"publics - domaniales","hors PNR","difficile",0,22
2036360,"publis - communales","hors PNR","facile",0,6
416111,"privé - sans psg","hors PNR","difficile",0,20
1620671,"publics - domaniales","dans PNR","très facile",0,4
737833,"privé - sans psg","hors PNR","difficile",0,1
1519320,"publis - communales","hors PNR","difficile",0,17
508277,"privé - psg","dans PNR","difficile",0,16
1013888,"privé - sans psg","dans PNR","difficile",0,16
1935467,"publics - domaniales","dans PNR","très facile",0,10
309277,"publis - communales","hors PNR","difficile",0,8
2052079,"publis - communales","dans PNR","difficile",0,16
757655,"publis - communales","dans PNR","difficile",0,24
1409986,"privé - sans psg","hors PNR","facile",0,10
1020216,"publics - domaniales","dans PNR","difficile",0,22
1818110,"publis - communales","hors PNR","difficile",0,13
1442092,"privé - psg","hors PNR","facile",0,13
1128281,"publics - domaniales","dans PNR","difficile",0,11
1617378,"publis - communales","dans PNR","moyenne",0,18
1218815,"publics - domaniales","hors PNR","difficile",0,14
2019994,"privé - sans psg","hors PNR","difficile",0,20
608170,"privé - sans psg","dans PNR","facile",0,2
1740122,"publis - communales","hors PNR","difficile",0,9
1113238,"publics - domaniales","hors PNR","moyenne",0,22
1644334,"publics - domaniales","hors PNR","facile",0,20
1739305,"publics - domaniales","dans PNR","facile",0,20
1637726,"publis - communales","hors PNR","facile",0,5
1350909,"publics - domaniales","dans PNR","très facile",0,6
372554,"publics - domaniales","hors PNR","très facile",0,1
555353,"privé - sans psg","dans PNR","très facile",0,3
205089,"publics - domaniales","hors PNR",NA,0,15
259581,"privé - sans psg","dans PNR",NA,0,8
1635971,"privé - sans psg","dans PNR","difficile",0,19
945843,"publics - domaniales","hors PNR","difficile",0,17
1531254,"publics - domaniales","hors PNR","facile",0,8
1805546,"publis - communales","dans PNR","difficile",0,1
780158,"publis - communales","hors PNR","très facile",0,7
931710,"privé - sans psg","dans PNR","facile",0,26
1630247,"privé - sans psg","dans PNR","moyenne",0,7
511327,"publis - communales","hors PNR","facile",0,16
617158,"publis - communales","dans PNR","difficile",0,8
2028264,"privé - sans psg","hors PNR","facile",0,5
1550274,"privé - sans psg","dans PNR","moyenne",0,2
120882,"publics - domaniales","dans PNR",NA,0,11
1751138,"publics - domaniales","dans PNR","difficile",0,9
764198,"publis - communales","hors PNR","très facile",0,8
1001505,"privé - sans psg","dans PNR","difficile",0,10
664710,"privé - psg","hors PNR","difficile",0,6
1002766,"privé - psg","dans PNR","difficile",0,10
203285,"publis - communales","hors PNR",NA,0,17
50887,"privé - psg","hors PNR",NA,0,9
1223176,"publics - domaniales","hors PNR","difficile",0,10
1024144,"publis - communales","dans PNR","difficile",0,10
1754586,"publics - domaniales","dans PNR","facile",0,13
48962,"publis - communales","hors PNR",NA,0,1
1711817,"privé - sans psg","dans PNR","facile",0,3
150530,"publis - communales","hors PNR",NA,0,13
673049,"privé - sans psg","dans PNR","très facile",0,20
711750,"privé - sans psg","dans PNR","difficile",0,8
2031206,"publis - communales","dans PNR","difficile",0,14
1632921,"publics - domaniales","hors PNR","difficile",0,11
217424,"publics - domaniales","dans PNR",NA,0,12
722474,"privé - sans psg","dans PNR","très facile",0,28
1927491,"publics - domaniales","hors PNR","facile",0,11
1837301,"publis - communales","hors PNR","facile",0,11
1820461,"publics - domaniales","hors PNR","facile",0,9
1200425,"publis - communales","dans PNR","très facile",0,9
1120794,"publis - communales","dans PNR","très facile",0,11
1633495,"privé - psg","hors PNR","moyenne",0,15
440525,"publis - communales","hors PNR","difficile",0,1
1619146,"publics - domaniales","hors PNR","difficile",0,16
500928,"privé - sans psg","hors PNR","difficile",0,4
1724310,"publics - domaniales","dans PNR","difficile",0,11
1523954,"publics - domaniales","dans PNR","très facile",0,6
1652252,"privé - sans psg","dans PNR","moyenne",0,19
1613024,"publics - domaniales","dans PNR","facile",0,15
675016,"publis - communales","hors PNR","très facile",0,10
720936,"privé - sans psg","dans PNR","très facile",0,1
435394,"publics - domaniales","hors PNR","difficile",0,18
1626756,"publis - communales","dans PNR","difficile",0,5
332770,"privé - sans psg","dans PNR","facile",0,9
1824213,"publis - communales","dans PNR","difficile",0,18
1618494,"privé - psg","hors PNR","moyenne",0,18
1507119,"privé - psg","dans PNR","difficile",0,11
1623877,"privé - psg","hors PNR","difficile",0,14
841499,"publis - communales","dans PNR","difficile",0,15
5735,"publics - domaniales","hors PNR",NA,0,2
309197,"publis - communales","hors PNR","très facile",0,11
862973,"publics - domaniales","dans PNR","facile",0,3
579106,"publics - domaniales","hors PNR","difficile",0,10
262853,"privé - sans psg","dans PNR",NA,0,11
1608268,"publis - communales","dans PNR","très facile",0,15
506685,"publics - domaniales","dans PNR","difficile",0,21
629136,"publis - communales","dans PNR","difficile",0,27
1105236,"publics - domaniales","hors PNR","moyenne",0,12
1804351,"publis - communales","dans PNR","difficile",0,20
1030573,"privé - sans psg","hors PNR","facile",0,16
1849494,"publis - communales","dans PNR","difficile",0,4
1416087,"publis - communales","hors PNR","très facile",0,9
130257,"publis - communales","dans PNR",NA,0,13
536803,"publics - domaniales","dans PNR","difficile",0,24
444570,"publis - communales","dans PNR","difficile",0,18
122716,"publis - communales","hors PNR",NA,0,9
1813391,"publis - communales","hors PNR","très facile",0,5
1415090,"publics - domaniales","dans PNR","difficile",0,8
1741015,"publis - communales","hors PNR","facile",0,9
1119727,"privé - sans psg","hors PNR","très facile",0,11
628077,"privé - sans psg","hors PNR","difficile",0,15
1343525,"privé - psg","dans PNR","facile",0,13
1115773,"publics - domaniales","dans PNR","facile",0,10
1124961,"privé - psg","dans PNR","difficile",0,16
1602452,"publis - communales","hors PNR","très facile",0,10
1021197,"publics - domaniales","hors PNR","facile",0,8
1953760,"publics - domaniales","dans PNR","difficile",0,16
2017145,"publis - communales","hors PNR","facile",0,17
520856,"privé - psg","hors PNR","difficile",0,7
1645440,"publis - communales","dans PNR","difficile",0,18
1703671,"privé - psg","hors PNR","difficile",0,14
423236,"privé - sans psg","dans PNR","très facile",0,30
529837,"publics - domaniales","hors PNR","facile",0,18
746566,"privé - psg","hors PNR","difficile",0,19
1448750,"privé - sans psg","dans PNR","moyenne",0,8
1545147,"publis - communales","hors PNR","facile",0,14
460187,"privé - sans psg","dans PNR","difficile",0,19
1827084,"privé - sans psg","dans PNR","facile",0,3
268278,"publics - domaniales","dans PNR",NA,0,10
1853516,"publis - communales","dans PNR","difficile",0,14
33877,"publics - domaniales","hors PNR",NA,0,7
1608598,"publics - domaniales","dans PNR","difficile",0,15
521638,"privé - sans psg","dans PNR","difficile",0,9
673296,"publis - communales","dans PNR","très facile",0,5
1229182,"privé - psg","hors PNR","difficile",0,2
1941353,"publis - communales","dans PNR","difficile",0,15
1304689,"publis - communales","dans PNR","difficile",0,10
1829459,"publis - communales","dans PNR","très facile",0,12
718813,"privé - sans psg","hors PNR","très facile",0,15
749831,"privé - sans psg","dans PNR","très facile",0,16
1646365,"privé - sans psg","hors PNR","très facile",0,10
1711738,"publis - communales","dans PNR","difficile",0,9
562892,"publics - domaniales","hors PNR","difficile",0,8
1931824,"publics - domaniales","dans PNR","difficile",0,7
1545337,"privé - sans psg","hors PNR","facile",0,23
1449871,"publis - communales","dans PNR","difficile",0,12
1841909,"privé - sans psg","dans PNR","facile",0,19
33629,"publics - domaniales","hors PNR",NA,0,3
1717581,"publics - domaniales","dans PNR","très facile",0,13
765795,"publis - communales","hors PNR","facile",0,8
1008993,"publis - communales","dans PNR","difficile",0,7
1633387,"publics - domaniales","hors PNR","difficile",0,8
461937,"publis - communales","dans PNR","difficile",0,22
470201,"publis - communales","dans PNR","difficile",0,27
867068,"privé - sans psg","hors PNR","très facile",0,1
817665,"publis - communales","dans PNR","difficile",0,13
822862,"privé - psg","hors PNR","très facile",0,6
1737375,"privé - sans psg","dans PNR","moyenne",0,15
150549,"publis - communales","dans PNR",NA,0,12
1747100,"publics - domaniales","hors PNR","très facile",0,17
902289,"publis - communales","hors PNR","difficile",0,10
500002,"publis - communales","hors PNR","difficile",0,10
1823960,"publis - communales","hors PNR","difficile",0,15
1324663,"publics - domaniales","dans PNR","difficile",0,22
580823,"privé - sans psg","hors PNR","difficile",0,13
1924671,"publics - domaniales","hors PNR","moyenne",0,4
1620596,"privé - psg","hors PNR","difficile",0,14
133056,"publis - communales","dans PNR",NA,0,11
1808984,"publis - communales","dans PNR","facile",0,11
1826783,"publics - domaniales","dans PNR","difficile",0,9
1210902,"privé - sans psg","dans PNR","difficile",0,11
730330,"publics - domaniales","hors PNR","difficile",0,15
120709,"publis - communales","hors PNR",NA,0,29
153519,"privé - sans psg","dans PNR",NA,0,10
2002874,"privé - sans psg","dans PNR","difficile",0,18
817074,"privé - sans psg","hors PNR","très facile",0,24
1722560,"publis - communales","dans PNR","difficile",0,23
2054353,"publis - communales","hors PNR","difficile",0,4
2038580,"publics - domaniales","dans PNR","difficile",0,8
1229086,"publics - domaniales","dans PNR","facile",0,8
1654772,"privé - sans psg","dans PNR","facile",0,12
2037891,"publis - communales","dans PNR","facile",0,11
223751,"publis - communales","hors PNR",NA,0,9
2029481,"publis - communales","dans PNR","difficile",0,20
1327098,"publics - domaniales","hors PNR","difficile",0,12
1919651,"publis - communales","dans PNR","moyenne",0,13
1944022,"publics - domaniales","dans PNR","difficile",0,14
1993,"publis - communales","hors PNR",NA,0,5
1720820,"publis - communales","hors PNR","très facile",0,8
1929999,"publis - communales","hors PNR","moyenne",0,26
1111226,"publics - domaniales","dans PNR","facile",0,16
1626328,"publics - domaniales","hors PNR","difficile",0,9
1316856,"publics - domaniales","hors PNR","difficile",0,12
651610,"privé - sans psg","dans PNR","difficile",0,15
1606052,"publics - domaniales","hors PNR","très facile",0,13
246528,"privé - sans psg","hors PNR",NA,0,26
2008113,"publis - communales","dans PNR","difficile",0,13
2005914,"publis - communales","dans PNR","difficile",0,19
209592,"privé - sans psg","dans PNR",NA,0,10
2051531,"publis - communales","hors PNR","moyenne",0,16
426761,"privé - sans psg","hors PNR","facile",0,2
1129922,"publics - domaniales","hors PNR","facile",0,24
1701286,"privé - sans psg","dans PNR","moyenne",0,10
1451835,"publis - communales","dans PNR","facile",0,27
1843853,"privé - psg","dans PNR","facile",0,14
1315676,"privé - psg","dans PNR","difficile",0,14
1211994,"privé - sans psg","hors PNR","facile",0,18
276011,"publis - communales","dans PNR",NA,0,4
2010511,"privé - sans psg","dans PNR","difficile",0,14
1501939,"publics - domaniales","hors PNR","moyenne",0,31
1428596,"publis - communales","dans PNR","moyenne",0,13
1810143,"publics - domaniales","hors PNR","difficile",0,18
245614,"publis - communales","dans PNR",NA,0,8
1821152,"publis - communales","hors PNR","difficile",0,10
877295,"privé - sans psg","hors PNR","très facile",0,7
306323,"privé - sans psg","dans PNR","difficile",0,21
11946,"publics - domaniales","hors PNR",NA,0,13
1843068,"publis - communales","hors PNR","difficile",0,7
228121,"publics - domaniales","hors PNR",NA,0,5
927066,"publics - domaniales","hors PNR","facile",0,3
1547212,"publis - communales","dans PNR","facile",0,11
636238,"publics - domaniales","hors PNR","très facile",0,9
1651699,"publis - communales","hors PNR","facile",0,15
1215389,"privé - sans psg","hors PNR","très facile",0,19
464741,"privé - sans psg","dans PNR","très facile",0,1
1609279,"privé - sans psg","dans PNR","facile",0,14
2054819,"publis - communales","dans PNR","difficile",0,26
1616721,"publics - domaniales","hors PNR","difficile",0,5
18832,"publics - domaniales","hors PNR",NA,0,8
641815,"publics - domaniales","dans PNR","difficile",0,8
254590,"publics - domaniales","dans PNR",NA,0,14
447364,"publics - domaniales","dans PNR","facile",0,20
2011693,"publis - communales","dans PNR","difficile",0,13
121774,"privé - sans psg","hors PNR",NA,0,8
1616020,"publis - communales","hors PNR","difficile",0,15
1550406,"publis - communales","dans PNR","moyenne",0,8
110001,"privé - sans psg","hors PNR",NA,0,14
1924144,"publics - domaniales","dans PNR","difficile",0,1
759263,"publis - communales","dans PNR","difficile",0,12
1539661,"publis - communales","dans PNR","facile",0,25
1606904,"publis - communales","dans PNR","facile",0,19
137107,"publis - communales","dans PNR",NA,0,16
1905191,"publis - communales","dans PNR","facile",0,17
1804877,"publis - communales","dans PNR","difficile",0,27
1347868,"publics - domaniales","hors PNR","difficile",0,26
939025,"publics - domaniales","hors PNR","très facile",0,6
571348,"publics - domaniales","hors PNR","facile",0,11
1702356,"publis - communales","dans PNR","difficile",0,11
1841869,"publis - communales","hors PNR","difficile",0,21
662154,"publics - domaniales","hors PNR","facile",0,9
656615,"publis - communales","hors PNR","facile",0,13
600033,"privé - sans psg","dans PNR","facile",0,2
252581,"publis - communales","dans PNR",NA,0,18
1430872,"publics - domaniales","hors PNR","difficile",0,20
1843746,"publics - domaniales","hors PNR","facile",0,14
623733,"privé - sans psg","hors PNR","très facile",0,32
524595,"publis - communales","hors PNR","facile",0,3
673819,"publis - communales","dans PNR","très facile",0,8
681028,"privé - sans psg","dans PNR","difficile",0,11
2021802,"privé - psg","hors PNR","très facile",0,3
1524939,"publis - communales","hors PNR","difficile",0,19
138733,"publics - domaniales","hors PNR",NA,0,14
463837,"publics - domaniales","hors PNR","facile",0,20
1010879,"privé - psg","hors PNR","facile",0,7
27906,"publis - communales","dans PNR",NA,0,14
922281,"publics - domaniales","hors PNR","difficile",0,17
1643666,"privé - sans psg","dans PNR","facile",0,2
926638,"publics - domaniales","dans PNR","difficile",0,18
1331520,"publis - communales","hors PNR","facile",0,8
1651294,"publis - communales","dans PNR","difficile",0,25
1937022,"publis - communales","hors PNR","facile",0,18
11137,"privé - sans psg","dans PNR",NA,0,9
1834949,"publics - domaniales","hors PNR","difficile",0,25
806232,"privé - sans psg","hors PNR","facile",0,15
323773,"privé - sans psg","dans PNR","moyenne",0,13
772844,"publis - communales","hors PNR","très facile",0,18
2020304,"publics - domaniales","dans PNR","difficile",0,9
2010721,"privé - sans psg","hors PNR","difficile",0,17
1030338,"publis - communales","hors PNR","moyenne",0,13
931765,"publis - communales","dans PNR","difficile",0,18
1350656,"privé - sans psg","hors PNR","facile",0,13
569566,"privé - sans psg","dans PNR","très facile",0,10
1610040,"publics - domaniales","hors PNR","très facile",0,18
874174,"privé - sans psg","dans PNR","très facile",0,16
1844088,"publis - communales","dans PNR","moyenne",0,7
1850390,"publis - communales","dans PNR","difficile",0,11
1707289,"publis - communales","dans PNR","difficile",0,17
1647594,"publics - domaniales","dans PNR","très facile",0,6
147520,"publis - communales","dans PNR",NA,0,13
1109289,"publis - communales","dans PNR","difficile",0,12
918846,"publis - communales","dans PNR","difficile",0,11
1106986,"publics - domaniales","hors PNR","difficile",0,8
640588,"publics - domaniales","hors PNR","très facile",0,9
1124721,"publis - communales","dans PNR","difficile",0,17
934090,"publis - communales","dans PNR","facile",0,14
944542,"publics - domaniales","dans PNR","facile",0,25
1603066,"publis - communales","dans PNR","difficile",0,19
643710,"privé - sans psg","dans PNR","difficile",0,16
453220,"publics - domaniales","hors PNR","facile",0,8
842681,"privé - psg","hors PNR","difficile",0,14
1749073,"publics - domaniales","dans PNR","difficile",0,6
449298,"publics - domaniales","hors PNR","difficile",0,13
1124770,"publics - domaniales","dans PNR","très facile",0,10
1800947,"publics - domaniales","hors PNR","moyenne",0,18
1431890,"publics - domaniales","dans PNR","difficile",0,2
1718191,"publics - domaniales","hors PNR","très facile",0,5
1107443,"privé - sans psg","dans PNR","difficile",0,18
1928801,"publis - communales","hors PNR","facile",0,7
118328,"privé - sans psg","dans PNR",NA,0,7
1828090,"publis - communales","hors PNR","difficile",0,22
1534291,"publis - communales","dans PNR","difficile",0,15
1348204,"publics - domaniales","dans PNR","difficile",0,28
570210,"privé - sans psg","dans PNR","moyenne",0,23
2008237,"publics - domaniales","dans PNR","facile",0,10
1533043,"publics - domaniales","dans PNR","difficile",0,18
1920137,"publics - domaniales","hors PNR","très facile",0,33
1128338,"privé - sans psg","hors PNR","facile",0,15
1429015,"publis - communales","hors PNR","difficile",0,12
844562,"privé - sans psg","dans PNR","facile",0,24
904188,"publis - communales","dans PNR","moyenne",0,7
1349399,"publis - communales","hors PNR","difficile",0,23
248309,"publics - domaniales","dans PNR",NA,0,17
421216,"publics - domaniales","hors PNR","difficile",0,17
223270,"privé - sans psg","dans PNR",NA,0,11
1130378,"privé - sans psg","dans PNR","facile",0,6
1952822,"publis - communales","dans PNR","difficile",0,17
1345187,"publis - communales","dans PNR","difficile",0,12
865115,"privé - sans psg","dans PNR","facile",0,10
1303003,"privé - psg","dans PNR","facile",0,5
1009038,"publics - domaniales","dans PNR","facile",0,6
276610,"privé - sans psg","dans PNR",NA,0,6
943163,"publics - domaniales","hors PNR","facile",0,10
1351958,"privé - sans psg","dans PNR","difficile",0,13
1615044,"publis - communales","hors PNR","facile",0,12
854590,"publis - communales","dans PNR","très facile",0,11
1750902,"privé - sans psg","hors PNR","difficile",0,2
1834813,"publics - domaniales","hors PNR","facile",0,4
21126,"privé - sans psg","hors PNR",NA,0,12
315647,"publis - communales","dans PNR","difficile",0,7
1208103,"publis - communales","dans PNR","difficile",0,27
14419,"publis - communales","dans PNR",NA,0,17
2050591,"publics - domaniales","dans PNR","difficile",0,15
1541903,"privé - sans psg","hors PNR","facile",0,10
1752468,"privé - sans psg","dans PNR","moyenne",0,25
2031312,"publics - domaniales","hors PNR","très facile",0,6
722743,"publis - communales","dans PNR","très facile",0,17
1650615,"privé - sans psg","dans PNR","facile",0,2
343548,"privé - sans psg","hors PNR","très facile",0,19
1747818,"publis - communales","dans PNR","difficile",0,20
1615187,"publis - communales","dans PNR","difficile",0,15
1833430,"publis - communales","hors PNR","très facile",0,9
1942602,"publics - domaniales","hors PNR","difficile",0,17
1018473,"publics - domaniales","hors PNR","difficile",0,4
1028368,"publics - domaniales","dans PNR","difficile",0,33
31356,"privé - psg","hors PNR",NA,0,1
231506,"publis - communales","hors PNR",NA,0,13
36240,"publics - domaniales","hors PNR",NA,0,8
2001855,"publis - communales","hors PNR","facile",0,24
7589,"publis - communales","dans PNR",NA,0,3
1611072,"privé - sans psg","hors PNR","très facile",0,10
152775,"privé - sans psg","hors PNR",NA,0,3
807839,"publis - communales","hors PNR","difficile",0,7
327333,"publics - domaniales","dans PNR","moyenne",0,15
1707595,"publics - domaniales","dans PNR","moyenne",0,18
2030160,"privé - sans psg","dans PNR","difficile",0,18
751133,"publis - communales","dans PNR","difficile",0,16
1612577,"publics - domaniales","hors PNR","difficile",0,16
1908635,"publis - communales","hors PNR","facile",0,13
1002211,"publis - communales","dans PNR","difficile",0,4
1900309,"publics - domaniales","hors PNR","difficile",0,7
2021670,"publics - domaniales","hors PNR","moyenne",0,1
616985,"publis - communales","hors PNR","difficile",0,17
803125,"publis - communales","dans PNR","difficile",0,16
1903600,"publis - communales","hors PNR","difficile",0,24
1802542,"publis - communales","hors PNR","difficile",0,22
1017815,"privé - sans psg","hors PNR","facile",0,9
1837270,"publis - communales","dans PNR","difficile",0,18
1345378,"privé - sans psg","dans PNR","difficile",0,9
1407615,"publis - communales","hors PNR","très facile",0,9
23279,"privé - sans psg","dans PNR",NA,0,11
2010360,"publis - communales","hors PNR","très facile",0,12
332736,"publis - communales","dans PNR","difficile",0,14
1729563,"privé - psg","dans PNR","très facile",0,6
1605019,"publics - domaniales","dans PNR","facile",0,17
46344,"publis - communales","hors PNR",NA,0,9
1621617,"privé - psg","hors PNR","moyenne",0,19
1129716,"publis - communales","dans PNR","difficile",0,19
804111,"privé - psg","hors PNR","difficile",0,1
2038096,"privé - sans psg","dans PNR","difficile",0,11
1709600,"publics - domaniales","hors PNR","facile",0,11
310078,"publis - communales","hors PNR","très facile",0,13
707991,"publics - domaniales","hors PNR","difficile",0,2
568370,"publis - communales","dans PNR","difficile",0,27
1841769,"privé - sans psg","dans PNR","difficile",0,16
1915914,"publis - communales","hors PNR","facile",0,10
575756,"publics - domaniales","dans PNR","très facile",0,21
627516,"publis - communales","hors PNR","très facile",0,9
541903,"publics - domaniales","hors PNR","difficile",0,6
2019574,"privé - sans psg","dans PNR","difficile",0,4
44843,"publis - communales","dans PNR",NA,0,7
743729,"publics - domaniales","dans PNR","difficile",0,9
869180,"privé - psg","hors PNR","très facile",0,11
1118443,"privé - psg","hors PNR","difficile",0,29
1928518,"publis - communales","dans PNR","difficile",0,12
40555,"publics - domaniales","hors PNR",NA,0,1
1711363,"publis - communales","dans PNR","difficile",0,6
1515018,"publics - domaniales","dans PNR","facile",0,18
654798,"publis - communales","hors PNR","difficile",0,14
1128286,"publis - communales","hors PNR","facile",0,17
1227235,"privé - sans psg","hors PNR","facile",0,5
1219789,"publics - domaniales","hors PNR","difficile",0,10
1106938,"privé - psg","dans PNR","difficile",0,13
1400745,"publics - domaniales","dans PNR","difficile",0,17
35906,"publics - domaniales","dans PNR",NA,0,13
1914916,"privé - sans psg","dans PNR","difficile",0,9
463806,"privé - psg","dans PNR","difficile",0,19
878954,"privé - sans psg","dans PNR","facile",0,5
1347741,"privé - psg","dans PNR","difficile",0,11
374184,"publis - communales","dans PNR","facile",0,18
431077,"privé - psg","dans PNR","moyenne",0,8
1111339,"privé - sans psg","dans PNR","difficile",0,21
677031,"publics - domaniales","hors PNR","très facile",0,7
1928146,"privé - sans psg","dans PNR","difficile",0,23
610063,"publics - domaniales","hors PNR","très facile",0,14
1204777,"publis - communales","hors PNR","facile",0,23
1342982,"publics - domaniales","hors PNR","difficile",0,23
1643387,"privé - sans psg","dans PNR","très facile",0,14
1449840,"publis - communales","dans PNR","difficile",0,16
1942842,"publics - domaniales","hors PNR","difficile",0,6
2023526,"publics - domaniales","hors PNR","très facile",0,9
2046493,"privé - sans psg","hors PNR","très facile",0,5
1813251,"publis - communales","dans PNR","difficile",0,10
1228729,"publis - communales","hors PNR","facile",0,12
503618,"privé - sans psg","hors PNR","facile",0,5
1725622,"publics - domaniales","hors PNR","facile",0,6
1348031,"publis - communales","hors PNR","difficile",0,19
1800681,"publics - domaniales","dans PNR","facile",0,9
2013026,"privé - psg","hors PNR","difficile",0,11
1531162,"publis - communales","dans PNR","difficile",0,11
1921125,"publis - communales","dans PNR","difficile",0,18
2053052,"publis - communales","dans PNR","très facile",0,9
807959,"publis - communales","dans PNR","difficile",0,23
423115,"publics - domaniales","dans PNR","facile",0,13
910032,"publics - domaniales","hors PNR","facile",0,17
109158,"publis - communales","dans PNR",NA,0,12
129933,"publis - communales","dans PNR",NA,0,10
1825196,"publics - domaniales","hors PNR","difficile",0,22
1324340,"publis - communales","hors PNR","moyenne",0,10
1604569,"privé - sans psg","dans PNR","difficile",0,3
270036,"privé - psg","dans PNR",NA,0,17
2024119,"privé - sans psg","hors PNR","difficile",0,17
1928887,"privé - sans psg","hors PNR","très facile",0,19
705882,"publis - communales","dans PNR","difficile",0,21
1006612,"publis - communales","dans PNR","facile",0,11
379526,"privé - sans psg","dans PNR","difficile",0,2
1432796,"publis - communales","dans PNR","difficile",0,15
418902,"publis - communales","hors PNR","difficile",0,11
915670,"publics - domaniales","dans PNR","difficile",0,14
1448079,"publics - domaniales","dans PNR","moyenne",0,18
279889,"publics - domaniales","hors PNR",NA,0,8
143508,"publis - communales","dans PNR",NA,0,16
581530,"publis - communales","hors PNR","facile",0,8
1017672,"publis - communales","dans PNR","très facile",0,16
1510162,"publics - domaniales","hors PNR","facile",0,15
864269,"privé - sans psg","hors PNR","difficile",0,31
368465,"privé - psg","hors PNR","difficile",0,16
1638717,"privé - sans psg","dans PNR","moyenne",0,14
808225,"publics - domaniales","dans PNR","très facile",0,16
1911332,"publics - domaniales","dans PNR","facile",0,19
1647745,"publics - domaniales","dans PNR","moyenne",0,16
1810023,"publis - communales","hors PNR","difficile",0,22
1939888,"privé - sans psg","dans PNR","facile",0,20
1905314,"publis - communales","dans PNR","difficile",0,15
259809,"publis - communales","dans PNR",NA,0,11
834912,"publics - domaniales","dans PNR","très facile",0,16
832241,"privé - sans psg","hors PNR","très facile",0,18
922863,"privé - sans psg","dans PNR","moyenne",0,16
1617349,"publics - domaniales","hors PNR","difficile",0,17
1452614,"publis - communales","dans PNR","difficile",0,17
275639,"publics - domaniales","dans PNR",NA,0,12
1341294,"privé - sans psg","hors PNR","facile",0,23
1521205,"publics - domaniales","dans PNR","difficile",0,10
521314,"privé - sans psg","hors PNR","difficile",0,13
1007176,"privé - sans psg","dans PNR","difficile",0,14
2043079,"publics - domaniales","dans PNR","moyenne",0,31
1918016,"publis - communales","dans PNR","difficile",0,14
413718,"publis - communales","dans PNR","très facile",0,25
1208733,"privé - sans psg","hors PNR","difficile",0,18
565851,"publis - communales","dans PNR","difficile",0,15
816997,"publis - communales","hors PNR","très facile",0,2
419864,"publis - communales","dans PNR","difficile",0,11
1609356,"privé - sans psg","hors PNR","très facile",0,14
961649,"publis - communales","hors PNR","difficile",0,23
1002259,"privé - sans psg","hors PNR","facile",0,18
1332017,"publics - domaniales","dans PNR","difficile",0,11
764866,"publics - domaniales","hors PNR","très facile",0,2
45663,"publics - domaniales","hors PNR",NA,0,13
1301703,"privé - sans psg","hors PNR","difficile",0,13
32374,"publis - communales","hors PNR",NA,0,11
959565,"publis - communales","dans PNR","difficile",0,6
1207022,"publics - domaniales","hors PNR","facile",0,21
1948455,"publis - communales","dans PNR","difficile",0,10
1600436,"publics - domaniales","hors PNR","facile",0,9
701794,"publics - domaniales","hors PNR","difficile",0,12
538610,"publis - communales","dans PNR","difficile",0,15
1831877,"publics - domaniales","hors PNR","facile",0,9
1549769,"publics - domaniales","dans PNR","difficile",0,13
1421796,"publis - communales","dans PNR","difficile",0,7
861264,"publics - domaniales","dans PNR","moyenne",0,25
1218954,"publics - domaniales","hors PNR","difficile",0,17
719799,"publis - communales","dans PNR","facile",0,9
1429161,"publics - domaniales","hors PNR","difficile",0,7
1724785,"privé - sans psg","dans PNR","difficile",0,17
445668,"privé - psg","hors PNR","facile",0,31
1000632,"privé - sans psg","dans PNR","facile",0,23
651677,"publics - domaniales","dans PNR","très facile",0,9
2015939,"publis - communales","dans PNR","difficile",0,9
259132,"privé - sans psg","dans PNR",NA,0,13
120143,"privé - sans psg","dans PNR",NA,0,11
1736585,"publics - domaniales","hors PNR","difficile",0,20
778068,"privé - sans psg","hors PNR","facile",0,3
1107499,"publics - domaniales","dans PNR","difficile",0,8
1815696,"publics - domaniales","dans PNR","difficile",0,15
647611,"privé - sans psg","hors PNR","facile",0,5
677559,"publics - domaniales","hors PNR","difficile",0,15
1436090,"publics - domaniales","hors PNR","facile",0,12
39425,"publis - communales","dans PNR",NA,0,10
1842837,"publis - communales","dans PNR","facile",0,7
1108784,"privé - sans psg","dans PNR","difficile",0,3
1642816,"privé - sans psg","hors PNR","facile",0,8
253992,"privé - sans psg","dans PNR",NA,0,2
1550786,"publis - communales","hors PNR","difficile",0,7
1824482,"privé - sans psg","dans PNR","difficile",0,4
1451513,"publics - domaniales","dans PNR","très facile",0,7
431890,"privé - sans psg","dans PNR","difficile",0,13
1735684,"publics - domaniales","dans PNR","facile",0,4
1614533,"publis - communales","dans PNR","moyenne",0,12
1642631,"publis - communales","hors PNR","très facile",0,16
1533736,"privé - sans psg","hors PNR","très facile",0,8
212916,"privé - sans psg","hors PNR",NA,0,19
279630,"publics - domaniales","hors PNR",NA,0,8
532839,"publics - domaniales","hors PNR","facile",0,13
1507775,"privé - sans psg","hors PNR","très facile",0,21
1636653,"privé - sans psg","dans PNR","difficile",0,13
854752,"privé - psg","dans PNR","difficile",0,12
641378,"publics - domaniales","hors PNR","facile",0,8
41796,"publics - domaniales","dans PNR",NA,0,12
2022195,"publis - communales","dans PNR","difficile",0,18
331857,"publics - domaniales","hors PNR","difficile",0,9
132583,"publis - communales","dans PNR",NA,0,20
2037351,"privé - sans psg","dans PNR","facile",0,4
845257,"privé - sans psg","dans PNR","très facile",0,13
19423,"privé - psg","hors PNR",NA,0,15
220108,"privé - psg","dans PNR",NA,0,6
45254,"privé - psg","dans PNR",NA,0,22
1930460,"publis - communales","dans PNR","difficile",0,13
1105913,"publis - communales","dans PNR","difficile",0,8
1924328,"privé - sans psg","dans PNR","difficile",0,6
467639,"privé - sans psg","hors PNR","très facile",0,7
1004951,"publis - communales","hors PNR","difficile",0,19
725659,"publis - communales","dans PNR","très facile",0,16
219069,"publis - communales","hors PNR",NA,0,7
453700,"publis - communales","hors PNR","difficile",0,11
1347604,"privé - psg","dans PNR","difficile",0,6
244954,"publics - domaniales","dans PNR",NA,0,12
1940975,"publics - domaniales","dans PNR","facile",0,6
656812,"publis - communales","hors PNR","difficile",0,19
962953,"privé - sans psg","hors PNR","facile",0,20
411638,"publis - communales","dans PNR","difficile",0,6
239633,"privé - sans psg","dans PNR",NA,0,8
1103441,"publis - communales","hors PNR","difficile",0,14
1754333,"publis - communales","dans PNR","facile",0,14
1824953,"publis - communales","dans PNR","moyenne",0,12
152787,"publis - communales","hors PNR",NA,0,13
522840,"publis - communales","dans PNR","difficile",0,23
25324,"publics - domaniales","hors PNR",NA,0,10
1008488,"privé - sans psg","dans PNR","moyenne",0,21
735663,"privé - sans psg","dans PNR","difficile",0,8
1402306,"privé - sans psg","dans PNR","facile",0,10
466362,"privé - sans psg","dans PNR","difficile",0,38
1801887,"publis - communales","dans PNR","difficile",0,17
564804,"publis - communales","dans PNR","difficile",0,11
1333878,"privé - sans psg","dans PNR","facile",0,9
1952975,"publis - communales","dans PNR","difficile",0,18
380219,"publics - domaniales","hors PNR","facile",0,12
1827016,"privé - psg","hors PNR","difficile",0,13
1824372,"privé - sans psg","dans PNR","facile",0,10
808815,"publis - communales","hors PNR","très facile",0,19
864019,"publis - communales","dans PNR","moyenne",0,11
44284,"publis - communales","hors PNR",NA,0,14
706016,"publics - domaniales","hors PNR","très facile",0,21
1408261,"publics - domaniales","hors PNR","difficile",0,15
508289,"privé - sans psg","hors PNR","moyenne",0,8
921106,"privé - sans psg","dans PNR","difficile",0,14
729414,"publis - communales","hors PNR","très facile",0,5
1428840,"privé - sans psg","dans PNR","très facile",0,8
1111156,"publis - communales","dans PNR","difficile",0,14
1521368,"publis - communales","dans PNR","difficile",0,28
150073,"privé - sans psg","dans PNR",NA,0,2
1213546,"publis - communales","dans PNR","difficile",0,8
1215313,"privé - sans psg","hors PNR","très facile",0,19
863784,"privé - sans psg","hors PNR","difficile",0,21
458017,"publics - domaniales","dans PNR","difficile",0,15
525482,"privé - sans psg","dans PNR","très facile",0,17
344431,"publis - communales","dans PNR","difficile",0,19
52622,"privé - sans psg","dans PNR",NA,0,15
8522,"privé - sans psg","dans PNR",NA,0,4
470095,"publis - communales","dans PNR","facile",0,27
1410530,"publis - communales","hors PNR","difficile",0,12
974367,"publis - communales","dans PNR","difficile",0,14
1708309,"publis - communales","hors PNR","facile",0,19
712485,"privé - sans psg","dans PNR","très facile",0,15
1631952,"privé - psg","dans PNR","difficile",0,10
1429970,"publics - domaniales","dans PNR","difficile",0,11
1519094,"privé - psg","dans PNR","très facile",0,8
618987,"publis - communales","hors PNR","difficile",0,19
131806,"publis - communales","dans PNR",NA,0,21
2033146,"publis - communales","dans PNR","difficile",0,15
12179,"publis - communales","dans PNR",NA,0,10
49099,"privé - sans psg","hors PNR",NA,0,14
1717764,"privé - psg","dans PNR","difficile",0,15
423219,"publis - communales","dans PNR","difficile",0,24
516780,"publis - communales","dans PNR","difficile",0,20
1549904,"privé - sans psg","dans PNR","difficile",0,22
118496,"privé - psg","hors PNR",NA,0,13
312036,"publis - communales","hors PNR","facile",0,14
135516,"publics - domaniales","hors PNR",NA,0,16
1706022,"privé - sans psg","hors PNR","difficile",0,4
1537427,"publis - communales","hors PNR","difficile",0,17
1443800,"privé - sans psg","dans PNR","difficile",0,9
627162,"publis - communales","dans PNR","facile",0,9
1337262,"privé - psg","hors PNR","difficile",0,9
654618,"privé - sans psg","dans PNR","difficile",0,23
430517,"privé - sans psg","dans PNR","facile",0,18
809215,"publics - domaniales","hors PNR","très facile",0,11
1338234,"privé - psg","hors PNR","difficile",0,14
740332,"privé - psg","hors PNR","facile",0,16
1027568,"publis - communales","dans PNR","difficile",0,11
119759,"publics - domaniales","hors PNR",NA,0,2
721886,"privé - sans psg","hors PNR","facile",0,11
1510213,"publis - communales","hors PNR","moyenne",0,8
2018152,"publics - domaniales","dans PNR","facile",0,15
204205,"publis - communales","dans PNR",NA,0,16
126128,"publis - communales","hors PNR",NA,0,8
1628528,"privé - sans psg","dans PNR","moyenne",0,8
1704200,"privé - sans psg","hors PNR","facile",0,30
365646,"publis - communales","dans PNR","difficile",0,16
1016074,"publis - communales","dans PNR","difficile",0,24
1643210,"publis - communales","dans PNR","difficile",0,8
407148,"publics - domaniales","dans PNR","difficile",0,14
100155,"publis - communales","hors PNR",NA,0,15
209668,"publics - domaniales","hors PNR",NA,0,5
1541763,"publis - communales","dans PNR","moyenne",0,14
1639513,"publis - communales","hors PNR","facile",0,2
1350248,"privé - sans psg","hors PNR","difficile",0,15
1101732,"publics - domaniales","dans PNR","difficile",0,13
359812,"publis - communales","hors PNR","difficile",0,20
1009466,"privé - sans psg","dans PNR","facile",0,27
1018216,"privé - sans psg","dans PNR","difficile",0,17
944710,"publis - communales","dans PNR","difficile",0,13
2016787,"publics - domaniales","dans PNR","difficile",0,24
613106,"privé - sans psg","dans PNR","moyenne",0,12
8318,"publics - domaniales","dans PNR",NA,0,12
1826095,"privé - sans psg","dans PNR","moyenne",0,21
825309,"publics - domaniales","hors PNR","très facile",0,15
146775,"privé - sans psg","dans PNR",NA,0,28
319653,"publis - communales","dans PNR","facile",0,13
512310,"privé - sans psg","hors PNR","très facile",0,10
464677,"privé - sans psg","dans PNR","difficile",0,16
827923,"publics - domaniales","dans PNR","difficile",0,15
849551,"privé - sans psg","hors PNR","très facile",0,2
1126700,"publis - communales","dans PNR","difficile",0,12
658061,"publis - communales","dans PNR","très facile",0,18
1450613,"publics - domaniales","hors PNR","difficile",0,7
763896,"publis - communales","dans PNR","très facile",0,5
359147,"privé - sans psg","hors PNR","moyenne",0,7
105860,"privé - psg","hors PNR",NA,0,7
1740801,"publics - domaniales","hors PNR","facile",0,28
310631,"publics - domaniales","hors PNR","difficile",0,10
1938532,"publis - communales","hors PNR","difficile",0,9
350552,"publics - domaniales","dans PNR","moyenne",0,4
668877,"publis - communales","dans PNR","difficile",0,9
141493,"publics - domaniales","dans PNR",NA,0,12
1614643,"publis - communales","hors PNR","facile",0,23
2019537,"publis - communales","hors PNR","difficile",0,8
672506,"privé - sans psg","dans PNR","très facile",0,5
1104047,"publis - communales","hors PNR","facile",0,6
2018913,"publics - domaniales","hors PNR","difficile",0,20
833131,"publics - domaniales","dans PNR","très facile",0,8
1921014,"publis - communales","hors PNR","difficile",0,9
1750160,"privé - sans psg","dans PNR","difficile",0,13
2022171,"privé - sans psg","dans PNR","moyenne",0,13
1935412,"publis - communales","hors PNR","facile",0,15
1949090,"publics - domaniales","dans PNR","difficile",0,10
560071,"publics - domaniales","dans PNR","facile",0,20
1835504,"publics - domaniales","hors PNR","difficile",0,1
1535792,"privé - sans psg","dans PNR","difficile",0,2
1343366,"privé - sans psg","dans PNR","facile",0,22
974846,"privé - sans psg","hors PNR","facile",0,16
1829332,"publics - domaniales","hors PNR","difficile",0,17
741051,"publis - communales","hors PNR","difficile",0,8
1843033,"publis - communales","dans PNR","difficile",0,18
416112,"privé - sans psg","hors PNR","difficile",0,26
45891,"publics - domaniales","hors PNR",NA,0,9
1117705,"publis - communales","hors PNR","moyenne",0,15
1904936,"privé - psg","dans PNR","difficile",0,15
1631214,"privé - sans psg","dans PNR","très facile",0,15
1516986,"privé - sans psg","dans PNR","très facile",0,19
227155,"privé - sans psg","dans PNR",NA,0,17
969871,"publis - communales","hors PNR","moyenne",0,16
455065,"publics - domaniales","hors PNR","difficile",0,9
333150,"publis - communales","hors PNR","moyenne",0,4
770261,"privé - psg","dans PNR","difficile",0,9
1720398,"publics - domaniales","hors PNR","très facile",0,11
1891,"publics - domaniales","dans PNR",NA,0,11
1804508,"publics - domaniales","hors PNR","difficile",0,10
1506574,"publis - communales","hors PNR","très facile",0,23
1932643,"publis - communales","hors PNR","facile",0,16
846473,"publis - communales","dans PNR","facile",0,3
1425166,"privé - sans psg","hors PNR","très facile",0,15
1346267,"publis - communales","dans PNR","difficile",0,11
1904040,"privé - sans psg","dans PNR","facile",0,1
1734215,"publis - communales","dans PNR","difficile",0,13
1518385,"publics - domaniales","dans PNR","difficile",0,15
1432414,"privé - psg","dans PNR","très facile",0,18
551197,"publis - communales","dans PNR","difficile",0,21
1954823,"privé - psg","hors PNR","moyenne",0,16
1447498,"publics - domaniales","hors PNR","moyenne",0,10
972456,"publics - domaniales","hors PNR","facile",0,8
153921,"publis - communales","hors PNR",NA,0,8
1636666,"publics - domaniales","dans PNR","très facile",0,3
1850581,"privé - sans psg","dans PNR","difficile",0,9
779810,"publis - communales","dans PNR","difficile",0,16
1626920,"publics - domaniales","hors PNR","très facile",0,4
135741,"privé - psg","dans PNR",NA,0,11
2553,"publics - domaniales","dans PNR",NA,0,13
319367,"privé - sans psg","hors PNR","difficile",0,20
1527442,"publics - domaniales","hors PNR","très facile",0,9
2018897,"privé - psg","dans PNR","difficile",0,11
1018252,"privé - psg","hors PNR","moyenne",0,7
619262,"publis - communales","hors PNR","très facile",0,1
1013884,"publis - communales","dans PNR","difficile",0,17
1448086,"publics - domaniales","dans PNR","très facile",0,12
1417959,"publis - communales","hors PNR","difficile",0,7
827469,"publis - communales","hors PNR","facile",0,9
848797,"publis - communales","hors PNR","très facile",0,22
850719,"publis - communales","hors PNR","facile",0,16
615132,"privé - psg","hors PNR","difficile",0,10
1230682,"publics - domaniales","dans PNR","difficile",0,11
1321020,"publis - communales","dans PNR","facile",0,7
941333,"privé - sans psg","dans PNR","difficile",0,12
1843788,"publis - communales","dans PNR","difficile",0,14
1026419,"publics - domaniales","hors PNR","très facile",0,11
921260,"privé - sans psg","hors PNR","moyenne",0,25
1128059,"publis - communales","hors PNR","facile",0,12
1111962,"publics - domaniales","dans PNR","difficile",0,10
2053095,"publics - domaniales","hors PNR","moyenne",0,24
1318306,"privé - sans psg","hors PNR","facile",0,25
1020903,"privé - sans psg","dans PNR","facile",0,21
231691,"publis - communales","hors PNR",NA,0,19
1949841,"publics - domaniales","hors PNR","très facile",0,12
604777,"publics - domaniales","dans PNR","difficile",0,11
504592,"publics - domaniales","dans PNR","difficile",0,8
259501,"privé - psg","hors PNR",NA,0,22
1646068,"publics - domaniales","dans PNR","difficile",0,2
128892,"publis - communales","hors PNR",NA,0,18
1725999,"publis - communales","dans PNR","moyenne",0,21
1336297,"publics - domaniales","hors PNR","difficile",0,14
1634297,"privé - sans psg","dans PNR","difficile",0,17
910012,"privé - psg","hors PNR","difficile",0,23
1634670,"privé - sans psg","dans PNR","difficile",0,37
145291,"publis - communales","dans PNR",NA,0,18
773149,"privé - sans psg","dans PNR","moyenne",0,5
1202532,"publics - domaniales","hors PNR","facile",0,12
1102246,"privé - sans psg","dans PNR","facile",0,11
35247,"publis - communales","dans PNR",NA,0,16
122764,"privé - psg","hors PNR",NA,0,8
434486,"privé - sans psg","dans PNR","facile",0,19
1741127,"publis - communales","hors PNR","difficile",0,14
1102439,"privé - sans psg","hors PNR","très facile",0,18
1713489,"publis - communales","dans PNR","moyenne",0,15
1937448,"publis - communales","dans PNR","difficile",0,14
2049512,"publis - communales","dans PNR","moyenne",0,11
1027704,"publis - communales","dans PNR","difficile",0,3
874348,"privé - psg","hors PNR","très facile",0,7
2016492,"publics - domaniales","dans PNR","très facile",0,19
1849252,"publis - communales","dans PNR","difficile",0,16
1452941,"publics - domaniales","dans PNR","moyenne",0,27
948295,"privé - psg","dans PNR","difficile",0,15
1433669,"publis - communales","hors PNR","très facile",0,7
2003263,"privé - sans psg","hors PNR","très facile",0,14
1516941,"privé - sans psg","dans PNR","difficile",0,20
13765,"publis - communales","hors PNR",NA,0,6
314861,"publis - communales","dans PNR","difficile",0,17
805020,"privé - sans psg","hors PNR","facile",0,18
701937,"publics - domaniales","hors PNR","facile",0,2
1606626,"privé - sans psg","dans PNR","facile",0,13
518587,"privé - sans psg","hors PNR","facile",0,17
702983,"publis - communales","dans PNR","très facile",0,16
1731703,"publics - domaniales","hors PNR","facile",0,18
1515578,"publics - domaniales","hors PNR","difficile",0,12
1224948,"privé - sans psg","hors PNR","facile",0,9
1010162,"publics - domaniales","hors PNR","difficile",0,15
118870,"publis - communales","hors PNR",NA,0,11
9859,"privé - sans psg","dans PNR",NA,0,18
525657,"privé - sans psg","dans PNR","facile",0,8
245024,"publics - domaniales","dans PNR",NA,0,2
125179,"publics - domaniales","hors PNR",NA,0,13
1215414,"publics - domaniales","dans PNR","difficile",0,13
349220,"privé - sans psg","dans PNR","facile",0,13
1752146,"publis - communales","hors PNR","très facile",0,8
1801441,"publis - communales","hors PNR","difficile",0,17
106519,"publis - communales","hors PNR",NA,0,11
722455,"publics - domaniales","dans PNR","très facile",0,12
1314756,"publis - communales","hors PNR","difficile",0,13
1733907,"publis - communales","dans PNR","difficile",0,14
1744993,"publics - domaniales","hors PNR","facile",0,9
1915989,"privé - psg","hors PNR","très facile",0,12
121896,"privé - psg","dans PNR",NA,0,8
1009253,"publics - domaniales","hors PNR","facile",0,6
1524963,"publis - communales","hors PNR","facile",0,12
1215873,"publis - communales","dans PNR","difficile",0,8
1306297,"publis - communales","dans PNR","difficile",0,21
1909152,"publis - communales","dans PNR","difficile",0,15
1413773,"publics - domaniales","hors PNR","moyenne",0,16
1331218,"privé - sans psg","dans PNR","facile",0,4
2022970,"privé - sans psg","dans PNR","difficile",0,21
104232,"publics - domaniales","hors PNR",NA,0,22
2018678,"publis - communales","hors PNR","difficile",0,19
1620578,"privé - psg","hors PNR","facile",0,16
330807,"privé - psg","dans PNR","difficile",0,12
1535586,"publics - domaniales","hors PNR","facile",0,13
608148,"publics - domaniales","dans PNR","très facile",0,9
862678,"publis - communales","dans PNR","difficile",0,24
1809172,"privé - sans psg","dans PNR","difficile",0,19
917990,"publics - domaniales","hors PNR","difficile",0,12
1444316,"publics - domaniales","dans PNR","très facile",0,18
1130434,"privé - sans psg","dans PNR","très facile",0,22
872756,"publics - domaniales","hors PNR","difficile",0,8
1631647,"privé - psg","dans PNR","difficile",0,20
759660,"publics - domaniales","dans PNR","facile",0,9
271391,"privé - sans psg","hors PNR",NA,0,5
416119,"privé - sans psg","hors PNR","facile",0,9
374826,"privé - sans psg","dans PNR","facile",0,11
1916452,"publics - domaniales","dans PNR","difficile",0,11
608915,"publis - communales","dans PNR","difficile",0,21
441318,"publis - communales","hors PNR","difficile",0,13
252440,"privé - sans psg","dans PNR",NA,0,10
439048,"publics - domaniales","dans PNR","difficile",0,11
2022841,"privé - sans psg","dans PNR","difficile",0,7
2031924,"publis - communales","dans PNR","difficile",0,14
519629,"publis - communales","dans PNR","difficile",0,7
1336091,"publics - domaniales","hors PNR","moyenne",0,9
1649554,"publics - domaniales","dans PNR","moyenne",0,18
450117,"publis - communales","dans PNR","très facile",0,28
1711089,"privé - sans psg","hors PNR","facile",0,10
49105,"publics - domaniales","hors PNR",NA,0,11
546122,"privé - sans psg","dans PNR","difficile",0,11
236230,"publics - domaniales","hors PNR",NA,0,10
1926955,"privé - sans psg","hors PNR","moyenne",0,25
230270,"publis - communales","dans PNR",NA,0,10
1905539,"publics - domaniales","hors PNR","moyenne",0,17
1223694,"privé - sans psg","dans PNR","difficile",0,17
329672,"privé - sans psg","dans PNR","facile",0,26
1336899,"privé - psg","hors PNR","facile",0,17
1221269,"publics - domaniales","dans PNR","difficile",0,11
1210451,"privé - sans psg","dans PNR","difficile",0,21
1453740,"publis - communales","hors PNR","difficile",0,10
276932,"privé - sans psg","dans PNR",NA,0,1
1711464,"publis - communales","dans PNR","difficile",0,16
467070,"publis - communales","hors PNR","facile",0,13
1354500,"privé - sans psg","dans PNR","très facile",0,21
529060,"publis - communales","dans PNR","facile",0,15
1903311,"publis - communales","dans PNR","moyenne",0,14
2019113,"publis - communales","hors PNR","facile",0,21
319855,"publics - domaniales","dans PNR","facile",0,8
1217034,"privé - sans psg","hors PNR","très facile",0,12
379801,"publics - domaniales","dans PNR","difficile",0,9
1228486,"publics - domaniales","hors PNR","facile",0,9
1209141,"publis - communales","hors PNR","difficile",0,6
666727,"privé - psg","dans PNR","très facile",0,17
1437645,"publis - communales","dans PNR","facile",0,24
1644333,"publis - communales","hors PNR","difficile",0,8
100393,"publics - domaniales","hors PNR",NA,0,18
1540886,"publics - domaniales","dans PNR","difficile",0,5
472596,"publis - communales","hors PNR","très facile",0,6
38656,"publis - communales","dans PNR",NA,0,13
1202155,"publis - communales","dans PNR","difficile",0,14
1017819,"publis - communales","dans PNR","difficile",0,3
1920222,"publics - domaniales","dans PNR","difficile",0,12
744174,"privé - sans psg","dans PNR","moyenne",0,25
606873,"privé - sans psg","dans PNR","très facile",0,20
832958,"publics - domaniales","dans PNR","très facile",0,18
1502114,"publis - communales","dans PNR","difficile",0,14
2043336,"publis - communales","hors PNR","difficile",0,4
1335115,"publics - domaniales","hors PNR","difficile",0,3
1126967,"privé - sans psg","hors PNR","difficile",0,9
1648859,"publics - domaniales","hors PNR","difficile",0,15
1416578,"privé - sans psg","dans PNR","moyenne",0,13
1018993,"privé - sans psg","dans PNR","difficile",0,11
1208894,"privé - sans psg","dans PNR","difficile",0,11
1216272,"publics - domaniales","dans PNR","moyenne",0,13
1208911,"privé - sans psg","hors PNR","difficile",0,14
1217956,"publics - domaniales","hors PNR","difficile",0,15
1519302,"publis - communales","dans PNR","facile",0,19
25268,"publis - communales","dans PNR",NA,0,14
505213,"publis - communales","hors PNR","difficile",0,14
329023,"publis - communales","hors PNR","difficile",0,12
2017545,"publis - communales","hors PNR","facile",0,14
406543,"publis - communales","hors PNR","facile",0,1
1346712,"publis - communales","hors PNR","difficile",0,8
1605912,"publis - communales","dans PNR","difficile",0,32
523641,"privé - sans psg","hors PNR","difficile",0,13
1222733,"privé - sans psg","dans PNR","très facile",0,14
1336076,"privé - sans psg","dans PNR","difficile",0,17
2045024,"publics - domaniales","hors PNR","facile",0,16
1347440,"publics - domaniales","hors PNR","difficile",0,17
636103,"privé - sans psg","hors PNR","très facile",0,20
669604,"publis - communales","hors PNR","difficile",0,22
2028004,"publis - communales","dans PNR","difficile",0,14
512142,"publis - communales","dans PNR","difficile",0,11
1453603,"publics - domaniales","dans PNR","difficile",0,13
616539,"privé - sans psg","dans PNR","très facile",0,14
360051,"privé - sans psg","dans PNR","difficile",0,6
958021,"privé - sans psg","dans PNR","très facile",0,12
572543,"publis - communales","hors PNR","difficile",0,7
2033245,"privé - sans psg","hors PNR","difficile",0,16
1544268,"publis - communales","hors PNR","difficile",0,15
1629186,"publics - domaniales","dans PNR","très facile",0,14
866664,"publis - communales","dans PNR","difficile",0,20
854318,"publics - domaniales","dans PNR","facile",0,20
650827,"publics - domaniales","hors PNR","difficile",0,27
1030308,"privé - sans psg","dans PNR","très facile",0,24
871946,"privé - sans psg","hors PNR","facile",0,5
456823,"publis - communales","hors PNR","facile",0,6
852645,"privé - sans psg","hors PNR","facile",0,18
1950074,"publis - communales","hors PNR","facile",0,20
622922,"privé - psg","dans PNR","moyenne",0,8
106152,"publis - communales","dans PNR",NA,0,11
1018468,"publics - domaniales","hors PNR","facile",0,4
613178,"privé - sans psg","dans PNR","difficile",0,4
458926,"privé - sans psg","dans PNR","difficile",0,19
1314747,"publis - communales","dans PNR","difficile",0,7
1942000,"publis - communales","hors PNR","très facile",0,25
38489,"publis - communales","dans PNR",NA,0,4
680461,"publis - communales","dans PNR","facile",0,12
1946267,"publis - communales","hors PNR","moyenne",0,11
2006963,"privé - sans psg","hors PNR","moyenne",0,16
1920883,"publis - communales","hors PNR","facile",0,14
2022867,"privé - sans psg","hors PNR","facile",0,21
1849864,"privé - sans psg","dans PNR","difficile",0,29
1100794,"publics - domaniales","dans PNR","moyenne",0,10
1021618,"publics - domaniales","hors PNR","très facile",0,12
1937365,"publis - communales","dans PNR","facile",0,16
1909668,"publics - domaniales","dans PNR","difficile",0,13
1707345,"publics - domaniales","hors PNR","difficile",0,10
363104,"publics - domaniales","dans PNR","difficile",0,8
1748236,"publics - domaniales","hors PNR","très facile",0,8
2031385,"publics - domaniales","hors PNR","difficile",0,14
871652,"publis - communales","dans PNR","difficile",0,16
1026303,"privé - psg","hors PNR","facile",0,8
134325,"publics - domaniales","dans PNR",NA,0,6
1829416,"publis - communales","dans PNR","difficile",0,27
873921,"publics - domaniales","dans PNR","très facile",0,11
1213876,"publis - communales","dans PNR","facile",0,18
1126777,"privé - sans psg","hors PNR","facile",0,9
1652671,"publis - communales","dans PNR","difficile",0,14
2004389,"publics - domaniales","hors PNR","facile",0,11
1927017,"publics - domaniales","hors PNR","difficile",0,28
333661,"privé - psg","hors PNR","très facile",0,18
1746811,"privé - sans psg","hors PNR","facile",0,16
2029496,"publics - domaniales","hors PNR","difficile",0,11
1932814,"publics - domaniales","hors PNR","facile",0,11
1851639,"publis - communales","dans PNR","facile",0,3
226619,"privé - sans psg","hors PNR",NA,0,14
1635081,"privé - sans psg","dans PNR","facile",0,15
1613087,"privé - sans psg","hors PNR","très facile",0,11
1002168,"publics - domaniales","hors PNR","difficile",0,12
1031100,"publis - communales","dans PNR","difficile",0,11
1606071,"publis - communales","dans PNR","difficile",0,14
456304,"privé - sans psg","dans PNR","moyenne",0,3
938536,"privé - sans psg","hors PNR","moyenne",0,8
1713476,"publics - domaniales","dans PNR","facile",0,15
1800127,"privé - psg","hors PNR","très facile",0,13
1639012,"publis - communales","hors PNR","facile",0,14
1017973,"publis - communales","hors PNR","facile",0,21
564466,"publis - communales","hors PNR","difficile",0,17
2018510,"privé - sans psg","dans PNR","difficile",0,18
1809768,"publics - domaniales","dans PNR","très facile",0,12
1611179,"publis - communales","hors PNR","très facile",0,17
1913963,"publics - domaniales","dans PNR","difficile",0,13
1213941,"privé - sans psg","hors PNR","difficile",0,15
871292,"privé - sans psg","dans PNR","facile",0,24
1445107,"publis - communales","hors PNR","difficile",0,14
1351822,"privé - sans psg","dans PNR","difficile",0,19
1229683,"publis - communales","hors PNR","très facile",0,13
955566,"publis - communales","hors PNR","facile",0,12
1718408,"publis - communales","dans PNR","difficile",0,19
419182,"publics - domaniales","dans PNR","difficile",0,31
1539098,"publis - communales","hors PNR","facile",0,11
522814,"privé - sans psg","hors PNR","très facile",0,21
1111553,"privé - sans psg","dans PNR","moyenne",0,25
2047390,"publics - domaniales","hors PNR","moyenne",0,17
1823119,"publics - domaniales","hors PNR","difficile",0,11
1104216,"privé - sans psg","dans PNR","moyenne",0,12
441730,"publis - communales","dans PNR","difficile",0,17
1947194,"publics - domaniales","dans PNR","facile",0,18
114572,"publics - domaniales","hors PNR",NA,0,10
1131321,"publics - domaniales","dans PNR","très facile",0,9
1732359,"privé - sans psg","dans PNR","difficile",0,14
406607,"privé - psg","dans PNR","difficile",0,16
1735359,"publis - communales","hors PNR","facile",0,13
1221733,"privé - sans psg","dans PNR","difficile",0,19
858463,"privé - psg","hors PNR","facile",0,2
205744,"publis - communales","dans PNR",NA,0,9
1444201,"privé - sans psg","dans PNR","très facile",0,11
1321552,"publis - communales","dans PNR","difficile",0,4
945255,"publis - communales","dans PNR","très facile",0,8
1503533,"privé - sans psg","dans PNR","très facile",0,2
1926811,"publis - communales","hors PNR","très facile",0,11
511986,"privé - sans psg","dans PNR","facile",0,20
814880,"privé - sans psg","dans PNR","difficile",0,7
1939374,"privé - sans psg","dans PNR","facile",0,19
463404,"privé - sans psg","hors PNR","facile",0,12
544515,"privé - sans psg","hors PNR","difficile",0,30
1504785,"privé - sans psg","hors PNR","facile",0,9
2033422,"publics - domaniales","hors PNR","difficile",0,1
573168,"publis - communales","hors PNR","moyenne",0,10
1219544,"publics - domaniales","hors PNR","difficile",0,7
217944,"privé - psg","hors PNR",NA,0,25
474782,"privé - sans psg","dans PNR","facile",0,17
1630082,"publics - domaniales","hors PNR","facile",0,26
659059,"publis - communales","hors PNR","difficile",0,34
1807803,"publis - communales","hors PNR","très facile",0,12
725379,"publis - communales","hors PNR","facile",0,26
953093,"publics - domaniales","dans PNR","difficile",0,15
411287,"privé - sans psg","hors PNR","difficile",0,3
1104678,"publis - communales","hors PNR","facile",0,9
16187,"privé - sans psg","dans PNR",NA,0,1
16326,"privé - sans psg","dans PNR",NA,0,6
651028,"privé - sans psg","dans PNR","difficile",0,28
730871,"privé - sans psg","dans PNR","très facile",0,10
636996,"publis - communales","hors PNR","difficile",0,2
305863,"privé - sans psg","hors PNR","difficile",0,3
1847387,"publis - communales","dans PNR","facile",0,16
1424576,"publics - domaniales","hors PNR","facile",0,6
119965,"privé - sans psg","dans PNR",NA,0,2
1450830,"publics - domaniales","hors PNR","facile",0,27
1308470,"publis - communales","hors PNR","difficile",0,12
114483,"publis - communales","dans PNR",NA,0,14
1419799,"publis - communales","dans PNR","difficile",0,25
140313,"privé - sans psg","dans PNR",NA,0,21
865439,"publis - communales","hors PNR","très facile",0,9
944620,"publics - domaniales","dans PNR","difficile",0,8
1812460,"privé - sans psg","hors PNR","moyenne",0,24
562021,"privé - sans psg","dans PNR","difficile",0,21
1852990,"publis - communales","hors PNR","difficile",0,17
1520964,"privé - psg","dans PNR","difficile",0,6
1431192,"privé - psg","hors PNR","très facile",0,4
712867,"publis - communales","hors PNR","facile",0,20
1003660,"publis - communales","hors PNR","difficile",0,39
1734957,"publis - communales","dans PNR","très facile",0,14
1704847,"publis - communales","dans PNR","difficile",0,18
1645351,"publis - communales","dans PNR","difficile",0,3
1353393,"privé - sans psg","hors PNR","facile",0,10
261343,"publis - communales","dans PNR",NA,0,9
105268,"privé - sans psg","dans PNR",NA,0,21
1826075,"privé - sans psg","hors PNR","difficile",0,9
1731030,"publics - domaniales","dans PNR","très facile",0,8
1738160,"publics - domaniales","hors PNR","facile",0,11
2044922,"privé - sans psg","dans PNR","difficile",0,11
24292,"privé - sans psg","dans PNR",NA,0,7
617935,"publics - domaniales","dans PNR","moyenne",0,1
701923,"publics - domaniales","hors PNR","facile",0,16
1801091,"publis - communales","dans PNR","difficile",0,6
1630331,"publis - communales","hors PNR","difficile",0,15
1546585,"publis - communales","hors PNR","moyenne",0,11
1946701,"publics - domaniales","dans PNR","très facile",0,11
6243,"publics - domaniales","dans PNR",NA,0,10
2022668,"publis - communales","hors PNR","difficile",0,19
1210544,"publis - communales","dans PNR","difficile",0,9
1229944,"privé - psg","dans PNR","moyenne",0,1
1847969,"publics - domaniales","dans PNR","difficile",0,13
1337670,"publics - domaniales","dans PNR","difficile",0,5
918964,"privé - sans psg","dans PNR","moyenne",0,10
641271,"publis - communales","dans PNR","très facile",0,22
2025235,"publis - communales","dans PNR","difficile",0,13
919102,"privé - sans psg","dans PNR","difficile",0,15
1326028,"publis - communales","dans PNR","difficile",0,11
564273,"privé - psg","dans PNR","facile",0,19
1932482,"privé - sans psg","dans PNR","difficile",0,9
403739,"publis - communales","dans PNR","difficile",0,16
2045383,"privé - psg","hors PNR","facile",0,13
1801252,"publics - domaniales","dans PNR","difficile",0,18
350758,"publis - communales","dans PNR","difficile",0,5
477686,"publis - communales","dans PNR","difficile",0,12
1515684,"publis - communales","hors PNR","facile",0,11
1646972,"publis - communales","hors PNR","difficile",0,9
1107052,"publics - domaniales","dans PNR","très facile",0,12
1731957,"publics - domaniales","dans PNR","facile",0,32
101696,"privé - sans psg","dans PNR",NA,0,10
320154,"publics - domaniales","hors PNR","facile",0,5
1205964,"publics - domaniales","hors PNR","facile",0,13
978310,"privé - sans psg","dans PNR","difficile",0,14
824745,"publics - domaniales","dans PNR","difficile",0,16
1209366,"publis - communales","hors PNR","difficile",0,21
1507392,"privé - sans psg","hors PNR","facile",0,19
924213,"privé - sans psg","hors PNR","très facile",0,8
2020049,"publis - communales","dans PNR","difficile",0,11
375919,"publis - communales","dans PNR","difficile",0,22
1845513,"privé - sans psg","dans PNR","très facile",0,3
54855,"publis - communales","dans PNR",NA,0,9
465897,"publics - domaniales","dans PNR","difficile",0,7
1005086,"publis - communales","hors PNR","difficile",0,15
504023,"publis - communales","hors PNR","très facile",0,9
1916294,"publics - domaniales","hors PNR","très facile",0,22
2026640,"publics - domaniales","dans PNR","facile",0,9
1929431,"privé - psg","hors PNR","difficile",0,14
257840,"publis - communales","dans PNR",NA,0,8
201765,"publics - domaniales","hors PNR",NA,0,10
101387,"privé - psg","hors PNR",NA,0,1
1024807,"privé - sans psg","dans PNR","moyenne",0,15
913461,"publis - communales","hors PNR","facile",0,12
1445523,"publics - domaniales","dans PNR","très facile",0,16
151983,"publis - communales","dans PNR",NA,0,15
835139,"publis - communales","hors PNR","facile",0,13
502139,"publics - domaniales","hors PNR","difficile",0,14
1524330,"publis - communales","dans PNR","difficile",0,13
1219974,"privé - sans psg","dans PNR","difficile",0,16
216723,"privé - sans psg","dans PNR",NA,0,12
1207017,"publis - communales","dans PNR","difficile",0,10
1621787,"privé - psg","dans PNR","très facile",0,6
1711661,"publics - domaniales","hors PNR","moyenne",0,14
1941094,"privé - psg","dans PNR","difficile",0,10
1907298,"publics - domaniales","dans PNR","très facile",0,14
1501311,"publics - domaniales","dans PNR","difficile",0,5
1440279,"publis - communales","dans PNR","facile",0,8
2033265,"publis - communales","hors PNR","difficile",0,13
740228,"publis - communales","dans PNR","très facile",0,9
1913438,"privé - sans psg","hors PNR","très facile",0,10
366517,"publis - communales","dans PNR","difficile",0,17
308426,"publics - domaniales","dans PNR","difficile",0,13
13251,"privé - sans psg","hors PNR",NA,0,13
1634212,"privé - sans psg","dans PNR","difficile",0,14
367489,"privé - sans psg","dans PNR","très facile",0,10
133278,"publics - domaniales","hors PNR",NA,0,9
1305251,"privé - sans psg","dans PNR","facile",0,4
581793,"publis - communales","dans PNR","très facile",0,17
270019,"publics - domaniales","hors PNR",NA,0,8
919778,"privé - sans psg","hors PNR","difficile",0,17
903281,"publis - communales","hors PNR","difficile",0,16
1754337,"publics - domaniales","dans PNR","très facile",0,9
402874,"publis - communales","dans PNR","difficile",0,11
312944,"publis - communales","dans PNR","difficile",0,5
1107231,"publis - communales","dans PNR","difficile",0,5
564705,"privé - sans psg","dans PNR","difficile",0,11
329526,"publis - communales","hors PNR","facile",0,10
1612255,"publis - communales","dans PNR","difficile",0,10
1315855,"publis - communales","dans PNR","difficile",0,15
1849918,"publics - domaniales","hors PNR","moyenne",0,7
2044135,"publis - communales","dans PNR","difficile",0,11
145998,"publis - communales","dans PNR",NA,0,7
1641211,"publics - domaniales","dans PNR","difficile",0,17
733621,"publics - domaniales","hors PNR","difficile",0,2
345894,"publics - domaniales","hors PNR","facile",0,6
207728,"publis - communales","dans PNR",NA,0,12
864332,"publis - communales","dans PNR","très facile",0,17
814472,"publis - communales","dans PNR","très facile",0,11
932635,"publis - communales","dans PNR","facile",0,9
1433705,"publics - domaniales","dans PNR","difficile",0,19
644483,"privé - sans psg","dans PNR","difficile",0,13
1615324,"publics - domaniales","hors PNR","difficile",0,14
1920121,"publis - communales","hors PNR","facile",0,21
304908,"publis - communales","dans PNR","moyenne",0,6
1719232,"publis - communales","hors PNR","facile",0,13
1438752,"privé - psg","dans PNR","difficile",0,16
2034249,"publis - communales","dans PNR","facile",0,22
1212232,"privé - sans psg","dans PNR","difficile",0,27
1421846,"publics - domaniales","hors PNR","facile",0,3
582291,"privé - sans psg","dans PNR","très facile",0,11
1202216,"publis - communales","dans PNR","facile",0,21
478669,"publics - domaniales","hors PNR","difficile",0,3
1639306,"privé - sans psg","hors PNR","moyenne",0,4
301049,"publis - communales","hors PNR","facile",0,1
1443554,"publis - communales","hors PNR","très facile",0,7
2008100,"publis - communales","hors PNR","très facile",0,15
1004097,"privé - sans psg","dans PNR","facile",0,19
378545,"publics - domaniales","hors PNR","difficile",0,12
1953686,"privé - sans psg","hors PNR","très facile",0,9
1841387,"privé - sans psg","hors PNR","facile",0,24
2037094,"privé - sans psg","dans PNR","facile",0,5
814734,"privé - psg","dans PNR","difficile",0,12
1502847,"publis - communales","hors PNR","très facile",0,12
372684,"publis - communales","dans PNR","difficile",0,15
2052197,"privé - sans psg","dans PNR","difficile",0,10
1904558,"privé - sans psg","dans PNR","facile",0,8
550065,"publis - communales","hors PNR","difficile",0,13
2035678,"privé - sans psg","hors PNR","très facile",0,23
575308,"privé - sans psg","dans PNR","difficile",0,17
873485,"publis - communales","hors PNR","difficile",0,22
53383,"publis - communales","dans PNR",NA,0,10
1729188,"privé - sans psg","hors PNR","difficile",0,29
1540820,"publis - communales","dans PNR","difficile",0,8
135111,"publis - communales","hors PNR",NA,0,12
1416992,"publis - communales","dans PNR","facile",0,17
2027976,"publics - domaniales","hors PNR","difficile",0,13
1325900,"publics - domaniales","hors PNR","moyenne",0,7
2048995,"publics - domaniales","hors PNR","difficile",0,22
2044579,"privé - sans psg","dans PNR","difficile",0,12
50971,"publis - communales","hors PNR",NA,0,15
205916,"publics - domaniales","dans PNR",NA,0,17
1016109,"publis - communales","dans PNR","difficile",0,18
1915987,"privé - sans psg","dans PNR","difficile",0,21
1937885,"publis - communales","dans PNR","difficile",0,16
1121483,"publis - communales","dans PNR","difficile",0,13
146586,"publics - domaniales","dans PNR",NA,0,12
1945101,"privé - sans psg","hors PNR","facile",0,8
2036698,"privé - sans psg","dans PNR","difficile",0,9
1223478,"publis - communales","dans PNR","difficile",0,27
144094,"publis - communales","hors PNR",NA,0,10
1531708,"publics - domaniales","hors PNR","facile",0,31
274280,"privé - sans psg","dans PNR",NA,0,13
1951415,"privé - psg","dans PNR","facile",0,13
1343566,"privé - psg","hors PNR","difficile",0,11
742919,"privé - sans psg","hors PNR","difficile",0,9
1523202,"publis - communales","dans PNR","moyenne",0,13
330802,"publics - domaniales","dans PNR","difficile",0,22
707206,"publis - communales","dans PNR","très facile",0,16
1733528,"publis - communales","dans PNR","très facile",0,6
1636677,"privé - sans psg","dans PNR","très facile",0,11
530138,"publis - communales","dans PNR","très facile",0,15
1117136,"privé - sans psg","dans PNR","facile",0,17
1441905,"publics - domaniales","dans PNR","très facile",0,29
972654,"privé - sans psg","dans PNR","difficile",0,26
1940116,"publics - domaniales","hors PNR","difficile",0,22
280270,"privé - sans psg","dans PNR",NA,0,10
1837513,"publics - domaniales","hors PNR","moyenne",0,14
1902012,"publics - domaniales","dans PNR","moyenne",0,16
1606427,"publis - communales","dans PNR","facile",0,10
879937,"publis - communales","dans PNR","moyenne",0,19
2049825,"privé - sans psg","dans PNR","facile",0,10
501892,"privé - sans psg","hors PNR","difficile",0,15
2033957,"privé - psg","hors PNR","facile",0,8
411435,"privé - sans psg","dans PNR","moyenne",0,15
1828841,"publis - communales","dans PNR","difficile",0,12
2036401,"publics - domaniales","hors PNR","difficile",0,20
1105567,"publics - domaniales","dans PNR","difficile",0,19
1709391,"privé - sans psg","dans PNR","très facile",0,6
2014871,"privé - sans psg","hors PNR","difficile",0,4
879983,"privé - sans psg","dans PNR","difficile",0,19
1838370,"publics - domaniales","hors PNR","difficile",0,7
927673,"publis - communales","hors PNR","difficile",0,7
1701882,"publis - communales","hors PNR","facile",0,16
1625306,"privé - sans psg","hors PNR","très facile",0,10
1409834,"privé - sans psg","dans PNR","moyenne",0,6
739196,"publics - domaniales","dans PNR","facile",0,13
413985,"publis - communales","dans PNR","difficile",0,23
622302,"publis - communales","hors PNR","très facile",0,10
424774,"publics - domaniales","hors PNR","difficile",0,1
1023074,"publics - domaniales","hors PNR","facile",0,7
1932059,"publis - communales","hors PNR","difficile",0,13
833006,"publis - communales","hors PNR","facile",0,15
1344407,"publics - domaniales","dans PNR","facile",0,7
1508349,"publis - communales","hors PNR","difficile",0,13
1020067,"privé - sans psg","dans PNR","moyenne",0,8
229005,"publis - communales","dans PNR",NA,0,10
1539858,"publics - domaniales","dans PNR","difficile",0,7
360463,"privé - sans psg","dans PNR","difficile",0,5
628852,"publics - domaniales","dans PNR","difficile",0,23
263660,"publis - communales","dans PNR",NA,0,16
408365,"publis - communales","hors PNR","très facile",0,22
1941303,"privé - sans psg","hors PNR","facile",0,13
129441,"publis - communales","dans PNR",NA,0,16
142688,"publics - domaniales","hors PNR",NA,0,13
1112043,"privé - psg","hors PNR","facile",0,3
741242,"privé - sans psg","dans PNR","facile",0,18
320303,"publics - domaniales","hors PNR","difficile",0,8
2040604,"privé - psg","dans PNR","moyenne",0,13
1701633,"privé - sans psg","dans PNR","facile",0,2
571272,"publis - communales","dans PNR","difficile",0,9
1124354,"publis - communales","dans PNR","moyenne",0,14
1506621,"privé - sans psg","hors PNR","facile",0,13
713059,"publis - communales","dans PNR","très facile",0,11
1110245,"publics - domaniales","hors PNR","difficile",0,2
2040575,"publics - domaniales","hors PNR","facile",0,22
1717084,"privé - psg","hors PNR","très facile",0,18
1639071,"publics - domaniales","hors PNR","très facile",0,9
1202985,"publis - communales","dans PNR","difficile",0,19
117118,"publis - communales","dans PNR",NA,0,13
1325740,"publics - domaniales","dans PNR","difficile",0,18
1729549,"publis - communales","dans PNR","facile",0,2
1639327,"publis - communales","dans PNR","difficile",0,14
1944104,"publis - communales","hors PNR","difficile",0,21
2031039,"privé - sans psg","hors PNR","difficile",0,25
1522678,"privé - psg","hors PNR","facile",0,11
140107,"privé - sans psg","dans PNR",NA,0,1
553045,"privé - sans psg","hors PNR","facile",0,6
1907618,"privé - psg","hors PNR","difficile",0,18
2030614,"publics - domaniales","dans PNR","difficile",0,20
2043603,"publis - communales","hors PNR","difficile",0,11
318953,"publics - domaniales","dans PNR","difficile",0,16
1945142,"publics - domaniales","hors PNR","difficile",0,14
1737282,"publics - domaniales","hors PNR","difficile",0,15
778296,"privé - sans psg","dans PNR","très facile",0,18
1115660,"publics - domaniales","dans PNR","difficile",0,7
1807684,"publis - communales","dans PNR","difficile",0,13
1418277,"publis - communales","dans PNR","facile",0,9
1423235,"privé - psg","dans PNR","difficile",0,18
974337,"publis - communales","dans PNR","facile",0,11
565423,"publics - domaniales","dans PNR","difficile",0,6
126582,"privé - psg","hors PNR",NA,0,2
404844,"publis - communales","hors PNR","difficile",0,13
1950519,"publis - communales","hors PNR","très facile",0,11
1551560,"privé - psg","hors PNR","facile",0,24
1002794,"publis - communales","dans PNR","difficile",0,22
1735781,"privé - sans psg","dans PNR","difficile",0,19
832849,"publics - domaniales","hors PNR","facile",0,10
1117679,"publis - communales","hors PNR","difficile",0,12
512503,"publis - communales","dans PNR","difficile",0,7
1428318,"privé - sans psg","hors PNR","très facile",0,7
932104,"publics - domaniales","hors PNR","facile",0,14
1812694,"publics - domaniales","hors PNR","facile",0,17
219869,"publis - communales","hors PNR",NA,0,12
573572,"publis - communales","hors PNR","difficile",0,16
577645,"publics - domaniales","dans PNR","difficile",0,16
1704420,"privé - sans psg","dans PNR","difficile",0,13
53825,"publics - domaniales","hors PNR",NA,0,4
1439718,"publis - communales","dans PNR","facile",0,9
1119576,"publics - domaniales","hors PNR","très facile",0,7
1622307,"privé - sans psg","hors PNR","facile",0,2
270222,"privé - sans psg","dans PNR",NA,0,24
2054817,"publics - domaniales","hors PNR","difficile",0,2
551997,"publis - communales","hors PNR","difficile",0,18
262950,"publis - communales","hors PNR",NA,0,11
2017897,"privé - sans psg","hors PNR","moyenne",0,8
425019,"privé - sans psg","hors PNR","difficile",0,23
950919,"publis - communales","dans PNR","difficile",0,10
1722470,"publics - domaniales","hors PNR","très facile",0,12
1212191,"privé - sans psg","hors PNR","très facile",0,9
135870,"publics - domaniales","dans PNR",NA,0,12
1901034,"publis - communales","dans PNR","moyenne",0,16
501355,"publis - communales","hors PNR","difficile",0,21
736841,"privé - sans psg","dans PNR","difficile",0,5
1734731,"publis - communales","dans PNR","difficile",0,20
764025,"privé - sans psg","hors PNR","facile",0,16
430166,"publis - communales","dans PNR","difficile",0,14
762234,"publics - domaniales","dans PNR","difficile",0,16
655389,"publics - domaniales","hors PNR","difficile",0,25
612961,"publis - communales","dans PNR","difficile",0,19
1927648,"publis - communales","dans PNR","difficile",0,16
1119910,"publis - communales","dans PNR","difficile",0,15
740262,"publis - communales","dans PNR","difficile",0,9
1727237,"publis - communales","hors PNR","difficile",0,10
1218956,"publics - domaniales","hors PNR","très facile",0,7
748705,"publics - domaniales","hors PNR","difficile",0,4
270225,"privé - sans psg","hors PNR",NA,0,5
545456,"publis - communales","hors PNR","facile",0,21
901733,"publics - domaniales","hors PNR","difficile",0,16
673158,"publics - domaniales","dans PNR","difficile",0,11
224022,"publis - communales","hors PNR",NA,0,8
113667,"privé - psg","hors PNR",NA,0,9
840153,"publis - communales","hors PNR","difficile",0,8
1345384,"publis - communales","dans PNR","difficile",0,9
359273,"publics - domaniales","hors PNR","facile",0,1
1832384,"publis - communales","hors PNR","facile",0,22
1007186,"privé - sans psg","dans PNR","difficile",0,16
1839126,"privé - sans psg","hors PNR","difficile",0,25
1918194,"publis - communales","dans PNR","difficile",0,23
1613168,"publis - communales","hors PNR","facile",0,7
352498,"privé - psg","dans PNR","difficile",0,9
661908,"publics - domaniales","hors PNR","facile",0,7
1302109,"privé - sans psg","hors PNR","très facile",0,4
835530,"publis - communales","hors PNR","difficile",0,23
779031,"publics - domaniales","hors PNR","très facile",0,5
714361,"publics - domaniales","dans PNR","très facile",0,17
1610731,"publis - communales","hors PNR","difficile",0,16
1751953,"privé - sans psg","hors PNR","difficile",0,6
1927606,"publis - communales","dans PNR","très facile",0,7
756677,"publis - communales","dans PNR","facile",0,15
535254,"privé - sans psg","dans PNR","difficile",0,4
14302,"privé - psg","dans PNR",NA,0,11
813192,"publics - domaniales","dans PNR","difficile",0,14
1126675,"publis - communales","dans PNR","difficile",0,13
766071,"publics - domaniales","dans PNR","très facile",0,8
133964,"privé - sans psg","dans PNR",NA,0,14
1115137,"publis - communales","hors PNR","difficile",0,13
1454222,"publics - domaniales","hors PNR","difficile",0,9
551042,"publis - communales","dans PNR","difficile",0,11
946097,"publis - communales","dans PNR","facile",0,4
2008672,"privé - sans psg","dans PNR","facile",0,12
1840059,"publics - domaniales","dans PNR","moyenne",0,12
1319644,"publics - domaniales","hors PNR","facile",0,8
2001175,"privé - psg","hors PNR","facile",0,1
446876,"publics - domaniales","hors PNR","difficile",0,4
1526756,"publis - communales","hors PNR","très facile",0,14
2052399,"privé - sans psg","dans PNR","difficile",0,8
1436502,"publis - communales","hors PNR","facile",0,5
606676,"privé - sans psg","dans PNR","difficile",0,17
1851129,"publis - communales","dans PNR","difficile",0,23
2052837,"publis - communales","hors PNR","difficile",0,10
39083,"publics - domaniales","hors PNR",NA,0,8
52522,"publics - domaniales","hors PNR",NA,0,3
1106160,"publics - domaniales","hors PNR","moyenne",0,14
280230,"publics - domaniales","hors PNR",NA,0,6
940688,"publics - domaniales","hors PNR","facile",0,4
1540293,"privé - sans psg","hors PNR","difficile",0,12
1123505,"publis - communales","dans PNR","difficile",0,21
149295,"privé - psg","dans PNR",NA,0,6
1508544,"privé - sans psg","dans PNR","difficile",0,17
1215681,"publics - domaniales","dans PNR","difficile",0,15
582987,"publis - communales","hors PNR","difficile",0,6
1633311,"privé - sans psg","hors PNR","moyenne",0,3
1428716,"publis - communales","hors PNR","difficile",0,21
1022131,"publis - communales","dans PNR","difficile",0,11
15161,"privé - sans psg","dans PNR",NA,0,22
1123950,"publis - communales","hors PNR","difficile",0,28
2051483,"publis - communales","dans PNR","difficile",0,15
1852878,"privé - sans psg","dans PNR","difficile",0,22
1541039,"privé - sans psg","hors PNR","facile",0,19
1537810,"publics - domaniales","dans PNR","difficile",0,6
1922045,"publis - communales","dans PNR","difficile",0,9
1438612,"publis - communales","dans PNR","facile",0,14
1952510,"privé - sans psg","dans PNR","très facile",0,7
1104520,"publis - communales","dans PNR","difficile",0,7
1449355,"publis - communales","dans PNR","moyenne",0,14
731032,"publics - domaniales","hors PNR","très facile",0,5
1843243,"publics - domaniales","hors PNR","facile",0,24
1406617,"publis - communales","hors PNR","facile",0,14
54434,"publis - communales","hors PNR",NA,0,15
1530348,"publis - communales","dans PNR","difficile",0,3
1811189,"privé - psg","hors PNR","difficile",0,22
1200438,"publics - domaniales","dans PNR","facile",0,13
751340,"publis - communales","dans PNR","difficile",0,12
443119,"privé - sans psg","dans PNR","difficile",0,4
314625,"publics - domaniales","dans PNR","difficile",0,7
45064,"privé - sans psg","dans PNR",NA,0,15
1309306,"publis - communales","dans PNR","difficile",0,27
1950077,"publis - communales","hors PNR","difficile",0,15
634093,"publis - communales","dans PNR","difficile",0,8
731276,"publis - communales","dans PNR","difficile",0,26
12430,"publis - communales","dans PNR",NA,0,10
1841465,"publis - communales","hors PNR","facile",0,23
1344559,"privé - sans psg","hors PNR","facile",0,12
240388,"publics - domaniales","hors PNR",NA,0,17
269280,"publics - domaniales","hors PNR",NA,0,16
1405829,"publis - communales","dans PNR","moyenne",0,14
1327350,"publics - domaniales","dans PNR","facile",0,5
1016510,"publis - communales","hors PNR","facile",0,17
478678,"privé - sans psg","dans PNR","difficile",0,8
332129,"publics - domaniales","dans PNR","facile",0,20
1919682,"privé - sans psg","dans PNR","facile",0,8
1917645,"privé - sans psg","hors PNR","facile",0,16
604120,"publis - communales","dans PNR","facile",0,16
324637,"publics - domaniales","hors PNR","difficile",0,10
148872,"publis - communales","dans PNR",NA,0,10
1418999,"publis - communales","dans PNR","facile",0,10
751199,"publics - domaniales","hors PNR","très facile",0,5
1647457,"publics - domaniales","hors PNR","très facile",0,11
670423,"publics - domaniales","hors PNR","très facile",0,19
1846523,"publics - domaniales","dans PNR","difficile",0,9
864693,"publis - communales","hors PNR","très facile",0,17
619574,"publics - domaniales","dans PNR","très facile",0,2
1100211,"publis - communales","dans PNR","difficile",0,11
1838500,"publis - communales","dans PNR","très facile",0,17
851390,"privé - sans psg","hors PNR","difficile",0,19
1825273,"publis - communales","dans PNR","difficile",0,17
1216285,"publics - domaniales","dans PNR","facile",0,11
338289,"publis - communales","hors PNR","difficile",0,12
1025688,"privé - sans psg","dans PNR","difficile",0,16
2023736,"privé - psg","dans PNR","facile",0,11
1507619,"publis - communales","hors PNR","moyenne",0,9
1117593,"privé - sans psg","dans PNR","très facile",0,22
1652840,"publis - communales","dans PNR","facile",0,7
1802753,"publics - domaniales","hors PNR","difficile",0,6
2044531,"publics - domaniales","dans PNR","difficile",0,5
335697,"publics - domaniales","hors PNR","difficile",0,13
1807226,"privé - sans psg","dans PNR","très facile",0,1
965224,"privé - psg","dans PNR","difficile",0,8
320083,"privé - sans psg","dans PNR","facile",0,10
25019,"publics - domaniales","dans PNR",NA,0,10
28211,"publis - communales","dans PNR",NA,0,20
1802153,"privé - sans psg","dans PNR","difficile",0,8
218617,"privé - sans psg","hors PNR",NA,0,14
1016191,"publis - communales","dans PNR","difficile",0,15
1743455,"publis - communales","hors PNR","moyenne",0,11
1107224,"privé - sans psg","hors PNR","facile",0,18
544954,"publis - communales","dans PNR","facile",0,20
47495,"publis - communales","hors PNR",NA,0,9
345305,"publics - domaniales","dans PNR","très facile",0,12
39019,"publis - communales","hors PNR",NA,0,2
125473,"publis - communales","hors PNR",NA,0,10
1450703,"publics - domaniales","hors PNR","moyenne",0,19
1948353,"publis - communales","hors PNR","très facile",0,17
824435,"publics - domaniales","dans PNR","très facile",0,11
619563,"privé - psg","hors PNR","difficile",0,14
667185,"publis - communales","dans PNR","très facile",0,31
622596,"publics - domaniales","hors PNR","moyenne",0,19
2012517,"privé - sans psg","dans PNR","facile",0,21
1003345,"privé - psg","hors PNR","très facile",0,8
2017242,"publis - communales","hors PNR","difficile",0,14
1202577,"publis - communales","dans PNR","moyenne",0,20
515820,"privé - sans psg","dans PNR","difficile",0,8
320091,"publis - communales","dans PNR","difficile",0,6
1636039,"publics - domaniales","dans PNR","difficile",0,26
1933007,"publis - communales","hors PNR","difficile",0,26
1746835,"publis - communales","hors PNR","facile",0,13
10980,"publis - communales","hors PNR",NA,0,10
714907,"publis - communales","dans PNR","facile",0,7
2010731,"publis - communales","dans PNR","difficile",0,3
1702957,"publics - domaniales","dans PNR","difficile",0,17
322501,"privé - sans psg","hors PNR","facile",0,6
805726,"privé - psg","hors PNR","facile",0,12
843618,"publis - communales","hors PNR","moyenne",0,12
1031072,"privé - sans psg","hors PNR","facile",0,21
1825468,"privé - sans psg","dans PNR","facile",0,28
1111424,"privé - sans psg","dans PNR","facile",0,16
938865,"publis - communales","dans PNR","difficile",0,15
1214348,"publics - domaniales","dans PNR","difficile",0,15
1203522,"publis - communales","hors PNR","difficile",0,12
1644330,"publis - communales","dans PNR","difficile",0,4
125337,"privé - sans psg","dans PNR",NA,0,14
1200597,"publics - domaniales","dans PNR","moyenne",0,14
979605,"publics - domaniales","dans PNR","très facile",0,5
138511,"privé - sans psg","dans PNR",NA,0,20
1116701,"privé - psg","hors PNR","difficile",0,13
1500522,"publics - domaniales","hors PNR","facile",0,13
121472,"privé - sans psg","hors PNR",NA,0,12
1107834,"publics - domaniales","hors PNR","difficile",0,8
1822920,"privé - sans psg","hors PNR","moyenne",0,5
1844979,"publics - domaniales","hors PNR","facile",0,17
303436,"privé - sans psg","hors PNR","très facile",0,8
671919,"publis - communales","hors PNR","moyenne",0,20
1911513,"publics - domaniales","hors PNR","difficile",0,6
1009493,"publis - communales","dans PNR","difficile",0,6
1850522,"publics - domaniales","hors PNR","moyenne",0,11
44503,"privé - sans psg","hors PNR",NA,0,6
1100635,"privé - sans psg","hors PNR","difficile",0,13
120238,"publics - domaniales","hors PNR",NA,0,7
130597,"privé - psg","hors PNR",NA,0,20
1000892,"privé - sans psg","hors PNR","moyenne",0,5
1644765,"publis - communales","hors PNR","très facile",0,20
652289,"publis - communales","hors PNR","facile",0,16
238246,"privé - sans psg","hors PNR",NA,0,6
531556,"publis - communales","hors PNR","très facile",0,18
777059,"publics - domaniales","dans PNR","très facile",0,16
1821785,"privé - sans psg","hors PNR","très facile",0,5
1109229,"privé - sans psg","dans PNR","difficile",0,27
1335834,"privé - sans psg","dans PNR","difficile",0,15
101655,"publics - domaniales","dans PNR",NA,0,10
1830339,"publis - communales","dans PNR","très facile",0,9
1814765,"publics - domaniales","dans PNR","très facile",0,27
370415,"publics - domaniales","hors PNR","difficile",0,11
139441,"publics - domaniales","hors PNR",NA,0,5
2000457,"publis - communales","dans PNR","difficile",0,13
1546217,"privé - sans psg","hors PNR","facile",0,12
1327760,"publics - domaniales","hors PNR","difficile",0,2
662134,"publis - communales","dans PNR","difficile",0,15
109565,"privé - sans psg","hors PNR",NA,0,11
578127,"publis - communales","dans PNR","moyenne",0,9
1312210,"publis - communales","hors PNR","difficile",0,13
629195,"privé - psg","hors PNR","très facile",0,12
546607,"privé - sans psg","dans PNR","difficile",0,18
2001223,"publics - domaniales","dans PNR","difficile",0,12
222309,"publis - communales","dans PNR",NA,0,10
1020968,"publics - domaniales","hors PNR","facile",0,9
1904942,"publis - communales","dans PNR","moyenne",0,13
258665,"privé - sans psg","hors PNR",NA,0,13
227635,"publics - domaniales","dans PNR",NA,0,14
633134,"publis - communales","dans PNR","difficile",0,27
1009520,"privé - sans psg","dans PNR","difficile",0,18
735918,"publis - communales","hors PNR","très facile",0,19
2048605,"publis - communales","dans PNR","très facile",0,5
328920,"publics - domaniales","hors PNR","difficile",0,6
106402,"privé - sans psg","dans PNR",NA,0,15
1527240,"publis - communales","dans PNR","facile",0,18
1611539,"privé - sans psg","hors PNR","difficile",0,20
1213447,"publics - domaniales","dans PNR","très facile",0,7
557455,"publics - domaniales","dans PNR","difficile",0,8
1019949,"publics - domaniales","hors PNR","très facile",0,1
316166,"publics - domaniales","hors PNR","difficile",0,11
1228052,"publis - communales","dans PNR","difficile",0,15
1100555,"publis - communales","dans PNR","facile",0,7
1605533,"publics - domaniales","dans PNR","facile",0,13
1025783,"publics - domaniales","dans PNR","difficile",0,29
712384,"publis - communales","dans PNR","très facile",0,13
1509750,"publics - domaniales","hors PNR","très facile",0,26
1106008,"publics - domaniales","hors PNR","difficile",0,19
1332782,"publis - communales","hors PNR","difficile",0,17
203584,"publis - communales","hors PNR",NA,0,8
1228391,"publis - communales","hors PNR","difficile",0,16
1219067,"privé - sans psg","dans PNR","difficile",0,13
1832877,"publis - communales","dans PNR","difficile",0,11
1013272,"privé - psg","hors PNR","très facile",0,17
1936131,"publis - communales","dans PNR","facile",0,18
464413,"publics - domaniales","dans PNR","très facile",0,10
645209,"publis - communales","dans PNR","difficile",0,15
1852912,"privé - psg","dans PNR","facile",0,13
665508,"privé - sans psg","dans PNR","difficile",0,18
1116550,"privé - sans psg","dans PNR","très facile",0,11
1207302,"privé - sans psg","hors PNR","très facile",0,15
151743,"privé - sans psg","hors PNR",NA,0,3
1210631,"privé - sans psg","dans PNR","très facile",0,3
920543,"privé - sans psg","dans PNR","difficile",0,11
942915,"privé - psg","hors PNR","difficile",0,7
1925911,"publis - communales","dans PNR","facile",0,12
1652591,"publis - communales","dans PNR","difficile",0,14
1305800,"privé - sans psg","hors PNR","facile",0,16
942435,"publis - communales","hors PNR","facile",0,16
1600900,"privé - sans psg","hors PNR","moyenne",0,11
1930770,"publis - communales","dans PNR","difficile",0,14
1018505,"privé - sans psg","dans PNR","difficile",0,5
1907189,"privé - psg","hors PNR","facile",0,24
1739924,"privé - sans psg","dans PNR","difficile",0,4
103629,"publis - communales","hors PNR",NA,0,9
420037,"publis - communales","hors PNR","facile",0,29
659573,"privé - sans psg","hors PNR","très facile",0,27
1125729,"publics - domaniales","hors PNR","très facile",0,17
1417002,"publis - communales","hors PNR","facile",0,14
1802292,"publis - communales","hors PNR","difficile",0,24
1227832,"publis - communales","hors PNR","facile",0,18
1908363,"publis - communales","dans PNR","facile",0,8
1906693,"privé - psg","hors PNR","difficile",0,20
1118421,"publis - communales","dans PNR","difficile",0,23
1326490,"publis - communales","hors PNR","difficile",0,27
1918008,"privé - psg","dans PNR","difficile",0,12
1846247,"publics - domaniales","dans PNR","facile",0,21
430775,"publics - domaniales","hors PNR","facile",0,1
1620482,"publics - domaniales","hors PNR","difficile",0,21
1550845,"privé - psg","dans PNR","difficile",0,14
727441,"privé - sans psg","hors PNR","moyenne",0,19
1226524,"publis - communales","dans PNR","difficile",0,15
2041522,"publics - domaniales","dans PNR","facile",0,19
1005347,"publics - domaniales","hors PNR","facile",0,6
1432061,"publics - domaniales","hors PNR","moyenne",0,10
152564,"publics - domaniales","hors PNR",NA,0,8
372610,"publics - domaniales","dans PNR","facile",0,18
1739561,"publics - domaniales","dans PNR","difficile",0,6
15872,"privé - sans psg","dans PNR",NA,0,1
2025030,"publics - domaniales","dans PNR","difficile",0,10
1008139,"publics - domaniales","dans PNR","difficile",0,15
718393,"publis - communales","dans PNR","difficile",0,10
1803800,"publis - communales","hors PNR","difficile",0,16
1840359,"privé - psg","hors PNR","facile",0,15
53980,"publics - domaniales","hors PNR",NA,0,9
1129259,"privé - sans psg","dans PNR","très facile",0,12
901808,"publis - communales","dans PNR","difficile",0,9
541068,"publics - domaniales","dans PNR","facile",0,9
565160,"publis - communales","hors PNR","facile",0,20
1443810,"publics - domaniales","hors PNR","difficile",0,14
24310,"publis - communales","hors PNR",NA,0,6
833539,"publis - communales","hors PNR","facile",0,4
1803656,"privé - sans psg","hors PNR","facile",0,19
145369,"publis - communales","dans PNR",NA,0,19
405289,"publics - domaniales","dans PNR","difficile",0,3
18974,"publis - communales","dans PNR",NA,0,6
1440002,"publics - domaniales","dans PNR","difficile",0,45
1702137,"publis - communales","hors PNR","très facile",0,3
230605,"publis - communales","hors PNR",NA,0,15
1321527,"publics - domaniales","dans PNR","moyenne",0,12
470891,"privé - psg","dans PNR","difficile",0,18
2040664,"privé - sans psg","dans PNR","difficile",0,8
1939756,"privé - sans psg","dans PNR","difficile",0,20
1538068,"publics - domaniales","dans PNR","difficile",0,12
348537,"publis - communales","hors PNR","facile",0,9
1713503,"publics - domaniales","hors PNR","facile",0,6
2030467,"publis - communales","hors PNR","moyenne",0,22
125404,"publis - communales","dans PNR",NA,0,13
570510,"privé - sans psg","dans PNR","difficile",0,17
1939272,"privé - sans psg","hors PNR","difficile",0,6
925563,"publics - domaniales","hors PNR","difficile",0,20
1752911,"privé - sans psg","dans PNR","difficile",0,9
1734085,"publics - domaniales","dans PNR","difficile",0,19
278476,"privé - sans psg","dans PNR",NA,0,15
842426,"privé - psg","dans PNR","difficile",0,17
1616243,"publics - domaniales","dans PNR","très facile",0,5
963190,"publis - communales","dans PNR","difficile",0,16
339560,"publis - communales","dans PNR","difficile",0,13
1925964,"privé - sans psg","dans PNR","difficile",0,12
2037335,"publis - communales","dans PNR","difficile",0,8
977387,"privé - sans psg","hors PNR","facile",0,13
1618800,"publis - communales","dans PNR","très facile",0,11
1329705,"publis - communales","hors PNR","difficile",0,12
1123997,"publis - communales","dans PNR","difficile",0,33
1809726,"publis - communales","dans PNR","facile",0,11
1427505,"privé - sans psg","dans PNR","difficile",0,4
2045896,"publics - domaniales","dans PNR","difficile",0,12
848166,"privé - sans psg","dans PNR","très facile",0,14
1110647,"privé - sans psg","hors PNR","facile",0,2
949999,"privé - sans psg","hors PNR","difficile",0,19
818224,"publis - communales","dans PNR","très facile",0,30
753395,"publics - domaniales","dans PNR","difficile",0,10
1025150,"privé - sans psg","hors PNR","facile",0,12
668245,"publis - communales","dans PNR","difficile",0,6
1840444,"privé - psg","dans PNR","très facile",0,19
655989,"publics - domaniales","hors PNR","difficile",0,6
1813033,"privé - psg","hors PNR","difficile",0,15
134320,"publics - domaniales","hors PNR",NA,0,2
2033903,"publis - communales","hors PNR","moyenne",0,21
1410331,"privé - sans psg","dans PNR","difficile",0,14
573594,"privé - sans psg","dans PNR","difficile",0,19
936260,"publis - communales","dans PNR","difficile",0,21
473052,"privé - sans psg","dans PNR","facile",0,26
1723123,"publics - domaniales","dans PNR","difficile",0,25
1615781,"publis - communales","dans PNR","difficile",0,20
1643274,"publics - domaniales","dans PNR","facile",0,15
1513897,"privé - sans psg","hors PNR","difficile",0,22
1130652,"publis - communales","dans PNR","facile",0,6
1840141,"publics - domaniales","dans PNR","très facile",0,10
759101,"publics - domaniales","dans PNR","difficile",0,18
2045367,"publis - communales","hors PNR","moyenne",0,10
103523,"privé - sans psg","hors PNR",NA,0,7
502035,"publics - domaniales","hors PNR","facile",0,4
1716764,"publis - communales","dans PNR","difficile",0,17
101176,"publics - domaniales","dans PNR",NA,0,9
836673,"privé - sans psg","hors PNR","facile",0,17
1907876,"privé - sans psg","dans PNR","difficile",0,21
1352753,"publis - communales","hors PNR","difficile",0,25
1651441,"publis - communales","hors PNR","facile",0,18
1407333,"publis - communales","dans PNR","difficile",0,18
313009,"publics - domaniales","hors PNR","difficile",0,16
1653834,"publics - domaniales","dans PNR","difficile",0,23
619608,"publis - communales","dans PNR","très facile",0,14
1106428,"privé - psg","hors PNR","moyenne",0,17
1837675,"publis - communales","dans PNR","difficile",0,20
25281,"publis - communales","dans PNR",NA,0,11
562863,"publis - communales","dans PNR","facile",0,13
1203453,"publis - communales","hors PNR","difficile",0,10
1849290,"privé - sans psg","hors PNR","difficile",0,2
477757,"privé - psg","hors PNR","difficile",0,11
1029010,"privé - sans psg","dans PNR","difficile",0,19
142824,"publics - domaniales","hors PNR",NA,0,6
267104,"publics - domaniales","hors PNR",NA,0,7
807239,"privé - sans psg","hors PNR","facile",0,19
1109021,"privé - sans psg","dans PNR","difficile",0,6
1536330,"privé - sans psg","dans PNR","difficile",0,17
1121253,"publis - communales","dans PNR","difficile",0,12
849553,"publis - communales","hors PNR","très facile",0,13
453366,"publics - domaniales","dans PNR","difficile",0,1
1711082,"publis - communales","dans PNR","difficile",0,9
1502812,"privé - sans psg","dans PNR","très facile",0,7
1354108,"privé - sans psg","dans PNR","facile",0,21
1333886,"publics - domaniales","hors PNR","facile",0,27
1104475,"publics - domaniales","hors PNR","difficile",0,6
1816435,"publics - domaniales","hors PNR","difficile",0,13
458873,"publis - communales","dans PNR","facile",0,12
46926,"publics - domaniales","dans PNR",NA,0,2
1802466,"publis - communales","dans PNR","facile",0,9
1228769,"publis - communales","dans PNR","facile",0,6
874038,"publics - domaniales","dans PNR","moyenne",0,16
311677,"publics - domaniales","hors PNR","difficile",0,3
528936,"privé - sans psg","dans PNR","difficile",0,21
24212,"publis - communales","dans PNR",NA,0,2
1908616,"publis - communales","hors PNR","facile",0,11
1626585,"publics - domaniales","dans PNR","très facile",0,15
135257,"publics - domaniales","hors PNR",NA,0,25
2033870,"publis - communales","hors PNR","très facile",0,15
1535879,"publis - communales","dans PNR","difficile",0,1
1426985,"publics - domaniales","hors PNR","difficile",0,13
770405,"publis - communales","dans PNR","difficile",0,12
350229,"publics - domaniales","hors PNR","facile",0,12
1929090,"publis - communales","hors PNR","facile",0,12
1207282,"publis - communales","hors PNR","moyenne",0,18
131791,"publics - domaniales","hors PNR",NA,0,6
680133,"publics - domaniales","hors PNR","très facile",0,2
577428,"publis - communales","dans PNR","difficile",0,14
1210636,"publics - domaniales","dans PNR","moyenne",0,24
1624194,"publis - communales","hors PNR","facile",0,7
1913081,"publis - communales","hors PNR","facile",0,17
1650876,"publis - communales","dans PNR","facile",0,22
770767,"privé - psg","hors PNR","facile",0,19
605069,"publics - domaniales","dans PNR","facile",0,21
1205795,"publis - communales","dans PNR","difficile",0,12
1725523,"publis - communales","dans PNR","difficile",0,11
134419,"publics - domaniales","hors PNR",NA,0,14
1111730,"privé - sans psg","dans PNR","facile",0,20
1830922,"publis - communales","dans PNR","difficile",0,14
1539908,"publis - communales","dans PNR","difficile",0,9
1614966,"privé - sans psg","dans PNR","facile",0,9
630758,"publics - domaniales","dans PNR","très facile",0,7
609350,"publics - domaniales","hors PNR","difficile",0,12
1529745,"publis - communales","dans PNR","difficile",0,15
911513,"privé - psg","dans PNR","facile",0,24
524934,"publics - domaniales","hors PNR","moyenne",0,3
1221547,"privé - sans psg","hors PNR","difficile",0,26
367623,"publics - domaniales","dans PNR","très facile",0,12
221831,"publics - domaniales","dans PNR",NA,0,16
1927651,"publics - domaniales","hors PNR","difficile",0,14
1118477,"privé - sans psg","hors PNR","difficile",0,11
1619495,"publis - communales","dans PNR","difficile",0,19
1408729,"publis - communales","hors PNR","facile",0,14
1014755,"publics - domaniales","dans PNR","moyenne",0,11
1718949,"publis - communales","dans PNR","difficile",0,22
668991,"publis - communales","hors PNR","très facile",0,6
17461,"privé - sans psg","dans PNR",NA,0,12
1104672,"privé - sans psg","hors PNR","très facile",0,1
1753769,"privé - sans psg","hors PNR","facile",0,11
2035154,"publics - domaniales","hors PNR","difficile",0,17
2009862,"publis - communales","hors PNR","facile",0,7
49707,"privé - sans psg","hors PNR",NA,0,9
2011658,"publics - domaniales","dans PNR","facile",0,9
509332,"publis - communales","dans PNR","difficile",0,32
564281,"publics - domaniales","hors PNR","très facile",0,15
1504324,"privé - sans psg","dans PNR","très facile",0,10
1906762,"publis - communales","hors PNR","facile",0,17
1816056,"publis - communales","hors PNR","difficile",0,19
1928592,"publis - communales","dans PNR","difficile",0,4
1700357,"publis - communales","dans PNR","difficile",0,18
8363,"privé - sans psg","dans PNR",NA,0,9
509652,"publis - communales","dans PNR","moyenne",0,16
779642,"publics - domaniales","dans PNR","très facile",0,27
48135,"publics - domaniales","hors PNR",NA,0,14
1625894,"privé - psg","hors PNR","difficile",0,9
2010904,"publis - communales","dans PNR","difficile",0,16
558529,"publics - domaniales","hors PNR","difficile",0,3
2036898,"privé - sans psg","hors PNR","facile",0,12
1343426,"publis - communales","dans PNR","moyenne",0,13
411958,"publics - domaniales","hors PNR","moyenne",0,17
1218792,"publis - communales","dans PNR","facile",0,11
1928474,"publis - communales","hors PNR","très facile",0,17
966353,"privé - sans psg","dans PNR","facile",0,12
1542012,"publics - domaniales","dans PNR","facile",0,8
1806834,"publis - communales","dans PNR","difficile",0,14
1019851,"publis - communales","hors PNR","difficile",0,8
1419597,"publics - domaniales","hors PNR","difficile",0,9
1444936,"privé - sans psg","dans PNR","difficile",0,13
582778,"privé - sans psg","dans PNR","facile",0,23
516781,"publis - communales","hors PNR","difficile",0,19
1729635,"publis - communales","hors PNR","très facile",0,21
1841369,"publics - domaniales","dans PNR","difficile",0,15
1806625,"publics - domaniales","dans PNR","très facile",0,9
1220588,"privé - sans psg","hors PNR","facile",0,18
1213815,"publics - domaniales","dans PNR","moyenne",0,14
1026766,"privé - sans psg","hors PNR","très facile",0,13
1330975,"publis - communales","hors PNR","difficile",0,5
203594,"privé - sans psg","hors PNR",NA,0,14
1129463,"publis - communales","dans PNR","moyenne",0,11
1120283,"privé - psg","dans PNR","difficile",0,21
747400,"publics - domaniales","dans PNR","difficile",0,21
229768,"publis - communales","dans PNR",NA,0,7
858211,"publics - domaniales","hors PNR","difficile",0,18
1017940,"publis - communales","hors PNR","difficile",0,20
1735254,"publics - domaniales","dans PNR","facile",0,13
354898,"privé - sans psg","dans PNR","moyenne",0,8
578949,"privé - sans psg","dans PNR","difficile",0,3
1439709,"publis - communales","hors PNR","moyenne",0,17
516677,"publics - domaniales","hors PNR","facile",0,17
370408,"publics - domaniales","dans PNR","difficile",0,6
1618271,"privé - sans psg","hors PNR","très facile",0,4
1804622,"publis - communales","dans PNR","très facile",0,5
1531550,"publics - domaniales","dans PNR","difficile",0,8
1814992,"publics - domaniales","dans PNR","très facile",0,12
826464,"publis - communales","dans PNR","moyenne",0,34
656481,"publics - domaniales","hors PNR","difficile",0,4
2003130,"publics - domaniales","dans PNR","difficile",0,28
453030,"publis - communales","hors PNR","difficile",0,10
861686,"privé - sans psg","dans PNR","facile",0,11
1742335,"publis - communales","hors PNR","facile",0,21
533324,"publics - domaniales","hors PNR","difficile",0,14
1738289,"privé - sans psg","dans PNR","facile",0,2
1847308,"publics - domaniales","hors PNR","très facile",0,3
845064,"publics - domaniales","dans PNR","facile",0,12
40028,"publis - communales","hors PNR",NA,0,8
411777,"privé - sans psg","dans PNR","facile",0,25
1645248,"privé - psg","dans PNR","facile",0,6
640457,"privé - sans psg","dans PNR","facile",0,21
1318887,"privé - sans psg","dans PNR","difficile",0,23
1535941,"publis - communales","dans PNR","difficile",0,12
16989,"publis - communales","dans PNR",NA,0,4
1345231,"privé - sans psg","dans PNR","difficile",0,19
534390,"publics - domaniales","hors PNR","difficile",0,6
1417510,"publis - communales","dans PNR","difficile",0,23
1443916,"privé - sans psg","dans PNR","difficile",0,19
119002,"publics - domaniales","dans PNR",NA,0,11
872023,"publics - domaniales","hors PNR","très facile",0,9
1643728,"publics - domaniales","hors PNR","très facile",0,10
148517,"publics - domaniales","dans PNR",NA,0,8
316496,"publics - domaniales","hors PNR","facile",0,14
906599,"publics - domaniales","hors PNR","difficile",0,13
22360,"privé - sans psg","dans PNR",NA,0,9
115486,"publis - communales","dans PNR",NA,0,12
1024154,"publics - domaniales","hors PNR","difficile",0,22
902912,"publis - communales","hors PNR","difficile",0,18
227133,"privé - sans psg","hors PNR",NA,0,3
905664,"privé - sans psg","dans PNR","facile",0,23
2019844,"publis - communales","dans PNR","difficile",0,9
1721253,"publis - communales","dans PNR","difficile",0,10
15178,"privé - sans psg","dans PNR",NA,0,4
1114074,"privé - psg","dans PNR","difficile",0,9
1654324,"privé - psg","hors PNR","facile",0,9
14304,"privé - sans psg","dans PNR",NA,0,18
750486,"privé - psg","hors PNR","très facile",0,7
914610,"publics - domaniales","dans PNR","difficile",0,10
277270,"privé - sans psg","dans PNR",NA,0,13
1547540,"publis - communales","dans PNR","difficile",0,13
2052064,"privé - psg","dans PNR","facile",0,13
646690,"publis - communales","dans PNR","facile",0,8
1006684,"privé - sans psg","hors PNR","très facile",0,4
751464,"privé - sans psg","dans PNR","difficile",0,16
2004660,"publics - domaniales","hors PNR","très facile",0,20
951237,"privé - sans psg","hors PNR","moyenne",0,16
1548784,"privé - psg","dans PNR","facile",0,11
1809260,"publics - domaniales","dans PNR","très facile",0,14
976343,"publics - domaniales","dans PNR","moyenne",0,18
2051922,"privé - sans psg","hors PNR","moyenne",0,19
1022405,"privé - psg","hors PNR","difficile",0,23
1702966,"publis - communales","hors PNR","difficile",0,17
301117,"publis - communales","dans PNR","difficile",0,13
611344,"privé - sans psg","dans PNR","difficile",0,9
328577,"privé - sans psg","dans PNR","difficile",0,6
23941,"publis - communales","hors PNR",NA,0,8
679387,"publics - domaniales","dans PNR","très facile",0,10
826706,"privé - sans psg","dans PNR","facile",0,13
1402712,"publics - domaniales","dans PNR","très facile",0,16
1520982,"publis - communales","dans PNR","difficile",0,28
310618,"publis - communales","hors PNR","facile",0,15
2044395,"privé - sans psg","dans PNR","difficile",0,17
1306574,"publics - domaniales","hors PNR","difficile",0,8
1230056,"publics - domaniales","hors PNR","difficile",0,21
16030,"privé - sans psg","hors PNR",NA,0,3
570697,"privé - sans psg","dans PNR","moyenne",0,27
1216418,"publis - communales","dans PNR","facile",0,21
463567,"privé - sans psg","hors PNR","facile",0,23
1741097,"publics - domaniales","dans PNR","moyenne",0,17
147212,"publics - domaniales","hors PNR",NA,0,2
356386,"privé - sans psg","dans PNR","facile",0,16
2002663,"publis - communales","hors PNR","très facile",0,11
137371,"publics - domaniales","hors PNR",NA,0,11
1606419,"privé - sans psg","dans PNR","difficile",0,17
1751578,"publis - communales","dans PNR","difficile",0,13
1821320,"publis - communales","dans PNR","difficile",0,31
442365,"publis - communales","dans PNR","moyenne",0,2
2044771,"publics - domaniales","hors PNR","difficile",0,21
1105672,"publics - domaniales","hors PNR","très facile",0,7
1750845,"privé - psg","dans PNR","facile",0,14
1904212,"publics - domaniales","dans PNR","difficile",0,8
566793,"publics - domaniales","dans PNR","difficile",0,16
1015316,"privé - sans psg","dans PNR","difficile",0,12
1649164,"publis - communales","dans PNR","difficile",0,26
1735043,"publis - communales","dans PNR","difficile",0,27
357613,"publics - domaniales","hors PNR","difficile",0,3
1420210,"publics - domaniales","dans PNR","difficile",0,6
1441626,"privé - sans psg","dans PNR","difficile",0,11
757003,"privé - sans psg","dans PNR","facile",0,9
1227250,"privé - sans psg","dans PNR","difficile",0,7
1737002,"publis - communales","dans PNR","difficile",0,17
760853,"publis - communales","hors PNR","très facile",0,15
708635,"privé - sans psg","dans PNR","difficile",0,20
706191,"publics - domaniales","dans PNR","moyenne",0,8
708948,"publis - communales","dans PNR","facile",0,20
127,"privé - psg","dans PNR",NA,0,19
1643290,"publics - domaniales","hors PNR","très facile",0,7
1913398,"privé - sans psg","dans PNR","moyenne",0,5
1854366,"publis - communales","dans PNR","difficile",0,13
711200,"privé - sans psg","dans PNR","très facile",0,20
208325,"privé - sans psg","dans PNR",NA,0,15
1553864,"publis - communales","hors PNR","facile",0,17
1222985,"publis - communales","dans PNR","très facile",0,21
236348,"privé - psg","dans PNR",NA,0,18
1809082,"publis - communales","hors PNR","très facile",0,14
40183,"publis - communales","hors PNR",NA,0,8
1705886,"publis - communales","hors PNR","difficile",0,12
1030821,"publis - communales","hors PNR","moyenne",0,14
404748,"privé - sans psg","dans PNR","moyenne",0,18
1004898,"publics - domaniales","hors PNR","difficile",0,13
1902725,"privé - sans psg","hors PNR","moyenne",0,14
541902,"publics - domaniales","hors PNR","difficile",0,15
1620073,"publics - domaniales","dans PNR","difficile",0,14
2047218,"publics - domaniales","hors PNR","difficile",0,13
129401,"privé - sans psg","hors PNR",NA,0,17
926829,"privé - sans psg","dans PNR","difficile",0,19
1849695,"publis - communales","hors PNR","très facile",0,7
373847,"publis - communales","dans PNR","difficile",0,17
116249,"privé - sans psg","dans PNR",NA,0,19
1834109,"publics - domaniales","dans PNR","difficile",0,8
811798,"publics - domaniales","hors PNR","très facile",0,18
1001437,"privé - psg","hors PNR","facile",0,15
369519,"publis - communales","hors PNR","moyenne",0,3
712718,"publics - domaniales","dans PNR","difficile",0,11
1641749,"privé - psg","hors PNR","très facile",0,16
152730,"publics - domaniales","hors PNR",NA,0,4
602566,"publis - communales","hors PNR","facile",0,29
1924383,"publics - domaniales","dans PNR","difficile",0,24
1731600,"publics - domaniales","hors PNR","moyenne",0,4
520275,"publis - communales","dans PNR","difficile",0,28
1835429,"publis - communales","dans PNR","difficile",0,17
408913,"publis - communales","dans PNR","très facile",0,7
1701004,"privé - sans psg","hors PNR","facile",0,20
1807768,"publics - domaniales","hors PNR","difficile",0,12
1653839,"publics - domaniales","dans PNR","difficile",0,15
117149,"publics - domaniales","hors PNR",NA,0,6
2025523,"publis - communales","hors PNR","très facile",0,26
2031240,"publis - communales","dans PNR","difficile",0,17
1816361,"publis - communales","dans PNR","difficile",0,15
571008,"privé - sans psg","dans PNR","difficile",0,14
1924904,"privé - sans psg","dans PNR","difficile",0,1
1830533,"publis - communales","dans PNR","difficile",0,17
1608557,"privé - sans psg","dans PNR","facile",0,6
1342786,"privé - sans psg","hors PNR","difficile",0,18
1024329,"publics - domaniales","hors PNR","difficile",0,16
2675,"privé - sans psg","hors PNR",NA,0,6
1208496,"publics - domaniales","hors PNR","très facile",0,25
871077,"publis - communales","dans PNR","difficile",0,17
1401364,"publis - communales","dans PNR","moyenne",0,10
305202,"publics - domaniales","dans PNR","difficile",0,17
924751,"privé - psg","hors PNR","très facile",0,6
1528968,"publics - domaniales","hors PNR","difficile",0,13
752168,"publis - communales","dans PNR","très facile",0,19
1811508,"privé - sans psg","dans PNR","facile",0,11
1008726,"publis - communales","dans PNR","difficile",0,20
2000545,"publis - communales","dans PNR","difficile",0,24
45487,"publics - domaniales","dans PNR",NA,0,14
144641,"privé - sans psg","dans PNR",NA,0,4
602296,"privé - sans psg","hors PNR","très facile",0,18
851473,"privé - sans psg","hors PNR","facile",0,3
875304,"publis - communales","dans PNR","très facile",0,14
109239,"publics - domaniales","dans PNR",NA,0,6
1533762,"publis - communales","dans PNR","difficile",0,8
1129506,"publics - domaniales","dans PNR","difficile",0,8
442227,"publis - communales","dans PNR","difficile",0,23
545673,"publics - domaniales","dans PNR","difficile",0,19
1813137,"publics - domaniales","dans PNR","difficile",0,11
1121422,"privé - psg","hors PNR","facile",0,6
959462,"privé - sans psg","hors PNR","difficile",0,21
265713,"publis - communales","hors PNR",NA,0,6
725947,"privé - sans psg","dans PNR","facile",0,17
22257,"publis - communales","hors PNR",NA,0,2
1829663,"publics - domaniales","dans PNR","difficile",0,23
1733334,"publis - communales","hors PNR","difficile",0,13
805719,"publics - domaniales","hors PNR","moyenne",0,15
1742176,"privé - psg","hors PNR","difficile",0,8
135513,"privé - sans psg","dans PNR",NA,0,14
1751764,"privé - psg","hors PNR","facile",0,7
123697,"publis - communales","hors PNR",NA,0,7
1211330,"publis - communales","dans PNR","facile",0,15
1525255,"publics - domaniales","dans PNR","difficile",0,16
1742217,"privé - sans psg","hors PNR","très facile",0,11
1946282,"publics - domaniales","hors PNR","moyenne",0,11
2042787,"publis - communales","dans PNR","difficile",0,14
1914367,"privé - psg","dans PNR","très facile",0,7
740017,"publics - domaniales","hors PNR","moyenne",0,17
426940,"publis - communales","hors PNR","difficile",0,9
1301087,"privé - sans psg","dans PNR","difficile",0,16
1102655,"publics - domaniales","dans PNR","difficile",0,9
1919698,"publis - communales","dans PNR","difficile",0,12
653070,"publis - communales","dans PNR","très facile",0,13
1807799,"privé - sans psg","hors PNR","facile",0,16
1626513,"publics - domaniales","dans PNR","difficile",0,10
1951413,"publics - domaniales","dans PNR","facile",0,15
1454414,"publics - domaniales","dans PNR","difficile",0,24
1419417,"publis - communales","dans PNR","difficile",0,8
1953511,"privé - psg","dans PNR","très facile",0,7
431601,"privé - sans psg","hors PNR","très facile",0,13
143142,"privé - psg","dans PNR",NA,0,3
643986,"privé - sans psg","hors PNR","facile",0,14
1349934,"publis - communales","hors PNR","facile",0,21
237144,"privé - sans psg","dans PNR",NA,0,8
2052188,"publis - communales","hors PNR","difficile",0,37
1548406,"publis - communales","dans PNR","difficile",0,10
857703,"publis - communales","dans PNR","facile",0,18
1645057,"publics - domaniales","hors PNR","difficile",0,24
1620316,"publis - communales","hors PNR","facile",0,10
520097,"publis - communales","dans PNR","difficile",0,16
2047366,"privé - sans psg","dans PNR","facile",0,38
1931887,"privé - sans psg","dans PNR","difficile",0,1
659359,"publis - communales","hors PNR","facile",0,4
824470,"publics - domaniales","hors PNR","facile",0,27
1325153,"privé - sans psg","dans PNR","facile",0,19
205898,"publis - communales","dans PNR",NA,0,7
631763,"publics - domaniales","hors PNR","moyenne",0,4
1402833,"privé - psg","hors PNR","facile",0,28
1502937,"privé - sans psg","hors PNR","difficile",0,30
1711044,"publics - domaniales","dans PNR","difficile",0,8
5007,"privé - psg","hors PNR",NA,0,10
758280,"publics - domaniales","dans PNR","difficile",0,21
251577,"privé - psg","hors PNR",NA,0,13
301747,"publis - communales","hors PNR","très facile",0,9
660150,"publics - domaniales","dans PNR","moyenne",0,13
1433922,"privé - psg","hors PNR","très facile",0,19
1839987,"privé - psg","dans PNR","difficile",0,15
223940,"publis - communales","dans PNR",NA,0,4
2022643,"publics - domaniales","hors PNR","difficile",0,32
802459,"publics - domaniales","dans PNR","très facile",0,10
1602158,"publics - domaniales","dans PNR","très facile",0,5
509505,"publics - domaniales","dans PNR","difficile",0,6
1416429,"privé - psg","dans PNR","moyenne",0,10
755526,"publis - communales","dans PNR","très facile",0,18
1749046,"publics - domaniales","dans PNR","facile",0,9
323370,"publis - communales","hors PNR","très facile",0,12
2043279,"publics - domaniales","hors PNR","facile",0,15
1637077,"publics - domaniales","hors PNR","difficile",0,15
557880,"privé - sans psg","dans PNR","très facile",0,16
1829146,"privé - sans psg","dans PNR","facile",0,19
854295,"privé - sans psg","dans PNR","facile",0,8
1642345,"privé - sans psg","hors PNR","facile",0,17
1638035,"publis - communales","hors PNR","facile",0,13
764732,"privé - sans psg","hors PNR","facile",0,7
1537436,"privé - sans psg","dans PNR","facile",0,4
2012873,"privé - sans psg","dans PNR","difficile",0,2
568184,"publis - communales","dans PNR","difficile",0,8
1851008,"publis - communales","dans PNR","difficile",0,20
717681,"publics - domaniales","dans PNR","très facile",0,8
1729499,"publics - domaniales","dans PNR","facile",0,18
14840,"privé - psg","dans PNR",NA,0,14
1911258,"publis - communales","dans PNR","difficile",0,14
966562,"publis - communales","dans PNR","difficile",0,17
1933258,"publics - domaniales","hors PNR","difficile",0,14
2027226,"privé - sans psg","dans PNR","difficile",0,3
420315,"publis - communales","dans PNR","difficile",0,25
1211942,"privé - sans psg","hors PNR","facile",0,21
1726718,"publis - communales","dans PNR","difficile",0,8
748606,"publics - domaniales","hors PNR","difficile",0,8
1747147,"privé - sans psg","dans PNR","difficile",0,7
964928,"publis - communales","hors PNR","difficile",0,9
1100804,"publis - communales","hors PNR","difficile",0,15
1526044,"publis - communales","dans PNR","facile",0,16
1405619,"privé - psg","dans PNR","difficile",0,18
348947,"publis - communales","dans PNR","difficile",0,16
256896,"privé - psg","dans PNR",NA,0,12
923997,"publics - domaniales","dans PNR","très facile",0,11
227436,"publics - domaniales","hors PNR",NA,0,13
1229504,"privé - sans psg","dans PNR","difficile",0,8
1018208,"privé - sans psg","dans PNR","moyenne",0,1
462740,"publics - domaniales","dans PNR","difficile",0,19
443018,"publics - domaniales","dans PNR","difficile",0,18
1412936,"publics - domaniales","dans PNR","facile",0,10
1309368,"publis - communales","hors PNR","facile",0,12
676165,"publis - communales","dans PNR","difficile",0,11
574254,"publics - domaniales","dans PNR","très facile",0,10
1348235,"publis - communales","dans PNR","difficile",0,12
1912698,"publics - domaniales","hors PNR","facile",0,13
1844962,"publis - communales","hors PNR","très facile",0,6
1308879,"privé - sans psg","dans PNR","difficile",0,22
1941815,"privé - sans psg","dans PNR","facile",0,18
1331695,"privé - sans psg","hors PNR","difficile",0,24
948395,"publis - communales","dans PNR","difficile",0,24
452773,"publis - communales","hors PNR","difficile",0,18
610441,"publis - communales","hors PNR","très facile",0,17
1305258,"publis - communales","dans PNR","difficile",0,11
234104,"publics - domaniales","dans PNR",NA,0,9
558518,"publis - communales","dans PNR","moyenne",0,32
531275,"publics - domaniales","hors PNR","difficile",0,34
1600072,"publis - communales","hors PNR","très facile",0,19
953427,"publis - communales","dans PNR","difficile",0,11
1005108,"privé - sans psg","hors PNR","facile",0,20
1622269,"privé - psg","dans PNR","facile",0,21
342419,"publis - communales","hors PNR","facile",0,9
537546,"publis - communales","hors PNR","difficile",0,14
12853,"privé - psg","dans PNR",NA,0,7
431875,"privé - sans psg","hors PNR","moyenne",0,12
924424,"privé - sans psg","dans PNR","difficile",0,20
561563,"publis - communales","dans PNR","très facile",0,5
343359,"publis - communales","hors PNR","facile",0,14
462488,"publics - domaniales","dans PNR","facile",0,14
1714586,"publics - domaniales","hors PNR","facile",0,17
1628287,"publis - communales","dans PNR","difficile",0,6
1532732,"privé - psg","hors PNR","difficile",0,13
1808009,"publis - communales","dans PNR","facile",0,10
2015187,"privé - sans psg","hors PNR","facile",0,25
19393,"publics - domaniales","hors PNR",NA,0,13
340703,"privé - psg","hors PNR","difficile",0,11
22204,"privé - sans psg","dans PNR",NA,0,16
1542661,"publis - communales","hors PNR","difficile",0,17
1318606,"privé - psg","dans PNR","facile",0,4
847479,"publics - domaniales","dans PNR","facile",0,12
1740900,"publis - communales","dans PNR","difficile",0,14
761676,"publics - domaniales","hors PNR","difficile",0,8
2004472,"privé - psg","hors PNR","facile",0,18
418249,"publis - communales","hors PNR","très facile",0,5
620782,"privé - sans psg","dans PNR","facile",0,10
733373,"publics - domaniales","hors PNR","difficile",0,15
1919657,"publis - communales","dans PNR","difficile",0,10
1700384,"publics - domaniales","dans PNR","facile",0,9
46346,"privé - sans psg","hors PNR",NA,0,1
921188,"publics - domaniales","dans PNR","facile",0,21
475553,"publis - communales","dans PNR","difficile",0,14
1218062,"publics - domaniales","hors PNR","difficile",0,17
368377,"publis - communales","dans PNR","difficile",0,17
1705964,"publis - communales","dans PNR","difficile",0,12
13676,"privé - sans psg","dans PNR",NA,0,11
843227,"publics - domaniales","hors PNR","facile",0,14
1602290,"privé - sans psg","dans PNR","difficile",0,15
1617329,"publis - communales","dans PNR","difficile",0,14
152944,"publis - communales","dans PNR",NA,0,13
668758,"privé - sans psg","dans PNR","facile",0,26
1908121,"publis - communales","dans PNR","difficile",0,7
945259,"privé - psg","dans PNR","difficile",0,11
1701616,"publis - communales","hors PNR","difficile",0,9
1503339,"publics - domaniales","dans PNR","très facile",0,18
853516,"publis - communales","dans PNR","difficile",0,15
1901091,"publis - communales","dans PNR","difficile",0,15
352898,"privé - psg","dans PNR","difficile",0,11
1636427,"publis - communales","dans PNR","difficile",0,10
1742750,"publis - communales","dans PNR","difficile",0,27
1207342,"publics - domaniales","hors PNR","difficile",0,11
501605,"publis - communales","dans PNR","difficile",0,35
119755,"publics - domaniales","hors PNR",NA,0,10
1111591,"publis - communales","hors PNR","très facile",0,13
255078,"privé - sans psg","hors PNR",NA,0,6
1752312,"privé - sans psg","hors PNR","très facile",0,18
1728407,"publis - communales","dans PNR","difficile",0,15
553039,"publis - communales","dans PNR","difficile",0,33
1652428,"publis - communales","dans PNR","facile",0,9
1938214,"privé - sans psg","dans PNR","difficile",0,10
1014578,"privé - sans psg","dans PNR","difficile",0,19
1015611,"privé - sans psg","dans PNR","difficile",0,16
450893,"privé - sans psg","hors PNR","difficile",0,18
