"idp","pro_psg","ser_86","biom"
1021459,"privé - sans psg","C51",139.952280955175
1013705,"privé - sans psg","C51",336.26666667465
1013229,"privé - sans psg","C51",78.8800988172714
1030210,"privé - sans psg","C51",304.494449207409
1003663,"privé - sans psg","C51",97.5934443592413
1007420,"privé - sans psg","C52",43.5942113546396
1028727,"privé - sans psg","C51",465.032216056209
1016087,"privé - sans psg","C51",373.694422725945
1003637,"privé - sans psg","E10",31.5780540507025
1000584,"publics - domaniales","C51",258.633054720796
1015205,"publis - communales","C51",274.750141710508
1010591,"privé - sans psg","C51",243.188694379507
1005442,"privé - sans psg","C51",503.441073092224
1007503,"privé - psg","C51",193.72004058259
1000820,"privé - sans psg","E10",24.2078191764106
1021077,"privé - sans psg","E10",25.8277891320961
1004904,"publis - communales","C51",381.066502974332
1004584,"privé - sans psg","E10",218.403577662158
1026895,"privé - sans psg","E10",14.3325535099129
1012204,"privé - sans psg","E10",101.579725104437
1024786,"privé - sans psg","C52",133.34186239009
1007207,"privé - sans psg","C52",26.708706359816
1001105,"privé - sans psg","E10",185.581243436024
1007040,"publis - communales","E10",172.941730440201
1013436,"privé - sans psg","E10",589.359022543821
1012046,"privé - sans psg","C52",63.1034002341438
1019281,"publis - communales","E10",63.7986422690732
1003449,"publis - communales","E10",149.842858051975
1014098,"privé - sans psg","E10",154.840373119943
1016851,"privé - sans psg","E10",211.864451393228
1002370,"privé - sans psg","E10",193.804202672055
1021856,"publis - communales","E20",142.891485303354
1014950,"publis - communales","E20",99.136845351477
1015957,"publis - communales","E20",1.44865193107688
1021902,"publis - communales","E20",188.465068733737
1009404,"publis - communales","E10",137.069595979457
1005248,"publis - communales","E20",195.980221531414
1006134,"privé - sans psg","E20",21.381390629299
1028398,"publis - communales","E20",60.4739846855154
1003655,"publis - communales","E20",72.1353379503644
1017485,"publis - communales","E10",264.962113803588
1023498,"privé - sans psg","E10",5.64949294636536
1017189,"publis - communales","E10",224.363341250066
1020382,"publis - communales","E20",289.04390510529
1021499,"privé - sans psg","E20",558.123693786729
1015379,"publis - communales","E10",86.315283419866
1017388,"publis - communales","E20",257.267261021374
1000946,"publis - communales","E20",94.1027611235727
1017191,"publis - communales","E20",236.863348092488
1028598,"privé - psg","E20",197.428101112628
1000945,"publis - communales","E20",146.945971727754
1011886,"publis - communales","E20",522.600943926454
1009509,"privé - sans psg","E10",181.598055641651
1004706,"privé - sans psg","E20",290.309875571347
1013519,"privé - sans psg","E20",62.2837776567062
1009930,"publis - communales","E20",265.428982648419
1029109,"privé - sans psg","E20",334.959560746899
1020318,"privé - sans psg","C52",67.4030685093723
1022007,"publis - communales","E20",368.164807618207
1010578,"privé - sans psg","E10",44.57842249532
1007806,"privé - sans psg","E20",492.064094704006
1013755,"privé - sans psg","C52",455.108476932395
1000661,"privé - sans psg","C52",32.737969253054
1019342,"privé - sans psg","C52",154.472692022618
1015036,"privé - sans psg","C52",189.632907177122
1022534,"privé - sans psg","E10",203.768293831
1025525,"privé - sans psg","E10",280.22529763833
1020158,"publis - communales","E10",264.648100568628
1006224,"privé - sans psg","E20",175.34260591925
1010454,"privé - sans psg","C52",82.3688000859496
1002734,"publis - communales","E10",71.2298280458547
1029908,"privé - sans psg","E20",178.976736636163
1007379,"privé - sans psg","C52",156.020060251618
1003493,"publis - communales","E20",368.7704397134
1004605,"privé - sans psg","C52",64.606837313353
1021608,"privé - sans psg","C52",165.203820634856
1021926,"publis - communales","E10",3.45305107628431
1001933,"privé - sans psg","C52",39.399248734249
1018004,"publis - communales","C52",188.791125360455
1014238,"publis - communales","C52",142.812054704778
1000515,"privé - sans psg","C52",29.830482541199
1018128,"publis - communales","E20",129.656873535005
1007341,"privé - sans psg","C52",113.572368251746
1019963,"privé - sans psg","B22",151.45816430904
1005105,"privé - sans psg","B22",121.316341873231
1002292,"privé - psg","B41",520.16863948626
1021167,"privé - psg","B41",212.577283738464
1025414,"publics - domaniales","B41",36.2591366325896
1028127,"privé - sans psg","B41",207.727385003818
1002771,"privé - sans psg","B22",499.819534073378
1023821,"privé - sans psg","B22",215.963393619294
1005249,"privé - sans psg","B41",2.02115298496614
1005294,"privé - psg","B22",152.765922035844
1008494,"privé - sans psg","B41",25.0852874485749
1008018,"publics - domaniales","B41",274.818739508447
1023525,"publics - domaniales","B41",240.544762607845
1028555,"privé - sans psg","B41",75.797527271356
1020637,"privé - sans psg","B41",60.3014319859997
1009260,"privé - psg","B41",609.383077822665
1002418,"publics - domaniales","B41",113.058813080864
1024514,"privé - sans psg","B41",431.514612955592
1030107,"privé - psg","B41",126.191237056764
1010506,"privé - sans psg","B41",193.833728533307
1018879,"publics - domaniales","B41",469.983326331487
1008204,"publics - domaniales","B41",215.943480022062
1004761,"privé - sans psg","B22",100.59526125018
1006672,"privé - sans psg","B41",53.6552302869963
1029887,"privé - sans psg","B42",136.937996444929
1012828,"privé - psg","B42",15.7509993759834
1004497,"privé - sans psg","B41",235.399107853305
1014157,"privé - sans psg","B41",237.27586837476
1025363,"privé - psg","B42",189.214300402396
1000670,"privé - sans psg","B41",50.9721006522079
1002107,"privé - psg","B23",228.687004919784
1007962,"privé - psg","B23",232.851493129243
1007936,"publics - domaniales","B23",231.463019878117
1003839,"privé - sans psg","B22",184.065010855902
1017661,"privé - sans psg","B41",19.4936628275545
1008193,"privé - sans psg","B41",152.557200556527
1019915,"privé - sans psg","B42",209.454010866287
1017586,"privé - psg","B23",218.492786964783
1007135,"privé - sans psg","B41",259.894215086263
1007075,"publics - domaniales","B41",197.572050897384
1014618,"privé - sans psg","B41",119.868263567468
1015257,"privé - psg","B42",49.7226742936439
1027856,"privé - sans psg","B42",161.293470119212
1024181,"privé - sans psg","B41",86.3621005492515
1028495,"privé - sans psg","B22",304.403055764925
1018999,"privé - sans psg","B43",36.025728670662
1026274,"privé - psg","B41",191.159007547132
1018185,"privé - sans psg","B41",325.771595883792
1011220,"privé - sans psg","B42",325.090613910001
1020255,"privé - psg","C11",301.41582338065
1016524,"publics - domaniales","B23",278.902842046719
1001873,"privé - psg","B42",166.605529743623
1023523,"privé - sans psg","C11",229.368260991098
1006551,"privé - sans psg","B43",150.680182481183
1014450,"privé - sans psg","B43",274.355933615618
1024234,"privé - psg","B42",208.516352888992
1001534,"publics - domaniales","B23",252.637048338118
1013250,"privé - sans psg","B91",273.284819922947
1002988,"privé - sans psg","B91",298.960080797178
1012629,"publics - domaniales","B91",106.545249378432
1007220,"publics - domaniales","B91",177.145983374591
1021145,"privé - psg","B91",251.626011282339
1015610,"publics - domaniales","B91",706.46095960539
1022631,"publis - communales","G12",188.045598742774
1001569,"publics - domaniales","B91",158.706758557996
1004576,"privé - psg","B91",283.0585135315
1007551,"publics - domaniales","B91",379.614250421395
1003297,"privé - sans psg","G12",262.699647146869
1012183,"privé - sans psg","G12",271.54705336062
1008110,"privé - psg","B91",220.82915411151
1026168,"privé - sans psg","B91",368.129690953932
1010552,"privé - psg","G12",23.2566250673509
1002143,"privé - sans psg","B91",219.527630285298
1026670,"publics - domaniales","B91",230.010734869212
1009747,"privé - sans psg","G12",193.882458887421
1005241,"privé - sans psg","B91",338.47316133026
1002181,"publics - domaniales","B91",470.92707655319
1018876,"privé - sans psg","G12",119.855273630444
1009701,"publics - domaniales","G12",110.015866329403
1009449,"privé - psg","G12",226.386096269195
1003205,"privé - psg","G12",309.415827545692
1028189,"publics - domaniales","G12",150.86978007779
1002502,"privé - psg","B92",150.358214895872
1003137,"publics - domaniales","G90",196.759846638395
1003060,"privé - sans psg","G12",242.589301188115
1012897,"privé - sans psg","G90",7.37601190880089
1012442,"privé - sans psg","G13",136.85121573056
1002113,"privé - psg","B92",316.657549876595
1016787,"privé - sans psg","G90",307.004905441936
1021036,"privé - sans psg","G90",22.6078037185727
1008658,"privé - sans psg","G13",397.945413847349
1016058,"privé - psg","B92",47.4894867420507
1003508,"privé - psg","B92",234.59329671891
1016553,"privé - psg","B92",377.727556620071
1027594,"privé - sans psg","B92",288.721667442958
1026833,"privé - psg","G90",291.015474458263
1004128,"privé - psg","B92",198.320452064821
1023257,"privé - psg","G22",87.6294381431426
1027033,"privé - psg","B92",175.687486851033
1020678,"privé - sans psg","G90",247.370986741344
1012059,"privé - sans psg","G22",195.799007035131
1011029,"privé - sans psg","G22",255.74133912027
1000429,"privé - sans psg","G22",223.197113853516
1028457,"privé - psg","G22",129.897730024384
1019047,"privé - sans psg","G22",55.4660797264983
1014386,"privé - sans psg","G22",329.368110104281
1012699,"publics - domaniales","G22",74.4797677131243
1003964,"privé - sans psg","H30",70.2669632610904
1021831,"privé - sans psg","J40",115.201466527578
1025165,"privé - sans psg","J40",66.5388300788223
1001043,"publis - communales","H30",37.6679589887458
1027362,"privé - sans psg","J40",32.1849862838268
1025476,"privé - sans psg","H30",236.100839402507
1010951,"publics - domaniales","H30",186.3910396727
1002473,"publis - communales","H30",156.531763098495
1023199,"privé - sans psg","J40",62.3043406452749
1024831,"privé - psg","J40",112.664739056678
1005419,"publics - domaniales","H30",195.73315265533
1024912,"privé - sans psg","J40",148.034615747516
1024816,"publis - communales","H30",80.6791221131368
1028281,"privé - sans psg","H30",57.9121567038214
1022411,"publis - communales","H30",57.1838568721495
1014083,"privé - psg","H30",123.216353082389
1001767,"privé - sans psg","H30",26.6664932061669
1015743,"publis - communales","H30",14.877193726363
1001024,"privé - psg","J40",78.3159060803709
1024824,"privé - psg","J23",134.742083908611
1031208,"publis - communales","H30",15.4580744105913
1019662,"privé - sans psg","H30",15.2287128707649
1024186,"privé - sans psg","H30",1.29364088178292
1029323,"privé - sans psg","J23",206.443160247653
1020314,"privé - sans psg","J23",134.095798607011
1009875,"privé - sans psg","H30",40.007058815924
1010829,"privé - psg","H30",34.3897357045104
1020356,"publics - domaniales","H30",77.80802596092
1028011,"privé - sans psg","H30",143.04833741935
1030569,"privé - sans psg","J23",0.779983491946842
1008922,"privé - sans psg","J23",91.2675848619171
1023995,"privé - psg","H41",20.3476562932527
1016368,"publis - communales","H41",97.1775443728205
1002495,"privé - sans psg","H30",93.0135457992217
1015569,"publis - communales","H41",83.8224940994297
1017539,"privé - sans psg","H41",103.307503467735
1019290,"publis - communales","H41",118.176786411845
1007085,"privé - sans psg","H30",126.981566491393
1028103,"publis - communales","H30",89.4012332268345
1030614,"privé - sans psg","H30",96.0959516977822
1014365,"publis - communales","H41",61.138475291281
1010876,"privé - sans psg","H30",46.6094175297741
1006976,"privé - sans psg","H30",87.7251035488721
1021393,"privé - sans psg","H41",5.41252718558047
1001382,"privé - sans psg","H41",149.011174760092
1027643,"publics - domaniales","H30",120.709438294987
1016714,"publics - domaniales","H30",49.0683298207919
1024229,"publis - communales","H30",41.1780460370758
1017334,"publics - domaniales","J23",162.161376541099
1012306,"privé - sans psg","J23",50.5525662384313
1017137,"privé - sans psg","H42",95.5917624184188
1002598,"privé - sans psg","H41",64.3597812880952
1004204,"privé - sans psg","H30",104.479097924129
1003259,"privé - sans psg","H30",4.23274992754347
1031238,"privé - sans psg","H30",215.861482434138
1014554,"privé - sans psg","H30",71.1195603877173
1017264,"publics - domaniales","H30",166.017716233112
1013867,"privé - sans psg","H42",142.651943946435
1007773,"privé - sans psg","H30",49.5867850196798
1000132,"publics - domaniales","H42",23.9494942876853
1000057,"privé - sans psg","H30",150.320105239677
1000523,"privé - sans psg","H30",145.035061280892
1005224,"publics - domaniales","H42",395.611787888782
1012114,"publis - communales","H42",73.0016422185857
1006478,"privé - sans psg","H42",77.3752074627388
1009355,"publics - domaniales","H41",458.739431716486
1010564,"privé - sans psg","H41",70.5249516494768
1021900,"privé - psg","H30",68.7007712195078
1011858,"publics - domaniales","H30",30.2667344660683
1007668,"privé - sans psg","H30",132.795633546042
1018517,"publis - communales","H42",168.528415602579
1021389,"privé - sans psg","H42",84.0921019000254
1008699,"publics - domaniales","H41",117.719929642447
1018967,"publis - communales","H41",284.116494402864
1009214,"privé - psg","H30",127.908632886318
1009532,"publics - domaniales","H30",215.807823401238
1001287,"publics - domaniales","H30",228.413207811848
1004036,"privé - sans psg","H30",118.145127463674
1018849,"privé - psg","H30",273.295804889017
1030474,"privé - sans psg","H30",100.538731324864
1028566,"privé - sans psg","H30",1.79972428921035
1015169,"privé - sans psg","H30",89.583171934248
1009977,"privé - sans psg","H30",91.5106793983222
1000351,"privé - sans psg","H30",74.9677338983025
1021741,"privé - sans psg","H30",185.964499079028
1020160,"privé - sans psg","H30",113.985852752791
1009884,"privé - sans psg","H30",121.402627333028
1000876,"privé - sans psg","H30",11.5351722090422
1020361,"privé - sans psg","H30",301.256393460505
1024188,"publis - communales","H30",234.000930033846
1004346,"publis - communales","H30",170.928678633965
1018634,"privé - sans psg","H30",181.827990726362
1005965,"privé - sans psg","H30",58.6666821258957
1000736,"privé - sans psg","H30",71.117513337258
1017830,"privé - sans psg","H41",81.4224720309987
1018986,"publis - communales","H30",54.5363640406827
1007883,"publis - communales","H30",117.805169496386
1027414,"publis - communales","H30",54.948604354073
1017502,"privé - sans psg","H30",39.7152824642324
1022586,"privé - sans psg","H30",138.557760811063
1004472,"publics - domaniales","H30",42.2602210617429
1002991,"publis - communales","H41",126.698025527113
1019499,"privé - sans psg","H41",68.7094809869303
1013402,"privé - sans psg","H30",95.1724535918332
1022153,"privé - psg","H30",148.128372025344
1029754,"privé - sans psg","H30",5.42294934842123
1004461,"privé - sans psg","H30",195.266596101864
1020633,"publis - communales","H30",84.430212026291
1001362,"publis - communales","H30",188.832928215364
1005807,"publis - communales","H30",297.674250680759
1021957,"publis - communales","H42",131.356370104275
1009249,"privé - sans psg","H41",2.1345312052865
1009887,"publis - communales","H30",372.602096876123
1025612,"publics - domaniales","H30",15.2200765913796
1016369,"publis - communales","H30",107.37102607206
1008728,"privé - sans psg","H30",66.0605179898989
1025441,"privé - sans psg","H30",64.6103261926462
1018081,"publis - communales","H42",79.602697383081
1000385,"publics - domaniales","H41",190.770735280965
1011864,"publics - domaniales","H41",283.34890057054
1028811,"privé - sans psg","H30",181.056712133427
1026368,"publics - domaniales","H41",277.298570754091
1028219,"privé - sans psg","H30",63.3000670523656
1003235,"publis - communales","H41",151.231382759535
1006966,"privé - sans psg","H30",263.618618234822
1026578,"privé - sans psg","H42",80.2081775886708
1031087,"publics - domaniales","H41",263.369622357698
1004592,"publis - communales","H42",202.975989481516
1011982,"publis - communales","H42",250.130196870626
1011049,"publis - communales","H42",64.334988383743
1005475,"privé - sans psg","H42",65.422082267341
1030123,"privé - sans psg","H42",48.7995879991667
1009593,"publis - communales","H42",249.877095940305
1006239,"privé - sans psg","H42",111.793293663341
1018831,"publis - communales","H42",194.750138500834
1022614,"publis - communales","H42",14.768908843088
1024083,"privé - sans psg","H42",52.619853454753
1021700,"privé - sans psg","H42",206.805912992988
1000809,"publis - communales","H42",300.051676546628
1028797,"publis - communales","H42",124.692201085749
1020088,"publis - communales","H42",237.243286511183
1009903,"publis - communales","H42",158.127857625235
1007912,"privé - sans psg","H42",13.9718271233522
1004710,"privé - sans psg","H42",151.627706045924
1007622,"publics - domaniales","H42",315.64124597206
1021986,"publis - communales","H42",104.349060429853
1020712,"publics - domaniales","H42",282.186103604764
1016494,"privé - sans psg","H42",89.8660029378796
1005922,"privé - sans psg","H42",150.005027484936
1024745,"privé - psg","H42",37.1954964840182
1003007,"privé - sans psg","H42",7.58065507360968
1031141,"privé - sans psg","H42",95.8800348016256
1007409,"privé - psg","H42",138.100246567401
1022802,"publis - communales","H42",98.9665003480144
1005076,"privé - sans psg","H42",43.4735559608838
1020615,"publis - communales","H42",107.074014015315
1026029,"publis - communales","H41",403.28105335617
1021964,"publis - communales","H41",259.96181915149
1005155,"privé - sans psg","H42",1.65607521788229
1010975,"privé - sans psg","H41",129.903636177469
1018657,"privé - sans psg","H30",234.018683448082
1025496,"publis - communales","H42",97.4725495885569
1001684,"publis - communales","H30",186.728344439677
1005043,"publis - communales","H41",363.006429926583
1007894,"publics - domaniales","H41",201.279836467026
1004872,"privé - sans psg","H30",114.125236267714
1013273,"publics - domaniales","H30",132.720624622721
1005932,"publis - communales","H30",148.318568470399
1016881,"publis - communales","H41",153.579829598128
1023331,"privé - sans psg","H41",62.9410095334427
1011341,"publics - domaniales","H30",143.319666936482
1029960,"privé - sans psg","H30",225.26879853633
1001420,"publis - communales","H30",253.630825425577
1006245,"privé - psg","H30",133.916483060255
1003156,"privé - sans psg","J40",401.594785154097
1007279,"publis - communales","H30",64.0721195190761
1029600,"publics - domaniales","H30",105.241483668776
1030691,"privé - psg","J40",74.3745129069176
1014965,"publis - communales","H42",50.4920069864832
1017343,"privé - sans psg","H41",91.6074345703107
1009617,"privé - sans psg","H30",104.261065907569
1024897,"publis - communales","H42",5.3019038001441
1027370,"publis - communales","H41",325.859129560682
1014338,"publis - communales","H41",31.8502814573258
1022084,"privé - psg","H30",100.474491836398
1003447,"privé - sans psg","J24",86.5648044142279
1003647,"publis - communales","H41",316.254431442762
1001575,"publis - communales","J24",6.22839664380538
1024923,"publis - communales","H41",150.454900840011
1015947,"publis - communales","H41",182.455746050778
1021103,"publis - communales","H41",403.904033623358
1018913,"privé - sans psg","H41",91.8967667877078
1028306,"publis - communales","H41",213.608353298575
1012620,"privé - sans psg","H41",44.1993293014868
1027198,"privé - sans psg","J24",45.3959255623992
1002658,"privé - sans psg","J24",72.6412840131534
1015573,"publis - communales","H41",353.129006442973
1012190,"privé - sans psg","G30",0.907247365705223
1003047,"publis - communales","G22",96.6198397554213
1027155,"privé - sans psg","G22",22.1765900913496
1008235,"privé - sans psg","G30",81.2791491303643
1010358,"privé - sans psg","G30",22.6475636840736
1025956,"privé - sans psg","G22",32.970651838193
1003481,"privé - psg","G22",272.092938613475
1010431,"publis - communales","G22",119.775308433268
1017842,"privé - sans psg","G22",14.1475489598447
1019314,"privé - sans psg","G70",387.779012229046
1000929,"publis - communales","G30",147.765379802886
1027714,"privé - sans psg","G30",54.3099615658371
1010547,"publics - domaniales","G30",272.573305891797
1029150,"privé - sans psg","G30",333.067217729687
1002979,"privé - sans psg","G22",458.158263620411
1009381,"privé - sans psg","G42",195.830077167238
1010558,"privé - sans psg","G30",8.24395001847365
1025918,"publis - communales","G30",293.206790812229
1006517,"privé - sans psg","G42",306.609051133838
1029646,"privé - psg","G42",176.363384914423
1008776,"privé - psg","G42",155.858681976593
1020421,"privé - sans psg","G42",894.841419350307
1019437,"privé - sans psg","G42",229.023783755689
1010948,"privé - sans psg","G30",209.774957957963
1005480,"privé - sans psg","G70",114.167489891816
1000908,"privé - sans psg","G70",43.5627988171826
1007252,"privé - sans psg","G70",87.1123055081386
1000891,"privé - sans psg","G70",297.71806582171
1004305,"privé - sans psg","G70",74.1078008375656
1016272,"privé - sans psg","G70",214.725364672513
1019934,"privé - sans psg","G42",221.967223606152
1009511,"privé - sans psg","G42",195.47298518832
1007191,"privé - sans psg","G42",268.519743085273
1027564,"privé - sans psg","G42",150.799956908832
1014337,"privé - sans psg","G42",82.4460600437174
1014834,"privé - sans psg","G30",809.421814337176
1031009,"privé - sans psg","G42",262.022275808685
1026058,"privé - psg","G42",309.843800886283
1021848,"privé - sans psg","G42",328.980155452169
1018636,"privé - sans psg","G42",282.538255880846
1002423,"privé - sans psg","G42",131.225280983871
1017576,"privé - sans psg","G70",9.02720871640695
1028872,"privé - sans psg","G70",155.051129748186
1006656,"privé - sans psg","G70",499.019829848959
1022154,"privé - sans psg","G70",144.31388077689
1005110,"privé - sans psg","J10",15.6406815618128
1017664,"publis - communales","G70",136.348616098503
1031243,"privé - sans psg","G42",390.341352265825
1026609,"privé - sans psg","G42",46.6015720979978
1016426,"privé - sans psg","G42",166.223957233694
1005234,"privé - sans psg","G42",15.3500405058124
1018619,"privé - sans psg","G42",314.655922604567
1016232,"privé - sans psg","G42",159.683979530764
1010839,"privé - sans psg","G42",314.016301388994
1003290,"privé - sans psg","G42",417.23223412283
1026287,"privé - sans psg","G42",120.584982770653
1024101,"privé - sans psg","G70",94.283738673686
1014556,"privé - sans psg","G70",330.217251981955
1023538,"privé - sans psg","G70",118.219824790065
1026642,"privé - sans psg","J10",133.150419035991
1026329,"privé - sans psg","J10",23.7743873092487
1023024,"privé - sans psg","G42",148.855153418103
1017536,"privé - sans psg","G42",184.303037593869
1012244,"privé - sans psg","G42",134.877404004136
1007034,"privé - sans psg","G42",168.433322073741
1012608,"privé - sans psg","G42",25.1664168564933
1000469,"privé - sans psg","G42",178.408657305258
1027158,"privé - sans psg","G42",170.029272099582
1001109,"privé - sans psg","G70",114.661783595986
1003085,"privé - sans psg","J10",2.96617690485185
1019167,"privé - sans psg","G42",411.530603878633
1002089,"publis - communales","G42",484.760705182876
1030769,"privé - sans psg","G42",327.309239358228
1020775,"privé - sans psg","G42",221.363408435047
1027852,"privé - sans psg","G42",345.421111867482
1019385,"privé - sans psg","G42",22.0414321671095
1009568,"privé - sans psg","J10",9.5132126742028
1011182,"privé - sans psg","J10",128.788944307551
1014767,"privé - sans psg","J10",184.416720755454
1019936,"privé - sans psg","J10",242.646468843597
1030712,"privé - sans psg","J10",37.8349957806269
1023567,"privé - sans psg","G42",124.47867715462
1026845,"privé - sans psg","G42",64.0502751755823
1022580,"privé - sans psg","G42",156.646284089752
1015897,"privé - sans psg","J10",212.838686388756
1014525,"privé - sans psg","J10",27.2199604762595
1013072,"privé - sans psg","J10",80.3863662947773
1011242,"privé - sans psg","J10",45.4724186914002
1014122,"privé - sans psg","G42",45.8497142985829
1020605,"privé - sans psg","G42",221.401916640203
1029407,"privé - sans psg","J10",45.3246316436079
1007382,"privé - sans psg","J10",112.479256300196
1011171,"privé - sans psg","J10",31.7475661969794
1006449,"privé - sans psg","J10",137.96163131694
1020218,"privé - sans psg","J10",62.7536409000351
1016670,"privé - sans psg","C11",166.66761288155
1017774,"privé - psg","C11",68.4572656808723
1007876,"publis - communales","C11",121.929310284473
1007138,"privé - sans psg","C20",556.166816198715
1006605,"privé - psg","C11",87.9167660760708
1013409,"publics - domaniales","C20",418.539898175154
1027087,"publics - domaniales","C11",365.020216723253
1001979,"publics - domaniales","C11",204.228358828632
1013993,"privé - sans psg","C20",310.568429072226
1004782,"privé - sans psg","C30",258.127568522497
1001606,"publis - communales","C11",139.157777428085
1012680,"publics - domaniales","C11",175.714021511417
1008908,"publis - communales","C11",238.870772742995
1028563,"publis - communales","C20",98.9358253463732
1027525,"privé - psg","C11",137.899004205665
1013916,"privé - psg","C11",598.309163503666
1026066,"privé - sans psg","C11",197.911575306248
1024700,"publis - communales","C11",63.2766105939236
1028879,"publics - domaniales","C11",359.200996835175
1016081,"publics - domaniales","C11",275.262328441204
1023666,"privé - psg","C20",130.684903527431
1004255,"publics - domaniales","C11",36.5769646738442
1010513,"publis - communales","C11",312.673475344965
1003893,"privé - sans psg","C20",36.2682814284265
1014214,"publics - domaniales","C11",274.085853870512
1005933,"publics - domaniales","C11",149.333252128908
1005079,"publis - communales","C20",265.197255572788
1000614,"privé - psg","C20",227.090346428331
1031054,"publics - domaniales","C11",207.362207184693
1025743,"publics - domaniales","C20",519.732248313045
1021519,"privé - sans psg","B43",8.43520183820467
1028928,"privé - psg","C20",276.599389576148
1024758,"publics - domaniales","C20",156.506674685056
1006160,"privé - psg","C20",286.906982869117
1013258,"publis - communales","C11",249.497030677179
1004932,"privé - sans psg","C20",226.402212888924
1006282,"privé - psg","C12",39.533375427479
1001643,"privé - sans psg","B43",61.3988487348877
1011765,"privé - sans psg","C12",260.59612910752
1022069,"privé - psg","C11",141.82408979756
1017346,"publis - communales","C20",235.952314024198
1014092,"privé - sans psg","C20",197.776716030396
1003112,"publics - domaniales","C12",416.652447521523
1008441,"privé - sans psg","C12",76.6860133522381
1007454,"publics - domaniales","C11",128.083049904457
1006628,"privé - psg","C20",174.561075865019
1006388,"privé - sans psg","C20",17.3343537365639
1022358,"privé - sans psg","C20",52.266138803258
1023651,"publis - communales","C20",193.472017080366
1009332,"publics - domaniales","C30",233.975677311751
1005229,"privé - sans psg","C20",212.325297595861
1001224,"privé - sans psg","C20",146.057647392677
1021965,"privé - sans psg","C12",340.558836416319
1030278,"privé - psg","C12",349.991349586022
1001161,"privé - psg","C20",245.759794866603
1000251,"privé - sans psg","C12",346.133464749084
1018690,"privé - sans psg","C20",18.0661029028105
1012684,"publics - domaniales","I21",182.255745003842
1006815,"privé - sans psg","I21",154.046701285765
1019156,"privé - sans psg","I11",335.999439691846
1025239,"privé - sans psg","I11",134.457085740322
1018538,"publics - domaniales","I21",346.627624205539
1017157,"privé - sans psg","I21",185.36545666194
1026457,"privé - sans psg","I21",61.3224234715752
1001511,"privé - sans psg","I11",257.387222898038
1029856,"privé - sans psg","I11",11.8902841775256
1018343,"publis - communales","I21",487.953804373498
1010197,"privé - sans psg","I21",776.986601624496
1013617,"privé - sans psg","I21",154.522991943242
1012377,"privé - sans psg","I21",54.060119750797
1022317,"privé - sans psg","I11",326.407427188122
1031248,"privé - sans psg","I21",144.061970707032
1027146,"publics - domaniales","I21",231.643977696632
1004351,"publis - communales","I21",111.463365155605
1015146,"privé - psg","I21",219.564734337099
1021097,"privé - sans psg","F30",156.458085881298
1020439,"privé - sans psg","I11",144.633843388324
1030185,"privé - sans psg","I21",550.342857616384
1022293,"privé - sans psg","I21",197.875471108597
1020585,"privé - sans psg","I21",220.92895014077
1026658,"privé - sans psg","F30",109.965635113913
1031127,"privé - sans psg","I11",165.374747381739
1012080,"privé - sans psg","I21",425.467915161108
1020656,"privé - sans psg","I21",280.096069829782
1017688,"privé - sans psg","I21",235.870811656101
1007585,"publis - communales","I21",14.3532904338743
1018707,"privé - sans psg","F30",103.879958908072
1018373,"privé - sans psg","I21",301.693004869478
1028357,"privé - sans psg","I11",71.1287624920389
1022487,"privé - sans psg","I21",124.536593898731
1000088,"privé - psg","I21",355.26153085379
1018820,"publics - domaniales","I21",95.8959503027821
1006993,"privé - sans psg","I11",108.814830426815
1011347,"publics - domaniales","I21",180.311412415151
1030605,"privé - sans psg","I21",52.9097106962027
1008365,"privé - sans psg","I21",12.5611563641585
1013013,"privé - sans psg","I21",69.1849500474367
1029685,"privé - sans psg","I12",77.903651253462
1028531,"privé - psg","I21",410.783289897217
1026292,"privé - sans psg","F30",93.6318095952219
1028751,"privé - sans psg","I12",193.33302813972
1008322,"publis - communales","F30",14.5901218131393
1000281,"publis - communales","I21",131.213347680503
1006957,"privé - sans psg","I12",436.075257277778
1003720,"privé - sans psg","F30",19.2841526794886
1010684,"privé - sans psg","I12",155.296851632445
1010842,"privé - sans psg","I21",268.753956685507
1020522,"privé - sans psg","I12",227.76779018102
1011616,"privé - sans psg","I12",94.7105816523903
1009591,"privé - psg","I12",270.755605420708
1003186,"publics - domaniales","I12",302.467723360183
1013875,"privé - sans psg","I12",88.7347587165711
1028291,"publics - domaniales","I21",264.447483357631
1015553,"publics - domaniales","I21",337.743208021997
1007374,"privé - sans psg","I12",260.601766174357
1001517,"publics - domaniales","I12",181.216068927532
1014733,"publics - domaniales","I12",279.303633395655
1004254,"privé - sans psg","I12",25.845836655405
1006046,"publics - domaniales","I12",374.951584962392
1009970,"privé - sans psg","B42",215.352897522213
1007636,"privé - psg","B43",19.899889591539
1021919,"privé - psg","B52",343.250324853696
1011834,"privé - psg","B52",99.2722060156672
1020387,"publis - communales","B52",24.8375453129555
1014714,"privé - sans psg","B43",17.0950609206084
1007571,"privé - sans psg","B52",110.257041362671
1014247,"privé - sans psg","B52",249.083270946882
1017957,"publis - communales","B51",183.214013286859
1030033,"privé - sans psg","B43",1.51001073823984
1003253,"privé - sans psg","B43",160.399243475797
1025845,"privé - sans psg","B52",12.0558521054181
1016542,"privé - psg","B51",188.081605089999
1030680,"privé - sans psg","B51",347.706500592464
1005845,"privé - sans psg","B43",167.845930608091
1025629,"privé - psg","B51",278.874938865791
1031370,"privé - sans psg","B51",431.620443896568
1003008,"privé - sans psg","B51",395.908103526795
1025897,"privé - sans psg","B51",246.190953764898
1006848,"publis - communales","B51",156.761581384311
1028908,"publis - communales","B51",577.63361697881
1025588,"privé - psg","B51",278.791298488884
1000786,"publis - communales","C20",425.154248738468
1002915,"privé - sans psg","B51",202.447402827667
1027046,"publis - communales","B51",26.9069821212702
1026432,"privé - sans psg","B51",298.44987174869
1002690,"privé - sans psg","C20",295.980300086506
1025550,"privé - sans psg","C20",138.83018443521
1007914,"privé - psg","B51",281.456225538369
1011149,"privé - sans psg","C20",5.98007370420649
1011386,"publis - communales","B51",115.032776542653
1030277,"publis - communales","B51",155.611602867532
1017360,"privé - psg","B51",194.512945964928
1014725,"privé - sans psg","B51",120.253755840084
1013688,"privé - sans psg","C20",189.568660304083
1011139,"publis - communales","C20",246.119160409552
1017414,"publis - communales","C20",52.0414911279207
1015911,"publis - communales","C20",161.612611213067
1016331,"publis - communales","C20",12.1876907353989
1016223,"publics - domaniales","C20",213.38689945127
1013769,"publics - domaniales","C20",252.285873750921
1022082,"privé - sans psg","C20",279.421272596395
1020108,"publis - communales","C20",150.853619325366
1015156,"publics - domaniales","C20",106.504508613765
1007971,"privé - psg","F30",110.777996338795
1022339,"privé - sans psg","G80",15.1695985365058
1025798,"privé - sans psg","F30",175.766958373068
1028970,"privé - psg","F30",292.807417862003
1020860,"privé - sans psg","F30",101.504134273818
1017865,"publics - domaniales","G80",176.416625403811
1016302,"privé - sans psg","F30",193.6910009666
1021035,"privé - psg","F30",342.460730135833
1010000,"publics - domaniales","I12",366.566064251117
1026154,"publics - domaniales","I12",326.770071234674
1013197,"publis - communales","I12",366.400269856978
1016070,"publis - communales","G80",162.838307079701
1025078,"privé - sans psg","J22",215.76531893631
1029032,"privé - sans psg","J22",35.4959774155103
1004863,"privé - sans psg","J22",235.257493736187
1006403,"privé - sans psg","F30",42.0809212031078
1026917,"publis - communales","I12",50.2424417902301
1029758,"publis - communales","I12",63.432889878499
1017963,"publics - domaniales","I12",155.289893789225
1007175,"publis - communales","I12",244.383223399735
1026853,"privé - sans psg","I12",83.1910081924708
1020888,"privé - psg","G80",296.830777167727
1005679,"privé - sans psg","J22",50.8553738728885
1010208,"privé - sans psg","I12",110.610985951626
1017709,"privé - sans psg","I12",16.1005320001554
1012312,"privé - sans psg","I12",60.5726156104777
1020978,"privé - sans psg","J22",10.7855465729744
1027319,"privé - sans psg","I12",17.1444422439014
1008979,"privé - sans psg","I12",199.857494142095
1015597,"privé - psg","I12",570.174459597788
1010729,"privé - psg","I12",451.469485951085
1007558,"publis - communales","J22",82.5500271698172
1021644,"privé - sans psg","J22",151.587195601071
1028339,"privé - sans psg","J22",239.209395290304
1023933,"publics - domaniales","I13",270.719994778417
1025354,"privé - sans psg","I13",151.180041897718
1022601,"publis - communales","I13",45.3645710803319
1016687,"privé - sans psg","I12",245.849521711301
1008949,"privé - psg","I12",379.427755096508
1025485,"privé - sans psg","I13",72.1710173533023
1001749,"privé - sans psg","J22",62.444332157902
1008919,"privé - sans psg","I13",184.426874623488
1020558,"publics - domaniales","I13",41.8150133815157
1002083,"privé - sans psg","J22",5.63547490941589
1020325,"privé - sans psg","J22",116.975977751193
1005499,"privé - sans psg","J22",3.30366383252096
1011215,"privé - sans psg","J22",21.3029166598183
1016697,"privé - sans psg","J22",67.3175513445606
1017384,"privé - sans psg","J22",5.7221636089716
1023048,"publics - domaniales","J22",22.8079071875877
1015243,"privé - sans psg","J22",123.761354038659
1018515,"privé - sans psg","J22",15.2058563635622
1005799,"privé - sans psg","J22",214.293030824468
1024081,"privé - sans psg","J22",59.428854902639
1002546,"privé - sans psg","J22",37.5180256510197
1024735,"privé - sans psg","J22",5.381889268312
1000556,"privé - sans psg","J22",15.7990664526782
1015195,"privé - sans psg","J22",93.0217345657001
1028052,"privé - sans psg","F40",12.1332520910605
1018730,"privé - sans psg","F40",63.0629699991498
1026031,"privé - sans psg","F40",385.890581046777
1026370,"privé - sans psg","F40",248.789754787037
1029220,"privé - sans psg","F40",121.835150699384
1015448,"privé - sans psg","G50",163.580756123834
1002037,"privé - sans psg","G50",136.230831131204
1018256,"privé - sans psg","G50",114.824590665109
1025430,"privé - sans psg","G50",201.494913925773
1002739,"privé - sans psg","G50",117.764851271145
1006207,"privé - sans psg","G50",168.674058614859
1024616,"privé - sans psg","G50",409.200071699692
1011888,"privé - sans psg","G50",81.3611024745607
1002547,"publis - communales","G50",18.1142876166604
1022967,"privé - sans psg","G50",203.854377481412
1009330,"privé - sans psg","G50",220.550224757725
1019721,"privé - sans psg","G50",260.819201113814
1000737,"privé - sans psg","G50",202.981330922197
1011899,"privé - sans psg","G50",276.920703077201
1016615,"privé - psg","G50",386.557220584084
1023044,"privé - psg","G50",98.1751404520729
1027759,"privé - sans psg","G50",311.677164995044
1024810,"privé - sans psg","G50",145.048937420881
1017783,"privé - sans psg","G50",335.182242410076
1009298,"privé - sans psg","G50",253.710764270176
1007824,"privé - sans psg","G50",275.052590009188
1020947,"privé - sans psg","G50",171.623676535665
1001785,"privé - sans psg","G60",320.634619199772
1022142,"privé - sans psg","G50",348.53084462313
1027661,"privé - sans psg","G50",209.442275118151
1012730,"privé - sans psg","G50",185.44119928658
1018055,"privé - sans psg","G50",124.789771266866
1022303,"privé - sans psg","G60",35.7441170027384
1008537,"privé - sans psg","G50",136.343036295849
1025141,"privé - sans psg","G60",414.996608838487
1015674,"privé - sans psg","G80",171.044779611643
1030463,"publis - communales","G80",196.466839723158
1006524,"privé - sans psg","G50",186.75121360088
1023963,"privé - sans psg","G50",395.828723084294
1025840,"privé - sans psg","G80",495.755551312035
1015424,"privé - sans psg","G80",583.086359792238
1005013,"privé - sans psg","G50",475.946444616705
1017148,"privé - sans psg","G50",173.55510418447
1019537,"privé - sans psg","G50",124.677465048052
1001354,"privé - sans psg","G50",181.624186784019
1028814,"privé - sans psg","G80",699.143340530476
1010818,"publics - domaniales","G30",213.866364456942
1001727,"privé - sans psg","G50",217.054492366518
1013674,"privé - sans psg","G50",324.186340435145
1010307,"privé - sans psg","G50",9.82431455945871
1027061,"privé - sans psg","G50",110.803113080754
1003882,"privé - sans psg","G50",123.888615133807
1001972,"privé - sans psg","G80",230.764682444803
1003605,"privé - sans psg","G60",76.2246884992653
1022227,"privé - sans psg","G80",12.2444760642124
1001399,"privé - sans psg","G60",198.816885965355
1018335,"privé - psg","G60",165.643987476646
1018776,"privé - sans psg","G60",63.0695510339238
1013076,"privé - sans psg","G60",57.4803291972253
1017081,"privé - sans psg","G60",159.829125603639
1022623,"privé - sans psg","G80",104.076539312019
1029043,"publics - domaniales","G60",148.453392330606
1015322,"privé - sans psg","G80",191.588829957574
1019424,"privé - sans psg","G60",22.3872283788142
1014561,"publis - communales","G60",29.1972117946995
1000111,"privé - sans psg","G60",253.419728213983
1018506,"privé - sans psg","G80",242.021881485631
1004693,"publics - domaniales","G80",139.695209636254
1002954,"privé - sans psg","G60",12.6503359234269
1013066,"privé - sans psg","G60",190.15263490469
1020557,"privé - sans psg","G60",19.2496390133912
1004762,"publics - domaniales","G80",394.826402006515
1017375,"privé - psg","G60",136.222192238246
1003041,"privé - sans psg","G60",116.50108789317
1006576,"privé - sans psg","G60",50.2117855328047
1014037,"privé - sans psg","G60",304.424295191876
1029564,"privé - sans psg","G60",28.0565452366688
1006728,"privé - sans psg","G60",11.313023471742
1030600,"privé - sans psg","J23",61.5935329734401
1002748,"publis - communales","J23",11.7091974729681
1030339,"privé - psg","J22",99.6705694707252
1005181,"privé - sans psg","J23",17.1087407884601
1004042,"privé - psg","J23",59.6557923468571
1030949,"privé - sans psg","J22",2.12821958102995
1005566,"privé - sans psg","J22",102.064436972111
1026161,"privé - sans psg","J22",168.160872969901
1029368,"publis - communales","J23",98.5409392731233
1011644,"privé - sans psg","J23",368.050147765451
1006174,"privé - psg","J23",83.0848532322232
1005312,"publis - communales","J23",1.37507539748881
1011521,"privé - sans psg","J23",49.1788433660108
1014130,"privé - psg","J23",76.3603105173522
1008730,"publis - communales","J23",101.906751074889
1014163,"publis - communales","J23",24.8879742784586
1026420,"publis - communales","J23",79.6739072032573
1004037,"privé - sans psg","J23",58.383982002046
1023084,"publis - communales","J23",97.4173345887213
1010508,"privé - sans psg","J23",50.920067028416
1000097,"publis - communales","J23",21.1663883675814
1011901,"privé - psg","J23",117.165741872055
1001820,"privé - sans psg","J23",116.56931854651
1012675,"privé - sans psg","J23",58.3243548448206
1009635,"privé - sans psg","J23",100.942406091937
1024231,"publis - communales","J23",101.013236460477
1014342,"publis - communales","J23",42.1145912233782
1011658,"privé - sans psg","J23",40.692297122549
1006880,"privé - sans psg","J23",7.6002731977349
1010447,"privé - sans psg","J23",42.5619486241876
1010461,"privé - sans psg","J23",45.9104119987187
1013388,"privé - sans psg","J23",219.392596177825
1018623,"publis - communales","J23",5.2722713092882
1021372,"privé - psg","A13",569.442316412917
1030259,"privé - sans psg","B31",8.63827758042137
1005670,"privé - sans psg","A13",154.602458320331
1018741,"privé - sans psg","A13",225.794359058423
1024557,"privé - sans psg","A13",70.3160518020321
1020599,"privé - psg","A13",210.156763161919
1025269,"privé - sans psg","B31",183.645362517406
1022987,"privé - sans psg","A13",187.421281345846
1011772,"privé - psg","B31",33.1849232320814
1014275,"privé - sans psg","B31",149.856430489925
1004337,"privé - sans psg","B31",91.9262670361682
1009557,"privé - sans psg","B31",316.115239675297
1013108,"privé - sans psg","B31",280.768066694355
1017606,"privé - psg","B31",300.155262271504
1006840,"privé - sans psg","B31",332.715630309065
1025953,"privé - psg","B31",342.836016524495
1010509,"privé - psg","B31",219.201716828935
1013861,"privé - sans psg","B31",84.7107871220182
1014137,"privé - sans psg","G13",340.735327262772
1024860,"privé - sans psg","G13",197.554412458442
1015006,"privé - sans psg","G13",241.025369096652
1027392,"privé - sans psg","G30",39.4211372041338
1026428,"privé - sans psg","G13",198.53214357775
1029236,"privé - sans psg","G13",148.648163210476
1008464,"privé - sans psg","G13",104.095042413326
1013715,"privé - sans psg","G13",43.2900485476684
1020038,"privé - sans psg","G30",162.459804779238
1014081,"privé - sans psg","G50",215.479101787969
1022022,"privé - sans psg","G50",141.995454463995
1020135,"privé - sans psg","G13",235.292517004691
1005680,"privé - sans psg","G13",301.271085840741
1000678,"privé - sans psg","G13",389.433126582493
1029787,"privé - sans psg","G50",181.319090132884
1025579,"privé - sans psg","G50",57.113677492545
1015235,"privé - sans psg","G50",388.308294896624
1027363,"privé - sans psg","G30",554.195653443732
1029095,"privé - sans psg","G50",148.408490078656
1009191,"privé - sans psg","G30",329.111799431721
1024025,"privé - psg","G50",162.325415011493
1026918,"privé - sans psg","G50",54.3670423783547
1026433,"privé - sans psg","G21",117.809569033032
1027460,"privé - sans psg","G21",96.4767261451147
1005538,"publis - communales","G30",296.977350184477
1010011,"privé - sans psg","G30",207.393747019045
1024817,"privé - sans psg","G30",93.2519791327799
1031317,"privé - sans psg","G50",311.666604329353
1008039,"privé - sans psg","G30",369.500624407041
1005585,"privé - sans psg","G30",255.509580936979
1022750,"privé - sans psg","G50",239.965784691385
1000854,"publis - communales","G21",322.08077579666
1013592,"privé - sans psg","G30",218.670649217469
1000115,"privé - sans psg","G50",174.442182756868
1026243,"privé - sans psg","G30",34.7828006170955
1003292,"privé - sans psg","G30",610.625163573594
1024574,"privé - sans psg","G50",100.819029479383
1029547,"publis - communales","G30",227.60874826648
1028558,"publics - domaniales","G30",110.52544983212
1030824,"publis - communales","G30",288.676938382204
1011990,"privé - psg","G30",286.138463519437
1001503,"privé - sans psg","G30",121.963620632886
1013844,"privé - sans psg","G30",344.051500976205
1019014,"privé - sans psg","G30",126.731414553316
1003858,"privé - sans psg","G30",159.01078484903
1006597,"privé - sans psg","G22",320.267634613626
1027055,"privé - sans psg","G22",155.946495523198
1015739,"privé - sans psg","G30",9.88040555338606
1000356,"privé - sans psg","G90",276.082588867574
1012101,"privé - sans psg","G22",166.268347211195
1017877,"privé - sans psg","G22",405.826045307233
1013811,"privé - sans psg","G22",142.968421479398
1001157,"privé - psg","G22",174.827371289282
1030851,"privé - psg","G22",128.031405000297
1002224,"privé - sans psg","G22",534.58944600788
1015070,"publis - communales","G22",26.2596676055348
1016020,"publis - communales","G22",244.371690752803
1007173,"privé - sans psg","G22",29.7230044930105
1023816,"publis - communales","G22",287.019246524267
1000800,"publis - communales","G22",126.850839665401
1020013,"privé - sans psg","G22",112.220561322566
1014225,"privé - sans psg","F12",102.853977702278
1003525,"privé - sans psg","F12",130.020124044928
1006033,"privé - sans psg","F14",120.628541275661
1013604,"privé - sans psg","F23",78.2587388301388
1015212,"privé - sans psg","F14",255.73784555264
1028013,"privé - sans psg","F23",68.8779263885324
1023879,"privé - sans psg","F23",29.0398886839676
1006079,"privé - sans psg","F12",199.088065624517
1003486,"privé - psg","F11",41.0377881970415
1009714,"privé - sans psg","F12",149.397555402944
1028250,"privé - sans psg","F12",68.0515426405668
1030505,"privé - sans psg","F23",27.8108885203486
1008161,"privé - sans psg","F23",11.8230589072602
1011197,"privé - sans psg","F12",205.928808055829
1013839,"privé - sans psg","F15",38.0554912728297
1021594,"privé - sans psg","F15",17.2969514884992
1003752,"privé - sans psg","F14",76.737254813901
1019993,"privé - sans psg","F23",252.187765130894
1030315,"privé - sans psg","F23",158.090719691072
1003263,"privé - sans psg","F15",382.069976551742
1012371,"privé - sans psg","F15",243.043733107331
1012693,"privé - sans psg","F23",174.033931194025
1015725,"privé - sans psg","F11",354.565707138632
1011748,"privé - sans psg","F11",89.1323883530129
1025652,"privé - sans psg","F15",167.108503836823
1028693,"privé - sans psg","F11",41.0264746287215
1031089,"privé - psg","F11",142.567686003645
1021009,"privé - sans psg","F11",470.451745000862
1014058,"privé - sans psg","F12",287.837017787391
1008363,"publics - domaniales","F12",17.2039019226109
1010025,"privé - sans psg","F15",396.356103005923
1016137,"privé - sans psg","F15",86.8977592675115
1012304,"privé - sans psg","F15",16.8641082039652
1000680,"privé - sans psg","F15",131.894557431294
1028438,"privé - sans psg","F15",241.841186989453
1014061,"privé - sans psg","F11",400.503933188286
1013689,"privé - sans psg","F11",202.527677553394
1011479,"privé - sans psg","F15",277.093651640383
1019243,"privé - sans psg","F14",130.090113007488
1001417,"privé - psg","F11",177.539514242053
1013546,"privé - sans psg","G11",141.900935530583
1031173,"privé - sans psg","F11",257.764895550433
1007426,"privé - sans psg","F15",192.031264113252
1010041,"privé - sans psg","G11",119.836896569427
1020612,"privé - sans psg","G11",92.559035988683
1003467,"privé - sans psg","G11",109.900726902981
1014314,"publics - domaniales","F22",170.83089308595
1028085,"privé - sans psg","F22",188.691884814378
1014689,"publics - domaniales","F22",162.749222714707
1007813,"privé - sans psg","F13",124.558080001784
1007078,"privé - sans psg","F14",140.157729611719
1031332,"privé - sans psg","F13",106.01673984427
1003135,"privé - sans psg","F12",63.9462571921386
1019571,"privé - sans psg","F14",149.518080285599
1028536,"privé - sans psg","F14",134.893956191335
1025671,"privé - psg","F12",87.3295493987867
1024483,"privé - sans psg","F14",283.97929065952
1006250,"privé - sans psg","F14",119.490823572086
1024250,"privé - sans psg","F14",95.3457094583465
1006948,"privé - sans psg","F12",35.7940912931843
1029269,"privé - sans psg","F12",129.65361037945
1029779,"publis - communales","F12",253.636760458479
1016100,"privé - sans psg","F12",226.089360761904
1014564,"privé - sans psg","F14",296.727806519842
1023932,"privé - sans psg","F14",78.6514603448261
1016068,"privé - sans psg","F14",213.563044954667
1015193,"privé - psg","F12",5.8616514199454
1026994,"privé - sans psg","F14",36.0336287560638
1026821,"privé - sans psg","F14",106.980966635721
1006370,"privé - sans psg","F12",171.943613100892
1010819,"privé - sans psg","F14",229.44988902401
1026414,"privé - sans psg","F14",91.1863272317829
1022974,"privé - sans psg","F12",161.059134990313
1016656,"privé - sans psg","F23",168.806809795926
1018500,"privé - sans psg","F23",162.321507360538
1015656,"privé - sans psg","F14",207.054928445678
1009935,"privé - sans psg","F23",219.531031058804
1010279,"privé - sans psg","F12",242.456925581891
1030397,"privé - sans psg","F12",383.321006867027
1022859,"privé - sans psg","F23",51.4873855424307
1000954,"privé - sans psg","F23",40.0802801633993
1009005,"privé - sans psg","F14",79.4011732252017
1031203,"privé - sans psg","F14",144.143046715386
1008867,"privé - sans psg","F23",129.442807879348
1030120,"privé - sans psg","F23",36.5681619776784
1003645,"publis - communales","F23",28.0034357921254
1001543,"privé - sans psg","F23",33.4072638949917
1005470,"privé - sans psg","F23",35.1595910056498
1025856,"privé - sans psg","F23",17.4419362637898
1018924,"privé - sans psg","F23",415.380416285647
1029139,"privé - sans psg","F23",304.536420107772
1006332,"privé - sans psg","F23",59.3590976075599
1028591,"privé - sans psg","B62",246.276587313484
1023542,"privé - psg","B70",247.351763017703
1017365,"privé - psg","B70",298.401238772808
1023023,"privé - psg","B70",292.090186431387
1008981,"privé - sans psg","B70",190.878382303375
1002632,"privé - psg","B70",50.0983105195952
1010974,"publics - domaniales","B70",141.839078445557
1009204,"privé - sans psg","B91",174.15759023899
1018665,"privé - psg","B70",209.823003639266
1002342,"privé - psg","B70",170.463524537469
1029295,"privé - sans psg","B70",4.36270863247002
1012922,"privé - sans psg","B70",72.5678285370115
1027735,"privé - psg","B70",115.359208130885
1001640,"privé - psg","B70",88.6414712448239
1017324,"privé - psg","B70",194.225705352639
1004023,"publics - domaniales","B70",287.234219065592
1017104,"publics - domaniales","B70",24.8691967771085
1002848,"privé - psg","B91",269.356921440543
1001568,"privé - psg","B70",103.224266476961
1021314,"privé - psg","B70",86.981134173646
1008890,"privé - sans psg","B70",265.637092513182
1026265,"privé - sans psg","B70",189.73988973921
1011753,"privé - psg","B91",136.260812336238
1024691,"privé - psg","B70",202.619687971479
1016997,"privé - sans psg","B70",330.111717874024
1030972,"privé - psg","B70",82.5005428819572
1022953,"privé - sans psg","B70",318.925883306672
1023689,"publics - domaniales","B70",271.242623910374
1023740,"privé - sans psg","B70",204.279336611967
1004185,"publis - communales","B91",218.928489978348
1027807,"privé - psg","B91",92.8795085351752
1010836,"privé - sans psg","B70",72.3224973136338
1029424,"privé - psg","B70",21.7070012887693
1025993,"privé - psg","B70",196.744511699969
1004567,"privé - psg","B70",268.01049123447
1007337,"privé - psg","B70",90.9507106458062
1006827,"privé - psg","B91",123.848352155481
1016715,"publics - domaniales","B91",3.73127170969663
1017523,"privé - psg","B53",119.268777801794
1029824,"publics - domaniales","B70",62.8294901983219
1027681,"privé - psg","B91",191.30270643103
1004901,"privé - sans psg","B53",72.1929456640295
1014467,"privé - psg","B53",239.683781857489
1012558,"privé - psg","B53",247.189726750208
1021473,"privé - psg","B53",277.04389967455
1007299,"privé - psg","B91",166.527478666105
1014811,"privé - sans psg","B53",188.491763094693
1025021,"privé - sans psg","B91",1.79536884261071
1001893,"privé - psg","B91",152.648943296301
1025289,"privé - sans psg","B53",75.2000396227701
1020908,"privé - psg","B53",173.150881436387
1011788,"privé - sans psg","B91",626.429902449827
1024929,"privé - sans psg","B91",142.225418149033
1022728,"privé - sans psg","B91",262.965536592277
1018637,"privé - psg","B91",255.151269022876
1016262,"publics - domaniales","B91",266.047212671845
1019971,"privé - psg","B91",322.601743703358
1015738,"privé - sans psg","B91",167.608436921144
1011855,"privé - psg","B91",224.058680694412
1000765,"privé - psg","B91",330.817294867402
1010131,"privé - sans psg","B91",61.8039234888901
1025986,"privé - sans psg","B91",283.020906870431
1022925,"privé - psg","G12",357.08155134825
1011250,"privé - sans psg","B91",375.981546397618
1011915,"privé - sans psg","B53",543.024238996328
1020133,"privé - sans psg","B91",273.673308942439
1024128,"privé - psg","B91",187.819664417263
1014148,"privé - psg","B91",212.482930217159
1002378,"privé - sans psg","B91",366.189668558102
1008869,"privé - psg","B91",166.239759711143
1014497,"publics - domaniales","B91",79.0303911208997
1027687,"privé - psg","B91",130.986267926921
1009763,"privé - sans psg","B91",45.1071424298244
1019227,"privé - psg","B91",263.443059254392
1003773,"privé - psg","B91",87.1262545238614
1011738,"privé - sans psg","B91",208.87888922417
1022804,"privé - psg","B91",112.266470337717
1010088,"privé - psg","B91",5.82130667876278
1019700,"privé - psg","B91",371.294459100786
1028393,"publis - communales","B91",120.804967153428
1018135,"privé - psg","B91",56.2992684798181
1008899,"privé - psg","B91",343.027250561434
1007394,"privé - psg","B91",160.228908438468
1013435,"privé - psg","B91",356.571531158021
1028172,"privé - psg","B91",237.111579194292
1031129,"privé - sans psg","G11",119.338116203815
1005408,"privé - sans psg","G11",255.332831892551
1002285,"privé - sans psg","G11",50.7248003159407
1000687,"privé - sans psg","G11",19.3071230177635
1015708,"privé - sans psg","G11",178.061338271218
1022359,"publics - domaniales","G11",131.807990056319
1012440,"privé - sans psg","G11",240.106040857111
1001300,"privé - psg","G11",15.6281650230874
1003322,"privé - sans psg","G11",301.304175803707
1009965,"privé - sans psg","G11",152.680768592681
1017578,"privé - psg","G11",79.3657352599668
1022908,"privé - sans psg","G11",500.014441087231
1021467,"privé - sans psg","G11",156.637038525909
1003088,"privé - sans psg","G11",293.531762559906
1008787,"privé - sans psg","G11",181.171378259431
1004481,"privé - sans psg","G11",310.911355193955
1028516,"privé - sans psg","G11",193.883326086218
1012353,"privé - sans psg","G11",251.276921872673
1014836,"publis - communales","G13",293.070463397528
1013191,"privé - psg","G13",127.978084128069
1026789,"privé - sans psg","G11",126.83358794586
1021504,"privé - sans psg","G11",348.949753178605
1019134,"privé - sans psg","G11",192.693667650644
1020455,"privé - sans psg","G21",539.877958191266
1029258,"privé - sans psg","G21",392.267684421127
1017572,"privé - sans psg","G21",209.895585030026
1020231,"privé - sans psg","G21",128.654177797547
1024324,"privé - sans psg","G11",301.07940973684
1027137,"privé - sans psg","G21",4.84749351302745
1022481,"privé - sans psg","G21",242.0929546862
1019822,"privé - sans psg","G21",377.149170467532
1025246,"privé - sans psg","G13",178.48419205816
1031172,"privé - sans psg","G11",104.285969608949
1010087,"privé - psg","G21",50.164479540938
1016863,"privé - psg","G21",371.349944649609
1023499,"privé - sans psg","G21",2.13082667338272
1018239,"privé - sans psg","G21",157.463804535598
1026526,"privé - sans psg","G21",341.35247406194
1006295,"privé - sans psg","G13",95.9519153429857
1005397,"privé - sans psg","G13",273.251455576384
1030153,"privé - sans psg","G13",40.2864742502232
1021329,"privé - sans psg","G21",202.553510594644
1009271,"privé - sans psg","G21",275.395548598692
1011105,"privé - sans psg","G13",131.018653957969
1029902,"privé - sans psg","G13",85.1918248493012
1030942,"privé - sans psg","G21",91.5451306162871
1015221,"publics - domaniales","G21",85.3282701471819
1015082,"privé - psg","G21",369.429246002606
1026561,"privé - sans psg","G21",283.655285661827
1029991,"privé - psg","G13",228.759518688501
1028437,"privé - sans psg","G13",123.146727439876
1009480,"privé - sans psg","G13",349.971665226316
1001885,"privé - sans psg","G13",205.088931119418
1006089,"privé - sans psg","G13",5.05607297863554
1008328,"privé - sans psg","G13",69.9948388047521
1023094,"privé - sans psg","G11",79.8740311806585
1018383,"privé - sans psg","G13",265.20217009285
1015638,"privé - sans psg","G13",121.702705321481
1021776,"privé - sans psg","G13",29.3273782233599
1030892,"privé - sans psg","G13",321.034725922487
1021228,"privé - psg","G21",105.582977252745
1028272,"privé - sans psg","G21",264.881589659244
1018380,"privé - sans psg","G13",253.19440657574
1000634,"privé - sans psg","G13",212.03295183878
1009059,"publis - communales","G13",42.1684710054795
1030535,"privé - sans psg","G13",620.352722436724
1007877,"privé - sans psg","G13",52.0146654317799
1001303,"privé - sans psg","G13",127.153816293864
1025331,"privé - sans psg","G13",76.8162710346671
1020462,"privé - sans psg","G13",379.046135589561
1028738,"privé - psg","G21",120.842460260748
1010722,"privé - sans psg","G13",207.176034604949
1028545,"privé - sans psg","G13",168.471136029492
1016416,"privé - sans psg","G13",235.949846051592
1008603,"publis - communales","G13",252.784243630001
1021290,"privé - sans psg","G13",193.211738406112
1011659,"privé - sans psg","G13",132.193119589548
1012207,"privé - sans psg","G21",46.6584049123028
1022620,"privé - psg","G13",43.5654296601039
1000258,"privé - sans psg","G13",278.631725100117
1006580,"privé - sans psg","G13",451.229334028509
1000682,"privé - sans psg","G13",187.078662553243
1026267,"privé - psg","G13",185.292182817419
1008957,"privé - sans psg","G13",64.725060775209
1029138,"privé - psg","G13",235.912130151447
1014668,"privé - sans psg","G13",222.566858111644
1016607,"privé - sans psg","G13",370.484949724732
1027973,"privé - sans psg","G13",555.73317661985
1018025,"privé - sans psg","G21",355.633089886856
1004833,"privé - sans psg","G21",9.32297953581961
1007476,"publis - communales","G13",162.173919715891
1005571,"privé - psg","G13",219.096467589379
1001460,"privé - sans psg","G13",199.099040727145
1005298,"privé - sans psg","G13",197.915228874249
1029396,"privé - psg","G13",20.8840991147545
1029027,"privé - sans psg","G21",279.648559733153
1023731,"privé - sans psg","G21",72.9918045399306
1031032,"privé - sans psg","G13",1046.11864629677
1012014,"publics - domaniales","G13",134.067782959537
1020555,"privé - sans psg","G13",345.862159406832
1021336,"privé - sans psg","G13",239.770092116432
1023347,"privé - psg","G13",144.452375816597
1017708,"privé - sans psg","G13",68.9921853974425
1001141,"privé - sans psg","G13",276.692508699438
1030269,"privé - psg","C20",138.748097792019
1022313,"privé - psg","C20",144.833174581711
1016914,"publics - domaniales","C20",84.1708446249027
1002625,"privé - sans psg","C20",112.549797401593
1009147,"privé - psg","C20",185.362423735931
1013818,"publis - communales","C20",264.356585172675
1000099,"privé - sans psg","C20",340.432334657675
1016950,"publis - communales","C20",188.959537421867
1007581,"privé - psg","C20",33.8790663561561
1014133,"privé - sans psg","G23",259.58420960135
1020066,"privé - psg","G23",229.256323775708
1016669,"privé - psg","C20",78.0306309866777
1019044,"privé - psg","C20",276.952461801808
1023634,"privé - psg","C20",173.701851315563
1010891,"privé - sans psg","G23",102.181626164391
1016769,"privé - sans psg","G23",218.369737841258
1007814,"publis - communales","C20",70.730897042137
1004666,"privé - sans psg","C20",285.424592433926
1004927,"publis - communales","C20",62.7421136718124
1015882,"privé - sans psg","C20",30.8704919806067
1017290,"privé - sans psg","G23",252.463062580114
1010851,"privé - sans psg","C20",156.124383626564
1014780,"publis - communales","C20",333.11708530937
1019846,"privé - sans psg","C20",552.225030073473
1029471,"publis - communales","C20",18.2301766041837
1007035,"privé - sans psg","G23",215.851341404903
1030534,"publics - domaniales","C20",281.27543687662
1014631,"privé - psg","G23",210.215115008234
1028447,"publics - domaniales","C20",218.833977080534
1009596,"privé - sans psg","C20",307.140821597093
1003103,"privé - psg","C20",212.531172277888
1020371,"publis - communales","C20",298.430570359075
1029462,"publics - domaniales","C20",171.696209650025
1013797,"publics - domaniales","C20",174.706230076096
1014400,"privé - psg","C20",198.611423172031
1029011,"privé - psg","C20",164.95143612425
1027210,"publis - communales","C20",236.249224881747
1003872,"privé - psg","C20",85.6152002196059
1023968,"publics - domaniales","C20",224.877532208
1027736,"privé - psg","C20",242.233959814548
1005625,"privé - psg","C20",245.09746174567
1021811,"privé - sans psg","C20",145.941799626719
1025484,"privé - sans psg","C20",245.717002459088
1007671,"publis - communales","C20",122.223343239108
1019920,"privé - sans psg","C20",315.47767755887
1002543,"publis - communales","C20",313.861581170413
1009572,"privé - sans psg","C20",347.846295549077
1002722,"publics - domaniales","C20",312.55590225197
1004488,"publics - domaniales","C20",35.1949026908191
1001282,"publis - communales","C20",236.271714352254
1031271,"privé - sans psg","C20",313.663913232429
1022757,"publics - domaniales","C20",133.972601861512
1008903,"privé - psg","C20",51.4480105236401
1001114,"privé - psg","C20",252.369490994566
1019904,"privé - sans psg","C20",132.797450766587
1031292,"publis - communales","C20",282.845139663453
1022676,"publis - communales","C20",129.209032208177
1008043,"publis - communales","C20",3.36006032418976
1001029,"publis - communales","C20",115.174609085312
1010792,"publis - communales","C20",109.149019495779
1025199,"publis - communales","C20",150.326532429463
1017609,"privé - psg","C20",117.1761903452
1005858,"privé - sans psg","C20",131.425985161018
1004067,"publis - communales","C20",180.696486073236
1018410,"publis - communales","C20",221.310522710961
1016373,"publics - domaniales","C20",156.66224380728
1025298,"publics - domaniales","C20",57.7663419377081
1002984,"publis - communales","C20",151.164135346538
1017860,"privé - sans psg","C20",189.427318417152
1017820,"privé - sans psg","C20",191.374077094774
1000890,"publis - communales","C20",57.1027408583395
1022111,"privé - sans psg","C20",109.019567155766
1006144,"publis - communales","C20",204.564108275848
1016746,"privé - sans psg","C20",323.893474245712
1002177,"publis - communales","C20",116.658116425399
1004982,"privé - psg","C20",15.2882001847803
1008107,"privé - sans psg","C20",64.542708264931
1012478,"privé - sans psg","C20",16.0332863816452
1026122,"privé - sans psg","C20",186.612225489986
1022002,"privé - sans psg","C20",31.5817684342374
1017769,"privé - psg","C20",151.068417610082
1003409,"publis - communales","C20",203.970760898809
1012637,"publics - domaniales","C20",18.9756023959586
1012049,"publics - domaniales","C20",71.2721514662524
1008323,"publis - communales","C20",87.3439018379008
1009584,"privé - sans psg","C20",95.8138262585209
1026402,"publis - communales","C20",136.972522405639
1023466,"publics - domaniales","C20",108.740376661175
1014906,"privé - psg","C20",31.270445908712
1009467,"publis - communales","C20",34.7833965988619
1019485,"privé - psg","C20",158.375065020687
1007725,"publis - communales","C20",223.418837411662
1007413,"publis - communales","C20",199.547830638172
1024981,"privé - sans psg","C20",3.95776382919518
1003528,"privé - psg","C20",232.267855178096
1004972,"privé - psg","C20",139.312381014586
1004682,"publics - domaniales","C20",8.00995968737377
1023761,"privé - psg","C20",91.9039573018672
1000741,"publis - communales","C20",155.175533289046
1016209,"privé - psg","C20",57.7014946147853
1012587,"privé - psg","C20",257.38659331651
1028349,"privé - psg","C20",204.985182364702
1026301,"privé - psg","C20",167.25200130531
1000023,"privé - psg","C20",57.7031314448256
1009668,"privé - sans psg","C20",52.0093796526675
1020616,"publis - communales","C20",60.9817159490276
1018110,"privé - psg","C20",218.588750978617
1006864,"privé - sans psg","C51",258.338471096203
1000213,"privé - sans psg","C51",38.7873179077279
1027503,"publis - communales","C51",278.305746663948
1030552,"privé - psg","C20",262.896215173945
1025520,"privé - sans psg","C20",136.077501123888
1009265,"privé - psg","C51",161.774186759468
1013121,"publics - domaniales","C51",458.620625832528
1010480,"publis - communales","C20",354.780353040996
1023228,"publis - communales","C51",134.605916395328
1007455,"publics - domaniales","C51",281.840904196755
1007368,"publics - domaniales","C51",476.832376390486
1015789,"publics - domaniales","C51",624.649395808156
1007171,"privé - psg","C51",421.769001799121
1006655,"publis - communales","C51",333.934101515747
1024429,"privé - psg","C51",142.830743996887
1006232,"publis - communales","C20",435.613326048643
1008802,"privé - psg","C51",228.257939155688
1029044,"publis - communales","C20",227.671566160848
1030656,"publics - domaniales","C51",306.198276825132
1022189,"publics - domaniales","C51",288.388491574787
1002695,"privé - psg","C51",393.831062449923
1014715,"privé - psg","C51",107.644496618119
1029604,"privé - psg","C51",294.572169679161
1027964,"privé - sans psg","C51",349.078856885394
1030678,"privé - sans psg","C51",41.429045369572
1009213,"privé - sans psg","C51",126.956963091615
1002788,"privé - sans psg","C51",394.106695776332
1010036,"publis - communales","C51",121.887652265124
1019693,"privé - sans psg","A11",335.458074827941
1003358,"privé - sans psg","A11",146.434184533627
1020669,"privé - psg","A11",147.788421181916
1011489,"privé - psg","A11",353.704024576809
1023756,"privé - sans psg","A11",99.7675001941569
1020054,"privé - sans psg","A12",213.466487678415
1029554,"privé - sans psg","A11",2.51728211765423
1009787,"privé - psg","A11",391.313501666058
1009009,"privé - sans psg","A11",388.975966722444
1023954,"privé - sans psg","A11",403.850170068504
1014500,"privé - sans psg","A11",4.73283795362613
1030538,"privé - sans psg","A11",137.466574586917
1021671,"privé - sans psg","A12",386.031041208497
1014895,"privé - sans psg","A11",165.692829777085
1022918,"privé - sans psg","A11",213.991772313505
1027845,"privé - sans psg","A11",149.282880921382
1022920,"privé - sans psg","A12",166.390058216201
1000662,"privé - psg","A12",80.8861886161542
1012720,"privé - sans psg","A11",70.4886169879046
1000793,"privé - sans psg","A11",122.177618712802
1012507,"privé - sans psg","A11",250.854368141142
1010540,"privé - psg","A11",88.3180591781146
1013729,"privé - psg","A11",39.6379341091532
1003981,"privé - psg","A12",70.9648987907146
1002583,"privé - psg","A11",135.27019945236
1006873,"privé - psg","A11",51.0610765103688
1000192,"privé - sans psg","A12",41.3312047302671
1028269,"privé - sans psg","A11",252.8711247376
1013654,"privé - sans psg","A12",367.256121958972
1012001,"privé - sans psg","A12",414.090405935629
1011588,"privé - sans psg","A12",296.277117651019
1005097,"privé - psg","A12",353.869459866662
1018158,"privé - sans psg","A12",557.934329512551
1028522,"privé - sans psg","A12",209.899415390293
1010209,"privé - sans psg","A12",284.579969682272
1003196,"publics - domaniales","A12",355.287322587396
1005539,"privé - sans psg","G12",24.6950434837221
1003278,"privé - sans psg","G12",99.1460251135443
1017451,"publis - communales","G13",153.612970713096
1017947,"privé - sans psg","G13",31.3497692032541
1012744,"privé - sans psg","G13",480.213109200283
1017977,"privé - sans psg","G11",329.220621767303
1021803,"privé - sans psg","G11",334.788725223171
1001042,"privé - sans psg","G12",518.408470923922
1013555,"privé - sans psg","G13",222.719537472516
1024856,"publics - domaniales","G13",15.1912236581859
1015194,"privé - sans psg","G12",247.168958246109
1007839,"privé - sans psg","G13",359.609575378579
1003819,"privé - psg","G11",26.995120586774
1027094,"privé - sans psg","G12",319.508440618232
1004884,"privé - sans psg","G13",126.732573001873
1001985,"privé - sans psg","G13",247.378994566778
1009267,"privé - sans psg","G11",50.6126133971984
1021202,"privé - sans psg","G12",694.645020646854
1016913,"privé - sans psg","G12",267.313681297257
1017112,"privé - sans psg","G13",198.797917875755
1007051,"privé - sans psg","G11",345.626854558176
1026743,"privé - sans psg","G13",32.8261493637643
1005324,"privé - sans psg","G12",245.143357460627
1016184,"privé - sans psg","G13",128.84138826417
1019748,"privé - sans psg","G13",16.8686759216795
1030597,"privé - sans psg","G12",188.888628865086
1030696,"privé - psg","G13",183.169697638682
1030200,"privé - sans psg","G13",832.229443836732
1029896,"publis - communales","G21",152.770146149087
1005630,"privé - sans psg","G21",212.643323803272
1020549,"privé - sans psg","G13",201.569103406918
1014606,"privé - psg","G13",477.467613040674
1008121,"privé - sans psg","G12",67.4540307413898
1001401,"privé - psg","G13",245.95859895265
1025057,"privé - sans psg","G21",229.761298177652
1005820,"privé - psg","G21",114.144580473199
1006358,"privé - sans psg","G12",318.068580719737
1025521,"privé - sans psg","G21",240.709063408068
1022726,"privé - sans psg","G13",363.287607012278
1020872,"privé - sans psg","G13",332.287328390162
1017385,"privé - sans psg","G21",69.3887590547887
1001953,"privé - sans psg","G13",226.783094261447
1016572,"privé - sans psg","G12",153.729407169249
1025875,"privé - sans psg","G13",181.491713278768
1022555,"privé - sans psg","G21",252.258633799103
1028832,"privé - sans psg","G13",289.797630649386
1006390,"publis - communales","G13",61.7727793781266
1024621,"privé - sans psg","G13",86.0935588319982
1030486,"privé - sans psg","G21",230.261024911604
1005185,"privé - sans psg","G21",221.737345633605
1020056,"privé - sans psg","G13",29.4231695379963
1014490,"privé - sans psg","G13",327.295435139993
1018436,"privé - sans psg","G13",29.664955729801
1010219,"privé - sans psg","G21",229.404140129372
1020626,"privé - sans psg","G12",237.754998668534
1001639,"privé - sans psg","G13",191.762244943321
1004225,"privé - sans psg","G12",268.664927626889
1005797,"publis - communales","G21",104.795001750067
1009344,"privé - sans psg","G13",387.403898014369
1019252,"privé - sans psg","G13",105.906800872393
1021841,"privé - sans psg","G13",482.313978586016
1011308,"privé - sans psg","F23",83.6720210322174
1013574,"privé - psg","F23",67.5861478946031
1009864,"privé - psg","F23",150.851323577277
1001097,"privé - sans psg","F23",23.0772761602578
1006001,"privé - sans psg","F23",184.306161912771
1016257,"privé - sans psg","F23",113.681079193052
1011491,"privé - sans psg","F23",36.5464892758683
1000853,"privé - sans psg","F23",299.007958637355
1010648,"privé - psg","F23",19.2815609999807
1019843,"privé - sans psg","F23",44.5390268382483
1001666,"privé - sans psg","F15",1.28008888481735
1012945,"privé - sans psg","F23",499.18345433123
1006634,"privé - sans psg","F23",103.412347629183
1016418,"privé - sans psg","F15",39.1494959882012
1004909,"privé - sans psg","F23",262.164970536973
1027502,"privé - sans psg","F23",109.099510479621
1012956,"privé - sans psg","F15",70.8543109118918
1012578,"privé - sans psg","F14",508.638171400332
1012179,"privé - sans psg","F23",67.4376296125946
1008925,"privé - sans psg","F23",149.998038164813
1000272,"privé - sans psg","F23",149.698763058757
1011520,"privé - sans psg","F15",383.3165982369
1030849,"privé - sans psg","F15",60.9652405212886
1004167,"privé - psg","F23",36.9062250697346
1008540,"privé - sans psg","F23",172.827350841595
1017403,"privé - sans psg","F23",161.916629383221
1011389,"privé - psg","F23",37.3297710520387
1005686,"privé - psg","F23",65.232084437581
1028818,"privé - sans psg","F23",119.999163307868
1015008,"privé - sans psg","F23",184.22649647107
1030060,"privé - sans psg","G11",125.821190997015
1008004,"privé - sans psg","F15",35.1509670366241
1013609,"privé - sans psg","F15",29.0311081102777
1026748,"privé - sans psg","F23",122.195683047089
1007385,"privé - sans psg","F15",479.409776695635
1028424,"privé - sans psg","F23",170.378222247676
1008707,"privé - sans psg","F23",249.478690057697
1011916,"privé - sans psg","F23",295.02473325922
1009524,"privé - sans psg","F30",302.263417823394
1028305,"privé - sans psg","G11",111.261538602074
1006139,"privé - sans psg","F15",264.538529386568
1024067,"privé - sans psg","F15",216.853557469569
1007183,"privé - sans psg","F23",143.132810862094
1001594,"privé - sans psg","G11",58.237032820018
1020035,"privé - psg","G11",79.80303641872
1024842,"privé - psg","F15",189.297780318382
1007192,"privé - sans psg","F15",326.005831610077
1014736,"privé - sans psg","F15",145.520054672222
1016204,"privé - sans psg","F15",119.956544562465
1023360,"privé - sans psg","F15",390.251705619924
1028075,"privé - sans psg","F23",228.662126512298
1018997,"privé - psg","G11",49.8220057734911
1030557,"privé - sans psg","F15",201.162970290819
1026889,"privé - sans psg","F15",351.655565368232
1028614,"privé - sans psg","F15",2.26616239277606
1026337,"privé - sans psg","F23",214.13089448917
1015564,"privé - sans psg","F23",252.965608260284
1009492,"privé - sans psg","F30",408.582117053886
1005159,"privé - sans psg","F30",164.757865651329
1020869,"privé - sans psg","F15",230.764623235396
1017323,"privé - sans psg","F15",107.477608590751
1013677,"privé - sans psg","F15",179.660622783548
1027134,"privé - sans psg","F15",26.6694254485126
1017041,"privé - sans psg","F30",53.9338855475235
1008849,"privé - sans psg","F15",11.5925431720685
1021111,"privé - sans psg","F15",55.4607632574776
1007756,"privé - sans psg","F15",442.508722238574
1010883,"privé - sans psg","F15",58.5629825933445
1031018,"privé - psg","F15",77.222234454299
1011627,"privé - sans psg","F15",163.421209959296
1000540,"privé - psg","F15",144.574694590778
1008675,"privé - sans psg","F15",121.833136516658
1028431,"privé - sans psg","F15",52.5108293970867
1014134,"privé - sans psg","G11",212.905698452008
1000201,"privé - sans psg","F40",249.19844834452
1029880,"privé - sans psg","F15",203.460307319004
1019114,"privé - psg","F15",86.1098976523919
1030430,"privé - sans psg","F15",49.3925367149705
1024184,"privé - sans psg","F15",337.062239072746
1001674,"privé - psg","G11",171.361515229468
1018117,"privé - sans psg","G11",234.016723944563
1016918,"privé - sans psg","F40",44.5059081841532
1031401,"privé - sans psg","F40",192.797404407299
1003286,"privé - sans psg","F15",127.577149705617
1026376,"privé - sans psg","F15",227.095115997494
1029322,"privé - sans psg","F15",287.409506075381
1025526,"privé - psg","G11",74.8678304433814
1014277,"privé - psg","F15",1.67450633371459
1016773,"privé - psg","F15",110.444962942308
1004953,"privé - sans psg","F15",311.92161419104
1021424,"privé - sans psg","F15",504.814294776648
1020806,"privé - sans psg","G11",51.4366431069464
1018079,"privé - sans psg","F40",132.064205637857
1028019,"privé - sans psg","F15",115.500197644
1012710,"privé - sans psg","F15",62.3197846408739
1026681,"privé - sans psg","G11",704.259055558119
1000377,"privé - sans psg","F40",63.8189619285511
1023841,"privé - psg","F15",224.883729096973
1002941,"privé - sans psg","F15",41.2576651062364
1016263,"privé - sans psg","F15",63.0793194622491
1019166,"privé - sans psg","F15",98.6534915057574
1006898,"privé - sans psg","F30",66.7594769917439
1014976,"privé - sans psg","F40",242.90132273409
1012738,"privé - sans psg","F15",65.136475085748
1031374,"privé - sans psg","F15",127.196741601566
1025926,"privé - sans psg","F15",168.84798940991
1011611,"privé - sans psg","G11",202.572350387249
1001625,"privé - sans psg","F15",150.787432000813
1015715,"privé - sans psg","F15",292.634442245639
1021494,"privé - sans psg","F15",69.8004834823249
1027247,"privé - sans psg","F15",70.9996825334736
1028053,"privé - sans psg","F15",165.148556618222
1023057,"privé - sans psg","F15",140.525974543916
1007753,"privé - sans psg","G11",47.5099302420162
1012645,"privé - sans psg","F15",103.917930556615
1001950,"privé - sans psg","F15",231.754223839055
1016065,"privé - psg","F15",210.666610668357
1001205,"privé - sans psg","G11",5.08782446927474
1022352,"privé - sans psg","F15",496.591230790786
1006082,"privé - sans psg","F15",209.528630297563
1021628,"privé - sans psg","F15",91.7401644352833
1020793,"privé - sans psg","F15",418.439853601632
1026249,"privé - sans psg","G11",630.591819323375
1001633,"privé - sans psg","G11",4.4865800218577
1024084,"privé - sans psg","F15",176.364668114972
1015037,"privé - sans psg","F15",103.539077537161
1028077,"privé - sans psg","F15",56.0649911488119
1002079,"privé - sans psg","F15",106.287409782929
1018346,"privé - sans psg","F15",127.617062663246
1016702,"privé - sans psg","F15",158.774694510961
1010878,"privé - sans psg","F40",22.8748637761874
1010597,"privé - psg","F15",182.13203139602
1006291,"privé - sans psg","F15",259.649806892911
1024530,"privé - sans psg","F15",270.47667886852
1027857,"privé - sans psg","F40",15.7953841715856
1022730,"privé - sans psg","F15",463.384959174182
1020252,"privé - sans psg","F40",199.357038419735
1030110,"privé - sans psg","F15",325.907779588264
1000751,"privé - sans psg","F40",172.954342132393
1005362,"privé - sans psg","F15",157.751216313509
1011894,"privé - sans psg","F40",160.816051346881
1025892,"privé - sans psg","F40",64.5705318427015
1000919,"publis - communales","C20",351.436634177973
1006105,"publis - communales","C20",473.704355744068
1016393,"publis - communales","E10",275.537965860137
1024668,"publis - communales","E10",392.060980648756
1008150,"publis - communales","C20",178.775960594741
1029483,"publis - communales","E10",229.645322403829
1016240,"publis - communales","C20",226.525397145938
1017960,"publis - communales","E10",94.9915158347772
1013525,"publis - communales","C51",405.703671674929
1014333,"publis - communales","E10",290.084048883112
1031301,"publis - communales","C51",207.692425676963
1010659,"publis - communales","C20",93.9440325742095
1000894,"privé - sans psg","C20",309.354309882639
1023100,"privé - sans psg","E10",259.120230888409
1010763,"publis - communales","E10",323.519613425541
1022122,"publics - domaniales","E20",434.435468705866
1030742,"privé - sans psg","C51",558.788011077513
1001494,"publis - communales","C20",233.130719426939
1000033,"privé - psg","E10",263.145050847929
1012725,"privé - sans psg","E10",198.692816011846
1025136,"privé - sans psg","E20",237.607616485362
1028779,"privé - sans psg","E20",173.295558130283
1001044,"privé - sans psg","C20",58.7493645917512
1000074,"privé - psg","E10",137.201481487014
1028746,"privé - sans psg","E10",221.545512477089
1024249,"publis - communales","E10",265.611517871674
1023341,"publis - communales","E20",88.4980269914683
1022843,"publis - communales","C20",218.581852065662
1013938,"publis - communales","C20",66.0253503410298
1021087,"publis - communales","E10",230.055343624573
1011770,"privé - sans psg","E10",252.190397263081
1001447,"privé - sans psg","E10",234.375116459189
1029018,"publis - communales","E20",252.039546370513
1028063,"privé - sans psg","E20",184.467421966461
1002878,"publis - communales","C20",305.87378805972
1028900,"publis - communales","E10",185.140780978662
1002144,"privé - sans psg","E10",299.251564651309
1010521,"publics - domaniales","E10",294.157804801195
1011557,"privé - sans psg","E20",243.039015513653
1030783,"publis - communales","C20",331.360786924262
1027688,"publis - communales","E10",349.678953600143
1015797,"publis - communales","E20",113.579231807341
1001888,"privé - psg","E20",288.242552018948
1026232,"publis - communales","E10",256.632616814019
1013836,"privé - sans psg","E10",271.819035556168
1027082,"privé - sans psg","E20",62.774756416847
1029047,"privé - sans psg","E20",122.021188112015
1015887,"privé - psg","E20",212.426456164036
1028542,"publis - communales","C20",293.230056040994
1022486,"publis - communales","C20",117.838433884821
1022600,"privé - sans psg","E10",391.527512802804
1019613,"privé - sans psg","E10",144.493203230931
1009240,"publics - domaniales","E20",171.799860824692
1001475,"privé - psg","E20",239.72871069448
1009354,"publics - domaniales","E20",185.315206120139
1006858,"publis - communales","C20",341.871428630805
1010587,"publis - communales","E10",110.329131910496
1027804,"publis - communales","E20",178.224710889555
1018982,"publis - communales","E20",12.1014558666905
1028371,"privé - sans psg","E20",485.132275814501
1030994,"publis - communales","E20",376.078511401433
1004436,"privé - sans psg","E20",258.498061519735
1012310,"privé - sans psg","E20",154.191925545023
1015586,"publis - communales","C20",211.165806717437
1005148,"publis - communales","E20",237.091616474519
1018731,"privé - psg","C42",433.915666862302
1020019,"publis - communales","E10",394.160825459494
1023261,"publis - communales","E10",317.919848854356
1011291,"publis - communales","E20",248.799195941416
1012582,"publis - communales","E20",209.901038383845
1024740,"publis - communales","C42",264.975723094277
1000622,"publis - communales","E10",215.770686479499
1006418,"publis - communales","E10",292.455343165605
1016501,"privé - sans psg","E20",168.113283423544
1019475,"privé - sans psg","E20",111.622408404572
1012777,"privé - sans psg","E20",492.924119539395
1005879,"privé - sans psg","E20",289.313722204396
1008866,"privé - sans psg","C52",251.408340533401
1030498,"privé - sans psg","C52",225.447063393051
1011313,"privé - sans psg","C52",144.437055234494
1013059,"privé - sans psg","C52",21.8309748993191
1030613,"privé - sans psg","C52",35.47497370847
1021312,"privé - sans psg","J22",110.44907520837
1010981,"privé - sans psg","J40",142.986309525599
1007911,"privé - sans psg","C52",147.750679112381
1026940,"publis - communales","J22",81.6631490490968
1018754,"privé - sans psg","J22",167.525457665349
1000916,"privé - psg","J22",107.507935557863
1030238,"privé - sans psg","J40",113.317295765861
1017386,"privé - sans psg","J22",63.8513861858796
1013774,"publis - communales","J22",211.269293146461
1005584,"privé - sans psg","J22",102.328959350049
1004690,"privé - sans psg","J40",110.389389218215
1001047,"privé - psg","J22",190.146350719252
1015843,"privé - sans psg","H10",3.79755481158669
1010134,"privé - sans psg","H10",104.080038499823
1008891,"privé - sans psg","H30",41.815378881077
1004344,"publis - communales","J22",85.6917088914673
1029199,"privé - sans psg","J22",49.348486738622
1011832,"privé - sans psg","J40",327.462338437118
1028692,"privé - sans psg","H10",1.18442585032146
1028020,"privé - sans psg","J22",8.41147773637011
1008047,"privé - sans psg","H10",87.2580958767042
1022323,"publics - domaniales","H10",186.638963361826
1004596,"privé - sans psg","H30",73.0156736400448
1001131,"privé - sans psg","H30",90.2937163609578
1005094,"privé - sans psg","H30",85.6749908763455
1016488,"privé - sans psg","H30",104.284239098916
1009814,"privé - sans psg","H30",302.209972401972
1007618,"privé - sans psg","J22",3.41428747007996
1004568,"privé - sans psg","J22",15.8873370021795
1017088,"privé - psg","H30",111.133447671695
1023635,"privé - sans psg","J40",47.4150391769338
1015012,"privé - sans psg","J40",262.005841263709
1014377,"publis - communales","H10",228.87526720034
1031390,"publis - communales","H10",192.643999637908
1026806,"publics - domaniales","H30",192.859104367706
1022101,"publics - domaniales","H30",79.1269742182377
1016574,"privé - sans psg","H30",85.7338252022868
1025904,"privé - sans psg","H30",405.613783749389
1000089,"privé - sans psg","H30",178.071713277153
1002218,"privé - sans psg","H30",98.395962139264
1020739,"privé - sans psg","H30",70.6770923690104
1021046,"privé - sans psg","H30",13.1614900962336
1005304,"publics - domaniales","H30",84.4870909456704
1004769,"privé - sans psg","H30",60.4666852183264
1017135,"privé - sans psg","H30",33.1500441543304
1027499,"privé - sans psg","J40",172.352914991042
1018944,"privé - sans psg","J40",95.6130942385158
1028385,"privé - sans psg","H10",131.969102551701
1007076,"privé - sans psg","H30",282.825334021699
1018638,"publis - communales","H30",120.302018719812
1030420,"privé - sans psg","H30",19.5692126235856
1021236,"publis - communales","H30",85.2827761776142
1017888,"publics - domaniales","H30",83.551907839125
1020293,"privé - sans psg","H30",77.7404836963603
1008424,"publis - communales","H30",139.480606688383
1022616,"privé - sans psg","H30",29.5171175393847
1026093,"privé - sans psg","H30",98.7866910472659
1029280,"publis - communales","H30",151.36641275991
1003248,"publis - communales","H30",218.560111839575
1023380,"publics - domaniales","H30",8.47723628780429
1019001,"privé - sans psg","H30",18.0170211659936
1022417,"privé - sans psg","H30",115.503127688479
1028458,"publics - domaniales","H30",172.226798047719
1005417,"publis - communales","H30",1.54238408615226
1012333,"privé - sans psg","H30",109.879103999931
1026687,"privé - sans psg","H30",54.4441413522084
1016695,"publics - domaniales","H30",13.0134185546498
1014257,"privé - sans psg","H30",38.9606778320351
1013547,"privé - sans psg","H30",71.9425566447378
1000602,"publis - communales","H30",111.347753044485
1030671,"privé - sans psg","B31",125.016378912637
1023270,"publis - communales","B31",154.015764599355
1020373,"privé - psg","B32",13.7908871963977
1012273,"privé - sans psg","B31",46.0228766009219
1005549,"privé - sans psg","B31",157.173083531673
1018023,"publics - domaniales","B32",102.1176122235
1000790,"privé - psg","B32",43.6810930291457
1001818,"privé - sans psg","B32",248.577220133836
1002765,"privé - sans psg","B32",133.974614131528
1028932,"privé - psg","B32",110.289917850538
1014959,"privé - sans psg","B32",162.352924087428
1013226,"privé - psg","B32",317.127709255461
1014322,"privé - psg","B32",314.976521866631
1014876,"privé - psg","B32",221.817370323031
1015226,"publis - communales","B32",224.314139944483
1002713,"privé - psg","B32",182.365290328018
1014221,"privé - psg","B32",40.3544677478541
1017190,"publics - domaniales","B32",215.285980648558
1016671,"privé - psg","B32",196.824629912531
1009652,"privé - psg","B32",29.5096576238589
1016806,"privé - sans psg","B32",50.3890671158111
1023794,"publics - domaniales","B32",106.426226135193
1006222,"privé - psg","B32",23.5128093640237
1029237,"publics - domaniales","B32",118.911233914532
1017292,"privé - psg","B32",49.6515397555653
1026451,"privé - psg","B32",203.040408743252
1004876,"privé - psg","B32",336.885498799648
1012151,"privé - sans psg","B32",74.6082431828036
1011837,"privé - psg","B32",126.605067063247
1004523,"publis - communales","B32",159.416354765809
1015380,"privé - psg","B32",190.902350135541
1028045,"privé - sans psg","B32",47.1433305791682
1014821,"privé - sans psg","B10",221.883162001479
1020514,"publics - domaniales","B10",397.99829562103
1002205,"publics - domaniales","B10",118.986571194803
1021699,"privé - sans psg","B32",68.7580462377477
1000586,"privé - psg","B32",207.618598315097
1002781,"privé - psg","B32",236.179882038895
1000029,"privé - psg","B32",146.237614329836
1001750,"privé - sans psg","B32",372.287921593151
1006096,"privé - sans psg","B32",52.9446106061364
1027183,"privé - psg","B32",663.881544623841
1027167,"privé - sans psg","B32",242.711009825562
1017378,"privé - psg","B32",73.128566036344
1001187,"privé - psg","B32",165.883544791577
1004864,"privé - sans psg","B32",172.087465819569
1031281,"privé - sans psg","B32",138.767402273733
1020159,"privé - psg","B32",246.632251427015
1002617,"privé - psg","B32",426.693684710282
1026667,"privé - psg","B32",82.734302782214
1006962,"privé - psg","B32",246.219216295616
1009019,"privé - sans psg","B32",194.43285782572
1013962,"privé - psg","B32",196.572373822939
1008132,"privé - psg","B32",81.7275030738124
1023537,"privé - psg","B33",133.31037436478
1025149,"privé - psg","B33",241.774946143038
1024122,"privé - psg","B32",157.410938879031
1028875,"privé - psg","B33",219.634801108728
1001134,"publics - domaniales","B33",10.4451412989474
1031249,"privé - psg","B32",207.506301450708
1001580,"privé - sans psg","B33",370.58073834436
1022239,"privé - sans psg","B32",385.820824512281
1011018,"privé - psg","B33",253.986778644337
1023445,"privé - sans psg","B33",220.944938414495
1002730,"publics - domaniales","B32",264.86839588621
1015805,"privé - psg","B33",233.436844149588
1012944,"publics - domaniales","B33",256.551608093906
1009067,"privé - psg","B33",462.562395042508
1016151,"publics - domaniales","B32",128.684108783431
1003087,"privé - psg","B33",257.375159259097
1012705,"publics - domaniales","B32",218.670080722372
1026081,"privé - sans psg","B32",89.1475701206662
1018414,"privé - sans psg","B33",210.510665130317
1002532,"privé - psg","B33",192.13674087661
1031116,"privé - psg","B32",223.140092409845
1000834,"privé - sans psg","B32",164.059037729038
1009152,"privé - sans psg","B44",169.774328264849
1027926,"privé - sans psg","B33",248.781899161495
1002180,"privé - sans psg","B44",174.435363923059
1022483,"privé - psg","B44",200.356577583859
1008784,"publis - communales","B33",217.749366360206
1030129,"privé - sans psg","B44",203.040128525091
1023051,"privé - psg","B44",690.206103792626
1014730,"privé - sans psg","B41",292.171794237311
1015784,"privé - psg","B44",66.7820073153348
1022738,"privé - sans psg","B44",174.705515657207
1006165,"privé - sans psg","B44",74.9965449825998
1011529,"privé - psg","B33",179.760395562009
1007308,"privé - sans psg","B44",212.106438677134
1016397,"privé - sans psg","B44",163.455808968292
1027342,"privé - sans psg","A11",305.621666771421
1003505,"privé - sans psg","A11",40.7780147772838
1010477,"privé - sans psg","A11",64.651088486221
1020442,"privé - sans psg","A11",120.487525320399
1025878,"privé - sans psg","A11",273.416469899422
1029268,"privé - sans psg","A11",130.964618065643
1023400,"privé - sans psg","A11",189.031602652136
1005384,"privé - sans psg","A11",17.8914874506807
1025490,"privé - sans psg","A11",72.6658161982803
1015027,"privé - sans psg","A11",29.4202910109558
1008536,"privé - sans psg","A11",136.136981585094
1017824,"privé - sans psg","A11",33.2474562814683
1010894,"privé - sans psg","A11",79.8851661938029
1031264,"privé - sans psg","A11",263.921331061175
1005917,"privé - sans psg","A11",223.589820841177
1001090,"privé - sans psg","A11",42.2607555185776
1007610,"privé - sans psg","A11",198.001608577457
1022690,"privé - sans psg","A11",398.496421296708
1020986,"privé - sans psg","A11",23.8542105176524
1007122,"publics - domaniales","A11",164.664683458033
1017798,"privé - sans psg","A11",174.911425205588
1026727,"privé - sans psg","A11",133.401365481949
1027377,"privé - sans psg","A11",11.3956854341576
1025063,"publics - domaniales","A11",208.223910623022
1010395,"privé - sans psg","A11",34.8033206462697
1000785,"privé - psg","A11",65.7311093818022
1031232,"privé - sans psg","A11",197.194438182959
1011144,"privé - sans psg","A11",383.763908907888
1002436,"publics - domaniales","A11",198.884826453957
1004432,"privé - sans psg","K11",58.7072217617699
1018899,"privé - sans psg","K11",2.04117037434034
1011908,"privé - sans psg","K12",54.8682070950604
1025075,"privé - sans psg","K11",35.3158248037556
1018424,"privé - sans psg","K11",8.24285472920717
1004978,"privé - sans psg","K12",232.521809232845
1021802,"privé - sans psg","K11",245.435395867426
1029460,"privé - sans psg","K11",12.7020877687261
1017004,"privé - sans psg","K11",306.926683057459
1012127,"privé - sans psg","K11",30.1889001405073
1005401,"privé - sans psg","K11",29.0927413210334
1023530,"publis - communales","K12",357.485421653495
1027127,"privé - sans psg","K11",215.137218053709
1014344,"privé - sans psg","K11",437.045528210269
1019337,"publis - communales","K12",112.26388556585
1024728,"publis - communales","K12",361.978185004941
1027373,"privé - sans psg","K12",141.668354271465
1024951,"privé - sans psg","K12",657.812320708396
1017588,"privé - sans psg","K11",174.117001257098
1018009,"privé - sans psg","K12",10.5499741024256
1013162,"privé - sans psg","K12",335.954932905618
1002250,"privé - sans psg","K11",288.447233357249
1019176,"privé - sans psg","K11",16.7971973177355
1003204,"publis - communales","K12",485.843025748963
1024096,"privé - sans psg","K12",421.566424307063
1008131,"publis - communales","K12",32.3545759110167
1020896,"publis - communales","K11",222.866393000548
1015250,"privé - sans psg","K11",753.566969146227
1005902,"privé - sans psg","K11",3.18782802902735
1024674,"privé - sans psg","K11",145.598812312246
1016459,"privé - sans psg","K11",8.69719951700224
1021832,"publis - communales","K11",23.281659806291
1029512,"privé - sans psg","K11",24.0283333143091
1021392,"privé - sans psg","K11",6.15585119266404
1022731,"publis - communales","K12",401.437811921638
1016226,"publis - communales","K12",166.321838435556
1022691,"publis - communales","K12",179.496968701764
1029955,"publis - communales","K12",49.3731402672127
1005431,"publis - communales","K12",1.37342632766251
1010289,"privé - sans psg","K12",2.40792360572095
1007009,"privé - sans psg","K13",1.41640401025197
1009963,"privé - sans psg","K13",37.2548238203237
1000571,"privé - sans psg","K13",1.74657090382875
1015808,"privé - sans psg","K13",295.444360601103
1007733,"privé - sans psg","K13",10.2545597637829
1028691,"publis - communales","K12",31.0828557015865
1016638,"privé - sans psg","K13",993.980743476563
1024367,"privé - sans psg","K13",195.728793338816
1004566,"privé - sans psg","K13",669.104360433628
1000849,"publis - communales","K13",146.408649378156
1025534,"publis - communales","K12",28.1798149052977
1010874,"publis - communales","K12",1064.05026292719
1009419,"privé - sans psg","K13",77.8016890671595
1008459,"privé - sans psg","K13",402.598216986659
1007895,"privé - sans psg","K13",527.502919629903
1028131,"privé - sans psg","K13",380.46733174191
1025196,"privé - sans psg","K13",93.2024231217515
1005588,"privé - sans psg","K12",183.232913739635
1018995,"publis - communales","K12",81.9179764984566
1007107,"privé - sans psg","K13",175.284991681318
1004083,"privé - sans psg","K13",25.5579061490412
1024094,"privé - sans psg","K13",566.391744688165
1004106,"privé - sans psg","K13",3.91277581167208
1000239,"privé - sans psg","K13",294.387455481601
1003148,"privé - sans psg","G70",23.8720141845317
1000770,"publics - domaniales","G70",101.572721100667
1021337,"privé - sans psg","G70",101.4554318755
1013468,"privé - sans psg","G70",123.589888784767
1002033,"privé - sans psg","G70",246.94846001878
1003530,"privé - sans psg","G70",172.612369535143
1031358,"privé - sans psg","G70",93.9223528139483
1019514,"privé - sans psg","G70",77.4904434926133
1024455,"privé - sans psg","G70",72.0413716777038
1021949,"publics - domaniales","G70",183.869671738939
1029326,"privé - sans psg","G70",20.4600615219071
1000868,"privé - sans psg","G70",136.49405990338
1013309,"publics - domaniales","G70",152.677488712635
1026899,"privé - sans psg","G70",95.8074692181791
1014748,"privé - psg","G70",32.0815510441908
1010135,"privé - sans psg","G70",42.9229389458902
1017420,"privé - sans psg","G70",71.2303821164031
1004161,"privé - sans psg","J10",1.29447136611533
1001565,"privé - sans psg","G70",101.279398217035
1026783,"privé - sans psg","G70",69.4407081541146
1000509,"privé - sans psg","G70",116.49379642411
1015572,"privé - sans psg","J10",74.2894808624492
1016199,"privé - sans psg","J10",137.030165859348
1012365,"privé - sans psg","J10",76.2883184243429
1020697,"privé - sans psg","J10",58.9991385276749
1009119,"publis - communales","J10",54.9952509773403
1009942,"privé - sans psg","J10",3.59736629552519
1029943,"privé - sans psg","J10",29.7685311537514
1010116,"privé - sans psg","J10",7.78346095470702
1022739,"privé - sans psg","J10",49.5694243265258
1026712,"publis - communales","J10",128.886176522305
1008010,"privé - sans psg","J10",17.3744739631554
1007496,"privé - psg","J10",129.597632133425
1017176,"publis - communales","J10",8.92820039337754
1019295,"privé - sans psg","J10",202.410952371505
1002357,"publis - communales","J10",201.404783060699
1021065,"publis - communales","J10",231.851797205783
1008673,"publis - communales","J10",76.9870115003916
1013366,"privé - sans psg","J10",57.7755358937817
1018453,"publis - communales","J10",60.0311210045059
1014649,"publis - communales","J10",112.792550399614
1022006,"privé - sans psg","J22",74.7124238107633
1018132,"publis - communales","J10",112.553456174089
1009099,"privé - sans psg","J22",109.627735754085
1017575,"privé - sans psg","J22",66.7201991641101
1003548,"privé - sans psg","F30",355.390756308314
1002024,"publis - communales","F30",178.527859260404
1010953,"privé - sans psg","F30",352.659134488817
1029272,"publis - communales","F30",176.334473958666
1011501,"privé - sans psg","F30",22.5242043970904
1022304,"publis - communales","I21",97.2150791206267
1012565,"publis - communales","I21",253.571045630815
1012159,"publics - domaniales","I21",242.441412277448
1020460,"publis - communales","I11",149.134810482929
1030101,"publis - communales","I21",226.546647827473
1005268,"privé - sans psg","I21",494.161525556721
1029940,"publis - communales","I21",302.701495276114
1014299,"publis - communales","F30",170.328528632207
1014187,"privé - sans psg","F30",125.13600072204
1014530,"privé - sans psg","I11",69.998011236802
1021222,"publics - domaniales","I11",143.951081710756
1018796,"publis - communales","I21",380.848988480093
1027975,"privé - sans psg","I21",155.1817350961
1029541,"privé - sans psg","I11",25.3270234282053
1001319,"publis - communales","I11",130.905924836917
1005638,"privé - psg","F30",71.982092785238
1012494,"privé - sans psg","I11",158.987591544462
1017377,"privé - sans psg","I21",373.232797357453
1011343,"privé - sans psg","I21",176.474493026545
1006971,"privé - sans psg","F30",248.3323460381
1028427,"publics - domaniales","F30",334.30746551643
1014136,"privé - sans psg","F30",186.513054321643
1006662,"privé - sans psg","I21",133.937669025522
1017559,"privé - sans psg","F30",33.6381329827501
1004120,"privé - sans psg","F30",76.6214734115918
1004308,"privé - sans psg","F30",32.3592725636043
1022782,"privé - sans psg","F30",392.666367202366
1027232,"privé - sans psg","F30",59.8665507469767
1010917,"privé - sans psg","F30",270.008315555817
1025815,"publis - communales","F30",126.731343756512
1006650,"privé - sans psg","F30",94.284017572145
1013892,"privé - sans psg","F30",111.512503762408
1026445,"privé - sans psg","F30",282.113298956243
1006189,"privé - sans psg","F30",15.1270927231744
1021067,"privé - sans psg","F30",1.47185348717766
1015522,"privé - sans psg","F30",160.729408031125
1015647,"privé - sans psg","F30",298.513842612032
1026390,"privé - sans psg","F52",158.609016271332
1006942,"privé - sans psg","F52",64.4105051664329
1019481,"privé - sans psg","F52",42.2006837761061
1021917,"privé - sans psg","F52",326.791028205553
1001619,"privé - sans psg","F52",116.036366272974
1030917,"privé - sans psg","F52",285.831138534746
1003016,"privé - sans psg","F52",128.208190035717
1007351,"privé - psg","F52",344.360705832278
1002519,"privé - sans psg","F52",126.278552234418
1022772,"privé - sans psg","F52",302.435311896318
1010906,"privé - sans psg","F30",340.645400673418
1030767,"privé - sans psg","F30",131.093559347182
1019329,"privé - sans psg","F30",238.082699461505
1002146,"privé - sans psg","F30",508.465792712795
1030788,"privé - sans psg","F30",165.91623599606
1026919,"privé - sans psg","F30",205.69245032596
1006980,"privé - sans psg","F30",105.005260600271
1014955,"privé - sans psg","F30",1.5629838338303
1027672,"privé - sans psg","F30",111.803472908326
1006187,"privé - sans psg","F30",206.992437953127
1027810,"privé - sans psg","F30",246.657711749925
1005515,"privé - sans psg","F30",295.603212252089
1023667,"privé - sans psg","F30",72.6627337563112
1026308,"privé - sans psg","F30",202.309114772272
1006364,"privé - sans psg","F30",268.938047824857
1011883,"privé - sans psg","F30",77.5434321420284
1013929,"privé - sans psg","F30",128.850967375048
1022253,"privé - sans psg","F30",5.62251515642702
1005310,"privé - sans psg","F30",321.652859063794
1021854,"privé - sans psg","F30",32.0008517115387
1021564,"privé - psg","F30",225.71466067682
1019833,"privé - sans psg","F30",98.4285733762385
1026835,"publis - communales","F30",154.362909986337
1014384,"privé - sans psg","F30",22.970627643062
1004716,"privé - sans psg","F30",76.9440621043282
1021074,"privé - sans psg","F22",158.263871421747
1005428,"privé - psg","F22",24.1026195356622
1019716,"privé - psg","F22",166.999729806332
1012054,"publics - domaniales","F22",103.261949453474
1016099,"privé - sans psg","F21",187.683636252746
1025226,"publics - domaniales","F21",142.994020713525
1001810,"publics - domaniales","F22",126.91019196854
1006737,"publis - communales","F22",82.6082576832548
1015713,"publis - communales","F22",0.889430097076144
1008468,"privé - sans psg","F21",58.3741071699391
1006233,"privé - sans psg","F21",157.907041605922
1025238,"privé - sans psg","F22",55.1793546438224
1007737,"publics - domaniales","F22",18.650694406863
1025088,"publics - domaniales","F22",36.8135717181994
1009951,"publics - domaniales","F22",148.326446699026
1014880,"privé - sans psg","F21",149.281922724527
1010777,"privé - psg","F21",84.1148259006689
1026705,"privé - psg","F21",15.7294015523595
1012843,"publis - communales","F21",1.79465879341179
1017550,"privé - sans psg","F21",96.484368342057
1025341,"publis - communales","F21",102.024106624638
1022688,"privé - psg","F21",29.7545066262881
1008306,"privé - psg","F21",92.2461020940432
1022218,"privé - sans psg","F22",332.850478558876
1008742,"publics - domaniales","F22",134.262157054486
1019875,"privé - sans psg","F30",16.4279866619719
1009841,"privé - sans psg","F22",215.804224059682
1016698,"publis - communales","F21",29.6113684515312
1025553,"privé - psg","F21",96.7196851245014
1028568,"publis - communales","F21",4.97906949208622
1005350,"privé - psg","F21",18.8654218253797
1023357,"privé - psg","F21",42.4336855324112
1005607,"privé - sans psg","F21",20.1319879663315
1021501,"privé - sans psg","F21",78.9037112558953
1027147,"privé - sans psg","F21",22.5039066742374
1009570,"privé - sans psg","F21",89.7440222648872
1024460,"privé - sans psg","F21",15.3509880495439
1008860,"privé - psg","F21",236.289078558094
1017062,"privé - psg","F21",106.396438804605
1027486,"privé - sans psg","F21",98.3222665499219
1015246,"privé - sans psg","F21",102.621779555918
1018570,"privé - sans psg","F21",47.1798904714894
1001163,"privé - sans psg","F21",67.8224408956156
1018871,"privé - psg","F21",128.47687757139
1011222,"privé - psg","F21",5.38811105827705
1017966,"privé - sans psg","F21",120.012576204157
1004447,"privé - sans psg","F21",169.346440764046
1012495,"privé - sans psg","F21",98.7482274553729
1013052,"privé - sans psg","F21",228.587507388479
1029877,"privé - psg","F21",128.225830577186
1030445,"privé - sans psg","F23",52.3723639841735
1028184,"privé - sans psg","F30",49.7888686962002
1016706,"privé - sans psg","F30",313.866786874383
1022963,"privé - sans psg","F23",113.750215314426
1002570,"privé - sans psg","F30",85.0692528334174
1022712,"privé - psg","F21",85.5569828361176
1015439,"privé - psg","F21",60.5438810206459
1009654,"privé - sans psg","F21",14.4547676140932
1012747,"privé - sans psg","F21",1.16021853824838
1010457,"privé - sans psg","F23",16.3721981594058
1027386,"privé - sans psg","F23",36.2666119025384
1013906,"privé - psg","F21",14.0321419451986
1028389,"privé - sans psg","F21",141.34285465237
1001233,"privé - sans psg","F23",90.4970748849437
1005029,"privé - sans psg","F30",237.195138610471
1019088,"privé - sans psg","F23",113.20326706401
1028338,"privé - sans psg","F30",344.144356077252
1018134,"privé - psg","F21",51.9071954665042
1030201,"privé - sans psg","F21",61.445511042986
1001018,"privé - sans psg","F30",222.578463458883
1015736,"privé - psg","F21",66.8902738987767
1025308,"privé - psg","F21",129.280695770798
1014669,"privé - sans psg","F21",9.15514310977199
1012458,"privé - sans psg","F30",101.974197855827
1021888,"privé - sans psg","F30",19.9653056803922
1017387,"privé - sans psg","F21",412.689397614687
1004453,"privé - sans psg","F21",62.4923965408939
1010028,"privé - sans psg","F21",509.103544993315
1014954,"privé - psg","F21",32.5675221958065
1009620,"privé - psg","F21",49.8340019421999
1007763,"privé - sans psg","F23",243.37668937416
1031144,"privé - sans psg","F30",117.110675932441
1022389,"privé - sans psg","F30",492.149306539752
1005877,"privé - sans psg","F21",201.914048270744
1027772,"privé - psg","F21",33.5893592789782
1016519,"privé - sans psg","F30",72.6142712327233
1012133,"privé - sans psg","F23",87.4677249645677
1024791,"privé - sans psg","F23",68.965454002471
1013246,"privé - sans psg","F23",303.833337486791
1027767,"privé - sans psg","F30",149.786667906476
1025599,"privé - psg","F21",195.707561102832
1015402,"privé - psg","F21",152.041361089881
1011851,"privé - sans psg","F23",56.4583539566257
1024917,"privé - sans psg","F30",120.211421896234
1012004,"privé - sans psg","F23",21.0653330550025
1023838,"privé - sans psg","F23",79.4694502588086
1022895,"privé - psg","F21",152.31166098251
1015478,"privé - sans psg","F30",243.18431433297
1024111,"privé - sans psg","F30",170.510711762502
1019209,"privé - psg","F21",10.3594812311122
1006537,"privé - psg","F21",146.86315175311
1002017,"privé - sans psg","F30",279.486833316347
1025328,"privé - sans psg","F23",179.409322571833
1019928,"privé - sans psg","F30",162.343963351384
1019445,"privé - psg","F21",169.324445311206
1005963,"privé - sans psg","F21",117.349205665597
1011502,"privé - sans psg","F30",180.05581786855
1023592,"privé - sans psg","F30",235.962378988469
1001146,"privé - sans psg","F23",410.181365479635
1027035,"privé - sans psg","F21",190.508686916821
1023189,"privé - sans psg","F30",462.951495755191
1008495,"privé - sans psg","G80",324.449616519152
1029185,"publis - communales","G80",193.246922173088
1023382,"privé - sans psg","J22",36.7365314039867
1029052,"publics - domaniales","G80",244.611465780602
1002022,"privé - sans psg","J22",32.4188822876539
1022561,"privé - sans psg","G80",283.916106105821
1006040,"publics - domaniales","G80",231.373508448864
1028878,"privé - sans psg","G80",28.4746008675801
1025942,"privé - psg","G80",15.6720344157915
1004819,"privé - psg","G80",198.455067147269
1002014,"privé - sans psg","G80",74.3495922964984
1026818,"privé - sans psg","G80",7.87534933753551
1004785,"privé - sans psg","G80",135.960740073433
1026594,"privé - sans psg","G80",101.732158545121
1026787,"privé - sans psg","J22",29.9780695451572
1018381,"privé - sans psg","G80",35.7958997375704
1015876,"publics - domaniales","G60",426.222520841866
1026949,"privé - sans psg","G80",196.053629816593
1024980,"privé - sans psg","J22",30.7184768972908
1014639,"privé - sans psg","J22",46.6390262133791
1003113,"privé - sans psg","J22",49.0673108877623
1000606,"privé - sans psg","G60",7.74273759762162
1011843,"privé - sans psg","G80",59.4131702704316
1018833,"privé - sans psg","G80",130.24992799804
1019284,"privé - sans psg","J22",68.4622577226411
1028411,"privé - sans psg","J22",68.1361543618334
1005911,"privé - sans psg","G80",71.6556896791918
1004754,"privé - sans psg","G60",45.5325060212945
1009382,"publics - domaniales","G60",6.32245945453397
1019803,"privé - sans psg","J22",138.646728682384
1029144,"privé - sans psg","J22",5.33990420577833
1011175,"privé - sans psg","J22",16.3571016548619
1023032,"privé - sans psg","J22",2.02978380191395
1029576,"privé - sans psg","G60",71.247703382384
1030536,"publis - communales","J22",67.6739680759074
1008414,"privé - sans psg","J22",136.993665456452
1016777,"privé - sans psg","G60",227.470345508949
1002421,"privé - sans psg","J10",26.7635552714963
1019712,"publics - domaniales","J10",73.1763134689043
1002109,"privé - sans psg","J22",70.9597779712939
1027795,"privé - sans psg","J22",136.902594677754
1011243,"privé - sans psg","J10",109.95087604132
1003811,"privé - sans psg","J10",1.30394612678994
1021990,"privé - sans psg","J10",10.4746821802209
1011458,"privé - sans psg","J22",6.30194584770766
1023421,"privé - sans psg","J22",10.2927382591863
1009339,"privé - sans psg","J10",20.8316031950598
1028767,"privé - sans psg","J10",124.66166585849
1022733,"privé - sans psg","J10",6.50924999237057
1030198,"privé - sans psg","J10",90.6237714611322
1018841,"privé - sans psg","J10",75.377119444939
1008959,"privé - psg","J10",83.0406801186391
1006558,"privé - sans psg","J10",12.9047030597861
1006808,"privé - sans psg","J10",65.6390510777814
1020622,"privé - sans psg","J10",3.52864117753462
1007371,"privé - sans psg","J22",33.9929722511396
1029843,"privé - sans psg","A12",193.000499343068
1023465,"privé - sans psg","A12",83.8661660388457
1031236,"privé - psg","A12",112.988090963419
1006511,"privé - sans psg","A12",98.2645353995772
1025636,"privé - sans psg","A12",304.374161425271
1009777,"publics - domaniales","A12",417.540929885345
1000279,"privé - psg","A12",93.8803851911295
1004113,"privé - psg","A12",250.578726454421
1025421,"privé - sans psg","A12",400.728861263354
1025645,"privé - psg","A12",136.523454753183
1021743,"privé - sans psg","A12",213.508060765571
1001560,"privé - sans psg","A21",120.840810563249
1006445,"privé - sans psg","A12",104.832648671295
1013963,"privé - psg","A12",181.456690475882
1015899,"privé - sans psg","A21",132.058493179846
1009045,"privé - psg","A21",343.05842052093
1031395,"privé - sans psg","A21",187.308921849574
1004387,"privé - sans psg","A12",62.3247044389589
1002595,"privé - sans psg","A21",228.758720535858
1025097,"privé - sans psg","A22",268.331795339269
1010499,"privé - psg","A13",204.984888339763
1017779,"publics - domaniales","A22",245.807904556848
1007258,"publics - domaniales","A22",515.02705448223
1006229,"privé - sans psg","A13",251.93733043604
1017258,"privé - psg","A22",141.938503886009
1031107,"privé - sans psg","A13",125.287262180672
1019366,"privé - sans psg","A22",143.644222002047
1023056,"publics - domaniales","A13",376.463164153285
1017899,"privé - psg","A22",289.046172276235
1014994,"privé - psg","A22",125.224014345802
1030973,"privé - psg","A22",192.438748169418
1004232,"privé - sans psg","B82",248.27388371271
1003561,"privé - psg","B62",417.249343062311
1018558,"privé - sans psg","B82",194.050411806546
1001556,"privé - psg","B82",156.234555790925
1011030,"privé - psg","B62",81.8087767730952
1003227,"privé - sans psg","B62",177.487356064461
1000252,"privé - sans psg","B62",115.533136693051
1025771,"privé - sans psg","B82",1.40542975861862
1023216,"privé - sans psg","B62",137.243042795948
1029557,"privé - sans psg","B82",18.1856647689098
1029316,"privé - psg","B62",244.450196362585
1002964,"privé - psg","B62",301.23156231766
1006073,"privé - sans psg","B82",2.42005419477597
1011595,"privé - sans psg","B82",85.3947626521827
1020401,"privé - psg","B82",44.9190903983557
1026215,"privé - psg","B62",245.08253391035
1024626,"privé - psg","B82",188.35616695411
1006493,"privé - psg","B82",130.962245473202
1026711,"privé - psg","B82",161.494399197732
1004857,"privé - sans psg","B62",251.469618053249
1024283,"privé - psg","B62",376.806196810376
1025343,"privé - sans psg","B62",341.626797614717
1001956,"privé - sans psg","B82",393.261424278924
1010019,"privé - sans psg","B82",137.787476818647
1016249,"privé - psg","B82",100.238520612656
1021807,"privé - sans psg","B91",30.0035976203401
1029525,"privé - psg","B82",266.822333735273
1020660,"privé - sans psg","B82",234.185898756545
1008102,"privé - psg","B91",200.243772508024
1008175,"privé - psg","B82",91.7196320829594
1024170,"privé - sans psg","B91",335.148057556278
1003656,"privé - psg","B91",443.291900039625
1017984,"privé - sans psg","G12",288.251156163366
1022032,"privé - sans psg","B91",168.923375102858
1004171,"privé - psg","B91",253.871354270413
1030708,"privé - sans psg","B82",296.755280681028
1020831,"privé - sans psg","G12",67.4452057000522
1010483,"privé - psg","B91",22.0471231752224
1009545,"publics - domaniales","B91",443.286497897228
1002808,"privé - sans psg","G12",298.07157619606
1025357,"publics - domaniales","B91",412.419803560663
1030497,"privé - sans psg","B91",134.056321742317
1014674,"privé - sans psg","G12",262.212675679963
1007156,"publics - domaniales","B91",57.153028593361
1007526,"publics - domaniales","B91",218.442061757231
1031043,"publics - domaniales","B91",332.162286639926
1026121,"publis - communales","B91",176.93237965178
1011102,"privé - sans psg","B91",287.653544937568
1004224,"privé - sans psg","G12",337.01457177599
1000434,"privé - sans psg","B81",49.5765344222692
1026035,"privé - sans psg","B61",135.992826894348
1029094,"privé - sans psg","B61",121.075383894916
1008232,"privé - sans psg","B81",5.16094111269469
1029214,"publis - communales","B61",149.02965647877
1022471,"privé - sans psg","B61",64.4337254435531
1025874,"privé - psg","B61",88.8273849094203
1008061,"publis - communales","B61",205.780987748574
1007086,"privé - psg","B61",172.997634228671
1003212,"privé - psg","B61",414.84734001325
1010417,"privé - psg","B61",184.568240254891
1004561,"privé - psg","B61",24.4866481657778
1008062,"publics - domaniales","B62",53.2577653552845
1010502,"privé - sans psg","B81",506.358279867484
1026013,"privé - psg","B61",76.3872122481998
1009894,"privé - sans psg","B62",391.889061120256
1030232,"publis - communales","B62",350.278559211315
1024955,"privé - psg","B61",136.900852244148
1029766,"privé - sans psg","B61",1.5012799175278
1000478,"publics - domaniales","B62",192.207620772837
1014546,"privé - psg","B61",247.14833980215
1019131,"publics - domaniales","B62",292.854834979417
1005497,"privé - sans psg","B81",297.108291488843
1030702,"privé - psg","B62",148.855983453909
1027473,"privé - sans psg","B62",337.186503181101
1000036,"privé - sans psg","B62",7.50939227278193
1000405,"privé - psg","B62",184.178904643444
1003167,"privé - psg","B62",108.212433080435
1005392,"privé - sans psg","B62",239.358103545409
1028984,"privé - psg","B62",17.9869812234549
1019526,"privé - psg","B81",7.33829529607425
1015488,"privé - psg","B62",183.129279232781
1021007,"privé - sans psg","B62",15.6885936989618
1004542,"privé - sans psg","B62",139.068238790321
1004672,"privé - psg","B62",268.237584831671
1016246,"privé - psg","B62",191.723379427314
1013838,"privé - sans psg","B62",134.345074832253
1001761,"privé - sans psg","B62",241.00210304936
1013893,"privé - sans psg","B62",140.607373184253
1021106,"privé - psg","B62",264.668965854937
1014041,"privé - sans psg","B62",6.05152145929764
1027177,"privé - psg","B62",235.3940156536
1016629,"privé - sans psg","B62",232.27696956968
1004059,"privé - sans psg","B62",136.42496620533
1000118,"privé - psg","B82",184.11227313628
1003139,"privé - psg","B62",360.256203651563
1023638,"privé - psg","B62",244.66491682357
1029116,"privé - psg","B62",170.687709105482
1009553,"privé - sans psg","B62",15.3200370256521
1016835,"privé - psg","B62",229.231510896575
1028980,"privé - psg","B82",114.451350012662
1027165,"privé - psg","B62",248.249407242379
1013992,"privé - sans psg","B62",178.482370968201
1003580,"privé - psg","B62",80.5371944902226
1001821,"privé - sans psg","B62",264.039261457565
1025791,"privé - sans psg","B62",149.575519695963
1025315,"privé - sans psg","B62",2.43199365794236
1014378,"privé - sans psg","B62",192.845707988508
1023546,"publis - communales","B62",145.874774625471
1024943,"privé - psg","B62",157.418993363476
1001179,"privé - sans psg","B82",196.694349928852
1026116,"privé - psg","B62",88.4222932461518
1009183,"privé - psg","B62",210.23977621694
1027410,"privé - sans psg","B62",262.854568887294
1029479,"privé - psg","B62",234.422974656255
1016495,"privé - psg","B62",107.01148164614
1004412,"privé - sans psg","C52",196.971821206434
1004430,"privé - sans psg","C52",112.176666058301
1030285,"privé - sans psg","C52",257.610875964751
1002679,"privé - sans psg","C52",355.096048047106
1002229,"privé - sans psg","C52",216.098908386094
1003272,"privé - sans psg","C52",131.09682043306
1014916,"privé - sans psg","C52",190.807914364415
1004989,"privé - sans psg","C52",70.7377616442868
1004602,"privé - sans psg","E10",89.7479344964441
1008066,"privé - sans psg","C52",561.918482250105
1007048,"privé - sans psg","E10",70.6142875804753
1027593,"privé - sans psg","E10",238.051420735131
1030604,"privé - sans psg","C52",67.0074754011369
1018293,"privé - sans psg","E10",48.1210708647998
1024684,"publis - communales","C52",315.097552876179
1029518,"privé - sans psg","E10",455.801763037299
1028857,"privé - sans psg","E10",158.469016319138
1017948,"privé - sans psg","C52",143.102979836964
1021285,"privé - sans psg","C52",121.023194171207
1030053,"privé - sans psg","C52",47.0776517295617
1005092,"privé - sans psg","C52",484.494894075932
1009522,"privé - sans psg","C52",237.186383884071
1021131,"publics - domaniales","C52",79.5949969042086
1028518,"privé - sans psg","C52",115.260412246167
1021556,"privé - sans psg","C52",90.60757774489
1001995,"privé - sans psg","C52",151.138778638347
1020988,"privé - sans psg","C52",307.260950222468
1028076,"publis - communales","C52",90.8371377952832
1007072,"privé - sans psg","C52",65.4983727985369
1002599,"privé - sans psg","C52",32.1485063801903
1020640,"privé - sans psg","C52",353.27139982594
1008878,"privé - sans psg","C52",2.09196394816775
1013274,"privé - sans psg","C52",257.624685387072
1013897,"privé - sans psg","C52",77.1516487153183
1029580,"privé - sans psg","C52",186.719900214679
1029173,"privé - sans psg","C52",202.990793580158
1000438,"privé - sans psg","C52",202.13841502939
1009484,"privé - sans psg","C52",481.289860959329
1002162,"privé - sans psg","C52",536.306429630645
1022924,"privé - sans psg","C52",109.040721572473
1023716,"privé - sans psg","H10",536.301732338894
1025972,"privé - sans psg","C52",377.049867668161
1017359,"publics - domaniales","H10",335.432907999079
1005413,"publics - domaniales","H10",16.3813340449443
1007616,"privé - sans psg","C52",65.1234012984914
1029333,"publis - communales","H10",169.963112496763
1031132,"publis - communales","H10",273.754208133295
1016740,"publis - communales","H10",222.388904508857
1021621,"privé - sans psg","H10",348.577956462345
1017262,"publis - communales","H10",28.9827504760502
1014433,"publics - domaniales","H10",146.033130170323
1011099,"publics - domaniales","H10",398.597340720448
1005840,"publis - communales","H10",118.193016309263
1005931,"publis - communales","H10",218.921479705392
1002698,"privé - sans psg","H10",198.747818849769
1002479,"publis - communales","H10",345.813125638975
1001570,"publis - communales","H10",108.260272554021
1008307,"publis - communales","H10",31.796888015466
1002054,"privé - sans psg","H10",438.076053071553
1001329,"publis - communales","H10",73.643476534776
1021881,"publis - communales","H10",116.084869750198
1023997,"privé - sans psg","H10",217.60181607887
1013231,"publis - communales","H10",202.26584529378
1001184,"privé - sans psg","H21",314.790105474084
1025684,"privé - sans psg","H10",423.88115019655
1025424,"privé - sans psg","H10",495.697643173725
1010707,"privé - psg","H10",472.225120983814
1019224,"privé - sans psg","H21",292.042906656328
1015343,"privé - sans psg","H21",12.7454155366452
1010141,"privé - sans psg","H10",271.93425809277
1012121,"publis - communales","H30",356.583314193954
1009910,"privé - sans psg","C52",148.44006683655
1006778,"privé - sans psg","H41",2.31362552991366
1025203,"privé - sans psg","C52",253.886856634554
1028264,"privé - sans psg","H21",43.7073637491765
1009301,"privé - sans psg","H41",101.953339352369
1006384,"privé - sans psg","H30",207.171887245683
1005575,"publis - communales","H21",142.094881328766
1026112,"privé - sans psg","H21",284.410373326767
1020285,"publis - communales","H21",163.497309487681
1006004,"publis - communales","H21",227.76381165172
1022406,"privé - sans psg","H41",91.6522854335298
1006129,"privé - sans psg","H41",2.14521823183764
1023902,"privé - sans psg","H21",591.0565798798
1000001,"publis - communales","H21",467.311884274121
1016623,"privé - sans psg","C52",307.80166562265
1000187,"publis - communales","H21",240.003694989763
1008413,"privé - sans psg","H22",292.479535506313
1007864,"privé - sans psg","H41",62.6661888645511
1025504,"privé - sans psg","H30",105.08744131866
1013585,"privé - sans psg","H21",89.9695412293384
1023696,"privé - sans psg","C52",160.472205934914
1009913,"privé - sans psg","C52",612.383051706906
1016885,"privé - sans psg","H41",62.8264923055417
1003980,"publis - communales","H21",275.047168708544
1028492,"publis - communales","H22",158.833654529388
1014522,"privé - sans psg","H41",527.618044138385
1022228,"privé - psg","H21",227.588629715789
1007465,"privé - sans psg","H21",369.455275703506
1016827,"publis - communales","H22",140.613216561533
1023121,"publis - communales","H22",105.320889559139
1021884,"publis - communales","H41",93.973439744501
1026854,"publis - communales","H41",332.16606319287
1024113,"privé - sans psg","H22",392.90289339542
1000028,"privé - sans psg","H41",529.888296488638
1003881,"privé - sans psg","H41",724.885863647213
1009006,"publis - communales","H41",13.1946646209529
1022911,"privé - sans psg","H22",149.702218428344
1018660,"privé - sans psg","H22",27.300273024844
1027501,"publis - communales","H22",46.7796774813343
1013679,"privé - sans psg","H22",87.4578606633734
1026817,"publis - communales","C51",171.626087246517
1026242,"publis - communales","C51",179.470786088574
1002041,"privé - psg","C20",209.077166282329
1021746,"privé - sans psg","C51",212.024748826339
1031169,"publis - communales","C20",262.907173367605
1028815,"publics - domaniales","C51",158.953404529394
1002901,"privé - sans psg","C51",133.627401652293
1022606,"publis - communales","C20",46.1752648991054
1030043,"publics - domaniales","C51",345.785155953386
1012926,"publics - domaniales","C51",415.175344053057
1025950,"privé - psg","C51",417.476143340339
1001169,"privé - psg","C51",258.683503151516
1013815,"publics - domaniales","C51",195.045350097183
1010073,"publis - communales","C51",263.351943906345
1013414,"privé - sans psg","C51",114.137138679035
1014251,"publics - domaniales","C51",139.043470504028
1031118,"publics - domaniales","C51",125.006881468843
1023388,"privé - psg","C51",421.320900646988
1000416,"privé - sans psg","E10",111.844293624734
1020448,"publis - communales","C51",329.186159366301
1001021,"publis - communales","C51",196.85646427983
1008209,"publics - domaniales","C51",311.161544953083
1015658,"privé - sans psg","E10",325.979038496923
1006180,"privé - sans psg","C20",214.880232440403
1020696,"privé - sans psg","C20",402.74525589969
1003784,"publis - communales","C51",217.1680794621
1007642,"privé - sans psg","E10",393.734249867805
1013767,"publis - communales","E10",127.135857078387
1004831,"privé - sans psg","E10",39.6448130828118
1015635,"privé - sans psg","E10",172.587760240376
1010497,"publics - domaniales","C20",146.966652347345
1003108,"privé - sans psg","E10",111.037710688463
1026367,"publis - communales","E10",255.578997000276
1004459,"publis - communales","E10",121.251065796028
1016084,"publis - communales","E10",320.429879782121
1005534,"publis - communales","E10",216.441022528643
1026110,"privé - sans psg","E10",183.337389111592
1029886,"publis - communales","E10",238.943815098006
1001958,"publis - communales","E10",479.488060001437
1019415,"publis - communales","E10",289.661912079175
1005115,"publis - communales","E10",97.7817645859709
1026037,"privé - sans psg","E10",100.948982467568
1024652,"privé - psg","E10",290.345520283185
1023803,"privé - sans psg","E10",66.6709032161899
1001357,"privé - sans psg","E10",136.66533409646
1001714,"privé - sans psg","E10",162.458255041863
1003269,"publics - domaniales","E10",254.068299113219
1023619,"publis - communales","E10",153.640190211038
1024893,"privé - sans psg","E10",237.291577255703
1028657,"privé - sans psg","E10",189.84030962016
1019969,"privé - sans psg","E10",567.962084255779
1025669,"privé - sans psg","E10",258.454221398447
1007852,"publis - communales","E10",119.486119958376
1031056,"privé - sans psg","E20",154.741098336182
1008184,"publis - communales","E10",295.775553422611
1008621,"publis - communales","E10",98.5135647262551
1012835,"publics - domaniales","E20",279.344286396673
1011378,"publis - communales","E20",373.810177416401
1000090,"privé - sans psg","E20",156.439702324069
1027784,"privé - sans psg","E20",171.465694400095
1027932,"publis - communales","E20",242.739975241726
1019835,"privé - psg","E10",140.496917325948
1024306,"publics - domaniales","E20",276.183821579091
1025613,"privé - sans psg","E20",147.507487824222
1013656,"publis - communales","E20",184.819223388563
1007065,"publis - communales","E20",253.845026681884
1021819,"publis - communales","E20",201.488019755912
1014209,"publis - communales","E20",146.778039620606
1025682,"privé - sans psg","E10",208.55777580527
1026903,"publis - communales","E20",272.169170672551
1022675,"publis - communales","E10",32.4857098597752
1020248,"privé - sans psg","E10",129.862687748214
1002308,"privé - psg","E20",219.838962187399
1025451,"privé - sans psg","E20",204.538819155907
1030058,"publis - communales","E20",94.8518318178549
1005394,"publis - communales","E20",215.546925855014
1016986,"publis - communales","E20",267.013194932353
1012307,"privé - sans psg","E20",239.958898789826
1023792,"privé - sans psg","E20",253.181813988275
1030765,"privé - sans psg","E20",117.929114890189
1022525,"privé - sans psg","E20",339.253477589358
1023885,"publis - communales","E20",113.978605368813
1021010,"privé - sans psg","E20",381.711237270157
1028137,"privé - sans psg","E20",168.061606008846
1029431,"privé - sans psg","F22",82.1692383742033
1014285,"publics - domaniales","F22",109.631416006502
1028177,"publics - domaniales","F22",127.959249530218
1030713,"publics - domaniales","F22",177.240423043712
1007572,"privé - sans psg","F22",123.882694673069
1019414,"publics - domaniales","F22",173.691005623582
1007112,"publics - domaniales","F22",184.203815585147
1007902,"privé - sans psg","F22",302.357337105048
1020567,"privé - psg","F22",95.9527669009738
1020987,"privé - sans psg","F22",51.181396026639
1007459,"privé - psg","F22",61.0805780900574
1018790,"publis - communales","F22",21.3992454905498
1006354,"privé - sans psg","F21",17.7820597944052
1012530,"privé - sans psg","F21",80.145134450502
1010124,"privé - psg","F21",228.76269602138
1014617,"privé - psg","F21",79.735732056709
1018206,"privé - psg","F21",12.0707255662172
1006900,"privé - psg","F21",143.750316432091
1012483,"privé - sans psg","F22",182.909089425841
1030684,"privé - sans psg","F22",161.334121247657
1019092,"privé - sans psg","F22",2.29611918462808
1028248,"privé - psg","F22",170.563488034558
1003191,"privé - sans psg","F21",145.445910877982
1003015,"privé - sans psg","F21",264.516744327078
1027366,"privé - psg","F21",186.091545611734
1026741,"privé - sans psg","F21",154.214226031398
1030618,"privé - psg","F21",74.6233910190016
1011958,"privé - psg","F21",110.396069699624
1008661,"privé - psg","F21",194.047565742331
1001426,"privé - sans psg","F21",11.555567169965
1021763,"privé - psg","F21",98.6066863146268
1005143,"privé - psg","F21",42.7110019888986
1008220,"privé - psg","F21",35.782792351657
1001881,"privé - psg","F21",62.7749910434804
1025072,"privé - sans psg","F21",270.593124950147
1017854,"privé - sans psg","F21",160.031940969277
1015020,"privé - sans psg","F51",231.287946538873
1018670,"privé - psg","F21",17.2717387490878
1017621,"privé - psg","F21",51.9532783236624
1017511,"privé - psg","F21",96.0327141499249
1002236,"publis - communales","F21",151.409263938274
1001902,"publis - communales","F51",136.452251811447
1028559,"publis - communales","F51",65.5890715153141
1028484,"privé - psg","F21",37.4142542225418
1002820,"privé - sans psg","F51",195.507265153358
1021185,"privé - psg","F21",83.0969633855603
1004160,"privé - psg","F21",72.663171399988
1006553,"publis - communales","F21",136.564617309342
1030703,"privé - psg","F51",306.147808805454
1009700,"privé - sans psg","F51",143.369801422565
1018384,"privé - psg","F21",3.18159113357038
1001335,"privé - psg","F21",65.9941820058469
1008917,"privé - sans psg","F21",17.9903535199913
1028731,"privé - sans psg","F51",268.632730337544
1016880,"privé - psg","F21",33.9883896008144
1004243,"privé - psg","F21",48.008555013397
1000597,"privé - psg","F21",77.2487265286243
1023265,"privé - sans psg","F52",42.9960572245643
1023253,"privé - psg","F21",9.84604880162095
1017789,"privé - psg","F52",40.7773084722365
1029962,"privé - sans psg","F52",366.12889457629
1008910,"privé - psg","F21",86.3017570750073
1009235,"privé - psg","F21",78.4891344218444
1017826,"privé - sans psg","F52",73.3622056660479
1015921,"privé - sans psg","F52",171.091900030529
1020973,"privé - sans psg","F52",61.145088478219
1005144,"privé - psg","F21",83.6008020755614
1021220,"privé - psg","F21",55.3487138042876
1026503,"privé - psg","F21",130.874309423117
1019036,"privé - sans psg","F52",151.836016679821
1013019,"privé - sans psg","F52",41.5316772106511
1005205,"privé - psg","F21",61.288581021486
1011852,"privé - sans psg","F52",156.663173360654
1029537,"privé - sans psg","F52",172.930426003927
1012920,"privé - sans psg","F52",89.9104373763711
1015113,"privé - sans psg","F21",90.8841259377557
1026340,"privé - psg","F21",124.909465727253
1006666,"privé - psg","F21",9.91776521588926
1001919,"privé - sans psg","F21",159.200215776342
1029857,"privé - sans psg","F52",172.68509943111
1018460,"privé - sans psg","F52",113.056986769953
1011629,"privé - psg","F21",42.9002582977037
1013919,"privé - psg","F52",195.321519926552
1011737,"privé - psg","F21",112.161711606868
1005997,"privé - sans psg","F52",121.349727622038
1020481,"privé - sans psg","F52",501.018881888463
1025005,"privé - sans psg","F52",64.2287349442997
1012986,"privé - sans psg","F52",130.455076972678
1024155,"privé - psg","F21",105.160251059552
1018508,"privé - psg","F21",39.9822648521298
1009753,"publis - communales","F21",102.181198899125
1018397,"privé - psg","F21",113.456661462664
1014646,"privé - psg","F21",3.62998053286167
1000857,"privé - psg","B33",253.444140407641
1018867,"privé - sans psg","B62",227.640992768085
1025074,"privé - sans psg","B33",96.6172097272011
1014673,"privé - sans psg","B33",158.016683693461
1017695,"privé - sans psg","B62",312.531781169561
1014179,"privé - sans psg","B33",216.438207785517
1006265,"privé - sans psg","B33",214.833434173826
1009754,"privé - sans psg","B33",262.28316215992
1002911,"privé - psg","B33",319.423113714957
1025811,"privé - sans psg","B33",271.23316954417
1031124,"privé - psg","B33",293.5954513044
1017092,"privé - psg","B33",4.11084018249089
1010021,"publis - communales","B33",165.037661784411
1027531,"privé - psg","B33",60.4372643916268
1020937,"privé - psg","B62",476.24831606141
1025542,"privé - psg","B62",203.416519560912
1024580,"privé - sans psg","B62",29.5080054722153
1014414,"privé - sans psg","B62",149.255727229266
1007949,"privé - psg","B62",24.9590140974446
1029773,"publics - domaniales","B62",231.604666126085
1025681,"privé - psg","B62",125.271338952566
1012010,"privé - psg","B62",143.351315121653
1004550,"privé - psg","B33",290.977721824032
1024388,"privé - psg","B33",149.133180952926
1021800,"publics - domaniales","B62",7.86296659945077
1011163,"publics - domaniales","B70",4.40366191115389
1025049,"publics - domaniales","B62",67.1756844619198
1028197,"privé - sans psg","B70",151.856469335361
1005023,"privé - sans psg","B62",14.730346254341
1016719,"privé - sans psg","B44",739.661065865043
1013506,"publics - domaniales","B70",175.575584959908
1009510,"privé - sans psg","B70",61.8088287140283
1001938,"privé - sans psg","B62",184.216893308149
1002609,"privé - sans psg","B70",152.716245120236
1011971,"publics - domaniales","B70",170.522015309875
1006458,"publics - domaniales","B70",301.889356321463
1019905,"privé - sans psg","B70",202.92316914474
1019030,"privé - psg","B70",184.33480428797
1018843,"privé - sans psg","B62",283.386890436928
1007434,"privé - sans psg","B70",84.8002238138723
1030097,"privé - psg","B70",64.634911290721
1027939,"privé - sans psg","B70",67.0963537221475
1020237,"privé - psg","B70",115.271086976502
1019922,"privé - psg","B62",437.342490123695
1030282,"privé - psg","B70",134.361241149761
1026135,"publics - domaniales","B70",161.624655911361
1024143,"privé - psg","B70",58.2244397259492
1001236,"privé - psg","B70",188.505611507691
1018430,"privé - sans psg","B70",46.9676518230386
1005058,"privé - sans psg","B70",90.8401217665902
1012061,"privé - sans psg","B70",330.558282490529
1003744,"privé - psg","B70",83.4225524813405
1024719,"privé - psg","B70",210.213077561395
1014371,"privé - psg","B70",82.574694345545
1004626,"privé - psg","B70",325.839346956991
1028217,"privé - psg","B70",319.680941591132
1000672,"privé - psg","B70",116.314917052965
1016537,"privé - psg","B70",173.069463093664
1024347,"privé - psg","B70",91.388539032893
1001110,"privé - sans psg","B70",128.936851066374
1020431,"privé - sans psg","B70",86.157497818388
1025502,"privé - psg","B70",246.549407330237
1010396,"privé - sans psg","B70",286.076145934037
1026689,"privé - psg","B70",361.160367460621
1009251,"privé - psg","B70",99.1155361707271
1028926,"privé - psg","B70",280.992878192651
1024848,"privé - psg","B70",200.557107302928
1023694,"privé - psg","B70",53.1879902988543
1002996,"privé - sans psg","B62",251.144491876602
1024336,"privé - psg","B70",67.6656168814086
1029501,"privé - psg","B70",72.7476916385384
1015357,"privé - psg","B70",215.173179452813
1019401,"privé - psg","B70",265.769098179899
1024622,"privé - psg","B70",163.492905735168
1011201,"privé - psg","B70",147.49672153218
1004607,"privé - psg","B70",368.692696219451
1003402,"privé - sans psg","B70",530.442017401802
1008370,"privé - psg","B70",234.955076059268
1007563,"privé - psg","B70",192.56241666596
1021612,"privé - psg","B70",204.132564405298
1001737,"privé - sans psg","B70",128.073930375543
1015046,"publics - domaniales","B70",88.6241708527779
1027225,"privé - psg","B70",65.7252143130563
1019453,"privé - sans psg","B70",231.168523234104
1006596,"privé - psg","B70",106.015338166556
1022579,"privé - psg","B70",68.1132610588202
1002518,"privé - psg","B70",157.63286852989
1006368,"privé - psg","B70",129.100579874122
1015035,"privé - psg","B70",251.079178012535
1015066,"privé - psg","B70",88.2582188104666
1023068,"privé - psg","B70",173.80132716693
1022434,"privé - sans psg","B70",24.1746114628484
1006213,"privé - psg","B70",614.335414222614
1004085,"privé - psg","B70",156.292822649607
1022083,"privé - sans psg","B70",75.0014171244873
1025923,"privé - psg","B70",345.797895751341
1030441,"privé - psg","B70",118.951920810181
1006137,"privé - psg","B70",77.3820245775628
1027586,"privé - psg","B70",141.290939432811
1016271,"privé - psg","B70",39.3766983051691
1006023,"privé - psg","B70",320.729495530573
1011707,"privé - sans psg","G22",142.648244511506
1030480,"privé - sans psg","G22",17.5148290193372
1018218,"privé - psg","G22",162.172089890887
1010426,"privé - sans psg","G22",369.307468881309
1028511,"privé - psg","G22",283.232927488627
1003986,"privé - sans psg","G22",366.073850576692
1012858,"publis - communales","G22",114.715070020912
1011540,"privé - psg","G22",305.239324515243
1007910,"privé - psg","B92",381.882739362667
1028762,"privé - sans psg","G22",410.866456690958
1027092,"privé - sans psg","G22",426.966556577834
1002664,"privé - sans psg","G22",140.488458034758
1030980,"privé - sans psg","G22",185.682507619172
1018336,"privé - sans psg","G22",31.1733061884278
1023764,"privé - sans psg","G22",459.844858807891
1006998,"privé - sans psg","G90",120.214326995625
1014694,"privé - sans psg","G22",156.308639612458
1018591,"privé - sans psg","G41",59.5707666454874
1017505,"privé - sans psg","G22",98.9617264107292
1015745,"privé - sans psg","B92",185.289613495067
1020306,"publis - communales","G90",50.8139830764148
1026427,"privé - sans psg","B92",163.013333460655
1028351,"privé - sans psg","G22",106.206100721802
1005981,"privé - sans psg","G22",127.386262005025
1012432,"privé - sans psg","G22",170.666336499087
1019488,"privé - psg","B92",253.646940393624
1014356,"privé - sans psg","G90",39.5334606359261
1029747,"privé - sans psg","G22",261.826330173421
1026699,"privé - sans psg","G22",185.899280213809
1029727,"privé - sans psg","G41",21.3238271256242
1008023,"privé - sans psg","G22",232.723806867367
1020515,"privé - psg","G90",36.7067479432368
1006115,"privé - sans psg","G41",174.49255142512
1008358,"privé - sans psg","G90",195.685729452397
1007522,"privé - sans psg","G41",168.740388812671
1006791,"privé - sans psg","G90",17.8399691611706
1007872,"privé - sans psg","G42",302.102699405911
1005427,"privé - sans psg","G42",249.827871848927
1011970,"privé - sans psg","G41",242.191286458563
1024702,"privé - sans psg","G42",310.780447564736
1006386,"privé - psg","G42",209.770934072142
1002527,"privé - sans psg","G42",275.826113344253
1023147,"publis - communales","G42",239.592875876774
1016679,"privé - sans psg","G42",4.62566697709909
1000969,"privé - sans psg","G42",181.794683112188
1028126,"privé - sans psg","G42",66.0838774539601
1015260,"privé - sans psg","G42",347.212718666331
1025042,"privé - sans psg","G42",33.6345790640643
1010926,"privé - sans psg","G42",24.9925900136601
1008100,"privé - sans psg","G30",43.7620088420893
1028046,"privé - sans psg","G90",50.8744174236637
1027591,"privé - sans psg","G90",16.7361375395284
1028844,"privé - sans psg","G22",397.235515632304
1002340,"privé - sans psg","G90",251.847220318662
1026315,"privé - sans psg","G90",28.1251107452532
1030334,"privé - sans psg","G90",63.0459836941383
1007202,"privé - sans psg","G90",184.443584438733
1007546,"privé - sans psg","G90",95.991194368136
1024959,"privé - sans psg","G22",118.66464083963
1026765,"privé - psg","G22",222.130230163786
1029230,"privé - sans psg","G90",102.446222074109
1000135,"privé - sans psg","G90",141.217142536733
1017716,"privé - sans psg","G22",180.647892832824
1002139,"privé - sans psg","G22",332.576722232751
1016968,"publics - domaniales","G22",85.2049631181374
1005034,"privé - sans psg","G22",23.4282710467005
1009768,"privé - sans psg","G22",425.009535874035
1029500,"privé - sans psg","G22",9.63873955306736
1022648,"privé - sans psg","G22",219.219599158285
1030304,"publis - communales","G22",281.324562102103
1027476,"privé - sans psg","G22",197.388712355234
1006294,"privé - sans psg","G22",303.906064259453
1011436,"privé - psg","G22",220.426755062418
1018804,"privé - sans psg","G22",116.914175628331
1004787,"privé - sans psg","G22",577.683067121997
1031194,"privé - sans psg","G22",344.45825713051
1003849,"privé - sans psg","G22",252.778355687921
1018786,"privé - sans psg","G22",110.932867047246
1024462,"publis - communales","G22",424.668989496048
1025742,"publis - communales","G22",72.9933787536127
1021128,"privé - sans psg","G22",328.528890541229
1006589,"privé - sans psg","G22",5.57469709538783
1003563,"privé - sans psg","G30",157.349939607332
1023279,"publis - communales","G22",266.666588920938
1007683,"privé - sans psg","G22",101.544375393194
1014860,"privé - sans psg","G22",348.616300140901
1003446,"privé - sans psg","G30",79.4310663840003
1021810,"publis - communales","G22",27.9021982469893
1014905,"privé - sans psg","G22",468.111526596912
1031328,"privé - sans psg","G22",386.052761688622
1011853,"privé - sans psg","G22",300.449713067499
1021598,"privé - sans psg","G22",655.526458104602
1023506,"privé - sans psg","G22",287.748702877493
1015919,"privé - sans psg","G22",269.720645428702
1017441,"publis - communales","G30",205.812602634464
1018571,"privé - sans psg","G22",96.1742404145888
1005718,"privé - sans psg","G22",187.860465290789
1006752,"privé - sans psg","G22",36.3706921634093
1014413,"privé - sans psg","G22",267.045173615292
1024192,"privé - sans psg","G22",1.44088912968995
1014942,"privé - sans psg","G30",113.518973731562
1012154,"privé - sans psg","G22",346.162228131132
1017613,"privé - psg","G22",138.025643134586
1022273,"privé - sans psg","G90",256.001708754717
1015834,"privé - sans psg","G90",144.993011707826
1016855,"privé - sans psg","G22",312.572065485629
1021261,"privé - sans psg","G90",215.276031099593
1024934,"privé - sans psg","G90",269.398495553321
1026639,"privé - sans psg","G22",37.7159154073124
1029484,"privé - sans psg","G22",100.052821112615
1001622,"privé - sans psg","G30",94.1021906627722
1021399,"privé - sans psg","G22",217.930594603277
1008827,"privé - sans psg","G90",198.245532930075
1027777,"privé - sans psg","G90",190.531935968242
1007831,"privé - sans psg","G30",312.645390222725
1015783,"privé - sans psg","G22",232.234336679147
1010330,"privé - sans psg","G30",63.79251918599
1012426,"privé - sans psg","G90",145.523389792956
1011991,"privé - sans psg","G30",302.084043204498
1005334,"privé - sans psg","G30",409.163342934083
1008544,"privé - sans psg","G30",231.456074476779
1006193,"privé - sans psg","G22",128.997368181609
1028066,"publis - communales","G22",92.0576688772207
1003005,"publics - domaniales","G30",133.165303993546
1028246,"privé - sans psg","G30",113.578041225468
1031178,"privé - sans psg","G30",83.60030860029
1010413,"privé - sans psg","G22",152.852684898527
1009870,"privé - sans psg","G30",273.412598157518
1027597,"privé - sans psg","G30",131.400373328279
1025124,"privé - sans psg","G22",197.308128953487
1023618,"publis - communales","G30",154.669505358586
1019174,"privé - sans psg","G22",82.0573128230633
1027905,"privé - sans psg","G22",515.750138494472
1026500,"privé - sans psg","G22",741.901212690876
1028989,"privé - sans psg","G22",48.3786722453142
1031335,"publis - communales","G30",97.38429901073
1006003,"privé - sans psg","G22",210.782232158024
1022017,"privé - sans psg","G42",318.656725053697
1028625,"privé - sans psg","G42",230.549179312323
1013090,"privé - sans psg","A22",39.7377795061003
1025689,"privé - sans psg","A22",37.8925653916032
1016455,"privé - sans psg","A22",151.894084201825
1006561,"privé - sans psg","A22",188.097907947695
1001738,"privé - sans psg","A22",138.584155925155
1030818,"privé - sans psg","A22",253.960427753224
1026360,"privé - sans psg","A22",137.301083901341
1024330,"privé - psg","A22",171.8571244192
1001753,"privé - sans psg","A22",174.695244049014
1010054,"privé - sans psg","A22",128.492804360235
1001391,"publics - domaniales","A22",384.303266260658
1021609,"privé - sans psg","A30",256.325920855188
1018099,"publics - domaniales","A22",517.229030784168
1004837,"publics - domaniales","A22",11.2125303834322
1025965,"privé - psg","A22",201.076955022854
1016953,"privé - sans psg","A22",98.8317854114351
1027675,"privé - psg","A22",221.135961041813
1002557,"privé - psg","A22",133.375286272113
1000223,"privé - sans psg","A22",251.45624537907
1020203,"privé - psg","A22",129.269636592754
1012790,"privé - sans psg","A22",145.199045281366
1028372,"privé - sans psg","A22",1.58579757950552
1025425,"privé - sans psg","A30",87.3562181145561
1004153,"privé - sans psg","A30",201.225325817847
1027434,"privé - psg","A22",136.344372314077
1002651,"privé - psg","A22",165.996197574072
1029206,"privé - sans psg","A22",90.5354566239755
1006802,"privé - sans psg","A22",225.156210729039
1000782,"privé - sans psg","A30",163.551279093033
1014244,"privé - psg","B70",24.6415936237418
1025593,"privé - sans psg","B44",173.602839351932
1011653,"privé - sans psg","B70",254.947027489085
1001418,"privé - sans psg","B70",247.393822708775
1006630,"publics - domaniales","B70",228.473209394386
1004287,"privé - sans psg","B70",87.4423733950167
1001779,"privé - psg","B70",206.195719193741
1016121,"privé - psg","B70",109.444341371566
1007711,"publics - domaniales","B70",500.745622252959
1026146,"privé - sans psg","B70",185.414550695611
1001238,"privé - psg","B70",196.580015732935
1029274,"privé - sans psg","B70",285.296236477677
1019450,"publics - domaniales","B70",281.38435230271
1002286,"privé - psg","B70",204.810341322351
1018504,"privé - psg","B70",152.834994336211
1023516,"privé - psg","B70",126.941755756431
1005582,"privé - psg","B70",184.216878761677
1000070,"privé - psg","B70",224.538986990122
1004322,"privé - psg","B70",225.595358260525
1027078,"privé - psg","B70",32.54585201712
1028418,"privé - psg","B70",144.834111235934
1009923,"privé - psg","B70",139.610396703276
1005756,"publics - domaniales","B70",323.029218543719
1018118,"privé - psg","B70",46.8725597843885
1027484,"privé - sans psg","B70",196.3653851908
1006777,"publics - domaniales","B70",297.329395502511
1009826,"publics - domaniales","B70",251.256982148767
1015951,"privé - sans psg","B70",387.991657080805
1028178,"privé - sans psg","B70",91.7482828560668
1020799,"privé - psg","B70",94.0231999731372
1019939,"publics - domaniales","B70",439.919982316602
1016601,"privé - psg","B70",27.2306223042481
1030221,"publics - domaniales","B70",48.1051624493268
1031075,"publics - domaniales","B70",221.813457137948
1025891,"privé - psg","B70",98.6887487430594
1031136,"privé - psg","B70",254.70023052064
1024529,"privé - psg","B70",97.1826109211479
1015790,"privé - sans psg","B70",228.100095678089
1000452,"privé - sans psg","B70",62.6443104753507
1022334,"privé - sans psg","B70",188.492619573035
1001502,"privé - psg","B70",102.238695273593
1000466,"publics - domaniales","B70",259.094557111656
1016717,"publics - domaniales","B70",41.7465831634712
1004892,"privé - psg","B70",151.87531906121
1026104,"privé - sans psg","B70",160.477633335016
1012011,"publics - domaniales","B70",366.223456857042
1008716,"privé - psg","B70",75.410427177486
1029026,"privé - sans psg","B70",113.07587196146
1011827,"privé - psg","B70",51.7409348554171
1027823,"privé - psg","B70",352.174506713841
1013866,"publics - domaniales","B70",175.368773389442
1027684,"privé - sans psg","B70",173.087364666146
1011047,"privé - sans psg","B70",339.134359205755
1002313,"publics - domaniales","B70",213.792003316258
1018054,"privé - psg","B52",79.5520926706551
1003333,"publics - domaniales","B70",156.140527823213
1005746,"privé - sans psg","B70",136.124568727667
1016981,"publics - domaniales","B52",228.378599703305
1006481,"publics - domaniales","B52",206.392589415397
1014516,"privé - sans psg","B53",149.632889345876
1002795,"privé - psg","B53",353.029545281166
1023578,"privé - psg","B53",388.104948082495
1022570,"privé - sans psg","B53",239.29956676273
1026649,"privé - psg","B53",211.972793515006
1024248,"privé - sans psg","B52",203.605983224401
1010035,"privé - psg","B52",271.864746717065
1007744,"privé - sans psg","B53",160.204107623017
1025184,"privé - sans psg","F15",251.703273334657
1003616,"privé - sans psg","F15",322.074797406806
1003153,"privé - sans psg","F15",4.00788515602321
1007384,"privé - sans psg","F15",74.9652679541837
1007569,"privé - sans psg","F15",252.708232168091
1024645,"privé - sans psg","F15",72.967320032409
1030442,"privé - sans psg","F40",22.4265302507598
1005814,"privé - sans psg","F40",101.67035818225
1012545,"privé - sans psg","F15",129.67803728692
1023511,"privé - sans psg","F40",9.9654405621979
1029889,"privé - sans psg","F40",166.1767042367
1010343,"privé - psg","F40",62.6624304121054
1029712,"privé - sans psg","F15",297.798163873322
1020993,"privé - sans psg","F40",104.403958112209
1008238,"privé - sans psg","F15",126.191720622841
1012767,"privé - sans psg","F40",11.3936646191215
1029697,"privé - sans psg","F40",20.6367872783598
1006387,"privé - sans psg","F40",44.4990133443334
1022995,"privé - sans psg","F40",351.926256134471
1002885,"privé - sans psg","F40",26.9977912743907
1002376,"privé - sans psg","F40",57.02929170742
1009068,"privé - sans psg","F40",224.638147781533
1004991,"privé - sans psg","F40",6.81865200129649
1005503,"privé - sans psg","F40",33.3272687779836
1007084,"privé - sans psg","F40",52.1874167087244
1005587,"privé - sans psg","F40",63.1275541363093
1005284,"privé - sans psg","F40",299.501434242722
1003448,"privé - sans psg","F40",20.8096169037197
1001766,"privé - sans psg","F40",172.527687031238
1013608,"privé - sans psg","F40",5.47126278340577
1027125,"privé - sans psg","F40",6.6457990173928
1021191,"privé - sans psg","F40",180.877245291518
1001641,"privé - psg","F40",26.5410075117668
1028863,"privé - sans psg","F40",285.446031965865
1024018,"privé - sans psg","F40",52.5953799146084
1023422,"privé - sans psg","F40",133.257901498423
1012071,"publics - domaniales","F40",0.668545157785129
1011318,"privé - sans psg","F40",47.6952816853943
1026039,"publis - communales","G50",89.1134227686219
1021927,"privé - sans psg","G50",443.410687867605
1002186,"privé - sans psg","G50",233.730598387302
1010375,"privé - sans psg","F40",18.9058818726288
1015860,"privé - sans psg","F40",55.0104540746796
1010620,"privé - sans psg","F40",40.8103709726741
1020611,"privé - sans psg","G50",132.339776458617
1021446,"privé - sans psg","F40",10.0902354018482
1011802,"privé - sans psg","F40",20.0462270002325
1014603,"privé - psg","F40",192.149377292388
1024126,"privé - sans psg","F40",6.64982212792401
1013803,"privé - sans psg","F40",58.0281563943556
1008904,"privé - sans psg","G50",353.450274454445
1025014,"privé - sans psg","F40",36.9784634640524
1025317,"privé - sans psg","G50",56.8020818933591
1030706,"privé - sans psg","F40",148.507871269078
1018737,"privé - sans psg","F40",157.04301646639
1022736,"privé - sans psg","F40",6.39906327912809
1010215,"privé - sans psg","G50",506.322184657812
1030240,"privé - sans psg","F40",104.585693519505
1003384,"privé - sans psg","G50",177.446152362649
1014278,"privé - sans psg","G50",240.689835692629
1014963,"privé - sans psg","G50",160.220511561592
1015698,"privé - sans psg","G50",472.722455352919
1017669,"privé - psg","F23",359.869532222722
1002362,"privé - sans psg","F23",106.008040406557
1009503,"privé - psg","F21",187.322203904402
1021584,"privé - psg","F21",46.2823037697476
1029324,"privé - psg","F21",77.5485226193725
1022261,"privé - sans psg","F23",254.795706427961
1013305,"privé - psg","F23",133.679774095872
1003905,"privé - psg","F21",160.928644951109
1018938,"publis - communales","F30",232.540788358919
1000641,"privé - sans psg","F30",435.05982683822
1025867,"privé - psg","F21",144.169745240658
1004080,"privé - sans psg","F30",85.0747474477986
1028637,"privé - sans psg","F21",378.569365956688
1015384,"privé - psg","F21",136.621159859296
1009891,"privé - sans psg","F21",268.859011451901
1003952,"privé - sans psg","F30",151.451097277928
1009538,"privé - sans psg","F30",231.097241485154
1007472,"privé - sans psg","F30",170.634566942512
1028732,"privé - sans psg","F30",63.7782343397554
1015673,"privé - sans psg","F30",123.551340376309
1009392,"privé - sans psg","F30",219.245735296821
1003476,"privé - sans psg","F30",340.093461580152
1020331,"privé - sans psg","F30",198.534138065065
1029000,"privé - sans psg","F15",63.7461357173769
1002467,"privé - sans psg","F40",220.432118326347
1008189,"privé - sans psg","F15",91.3636894827916
1029634,"privé - sans psg","F30",89.186369497441
1027074,"privé - sans psg","F15",161.16240761591
1029148,"privé - sans psg","F30",74.0240998664286
1013467,"privé - sans psg","F15",59.4008206017349
1020309,"privé - sans psg","F15",26.178501478391
1015173,"privé - sans psg","F40",10.1594463774707
1014744,"privé - sans psg","G22",39.829175798982
1002456,"privé - sans psg","G30",240.907935985109
1029993,"privé - sans psg","G22",366.63864060614
1013681,"privé - sans psg","G30",117.275438085744
1016024,"privé - sans psg","G22",59.5817574241767
1013801,"privé - sans psg","G50",440.502985014113
1023679,"privé - sans psg","G22",32.0827300011862
1015752,"privé - sans psg","G22",126.388554124258
1006954,"privé - sans psg","G22",232.203126506637
1011754,"privé - sans psg","G22",107.814301262908
1001217,"privé - sans psg","G22",193.028109612308
1021651,"privé - psg","G22",58.034042526961
1001970,"privé - sans psg","G60",216.533417093624
1013829,"privé - sans psg","G60",38.7079877122762
1003594,"privé - sans psg","G22",1.85602256206562
1027439,"publis - communales","G22",114.625511008245
1007672,"privé - sans psg","G22",46.5353984411286
1017162,"privé - sans psg","G22",219.085542511189
1005338,"privé - sans psg","G60",88.9342229634792
1029254,"privé - sans psg","G22",155.114199493954
1009762,"privé - sans psg","G22",80.8237091187932
1004485,"publis - communales","G22",330.694797661312
1030300,"privé - sans psg","G22",173.123017756074
1013215,"privé - sans psg","G60",60.432966831949
1028734,"privé - sans psg","G60",10.1737115564469
1025776,"privé - sans psg","G60",35.7322565177065
1023141,"privé - sans psg","G22",7.39757580590737
1024502,"privé - sans psg","G22",67.2949601994436
1007844,"privé - sans psg","G22",42.0065167601029
1021940,"publics - domaniales","G22",72.0522704764763
1016644,"privé - sans psg","G22",20.3555484276247
1014374,"privé - sans psg","G60",29.3311848256764
1020334,"privé - sans psg","G60",72.9299186157548
1010905,"privé - sans psg","G60",36.0014148738001
1018904,"privé - sans psg","G22",67.4554612465863
1001999,"publis - communales","G22",84.1851683792733
1019742,"privé - sans psg","G22",22.5713332416048
1008148,"privé - sans psg","G22",103.418480928818
1017627,"privé - sans psg","G60",196.915613784388
1006190,"privé - psg","G70",217.088954779541
1030270,"privé - sans psg","G60",43.5644358862178
1001833,"publics - domaniales","G70",284.60403277206
1026736,"privé - sans psg","G22",214.800913114169
1018639,"privé - sans psg","G22",174.291128304812
1020954,"privé - sans psg","G22",33.1456855937426
1011373,"privé - sans psg","G22",190.80019803482
1008583,"privé - sans psg","G70",59.6519786341017
1007717,"privé - sans psg","G22",423.288829303088
1016801,"publis - communales","G22",260.275744673665
1005065,"publis - communales","G22",232.271595305335
1001777,"publis - communales","G22",25.1049697358721
1021778,"publis - communales","G22",275.214556290093
1008684,"privé - psg","G70",328.231012635866
1028062,"privé - sans psg","G70",127.868962840866
1023960,"privé - sans psg","G22",257.678227350062
1002700,"publis - communales","G22",252.912569262584
1023819,"privé - sans psg","G22",79.7171819487574
1007715,"privé - sans psg","G22",133.088450586108
1027854,"publics - domaniales","G70",141.950377602044
1015600,"privé - sans psg","G70",143.985272264693
1016511,"privé - psg","G70",281.238988503107
1001430,"privé - sans psg","G22",273.444681338744
1008671,"publics - domaniales","G70",103.267849380112
1019951,"privé - sans psg","G70",200.488319484827
1015859,"publics - domaniales","G70",18.0828845304602
1000779,"privé - sans psg","G70",193.370668683999
1025111,"privé - sans psg","G70",93.8211850542581
1006127,"privé - sans psg","G70",7.32643938810177
1001934,"privé - psg","A22",276.888102363097
1013969,"privé - sans psg","A22",28.4099846003882
1023715,"privé - psg","A22",205.100380942076
1001793,"privé - sans psg","A30",111.093186567459
1015494,"privé - sans psg","A30",22.7813980792326
1015102,"privé - sans psg","A22",43.1080089429706
1022074,"privé - sans psg","A30",59.6388910370241
1018242,"privé - psg","A22",39.0539205435942
1009384,"privé - sans psg","A22",45.2224654677756
1015332,"privé - sans psg","A22",352.387387224186
1013556,"privé - sans psg","A22",136.930796423035
1020559,"privé - psg","B81",146.411300584896
1015651,"privé - sans psg","B61",130.640853433393
1001855,"privé - sans psg","A30",132.636217750475
1006670,"privé - sans psg","B61",162.403262404571
1002098,"privé - psg","B81",133.784200984427
1011877,"privé - sans psg","B61",455.271429909334
1004025,"privé - sans psg","B81",6.35440316380588
1029013,"privé - sans psg","B61",11.8564786407445
1010737,"privé - sans psg","B81",278.194041034544
1011125,"privé - sans psg","B61",331.894907081139
1002251,"privé - psg","B61",71.8184017169187
1008198,"privé - sans psg","B81",61.1973988180064
1022395,"publics - domaniales","B81",66.7042001748127
1024006,"privé - sans psg","B61",384.073822826507
1008644,"privé - sans psg","B61",97.0155187982986
1014021,"privé - psg","B61",254.518995393663
1018898,"privé - psg","B61",177.268625614386
1016733,"publics - domaniales","B61",104.850543922506
1030793,"privé - sans psg","B81",105.682405031431
1020069,"privé - psg","B61",89.9788341168318
1024061,"privé - sans psg","B81",123.810878336686
1024408,"privé - sans psg","B61",178.126924601155
1015090,"privé - psg","B61",87.5457587397263
1009684,"privé - psg","B61",114.153016730791
1000546,"privé - sans psg","B81",20.4938194379445
1015466,"privé - sans psg","B61",34.5155729469537
1021234,"privé - sans psg","B61",91.5927571233002
1020487,"privé - psg","B61",141.948052788837
1005280,"privé - psg","B61",190.222116465402
1029844,"privé - sans psg","B61",207.502870965797
1003843,"publis - communales","A11",93.7641271907898
1020433,"privé - sans psg","A11",356.991884164187
1007611,"privé - sans psg","A11",123.899178301862
1027457,"privé - sans psg","A13",98.9244630048329
1013904,"privé - psg","A13",193.238674726071
1020635,"publis - communales","A13",267.125187757033
1028910,"privé - sans psg","A13",422.784331037184
1021568,"privé - sans psg","A13",56.776945410914
1005255,"privé - sans psg","A13",368.889437717113
1010244,"privé - psg","B42",292.571592040169
1010708,"privé - sans psg","B42",383.89923972072
1023587,"privé - sans psg","B42",205.841204343078
1029610,"privé - sans psg","B42",96.0050729011305
1022328,"privé - sans psg","B42",72.0461571351554
1022311,"privé - psg","B42",289.567033738881
1017825,"privé - psg","B42",166.600808462746
1005610,"privé - psg","B42",236.951231343041
1013053,"privé - psg","B42",307.982007722759
1017118,"privé - sans psg","B41",322.977367184916
1003735,"privé - sans psg","B41",331.494923080637
1021003,"privé - sans psg","B42",16.3039607435792
1005141,"privé - sans psg","B42",111.364061497106
1016372,"privé - sans psg","B42",653.553982551333
1000895,"privé - psg","B42",301.518905555749
1005749,"privé - psg","B42",382.035871309102
1027827,"privé - psg","B42",153.095494774288
1030002,"publis - communales","B42",292.796800419226
1016004,"publics - domaniales","B42",289.422088195359
1007706,"privé - psg","B42",213.089118670807
1011430,"privé - psg","B42",461.941682545028
1013452,"privé - psg","B42",37.6518041243045
1003069,"privé - psg","B42",216.620967391714
1029312,"publis - communales","B42",349.349103706198
1016896,"privé - psg","B42",241.425535478176
1008271,"privé - psg","B42",267.521645452147
1019666,"privé - sans psg","B43",83.3480306255189
1002173,"privé - sans psg","B42",94.8570851521605
1004728,"publics - domaniales","B42",117.542372724517
1026263,"privé - psg","B42",344.286291346847
1010174,"publis - communales","B42",228.561325854356
1007880,"privé - sans psg","B42",230.630097283218
1004370,"privé - sans psg","B43",171.130512407531
1013856,"privé - sans psg","B43",421.511154158221
1009170,"privé - sans psg","B43",53.2012516548238
1029488,"privé - sans psg","B43",182.992770223335
1016028,"privé - sans psg","B43",121.044374551152
1016066,"privé - sans psg","B43",28.944568839515
1003503,"privé - sans psg","B43",49.2086818644731
1019705,"privé - sans psg","B43",99.902443749356
1021732,"privé - sans psg","B43",43.4650029951248
1012927,"privé - sans psg","B43",4.2709863734456
1028619,"privé - sans psg","B43",55.9326037185726
1009494,"privé - sans psg","B43",11.8220852980725
1000926,"publics - domaniales","B43",117.829396147699
1021142,"privé - sans psg","B51",198.162790523927
1018610,"privé - psg","C12",265.285240519367
1024555,"privé - sans psg","C12",258.950354769019
1017573,"privé - psg","B51",275.325987969235
1011212,"publis - communales","C12",182.077609975047
1009294,"privé - sans psg","C12",167.242629152424
1008709,"privé - sans psg","B51",182.081041062775
1019416,"privé - sans psg","B51",281.316239066565
1007228,"privé - psg","C12",9.9881611270629
1008706,"privé - sans psg","B51",341.883346399358
1013878,"publics - domaniales","C12",210.142335176946
1018275,"privé - psg","B51",227.375846843567
1023601,"privé - sans psg","B51",370.626052160082
1006658,"privé - sans psg","B51",183.874437180755
1023882,"privé - sans psg","B51",91.7126257822646
1011257,"publics - domaniales","B51",239.201758177484
1005483,"publics - domaniales","B51",62.8033578230698
1019924,"publis - communales","B51",4.15794739376073
1018459,"privé - psg","B51",176.769228284301
1007701,"privé - psg","B51",357.325446219882
1020691,"publics - domaniales","B51",40.7656729246646
1018694,"publis - communales","B51",60.8031638008577
1013496,"privé - psg","B51",282.198527103336
1006216,"privé - sans psg","B51",303.377784062194
1000410,"publis - communales","B51",281.982233724663
1008284,"privé - sans psg","B51",3.92075627041568
1004727,"privé - sans psg","B51",224.603387364606
1016177,"publis - communales","B51",220.624329524702
1007913,"privé - sans psg","C20",146.441248302232
1000146,"publis - communales","C20",267.252731420067
1028109,"publis - communales","C20",227.62364563761
1012667,"privé - sans psg","B51",281.968703921223
1013960,"privé - psg","C20",196.104256213262
1018509,"privé - sans psg","B51",187.768151876445
1018677,"privé - sans psg","C20",190.692731389034
1027477,"publis - communales","B51",229.951092136072
1018352,"privé - psg","C20",315.971111668661
1007396,"privé - sans psg","C20",368.777945786909
1001650,"publics - domaniales","C20",147.778427712467
1015501,"publis - communales","C20",127.075889299984
1020974,"publis - communales","C20",5.04713571574964
1010849,"privé - psg","C20",79.7232195577612
1017014,"privé - psg","C20",50.4103794436463
1018041,"privé - sans psg","C20",171.49764317721
1026694,"privé - psg","C20",231.135848843415
1009720,"publis - communales","C20",240.833893025643
1029151,"publis - communales","C20",24.1358006981157
1018757,"publis - communales","C20",175.637227573081
1002061,"privé - sans psg","C20",91.769854680163
1006813,"publis - communales","C20",11.7519530888847
1031255,"privé - psg","C20",320.406676769416
1030983,"publics - domaniales","C20",261.760882279474
1005857,"publis - communales","C20",168.854738882989
1008240,"publis - communales","C20",128.115132117553
1008006,"publis - communales","C20",121.029492360585
1014536,"publis - communales","C20",311.799223538072
1011388,"publics - domaniales","C20",122.370888876937
1027164,"privé - sans psg","C20",35.701099378839
1008315,"publis - communales","C20",159.22749841855
1022701,"publis - communales","C20",312.783648287214
1015061,"publis - communales","C20",130.365980064938
1025494,"publis - communales","C20",53.3202078962152
1000072,"publis - communales","C20",114.089263263137
1004959,"publics - domaniales","C20",244.176075245951
1025764,"publis - communales","C20",255.975141799012
1029539,"publis - communales","C20",18.6843158551017
1016485,"publis - communales","C20",128.694946393604
1029487,"publics - domaniales","C20",63.8225287647022
1023130,"privé - psg","C20",143.711545759657
1001309,"privé - sans psg","C20",88.5407109215609
1012335,"publis - communales","C20",343.939599658021
1017864,"publis - communales","C20",265.18696682239
1018568,"privé - sans psg","C20",155.622057335437
1001153,"publis - communales","C20",41.8186015852911
1002905,"publis - communales","C20",239.653565990849
1000112,"publis - communales","C20",121.79849608412
1029413,"publics - domaniales","C20",116.770572281832
1011292,"privé - psg","C20",274.04402086764
1001923,"privé - psg","C20",74.3574849121333
1006314,"publis - communales","C20",201.45535017833
1008502,"publis - communales","C20",61.6187831386335
1031318,"privé - psg","C20",21.9813687682042
1029966,"publics - domaniales","C20",77.3286740476476
1014393,"publis - communales","C20",183.448282637133
1003238,"privé - psg","C20",162.615325693393
1007941,"publics - domaniales","C20",256.006825794338
1022476,"privé - sans psg","C20",220.473381242119
1002494,"publis - communales","C20",101.960388095437
1021184,"privé - sans psg","C20",127.910548012129
1005955,"publis - communales","C20",56.7637145930904
1008825,"publics - domaniales","C20",253.938224169059
1017155,"publis - communales","C20",73.0397777722014
1014250,"publis - communales","C20",152.083820521066
1005136,"publis - communales","C20",298.100595408821
1018154,"publis - communales","C20",121.969787697852
1011006,"publis - communales","C20",81.6204223216732
1026808,"privé - sans psg","C20",90.7024629356974
1024707,"privé - psg","C20",279.700579362873
1028609,"publis - communales","C20",5.80460446462137
1024505,"publics - domaniales","C20",272.264421744096
1006722,"publis - communales","C20",202.0841224403
1021110,"publis - communales","C20",208.458776881912
1004538,"privé - sans psg","C30",410.251048179717
1026002,"privé - psg","C30",394.99105012652
1024880,"privé - sans psg","C30",166.04944138598
1003749,"publis - communales","C30",251.79772239794
1013291,"privé - sans psg","C20",246.22929597136
1011710,"privé - psg","C20",266.129350444506
1016306,"privé - sans psg","C30",433.123233927479
1010164,"publis - communales","C30",379.907838678154
1027799,"publis - communales","C30",313.771327105223
1012020,"publis - communales","C30",387.715232790919
1011185,"privé - sans psg","C20",328.351638245556
1004187,"publis - communales","C30",112.688012636275
1017231,"publis - communales","C30",272.661836316487
1029077,"publis - communales","C30",328.24933437986
1012323,"publis - communales","C30",268.173005421789
1028152,"privé - psg","C30",243.104735893102
1004775,"publis - communales","C20",139.946869294603
1010535,"publis - communales","C30",83.8561753875877
1004419,"privé - sans psg","A13",211.331550689708
1007487,"privé - psg","A13",310.429395302677
1016610,"privé - psg","A13",179.317590040533
1004816,"privé - sans psg","A22",633.18022961879
1021040,"privé - psg","A13",323.939692039131
1017739,"privé - psg","A13",116.258331992734
1002104,"privé - sans psg","A13",258.042772849057
1003141,"privé - sans psg","A22",87.6766910280455
1029643,"privé - psg","A13",394.68262516419
1003545,"privé - psg","A13",202.639815980599
1024076,"privé - psg","A13",150.518674649618
1025459,"privé - sans psg","A22",108.712586545856
1019180,"privé - sans psg","A13",147.472073299834
1012959,"privé - psg","A22",56.4010268267598
1013207,"privé - psg","A13",181.963716134945
1003805,"privé - psg","A13",101.939158302807
1022198,"privé - psg","A13",216.087904574835
1015355,"privé - sans psg","A22",110.175495732943
1020928,"privé - psg","A13",103.586798091229
1019597,"privé - psg","A13",278.298456164513
1000414,"privé - psg","A13",316.39560889991
1007539,"publics - domaniales","A13",205.647217117791
1001048,"privé - sans psg","C20",255.013099909346
1016521,"privé - sans psg","C20",270.07932996646
1001707,"privé - psg","C20",303.04799707949
1000659,"publis - communales","C20",66.079863323328
1011293,"privé - sans psg","C20",385.761727398058
1008223,"publis - communales","C30",309.804121115374
1007800,"privé - psg","C20",289.714469205137
1018398,"publis - communales","C30",263.966863357624
1009712,"privé - sans psg","C30",156.940158452167
1003779,"privé - sans psg","C30",115.887733586226
1001176,"publis - communales","C20",50.3460210118478
1028670,"privé - sans psg","C20",319.749348623681
1004483,"privé - sans psg","C20",79.2388128806743
1015883,"publis - communales","C20",236.545875397738
1011558,"publis - communales","C30",328.770353679219
1023894,"publics - domaniales","C20",36.5537075256056
1029023,"publis - communales","C20",105.356317375942
1028922,"publics - domaniales","C30",315.346299555082
1000202,"publis - communales","C20",22.2864388043479
1007904,"publis - communales","C20",140.709466485279
1031324,"publis - communales","C20",391.380144017204
1007305,"privé - sans psg","C20",160.647634743691
1007960,"privé - sans psg","C20",164.246370199825
1026678,"publics - domaniales","C20",63.6792464034688
1007862,"publis - communales","C20",95.1950265573346
1015087,"privé - sans psg","C30",68.8245461423241
1014889,"publis - communales","C20",42.9956354150557
1021041,"privé - sans psg","C30",592.72124983657
1005498,"publis - communales","C30",80.1977707201823
1000828,"privé - sans psg","C30",165.326234644616
1008980,"privé - psg","C20",227.929703624996
1008452,"publis - communales","C20",136.3250591873
1008469,"publis - communales","C20",119.485920614702
1020921,"privé - sans psg","C20",65.1589610260085
1008485,"publis - communales","C20",110.091674086029
1002654,"publis - communales","C20",73.641471549715
1012149,"publics - domaniales","C20",345.683149442904
1022268,"publis - communales","C20",104.484799384958
1007330,"publis - communales","C20",174.005186075904
1015776,"publics - domaniales","C20",265.330406616247
1000674,"privé - sans psg","C20",161.518993318006
1001359,"privé - sans psg","C20",171.597888349685
1014599,"publics - domaniales","C30",340.671622537216
1012301,"privé - psg","C30",368.212463245614
1021738,"publis - communales","C30",116.70440902853
1019362,"privé - psg","C30",752.055583509875
1022197,"publis - communales","C30",200.225879862995
1006877,"publis - communales","C30",182.014314487512
1016869,"publis - communales","C30",377.96120671062
1015181,"publics - domaniales","C30",157.136208598388
1025309,"privé - psg","C30",161.537798777281
1000427,"publis - communales","C30",298.036579124126
1024086,"privé - sans psg","C30",13.3216811946009
1021062,"publis - communales","C30",230.915191354256
1024958,"privé - sans psg","C30",104.642836553196
1021934,"privé - sans psg","C30",207.142906595473
1018574,"privé - psg","C30",8.13739074721077
1016802,"publics - domaniales","C30",63.8006211785144
1016304,"privé - sans psg","C30",254.001217335588
1009262,"publis - communales","C30",66.940968255656
1013060,"publis - communales","C30",287.345907245213
1021380,"privé - sans psg","C30",559.508254279413
1007278,"privé - sans psg","C30",110.661737984855
1011332,"publis - communales","C30",128.468041852086
1004809,"privé - sans psg","C30",207.650100933549
1016922,"publis - communales","D11",399.665394280957
1013743,"privé - sans psg","D12",33.6963354599117
1012028,"publis - communales","D12",267.800197085166
1020968,"publics - domaniales","D11",225.185068100748
1019836,"publis - communales","D12",210.144465688061
1017815,"privé - sans psg","D11",43.9888282426851
1018468,"publics - domaniales","D11",16.1831784285846
1010162,"publics - domaniales","D11",271.13437335088
1009815,"publis - communales","C30",359.727221496357
1002062,"publis - communales","C20",67.3359631926202
1009765,"publics - domaniales","C30",144.911424916007
1001913,"publis - communales","C20",274.793388872277
1005988,"privé - sans psg","C12",180.70763838993
1000054,"publics - domaniales","C12",300.430191999235
1027800,"publis - communales","C20",513.705367166514
1018624,"publics - domaniales","C12",4.59187292449784
1021070,"privé - psg","C30",166.372780911208
1017340,"publis - communales","C12",11.5060594038144
1028828,"privé - psg","C20",428.46322776605
1013723,"privé - psg","C20",52.5561464184834
1012771,"publis - communales","C30",315.724845379936
1020281,"publics - domaniales","C12",72.165300098936
1015529,"publis - communales","C12",140.883806532212
1007054,"publics - domaniales","C12",67.9241229338895
1004930,"privé - sans psg","B51",247.759150357194
1013048,"privé - sans psg","B51",77.3476271527209
1021363,"publics - domaniales","C20",176.77117192306
1003463,"privé - sans psg","C30",41.3982994529359
1016790,"publis - communales","C20",218.432117934084
1011040,"publis - communales","C12",168.562731101679
1027944,"publics - domaniales","C12",310.517960138299
1012815,"publics - domaniales","B51",255.893431603463
1001469,"publics - domaniales","C20",56.6515995103287
1028098,"publis - communales","C20",206.594557165274
1025638,"privé - sans psg","C12",312.644351946743
1013067,"publics - domaniales","B51",109.661296131503
1023145,"publis - communales","C30",381.372876538606
1012997,"publis - communales","C20",263.404013893193
1020518,"publics - domaniales","C20",192.827842514536
1031155,"privé - sans psg","C20",207.158511814257
1017472,"publics - domaniales","B51",119.194622045648
1030509,"privé - psg","B51",315.507231984462
1015555,"publics - domaniales","B51",4.16981625803266
1024284,"publics - domaniales","C20",47.8958624634756
1006904,"privé - sans psg","C20",64.0468253865977
1004093,"privé - sans psg","C20",158.572752997648
1005929,"publis - communales","C30",336.63591480843
1010104,"publics - domaniales","C20",121.174188515061
1031140,"publis - communales","C20",158.118654674006
1002016,"privé - psg","C20",103.235370166325
1030673,"publis - communales","C20",575.674119519061
1004298,"privé - psg","C20",22.6730197524107
1026566,"publics - domaniales","C20",321.628382771941
1021794,"privé - sans psg","C20",323.888214181048
1029364,"publis - communales","C30",316.575378933069
1001225,"publics - domaniales","C20",103.90062713746
1012616,"publics - domaniales","C20",54.8925519171949
1029981,"privé - psg","C20",373.457432148603
1020971,"publis - communales","C20",116.390468659912
1030546,"privé - sans psg","C20",97.8350973939547
1030761,"privé - sans psg","C20",366.18406214965
1003306,"publis - communales","C30",320.632397976803
1014145,"publics - domaniales","C30",173.04733943732
1001071,"publics - domaniales","C20",218.201618884868
1020868,"privé - sans psg","C20",586.76306085715
1009307,"privé - sans psg","C20",210.520453849391
1008605,"publis - communales","C30",210.152592764326
1015742,"publics - domaniales","C20",165.039019523155
1019447,"privé - psg","C20",242.1373102548
1020842,"privé - sans psg","C20",353.378363224537
1010296,"privé - sans psg","C20",78.6494273696868
1014445,"privé - sans psg","C20",36.8133547171124
1029389,"publis - communales","C20",248.007114689914
1011828,"publis - communales","C20",298.756920265167
1002783,"publics - domaniales","C20",66.7701474200684
1001366,"privé - sans psg","C20",31.5676682631213
1002500,"publis - communales","C30",393.066113270782
1015595,"publis - communales","C20",181.149472945264
1024024,"publics - domaniales","C20",214.473973174384
1026001,"publis - communales","C20",122.79797605296
1005900,"publis - communales","C30",231.331175091132
1026809,"privé - sans psg","C20",111.009145756786
1025677,"publis - communales","C20",53.6739169930117
1004725,"privé - sans psg","C20",282.449794727317
1004148,"privé - psg","C20",37.4625313041495
1012799,"publis - communales","C20",4.07985726640393
1007857,"publics - domaniales","C20",3.61711492060129
1000349,"publics - domaniales","C30",227.763671956611
1025833,"publis - communales","C30",397.488249859077
1030008,"publis - communales","C20",94.714557546073
1020265,"privé - psg","C20",57.5212155085641
1028226,"publis - communales","C20",207.179412036581
1001380,"publis - communales","C20",252.402796232643
1022058,"publis - communales","C20",110.839193487615
1005504,"publis - communales","C20",205.544468078238
1006868,"privé - psg","C20",31.7698199108448
1028904,"privé - psg","C20",127.904659143849
1021518,"publics - domaniales","C20",116.318990481174
1010576,"privé - sans psg","C20",332.67559646428
1030773,"privé - sans psg","C20",121.590531949495
1009662,"privé - sans psg","A11",65.2156901340027
1019539,"privé - sans psg","A11",46.8444110974337
1026033,"privé - sans psg","A11",49.5963608986067
1023876,"privé - sans psg","A11",131.556373484123
1026206,"privé - sans psg","A11",250.99703701374
1023992,"privé - sans psg","A11",577.135045443937
1027334,"privé - sans psg","A11",114.345093200972
1028965,"privé - sans psg","A11",1.1907887686404
1023229,"privé - sans psg","A11",152.671802148555
1015872,"privé - sans psg","A11",327.964110905441
1003551,"privé - sans psg","A11",124.76333368928
1011088,"privé - psg","A11",329.241494180738
1030453,"privé - sans psg","A21",155.672074673405
1022315,"privé - sans psg","A21",193.573346233204
1002615,"privé - psg","A11",212.214566949073
1007612,"privé - sans psg","A21",21.6947721558272
1016173,"privé - sans psg","A11",276.999307417612
1003265,"publis - communales","A11",83.9012706521852
1000447,"privé - sans psg","A11",280.868382819727
1030355,"privé - sans psg","A11",92.6262228314809
1026266,"privé - sans psg","A21",134.547971641903
1013758,"privé - psg","A21",230.069242188712
1004852,"privé - sans psg","A21",32.2801560902922
1005925,"privé - sans psg","A21",385.221681539956
1001620,"privé - sans psg","A12",188.207493464057
1005424,"privé - psg","A12",132.742923165052
1026602,"privé - sans psg","A21",83.0804678642349
1014410,"privé - psg","A12",304.706953562774
1029509,"privé - sans psg","A21",220.494700655294
1015311,"privé - sans psg","A12",435.191912630547
1003080,"privé - psg","A12",122.474033441541
1012960,"privé - sans psg","A21",42.5703957249915
1000260,"privé - sans psg","A21",142.786611746441
1030354,"privé - sans psg","A21",207.035726083694
1017794,"privé - sans psg","A21",87.4899565498687
1011495,"publis - communales","A21",82.2655604906576
1017952,"privé - sans psg","A21",129.360584683693
1004342,"privé - psg","A21",122.360962969263
1010301,"privé - sans psg","A21",522.957144519957
1010373,"privé - sans psg","A21",193.706418533901
1000648,"privé - sans psg","A21",238.42510316783
1024496,"privé - psg","A21",297.220671090624
1004076,"privé - sans psg","A21",234.015849453144
1023486,"privé - sans psg","A21",154.904672238581
1004028,"privé - sans psg","A21",122.178638891202
1004671,"privé - psg","A21",155.398034579079
1005757,"privé - psg","A21",77.7309212493355
1022752,"privé - sans psg","A21",153.884672802535
1021569,"privé - sans psg","C20",185.052161524741
1025607,"publis - communales","C20",242.136162070999
1024752,"publis - communales","C20",286.175365825865
1015395,"publis - communales","C30",325.730294963017
1006519,"publics - domaniales","C20",234.589007082927
1003042,"privé - psg","C20",208.445464244357
1029120,"publics - domaniales","C20",184.420554399145
1011576,"privé - sans psg","C30",36.1123997031429
1017110,"privé - psg","C30",239.22874954206
1007821,"privé - sans psg","C30",322.503420881492
1010010,"publics - domaniales","C30",229.693207350871
1030020,"publis - communales","C30",90.2556295051278
1025225,"privé - sans psg","C30",71.4592676024096
1002339,"publics - domaniales","C30",309.078974981241
1005321,"publis - communales","C30",377.119051510614
1013420,"privé - psg","C30",59.9755215994811
1013253,"publis - communales","C30",310.297216788998
1025699,"privé - sans psg","C30",294.227212698391
1030731,"privé - psg","C30",120.392835102402
1005554,"publics - domaniales","C30",317.009709687716
1024753,"publics - domaniales","C30",376.359374955229
1020833,"privé - psg","C30",251.623031558795
1009825,"publis - communales","C30",358.195695865739
1005859,"publis - communales","C30",216.724163058479
1012626,"publics - domaniales","C30",391.870347676181
1024187,"privé - sans psg","C30",104.358244551142
1018878,"publis - communales","C30",241.290602543573
1018877,"publics - domaniales","D12",145.080815763977
1025446,"privé - sans psg","D12",73.0132820295055
1010284,"publis - communales","C30",257.276573565874
1000593,"publics - domaniales","D12",60.5407516292627
1025948,"privé - sans psg","D12",177.618015613538
1021535,"publis - communales","D12",191.424746545949
1026961,"publics - domaniales","C30",414.753787252295
1000316,"publis - communales","C30",217.670945939173
1004517,"publis - communales","C30",209.221950022656
1024493,"publis - communales","C30",232.262611925817
1028808,"publis - communales","C30",176.314742570221
1000702,"publis - communales","C30",169.233910943055
1001149,"publics - domaniales","C30",256.525675626703
1028867,"publis - communales","C30",236.757940162554
1004678,"publics - domaniales","C30",83.1062931715687
1025642,"publis - communales","C30",107.287023198622
1019474,"privé - psg","C30",91.0643470953498
1005653,"publics - domaniales","C30",113.576581820269
1013260,"publics - domaniales","C30",403.478911334296
1011340,"publis - communales","C30",289.778088590326
1014702,"publis - communales","D12",21.241959590919
1014025,"publics - domaniales","D12",135.838236508892
1004441,"privé - psg","D11",421.780904131301
1010253,"privé - sans psg","C30",465.073738293794
1015163,"privé - psg","D11",71.3049106216872
1003910,"publics - domaniales","D12",286.393046408273
1018505,"privé - sans psg","D11",144.224434937753
1015675,"publis - communales","D11",287.03369602568
1026108,"publics - domaniales","D12",459.807580065252
1004951,"publis - communales","D11",258.642451104213
1021197,"publics - domaniales","D11",178.3583642861
1008488,"privé - sans psg","D11",381.492279483882
1007673,"publics - domaniales","D11",158.578796433045
1025688,"privé - sans psg","D11",272.048644351799
1019949,"publics - domaniales","D11",1.1292271692635
1010879,"privé - psg","D11",98.9993067953743
1021355,"publics - domaniales","D11",309.786737881141
1020390,"publics - domaniales","D11",202.692802753439
1026624,"publics - domaniales","D11",340.483118018276
1012188,"publics - domaniales","D11",28.7343078152648
1018473,"publics - domaniales","D11",35.9451572312114
1016616,"publics - domaniales","D11",71.2375709816166
1020216,"publics - domaniales","D11",212.90614849276
1008139,"publics - domaniales","D11",178.09935059917
1019315,"publics - domaniales","D11",292.5663181607
1017102,"privé - psg","B53",129.073704527831
1007723,"privé - psg","B52",115.896546747717
1012152,"privé - sans psg","B51",452.439180343071
1024342,"privé - sans psg","B51",298.769841331873
1005563,"privé - sans psg","B51",259.002171057418
1019766,"privé - psg","B51",301.244380039658
1005726,"privé - sans psg","B51",419.654373773191
1023709,"publis - communales","B51",430.708780793239
1025113,"privé - psg","B53",211.914135076297
1027163,"publis - communales","B53",394.309572547719
1006266,"privé - sans psg","B53",231.971401352058
1002027,"privé - psg","B53",146.447342143737
1023439,"privé - psg","B53",461.240756439122
1022340,"publics - domaniales","B53",223.075891458807
1012392,"publis - communales","B53",273.639456265691
1017684,"privé - psg","B53",210.261274748497
1014711,"publis - communales","B53",249.694700127071
1028105,"publics - domaniales","B53",189.454605252735
1017294,"publics - domaniales","B53",43.1042725123312
1013731,"publis - communales","B53",312.381662327304
1026019,"privé - sans psg","C20",155.072995235594
1008627,"privé - sans psg","B53",36.1759981635142
1012866,"privé - sans psg","B53",307.05695843502
1017956,"privé - psg","B53",294.943273796922
1009135,"publics - domaniales","B53",292.420172318864
1005319,"privé - psg","B53",208.617763534495
1005000,"publis - communales","B53",146.76733675746
1009289,"publics - domaniales","B53",75.1285307472619
1019375,"privé - sans psg","B53",11.4270204657284
1004069,"privé - sans psg","G90",196.25487307832
1016925,"privé - psg","C20",376.716858381764
1026426,"publis - communales","B53",260.696929509682
1016778,"privé - sans psg","B92",135.924129256408
1001049,"privé - psg","C20",156.868923758601
1027138,"privé - sans psg","B53",446.323429727365
1016355,"privé - psg","B53",249.706726370519
1014051,"publis - communales","C20",343.847618114819
1012756,"publis - communales","C20",365.105760423815
1006707,"publis - communales","B53",149.764522364085
1029859,"publics - domaniales","B53",281.481066338622
1029080,"privé - psg","B53",388.059123454629
1012265,"privé - sans psg","B92",416.15944042901
1004312,"privé - psg","B92",280.120648292371
1028082,"privé - psg","B53",264.880556518672
1015732,"privé - psg","B92",223.525850159207
1003920,"publis - communales","C20",296.22992218127
1021748,"privé - sans psg","G23",38.5421304658824
1003418,"privé - psg","B53",308.313970087067
1005910,"publics - domaniales","B53",205.621842811749
1015959,"privé - psg","B53",260.594677937774
1007127,"privé - psg","B53",165.542807688594
1022440,"privé - psg","B92",26.7697351878193
1018640,"privé - sans psg","B92",249.898660792103
1005379,"privé - psg","B53",127.437120082634
1020919,"privé - psg","B53",223.427592310344
1006739,"privé - psg","B92",294.184954516721
1011464,"privé - sans psg","G23",339.718996877806
1023981,"privé - sans psg","G23",294.051442940282
1004290,"privé - sans psg","B53",244.682047931659
1013041,"privé - psg","G23",158.072120220477
1020239,"publics - domaniales","B53",348.003366240308
1027314,"publis - communales","G23",266.912388640154
1012253,"privé - psg","B53",355.168354118621
1004467,"privé - sans psg","B92",193.661802046545
1012437,"privé - sans psg","G23",162.040419488388
1004530,"privé - sans psg","G23",321.966967450481
1018991,"privé - psg","G23",213.1792534402
1001784,"privé - psg","G23",234.388430047021
1022941,"privé - sans psg","G23",4.42127232670425
1012050,"privé - sans psg","B92",94.0523720758991
1008134,"privé - psg","B92",388.77739731159
1026295,"privé - psg","B92",244.074872212879
1026696,"privé - psg","G23",50.2271823707948
1022789,"privé - psg","B92",121.641422330593
1012187,"privé - sans psg","G23",715.749436131796
1003939,"privé - sans psg","G23",275.521297844632
1008378,"privé - sans psg","G23",84.9002266706672
1027152,"privé - sans psg","B92",21.5904238633867
1029800,"privé - psg","B92",368.899662419305
1018341,"privé - psg","B92",143.954767043686
1017471,"privé - sans psg","G23",734.313210610832
1009174,"privé - psg","G23",363.803630218822
1023027,"privé - psg","G23",225.908540149482
1026659,"privé - psg","B92",270.465090579703
1029066,"privé - sans psg","G23",135.829931776443
1004015,"privé - sans psg","G23",323.612798924732
1008118,"privé - sans psg","G23",411.42325778155
1028057,"privé - psg","G23",234.019014809404
1014118,"privé - sans psg","G23",342.920314295065
1022011,"privé - psg","G23",195.160870201414
1000024,"privé - sans psg","G23",318.236851158305
1013128,"privé - psg","G23",209.529163275257
1002284,"privé - sans psg","G23",1.26914381707301
1025028,"privé - sans psg","B21",2.9307193894875
1029814,"publics - domaniales","B21",181.79236575316
1004118,"privé - sans psg","B21",50.554793441027
1016330,"privé - psg","B21",254.663269510677
1017361,"publics - domaniales","B21",415.426156895087
1022989,"publics - domaniales","B21",382.409219475904
1009127,"privé - sans psg","B21",119.086825834209
1023742,"privé - psg","B23",499.763891259603
1025575,"publics - domaniales","B23",182.227866485156
1019451,"privé - psg","B23",118.233557483336
1009613,"publics - domaniales","B23",329.019166938267
1009672,"publics - domaniales","B23",292.180451615386
1023322,"publics - domaniales","B23",129.697293490247
1008926,"privé - psg","B23",113.476645272009
1022176,"privé - sans psg","B23",147.516589656423
1006506,"privé - psg","B23",130.472874404984
1030750,"privé - sans psg","B23",317.620744389711
1007407,"privé - psg","B23",243.102624440296
1011553,"privé - sans psg","B23",426.182870241685
1012603,"privé - psg","B23",105.850191143367
1011726,"privé - psg","B23",301.612965326034
1005114,"privé - sans psg","B10",369.573091453904
1005202,"privé - sans psg","B10",107.318195460955
1019123,"privé - psg","B41",162.411493291182
1019637,"privé - sans psg","B10",321.622910562362
1029289,"privé - sans psg","B41",157.812848946654
1014803,"privé - psg","B10",392.732857729321
1020014,"privé - sans psg","B41",203.665110224894
1028234,"privé - psg","B41",172.174125117963
1020130,"privé - sans psg","B41",264.519855240662
1011002,"privé - sans psg","B41",181.489740370574
1000666,"privé - sans psg","B10",393.927409406645
1013027,"privé - sans psg","B10",187.454274771907
1001752,"privé - sans psg","B10",103.503233197956
1023678,"privé - sans psg","B10",49.5693707828366
1006135,"privé - sans psg","B41",175.97074757898
1015130,"privé - sans psg","B41",373.869440217264
1017841,"privé - sans psg","B41",182.667228597536
1005839,"privé - sans psg","B41",221.762699924907
1022720,"publis - communales","B41",188.211840347361
1005861,"privé - psg","B41",200.699900497596
1003582,"publis - communales","B41",241.983977068276
1020111,"publics - domaniales","B41",310.36356988629
1001373,"privé - sans psg","B41",390.970924935873
1003677,"privé - psg","B41",95.7532558834822
1020996,"publics - domaniales","B41",158.758764482481
1018554,"privé - psg","B41",432.252516108672
1025492,"privé - psg","B41",20.6736386178213
1028781,"privé - sans psg","B41",229.323911932481
1017238,"privé - sans psg","B41",6.19541652707538
1012209,"privé - psg","B41",96.0656822857003
1022939,"publics - domaniales","B41",293.45389872698
1028317,"publics - domaniales","B41",157.823670894659
1020021,"publics - domaniales","B41",322.469601920809
1003628,"publics - domaniales","B41",175.38532518958
1006685,"publics - domaniales","B41",128.837857476818
1022465,"publics - domaniales","B41",235.514171431122
1005363,"privé - psg","B41",262.647224787739
1013911,"privé - sans psg","B41",300.492754928105
1011578,"privé - sans psg","B41",227.770517074611
1024921,"privé - psg","B41",218.687792283388
1028180,"publics - domaniales","B41",456.66739148188
1030311,"privé - psg","B41",30.6048839501198
1031133,"privé - sans psg","B41",48.4938699656491
1021042,"privé - psg","B41",221.697423778443
1030881,"privé - sans psg","B41",180.910667111653
1006842,"privé - psg","B41",168.937701471229
1025234,"privé - sans psg","B41",11.8909872338427
1024615,"publics - domaniales","B41",404.587635570352
1001395,"privé - sans psg","A13",647.18113109961
1022932,"privé - sans psg","A13",46.0689594828911
1012727,"privé - sans psg","A13",17.6256355875531
1010388,"publics - domaniales","A13",219.110665146958
1015815,"publics - domaniales","A13",148.036876894258
1002371,"publics - domaniales","A13",62.5664251732578
1026745,"publics - domaniales","A13",149.802718578925
1016448,"privé - psg","A13",318.681201542414
1029918,"privé - psg","A13",310.845656405572
1014870,"privé - sans psg","B31",324.650142725664
1028096,"privé - psg","B31",33.5112514804578
1015878,"privé - psg","A13",140.754935467078
1030065,"privé - sans psg","A13",120.330100965469
1028776,"publics - domaniales","B31",92.307539277474
1025500,"privé - psg","A13",101.414736949734
1020214,"publics - domaniales","A13",222.601264362603
1023748,"publics - domaniales","A13",72.1189830532033
1012491,"privé - sans psg","A13",101.897714216152
1024275,"privé - psg","B31",9.02928913484487
1002487,"privé - psg","A13",316.626253097099
1021679,"publics - domaniales","A13",18.9279164874122
1018276,"privé - sans psg","B31",54.0248563761991
1008553,"privé - psg","B31",100.893821004541
1029929,"privé - sans psg","B31",666.09774110289
1021049,"privé - sans psg","B32",269.777741849181
1015350,"publics - domaniales","B33",439.567200792045
1018724,"publics - domaniales","B33",174.09808003329
1027084,"privé - psg","B32",313.281069065803
1017154,"privé - psg","B33",453.12092129817
1004275,"privé - psg","B32",1.46075491792888
1002052,"privé - sans psg","B33",144.583402551815
1006455,"privé - sans psg","B33",851.994360505104
1024240,"publics - domaniales","B33",46.732053608072
1027193,"privé - psg","B32",344.967556286181
1010072,"privé - sans psg","B33",277.99781765811
1013859,"publics - domaniales","B33",65.1792897989935
1017156,"publics - domaniales","B33",408.439967044092
1005267,"publics - domaniales","B33",15.3739309129372
1005699,"privé - psg","B33",276.891921437434
1011147,"privé - sans psg","B33",382.209609854747
1030619,"privé - sans psg","B33",232.625004859021
1010122,"privé - psg","B33",135.403742599736
1003472,"privé - psg","B33",264.719084310992
1010972,"privé - psg","B33",175.267430361042
1007494,"privé - sans psg","B33",116.569420186892
1004722,"publis - communales","B10",246.850164061482
1025877,"privé - psg","B10",203.604385682508
1007184,"privé - sans psg","B10",141.918329416338
1014984,"privé - sans psg","B10",193.66919189398
1024686,"privé - sans psg","B21",171.142288374933
1030895,"privé - psg","B10",43.0218372072526
1030957,"privé - sans psg","B10",76.6170370381982
1009993,"privé - psg","B10",39.6585706011021
1006890,"privé - sans psg","B10",649.668364775633
1007199,"publics - domaniales","B10",195.911649543663
1004753,"privé - psg","B10",185.531678161619
1021334,"privé - psg","B10",270.92185424023
1022452,"privé - psg","B10",181.709408354785
1008264,"privé - psg","B10",247.700664425921
1004372,"publics - domaniales","B21",160.88732906966
1001998,"privé - sans psg","B10",441.947012551086
1016042,"privé - psg","B10",333.502973252614
1000080,"privé - sans psg","B10",84.0604279744473
1018534,"privé - psg","B21",100.413174160857
1016383,"publics - domaniales","B10",353.686337554842
1001174,"privé - psg","B10",121.655798973556
1023164,"privé - sans psg","B10",117.410474129008
1005702,"privé - sans psg","B22",242.353090653216
1015425,"privé - sans psg","B21",118.306688601184
1012362,"privé - sans psg","G12",243.566278764551
1006582,"privé - sans psg","G12",401.737087826466
1005246,"privé - sans psg","G12",445.905112814567
1026417,"privé - sans psg","G13",206.167009806517
1029168,"privé - sans psg","G13",195.408011239069
1025185,"privé - sans psg","G13",273.921119611141
1025537,"privé - sans psg","G13",322.805423734968
1016195,"privé - sans psg","G13",136.398126217256
1023576,"publis - communales","G13",115.754588393045
1008013,"privé - sans psg","G13",152.354737872412
1012201,"privé - sans psg","G13",296.109948785507
1006448,"privé - sans psg","G21",254.162417505648
1022514,"privé - sans psg","G13",77.2744663180283
1015704,"privé - sans psg","G13",478.63793671983
1023233,"privé - sans psg","G13",21.5437979509548
1012302,"privé - sans psg","G12",344.018915967336
1008914,"privé - sans psg","G13",209.874410776344
1003178,"privé - sans psg","G21",395.331267717574
1015323,"privé - sans psg","G21",426.70865668264
1025663,"publis - communales","G13",232.93358889434
1021309,"privé - sans psg","G13",43.0176726902962
1023795,"privé - sans psg","G13",392.107207528493
1018137,"publis - communales","G21",194.938245970363
1025692,"privé - sans psg","G13",23.6889168139484
1006765,"privé - sans psg","G13",320.206017320704
1011966,"privé - sans psg","G30",154.359081415116
1021820,"privé - sans psg","G13",379.061890570536
1022282,"privé - sans psg","G13",94.0697289255504
1027182,"privé - sans psg","G21",304.836823502089
1015659,"publis - communales","G21",255.738127431528
1014205,"privé - psg","G13",42.8491842078269
1025940,"privé - sans psg","G30",242.505377551686
1014062,"privé - sans psg","G13",106.808241459102
1008260,"privé - sans psg","G13",124.997358698377
1030396,"privé - sans psg","G13",218.510462002452
1001567,"privé - sans psg","G30",324.62081818518
1018094,"publis - communales","G30",256.35743239198
1012776,"publics - domaniales","G30",289.726859437978
1012174,"privé - sans psg","G30",646.01008619498
1004505,"privé - sans psg","G13",201.133998214374
1018462,"privé - psg","G30",273.512749279671
1012813,"privé - sans psg","G30",14.9517596109682
1001772,"privé - sans psg","G30",39.8959791982595
1008060,"publis - communales","G30",412.716877584563
1012678,"privé - sans psg","G30",92.8262415993828
1000373,"privé - sans psg","G30",183.185500540073
1016264,"privé - sans psg","G30",15.7461913549941
1016221,"privé - sans psg","G30",207.778728797553
1023712,"privé - sans psg","G90",237.166689649064
1013360,"privé - sans psg","G90",211.24639007296
1022559,"privé - sans psg","G30",345.414905533853
1016509,"publis - communales","G30",253.208976314203
1019386,"privé - sans psg","G90",117.272236351723
1022883,"privé - sans psg","G90",181.46170050134
1001272,"privé - sans psg","G30",113.559882029562
1025704,"publis - communales","G30",290.033996207512
1016961,"privé - psg","G90",208.388558731072
1029743,"privé - sans psg","G90",278.360871168247
1004697,"privé - sans psg","G90",140.142770273981
1015602,"privé - sans psg","G90",26.6846457383467
1006287,"privé - sans psg","G90",358.168086507333
1027546,"publis - communales","G30",187.251575422151
1020551,"privé - sans psg","G22",220.54898604378
1017313,"privé - psg","G90",118.323798673555
1015503,"privé - sans psg","G22",536.541193070193
1020328,"privé - psg","G22",579.933574600208
1015296,"privé - sans psg","G90",537.766213440977
1016662,"privé - sans psg","G22",238.653280726766
1030526,"privé - sans psg","G90",191.420596819824
1013177,"privé - sans psg","G90",141.791894865499
1013687,"privé - sans psg","G22",62.3691990589039
1007646,"privé - psg","G22",224.092198046168
1014383,"privé - sans psg","G22",123.332062652069
1007847,"privé - sans psg","G22",162.296851975829
1002810,"privé - sans psg","G22",91.0104679262631
1027801,"privé - sans psg","G90",151.709806526945
1025975,"privé - sans psg","G22",374.738479034025
1029837,"privé - psg","G22",74.6274543089283
1011539,"privé - sans psg","G22",170.337285802946
1031333,"publics - domaniales","G22",222.111786720073
1027277,"publis - communales","G22",244.338121213301
1018180,"privé - sans psg","G22",121.204657229833
1005705,"privé - sans psg","G22",317.790386589002
1000126,"publis - communales","G22",264.010503991731
1007906,"privé - sans psg","G22",201.964122565494
1014557,"privé - sans psg","G22",52.5862354373798
1000866,"privé - sans psg","G22",530.100473196915
1018930,"privé - sans psg","G22",361.154068950029
1006548,"privé - sans psg","G22",333.59318502902
1026770,"privé - sans psg","G22",449.871583920432
1003892,"privé - sans psg","G22",14.3338444754414
1028198,"privé - sans psg","G22",420.814663999718
1030870,"privé - sans psg","G22",6.88680195736251
1020602,"privé - sans psg","G22",406.023404609635
1017106,"publis - communales","G22",137.218186193609
1023260,"privé - sans psg","G22",209.742391537885
1016089,"privé - sans psg","G22",440.723708395562
1020312,"publis - communales","G22",485.706814727169
1015032,"privé - sans psg","G22",256.701759680907
1013817,"privé - sans psg","G22",85.3623790364717
1011001,"privé - sans psg","G22",100.164568100411
1012818,"privé - sans psg","G22",376.588108804271
1030981,"privé - sans psg","G22",99.3147920874975
1024770,"privé - sans psg","G22",383.821020743878
1001246,"publis - communales","I21",161.77013095961
1024271,"privé - sans psg","F51",151.001526262819
1025296,"publis - communales","F51",435.03559854638
1031025,"publis - communales","F51",298.695278755149
1013219,"privé - sans psg","F51",149.598027081316
1019652,"privé - sans psg","F51",52.8598586423039
1021667,"privé - sans psg","F51",238.710869602122
1024171,"privé - sans psg","F51",111.008108569067
1030085,"publis - communales","F51",293.173795926273
1013255,"privé - sans psg","F51",368.536034767451
1002490,"privé - sans psg","F51",448.914841735836
1019187,"privé - sans psg","F51",219.56290927073
1014904,"privé - sans psg","I21",236.442073609662
1015632,"publis - communales","F51",12.0898595263225
1004789,"privé - sans psg","I21",172.921285591753
1020540,"privé - sans psg","F51",278.2682182287
1007439,"privé - sans psg","I21",338.777709535878
1023581,"privé - sans psg","I21",621.840713364035
1012889,"privé - sans psg","F51",11.8779740701667
1010200,"privé - sans psg","I11",101.744569773859
1014765,"privé - sans psg","F51",207.370544030348
1030667,"publis - communales","F51",282.979758519198
1012184,"privé - sans psg","F51",32.8032960149866
1023007,"publis - communales","I21",477.204846789834
1024323,"privé - sans psg","F51",320.711563065867
1016643,"privé - sans psg","F51",9.26461851782997
1026532,"publis - communales","I21",295.364299434918
1027032,"privé - sans psg","F51",48.0867127832554
1023909,"privé - sans psg","F51",177.728895940404
1001427,"privé - sans psg","F52",20.795222067407
1028391,"privé - sans psg","I11",136.921214122332
1019942,"privé - sans psg","I21",203.650749900139
1018909,"privé - sans psg","F52",133.922185855136
1015172,"privé - sans psg","I11",36.8011356606762
1010556,"publis - communales","I21",383.780031333857
1031346,"publis - communales","I21",428.263705018663
1007292,"privé - sans psg","I11",387.17538839294
1026009,"privé - sans psg","I21",553.987745031711
1003509,"privé - sans psg","F52",24.4013868531798
1028094,"privé - sans psg","I11",109.92355018619
1022036,"publis - communales","I21",504.4487178793
1009514,"privé - sans psg","F51",120.115595652146
1019670,"publis - communales","I11",123.814304845894
1005570,"publis - communales","I21",131.895251723763
1024447,"privé - sans psg","F52",178.259271944312
1007224,"publis - communales","I21",396.921916631868
1024986,"privé - sans psg","F52",188.797457164393
1006740,"privé - sans psg","I11",52.6831910738041
1018870,"privé - psg","F51",154.679886974118
1003962,"publis - communales","I21",140.978164737513
1019707,"publis - communales","I21",426.575468799566
1027357,"privé - sans psg","F52",170.249654557398
1019330,"privé - sans psg","I11",208.061238683322
1020725,"privé - sans psg","I11",128.404947186811
1023747,"privé - psg","I21",192.368939354287
1016207,"publis - communales","I21",154.086903311882
1016776,"privé - sans psg","I11",346.675750636853
1011224,"privé - sans psg","F52",125.402886562639
1015267,"privé - sans psg","I21",188.308498418706
1011272,"privé - sans psg","I21",39.6899147536254
1014476,"privé - sans psg","F52",576.464025002272
1021911,"privé - sans psg","I11",211.544307806537
1012145,"publis - communales","I21",357.22322435922
1026080,"publis - communales","I21",612.275206990594
1030479,"publis - communales","I21",176.708675686222
1004470,"publis - communales","I11",202.284894280649
1027577,"publis - communales","I21",280.842164205878
1028067,"publis - communales","I11",344.500314271675
1023006,"privé - sans psg","I21",54.453451699374
1018875,"privé - sans psg","F52",247.054780872336
1018616,"privé - sans psg","F52",51.0243524417839
1013957,"publics - domaniales","I21",330.760456939035
1023509,"publis - communales","I21",240.865264733644
1014048,"privé - psg","I11",191.353860586809
1030746,"publis - communales","I21",20.9421679167098
1030369,"privé - sans psg","F52",46.7275841943746
1021165,"privé - sans psg","F52",165.300931450175
1017255,"publis - communales","F52",124.915594054471
1021435,"publis - communales","F52",75.8977048588564
1007695,"privé - sans psg","I21",39.8775271014809
1021445,"privé - sans psg","I11",567.955071163016
1024020,"publis - communales","I11",17.810916352812
1026115,"privé - sans psg","I21",133.439893786013
1007453,"privé - sans psg","F52",96.7254366487778
1001910,"privé - sans psg","I11",18.0366971401121
1013953,"publis - communales","I21",293.758703721204
1020729,"privé - sans psg","I11",548.094477833475
1008652,"publis - communales","I21",301.425620911793
1008257,"privé - sans psg","F30",159.288025605593
1000763,"publis - communales","I21",432.219949386043
1015075,"privé - sans psg","F30",180.043675221581
1008511,"privé - sans psg","I11",299.571289681903
1004285,"publis - communales","I21",404.124521715773
1005098,"publis - communales","I21",249.865726154419
1008324,"privé - sans psg","I21",181.847455511271
1020771,"privé - sans psg","F30",170.584738116783
1031206,"privé - sans psg","F30",102.846271642092
1031119,"privé - sans psg","I11",384.283777572326
1021623,"privé - sans psg","I21",59.1115716734715
1016666,"privé - sans psg","I21",606.069576562368
1022256,"publis - communales","F30",243.840055767383
1009212,"privé - sans psg","I11",243.093457301361
1023474,"privé - psg","I21",147.669082719136
1025616,"privé - psg","I21",226.882883140979
1020178,"publis - communales","I21",206.185051200737
1024115,"privé - sans psg","I21",99.4227746064407
1000534,"privé - sans psg","I21",176.362510854965
1028453,"privé - sans psg","F30",60.0603851998555
1025118,"privé - psg","I21",248.294399687258
1028074,"privé - sans psg","I11",400.536603674949
1004462,"publis - communales","I21",85.6423633864599
1003919,"privé - sans psg","F30",396.086498209103
1027869,"publis - communales","I21",148.196623532549
1004328,"privé - sans psg","I21",299.419509071499
1015305,"privé - sans psg","F30",14.4746194489371
1019276,"privé - psg","I21",180.168204012949
1023830,"privé - sans psg","I21",6.08711596609149
1013984,"publics - domaniales","I21",197.015145939702
1030243,"privé - sans psg","I21",210.669062253471
1027732,"publis - communales","I21",150.644076111217
1026881,"publis - communales","I21",157.39685834893
1027542,"privé - psg","I21",164.640089262971
1021279,"privé - sans psg","I21",395.471831286358
1003631,"privé - sans psg","I21",231.959868457972
1030425,"privé - sans psg","I21",236.197673920785
1021226,"publis - communales","I22",117.898218605841
1011398,"privé - sans psg","I22",3.71130497266833
1016244,"privé - sans psg","I22",11.8504889428153
1003398,"publis - communales","I22",272.484928264378
1013224,"publics - domaniales","I22",62.1892436527087
1030646,"publics - domaniales","I22",118.519133607965
1010065,"privé - sans psg","I22",35.2373875227229
1022624,"publics - domaniales","I22",149.676431894961
1009766,"publics - domaniales","I22",161.186941112315
1002838,"publics - domaniales","I22",214.538809457966
1012692,"publis - communales","I22",116.476856900205
1021098,"privé - sans psg","I22",9.09668940335708
1002869,"publis - communales","I22",171.253149027049
1017868,"publis - communales","I13",50.8841354060982
1020562,"publics - domaniales","I13",170.317667115988
1002347,"privé - sans psg","I12",84.9982380626059
1000993,"publis - communales","I22",237.997302112174
1021615,"privé - sans psg","I13",25.4311441362237
1029461,"privé - sans psg","J21",53.1620894984196
1007544,"publics - domaniales","I22",124.854502128427
1019062,"privé - sans psg","J21",116.34317578353
1030168,"publics - domaniales","I22",289.23276592222
1018326,"publics - domaniales","I22",22.0764490521578
1020419,"privé - sans psg","J21",18.8170934743637
1024528,"privé - sans psg","J21",27.3782615625413
1029821,"privé - sans psg","J21",76.0797656557785
1009285,"publics - domaniales","I22",88.1917286268633
1008958,"publics - domaniales","I22",260.172128231956
1024825,"privé - sans psg","I22",188.899949822467
1020119,"publics - domaniales","I22",125.186699060043
1007137,"publics - domaniales","I22",49.1720305783062
1015202,"privé - sans psg","J21",17.0071991263806
1022430,"privé - psg","I22",210.753750675388
1026330,"publis - communales","I22",190.530403190773
1021352,"privé - sans psg","I22",20.8115828833245
1025364,"privé - sans psg","J22",84.2347053464503
1019079,"privé - sans psg","J21",105.026288671321
1018345,"privé - sans psg","J21",112.025736017308
1010322,"publis - communales","I22",55.8893601595169
1014759,"publis - communales","I22",117.611867833333
1015447,"privé - psg","J21",168.022355938717
1001308,"privé - sans psg","J21",69.2225913776433
1019333,"privé - sans psg","J21",318.412583101323
1003274,"privé - sans psg","I22",180.469997479816
1008538,"privé - sans psg","I22",54.7424369578375
1010155,"publis - communales","C30",347.529568499032
1019335,"publis - communales","C30",150.913251422854
1029818,"privé - psg","C30",307.09372484328
1010017,"publis - communales","D12",209.975061706394
1030635,"publics - domaniales","D12",278.975835765984
1011362,"publics - domaniales","D11",383.579601097315
1026972,"publics - domaniales","D12",211.59158735684
1031044,"privé - sans psg","D12",241.234192462602
1022405,"privé - psg","D11",159.978358238219
1014755,"publics - domaniales","D11",259.263707009891
1006612,"publis - communales","D11",278.077096940333
1022089,"publics - domaniales","D11",257.676396714876
1016510,"publis - communales","D11",305.325712055047
1010557,"publics - domaniales","D11",216.678697877441
1024329,"publics - domaniales","D11",257.434867648055
1004898,"publics - domaniales","D11",295.170624533932
1019219,"publics - domaniales","D11",338.440829227515
1002168,"publics - domaniales","D11",123.048123977636
1018347,"publis - communales","D11",115.488048161367
1005108,"privé - sans psg","D11",389.821603845114
1005736,"publics - domaniales","D11",389.190617520817
1019570,"publis - communales","D11",265.537419034898
1002291,"publis - communales","D11",222.406768792954
1028374,"privé - sans psg","D11",146.827267271564
1001437,"privé - psg","D11",280.231138325601
1030308,"privé - sans psg","D11",384.186233985465
1020033,"publis - communales","D11",153.754190793946
1022168,"publis - communales","D12",195.253425711814
1014909,"publis - communales","D11",303.870454463802
1019630,"publis - communales","D11",207.370622442139
1009253,"publics - domaniales","D11",130.557384402747
1026797,"publis - communales","D11",282.43867072456
1004393,"publics - domaniales","D11",422.060484333677
1028368,"publics - domaniales","D11",245.10408232146
1017603,"publis - communales","D12",214.909937104001
1022289,"privé - sans psg","D12",120.335219712083
1018252,"privé - psg","D11",173.346308732655
1007784,"publis - communales","D11",288.817801356569
1019435,"publics - domaniales","D11",222.925549649027
1029885,"privé - psg","D11",373.940151130975
1005086,"publis - communales","D11",413.294080526595
1030573,"privé - sans psg","D11",94.1920391637734
1027444,"privé - psg","D11",296.536423652627
1007466,"publis - communales","D12",175.137398718857
1013544,"publics - domaniales","C41",300.809367691865
1000231,"publis - communales","D12",290.837617851794
1003345,"privé - psg","D11",145.979786636854
1026303,"privé - psg","D11",229.550996724031
1025150,"privé - sans psg","D11",344.645892949261
1014202,"publis - communales","D11",195.147802213679
1023407,"privé - sans psg","C41",301.912449481956
1030338,"publis - communales","D11",310.740495589555
1013437,"publics - domaniales","D11",344.190406077849
1017819,"publis - communales","D11",239.485162518855
1020213,"publis - communales","D12",25.5368589361608
1003507,"publics - domaniales","C41",470.859506982481
1005809,"privé - sans psg","D11",113.731626326098
1013038,"publics - domaniales","C41",310.704715705827
1010274,"publis - communales","C41",403.925060815908
1020099,"publics - domaniales","C41",450.71536501821
1028954,"publis - communales","C41",78.4998325250223
1009914,"publis - communales","C41",300.308765531346
1007604,"publics - domaniales","C41",297.88580360058
1012055,"publics - domaniales","C41",45.2809913818743
1017631,"privé - sans psg","C41",65.7573520634933
1027411,"publis - communales","C41",213.934324423301
1026372,"publics - domaniales","C41",1.10478302763064
1024663,"publis - communales","C41",414.035243078442
1006424,"publis - communales","C41",67.7916195006378
1010790,"publis - communales","C41",149.009361529228
1024062,"publis - communales","C41",148.603397982598
1027267,"publis - communales","C41",179.834252245798
1022242,"publis - communales","C41",20.8280003926264
1004797,"privé - sans psg","C41",25.0455729244743
1020958,"privé - sans psg","C41",397.870946822868
1021032,"publics - domaniales","C41",87.7623982242079
1014986,"privé - sans psg","C41",60.2365170929553
1016109,"publis - communales","D11",406.808485926837
1007684,"publis - communales","D11",284.361466191587
1011706,"publis - communales","D11",413.332014670753
1016074,"publis - communales","D11",184.825955525908
1013884,"publis - communales","D11",221.019740068807
1000632,"privé - sans psg","D11",521.356188744413
1003728,"publis - communales","D11",385.398110128424
1022131,"publis - communales","D11",67.7658116979911
1007186,"privé - sans psg","D11",326.969471054595
1009246,"privé - sans psg","D11",697.333761394629
1031100,"publis - communales","D11",112.690659653092
1002211,"publis - communales","D11",214.703522374676
1029010,"privé - sans psg","D11",306.638955257997
1012939,"privé - sans psg","D11",342.99630946755
1002794,"publis - communales","D11",529.099703227298
1013888,"privé - sans psg","D11",153.960388017208
1017973,"publis - communales","D11",383.738176524455
1009520,"privé - sans psg","D11",398.516976677031
1025783,"publics - domaniales","D11",460.427901781597
1027704,"publis - communales","D11",72.390374848376
1016191,"publis - communales","D11",170.449354636637
1014578,"privé - sans psg","D11",403.477102699114
1009038,"publics - domaniales","D11",103.50667423575
1025853,"publis - communales","D11",258.382288152563
1002880,"privé - sans psg","D11",221.752043685786
1008993,"publis - communales","D11",158.146390168294
1017672,"publis - communales","D11",308.621922114455
1030821,"publis - communales","D11",269.618913950838
1019851,"publis - communales","D11",253.213390902706
1023208,"publis - communales","D11",389.232548242199
1016951,"publis - communales","D11",427.991044598775
1001270,"publis - communales","D11",272.852252045833
1008726,"publis - communales","D11",163.140059529491
1003381,"publis - communales","D11",275.413837305578
1006420,"privé - sans psg","D12",385.898709719024
1020251,"publis - communales","D12",380.592151750495
1013848,"privé - sans psg","C41",162.088727991793
1020323,"privé - sans psg","C42",592.992588280253
1014173,"publis - communales","C41",121.839663338645
1018403,"privé - psg","C42",369.713228384065
1003757,"publis - communales","C41",273.414228867161
1010987,"publis - communales","C41",286.859459818703
1001003,"privé - sans psg","C42",889.878010577409
1025059,"publis - communales","C42",242.217218986899
1009799,"publis - communales","C42",85.1858312587737
1027490,"publics - domaniales","C41",22.0967156433671
1009409,"privé - sans psg","C42",390.318657238156
1016018,"privé - sans psg","C42",384.089782049866
1013313,"privé - sans psg","E10",732.848800908762
1018142,"publics - domaniales","C41",100.540074951738
1015400,"publics - domaniales","C41",154.494605565732
1029851,"privé - sans psg","C42",266.901069470123
1014868,"publis - communales","E10",210.93304355055
1000950,"publics - domaniales","C41",206.78258344873
1030982,"privé - sans psg","C42",757.667990660687
1006834,"publis - communales","E10",450.919413368795
1016202,"publis - communales","E10",539.510214436519
1009496,"publis - communales","C42",310.54712956915
1002844,"privé - sans psg","G41",353.190295720908
1001701,"privé - psg","G41",407.068410000755
1018049,"privé - sans psg","G41",186.280116569915
1023254,"privé - psg","G41",1.43272924219585
1020910,"privé - psg","G41",405.265285814423
1011160,"privé - sans psg","G41",102.114017562387
1030543,"privé - sans psg","G41",268.382485987057
1021506,"privé - sans psg","G41",433.379547185265
1020327,"privé - sans psg","G41",150.744183279156
1006356,"privé - sans psg","G41",333.67033507571
1025123,"publis - communales","G41",275.108157894078
1002922,"privé - sans psg","G41",43.8351141325146
1000197,"privé - psg","G41",14.8324461732788
1024922,"privé - sans psg","G41",402.490546951895
1006984,"privé - sans psg","G41",139.642340261406
1023769,"privé - sans psg","G41",303.150785778738
1031097,"privé - sans psg","G41",91.2072966110111
1024057,"privé - sans psg","G41",30.8086519510699
1004680,"privé - sans psg","G41",66.7226664840307
1020899,"privé - sans psg","G41",93.975954425621
1017671,"privé - sans psg","G41",147.078729952932
1015863,"privé - sans psg","G41",105.921127528255
1017968,"privé - sans psg","C51",89.7381916743515
1022042,"privé - sans psg","G41",21.9784883453071
1013401,"privé - sans psg","G41",138.927705708272
1016035,"privé - sans psg","C51",156.932999958496
1004124,"privé - sans psg","G41",13.9390476048355
1014751,"privé - sans psg","C52",2.6232484249991
1007746,"privé - sans psg","G42",173.981775109107
1028651,"publis - communales","C52",118.932530817914
1021466,"privé - sans psg","C20",316.872486361495
1009667,"privé - psg","C20",123.161188514279
1002696,"privé - psg","C51",4.66467335694248
1009616,"privé - psg","C20",250.76388099022
1000646,"privé - psg","C30",175.670606298574
1011433,"publis - communales","C20",503.786144294696
1000368,"publis - communales","C51",273.828163518385
1011396,"privé - sans psg","C51",196.228164065257
1027615,"publis - communales","C30",303.507890033638
1010569,"publis - communales","C30",202.575902807276
1028840,"privé - sans psg","C51",243.859683121377
1000971,"publis - communales","C30",148.74456286161
1014927,"publis - communales","C30",148.923537055369
1027862,"publis - communales","C20",474.649058225009
1030133,"privé - psg","C51",210.018496989412
1004543,"privé - psg","C51",328.900955079958
1026540,"publis - communales","D12",409.488655317453
1003929,"privé - sans psg","C30",420.888209236199
1015696,"privé - sans psg","C20",65.7705265893223
1020041,"publis - communales","C51",326.572484320789
1030875,"publis - communales","C51",295.257501441652
1009683,"privé - sans psg","C51",212.378428352102
1019237,"publics - domaniales","D12",314.911105680954
1008761,"privé - sans psg","C30",332.207267630474
1017055,"publis - communales","C20",255.050629224273
1007392,"privé - sans psg","C51",537.379474364613
1024169,"publis - communales","C30",288.573793573339
1031293,"privé - sans psg","C20",432.525353257616
1024104,"privé - psg","C20",244.918826168676
1002239,"publis - communales","C51",441.163366469607
1007039,"privé - psg","C51",270.084779640633
1021749,"publis - communales","C51",572.560275107889
1024423,"publis - communales","D12",173.960563886392
1022960,"privé - sans psg","C30",222.75058805478
1013744,"privé - sans psg","C20",264.227332422197
1000619,"publis - communales","C30",304.481049176729
1015984,"publis - communales","C51",206.692978085134
1028914,"privé - sans psg","C51",64.8483281543524
1006531,"publis - communales","C20",43.5551623077475
1025685,"publis - communales","D12",101.651863629029
1019916,"privé - sans psg","C51",381.332436715704
1003512,"publis - communales","C20",351.409258437888
1019769,"publis - communales","C51",192.409507214738
1001415,"publis - communales","D12",310.017888354705
1015753,"privé - sans psg","C30",181.761885579752
1001597,"publis - communales","C30",441.975759571759
1000745,"privé - sans psg","C20",250.995690330557
1000208,"privé - sans psg","C20",141.305476420834
1001385,"privé - sans psg","C20",292.170870870289
1024470,"publis - communales","C20",313.874603847192
1018946,"publis - communales","C20",434.865191468502
1030923,"privé - sans psg","C51",4.17162722813969
1022457,"publis - communales","C20",118.087841557175
1011607,"publis - communales","C20",327.05129237126
1018586,"publis - communales","D12",269.819405554842
1001542,"publis - communales","C30",443.584410130401
1021174,"publis - communales","C30",111.871794202382
1026707,"privé - sans psg","C20",174.673988877874
1024683,"privé - sans psg","C20",445.838627369836
1006668,"privé - sans psg","C20",379.096391035878
1018963,"publis - communales","D12",455.057042763581
1024835,"privé - sans psg","D12",390.821110527837
1028337,"publis - communales","C20",418.489552934036
1023298,"publis - communales","D12",9.37991414137969
1030522,"privé - sans psg","C20",75.6282965579875
1015990,"publis - communales","C20",314.003457868669
1000686,"publis - communales","C20",405.768659483135
1008163,"publis - communales","C20",447.382980606057
1002902,"publis - communales","C30",339.293698577246
1007512,"publis - communales","C51",348.442267637025
1014161,"publis - communales","D12",145.950493580889
1022984,"privé - sans psg","D11",177.960458646607
1030753,"publis - communales","D12",186.163808237372
1027093,"privé - sans psg","C30",266.175117249536
1016743,"privé - sans psg","C20",283.811057263935
1020067,"privé - sans psg","D11",114.333023108739
1020903,"privé - sans psg","D11",312.483727690895
1016429,"publis - communales","C51",220.893925746523
1005556,"privé - psg","C30",393.169886445278
1010566,"privé - sans psg","C51",115.891395448886
1029611,"privé - psg","C51",90.1633658094801
1006684,"privé - sans psg","D11",62.2869027354331
1022330,"publis - communales","D11",143.059927039465
1029180,"privé - psg","D12",323.363094181546
1027301,"publis - communales","D12",272.058049402784
1027403,"publis - communales","D12",343.624799004471
1018216,"privé - sans psg","D11",171.257278281773
1015316,"privé - sans psg","D11",211.0495163611
1015609,"privé - sans psg","D12",161.773234596586
1015700,"publics - domaniales","D12",138.918401448141
1019085,"publis - communales","D12",467.09385715043
1012467,"publis - communales","D11",278.034769855596
1010384,"publis - communales","D12",10.3133380356261
1027140,"publis - communales","D12",350.745802461625
1016819,"publis - communales","C20",423.792783388881
1013201,"privé - psg","B92",319.514354246717
1030024,"privé - sans psg","B92",184.319641592759
1013733,"privé - psg","G23",251.353197582694
1016962,"privé - sans psg","G23",141.860359209952
1005382,"privé - psg","B92",323.535672904711
1002621,"privé - psg","G23",336.704696973165
1012715,"privé - sans psg","G23",214.35567537461
1011331,"privé - psg","G23",500.046512696175
1014478,"privé - psg","G23",260.537078103666
1001368,"privé - sans psg","B92",293.296079866036
1005072,"privé - psg","B92",155.468969498656
1010627,"privé - psg","G23",639.23044635355
1010063,"privé - psg","C20",305.341962784013
1030965,"privé - psg","B92",296.395538962839
1010835,"privé - sans psg","G23",95.5693391581582
1001963,"privé - sans psg","B92",53.9773268070899
1017680,"privé - sans psg","G23",191.02058907921
1001742,"privé - sans psg","G23",4.21449022514413
1012006,"privé - sans psg","B92",294.601838396751
1011704,"privé - sans psg","B92",672.209781120925
1025045,"privé - sans psg","G23",164.45312286371
1025676,"privé - sans psg","C20",152.377855795528
1001441,"privé - psg","G23",244.286721558927
1000457,"privé - psg","G23",180.136238726663
1029998,"publis - communales","B92",104.221648762643
1019853,"publics - domaniales","G23",380.42976925064
1014029,"privé - sans psg","B92",306.139768216928
1024834,"publics - domaniales","G23",224.748293677075
1019077,"privé - sans psg","G23",288.760029159538
1020534,"privé - sans psg","B92",224.951001455376
1031298,"privé - psg","B92",147.387069602156
1027420,"privé - sans psg","B92",203.70178355652
1022663,"privé - psg","G23",241.45230284828
1020298,"privé - sans psg","B92",127.83579082756
1019533,"publis - communales","C20",284.489679550476
1024840,"privé - psg","C20",319.47608516248
1030080,"privé - sans psg","B92",235.466052901147
1001757,"privé - psg","B92",517.53577347857
1017944,"privé - sans psg","B92",79.4721897692423
1010092,"privé - psg","B92",560.313173370421
1004030,"privé - psg","B92",348.887316146396
1002059,"privé - psg","B92",267.284908974641
1001298,"privé - sans psg","C20",212.131592162568
1014815,"publis - communales","G23",201.739106622054
1019459,"publis - communales","C20",269.631628548171
1005264,"privé - sans psg","G41",333.1051152495
1017670,"privé - sans psg","G41",496.687609278944
1006006,"privé - psg","C51",125.441615294129
1009261,"privé - sans psg","C20",104.685506383569
1001453,"publis - communales","C20",193.960357817483
1020376,"publis - communales","C20",199.215679019893
1013872,"privé - sans psg","G41",229.008721389206
1004929,"privé - psg","C51",139.716799308086
1017528,"privé - sans psg","C51",265.367792089622
1006620,"publis - communales","C51",207.492478002853
1019124,"privé - sans psg","C51",227.158641551122
1000719,"privé - sans psg","G41",237.015823467687
1017044,"privé - sans psg","C51",192.356197613443
1013695,"privé - sans psg","C51",176.930879373144
1011145,"publics - domaniales","C51",304.114944639067
1025794,"publics - domaniales","C51",595.806397710165
1030251,"privé - sans psg","G41",442.111849669876
1020368,"privé - sans psg","C20",242.272487602558
1013662,"privé - psg","C20",25.825739540533
1028766,"privé - sans psg","G41",156.953542454787
1026349,"privé - sans psg","C20",25.547373783758
1014124,"privé - psg","C51",343.41732139679
1015483,"privé - psg","C51",218.222526751643
1014001,"publis - communales","C51",28.6574460781849
1003515,"privé - sans psg","C51",86.3484032801609
1004022,"privé - sans psg","C51",253.231281848262
1005849,"privé - psg","C51",250.227877338407
1010700,"privé - sans psg","C51",124.038260086269
1030373,"publis - communales","C51",196.910459528497
1020737,"privé - sans psg","C51",487.306680594158
1022583,"privé - sans psg","C51",31.6748135596521
1022281,"privé - psg","A22",154.926304867053
1011443,"publics - domaniales","A13",213.198302576833
1019365,"publics - domaniales","A13",373.640716204055
1004751,"privé - sans psg","A13",206.316788164038
1010969,"publics - domaniales","A13",267.507146737878
1018771,"privé - psg","B61",207.599712012048
1017086,"privé - sans psg","B61",436.046835287335
1025824,"privé - sans psg","B61",63.2596131134087
1002856,"publics - domaniales","A13",6.67141138664715
1029084,"privé - psg","B61",135.312633864372
1030642,"privé - psg","B61",226.431771121313
1025888,"privé - sans psg","B61",104.033333020949
1003295,"publics - domaniales","A13",258.124896948582
1025957,"privé - sans psg","B61",115.954548154694
1027738,"privé - psg","B61",21.7460175790226
1002950,"privé - sans psg","B61",55.4564376244573
1001841,"privé - sans psg","B61",321.024828487044
1020333,"publics - domaniales","A13",282.031085031206
1012765,"privé - psg","B61",23.5729793064231
1016783,"privé - psg","B61",76.0454744303167
1025939,"publis - communales","B61",193.441907961519
1022849,"privé - sans psg","B61",140.687937208833
1026306,"privé - sans psg","B61",165.603201047316
1028042,"privé - sans psg","B61",71.92144140472
1013981,"privé - sans psg","B61",45.0674850559117
1020233,"privé - psg","B61",306.951357360074
1021537,"privé - sans psg","B61",303.177525316166
1020840,"privé - psg","B61",107.270214778291
1021676,"privé - sans psg","B61",345.89472270256
1031325,"privé - sans psg","B61",213.419848887154
1023662,"privé - psg","B61",201.794965399154
1016435,"privé - psg","B61",159.015526542155
1026701,"privé - sans psg","B61",29.1200987783801
1023881,"privé - psg","B61",25.986091569773
1026261,"privé - psg","B61",25.5249430451508
1007058,"privé - sans psg","B61",83.8839208622266
1005800,"privé - sans psg","B61",303.222340494665
1016558,"privé - psg","B61",261.407963355962
1018845,"publics - domaniales","B61",142.450051833993
1009978,"privé - psg","B62",157.841473708658
1017150,"privé - psg","B33",182.876320397478
1017183,"privé - sans psg","B61",123.642805914303
1029423,"privé - psg","B61",190.382260860721
1006352,"publics - domaniales","B33",364.217000376364
1024087,"privé - sans psg","B61",277.693190149849
1010660,"privé - psg","B33",174.996294576036
1030089,"privé - sans psg","B33",254.355074455884
1003285,"publics - domaniales","B33",272.425893627086
1010827,"publics - domaniales","B33",181.070294233447
1031289,"privé - sans psg","B33",26.7254553926322
1016660,"privé - psg","B33",375.228142964179
1011571,"privé - psg","B33",94.9515724018022
1030224,"privé - sans psg","B33",194.468434738344
1027563,"privé - sans psg","B33",109.998027309867
1002531,"privé - sans psg","E10",271.289055197225
1022810,"privé - sans psg","C52",96.6529450140332
1016909,"privé - sans psg","E10",89.7371298021982
1017640,"privé - sans psg","C52",145.588303210216
1001398,"privé - sans psg","C52",360.601168403932
1026586,"privé - sans psg","C52",339.826114672681
1008063,"publis - communales","E10",115.922009892832
1007787,"privé - sans psg","E10",166.340726061103
1030105,"privé - sans psg","E10",47.3568501744542
1017235,"publis - communales","E10",97.4563023315318
1015944,"privé - sans psg","H10",89.3746067624136
1004294,"publis - communales","H10",243.32243668028
1026577,"privé - sans psg","H10",463.246028560937
1012341,"privé - sans psg","C52",39.4638578102593
1023099,"publis - communales","C52",194.725856983974
1025959,"privé - sans psg","H10",252.598228917071
1030467,"publis - communales","C52",73.3036593086107
1024688,"publis - communales","H10",179.626644936737
1017624,"privé - sans psg","H10",283.383403177672
1014595,"publis - communales","H10",344.556000443054
1025222,"privé - sans psg","H10",128.187831440239
1023399,"privé - sans psg","C52",116.125117077021
1026892,"privé - sans psg","C52",46.1227397152904
1007890,"publis - communales","H21",419.629508692143
1024066,"publics - domaniales","H21",118.341183792599
1020772,"privé - sans psg","H21",536.649425579895
1002404,"publis - communales","H21",198.682472933231
1004362,"privé - sans psg","H21",282.04670676187
1021707,"publis - communales","H21",176.51987865598
1018608,"privé - sans psg","H10",352.061416401793
1011598,"privé - sans psg","H10",474.793726472171
1000615,"privé - sans psg","H21",240.785641605621
1025018,"publis - communales","H21",131.918468457958
1001266,"privé - sans psg","H21",225.488332591159
1029002,"privé - sans psg","H10",23.5256941509307
1010758,"privé - sans psg","H21",203.338659611721
1008364,"publis - communales","H21",146.53997279924
1023166,"publis - communales","H21",176.951320888627
1024480,"privé - sans psg","H21",352.207349736431
1016407,"publis - communales","H22",49.2600122570482
1028314,"publis - communales","H21",365.004743008335
1020582,"privé - sans psg","H21",69.8471139166654
1024472,"publis - communales","H21",179.129089226514
1003703,"publis - communales","H22",179.691314620709
1003210,"publis - communales","H21",120.877938762831
1008713,"privé - sans psg","H22",13.5385662567081
1008654,"privé - sans psg","H21",227.797245599469
1021335,"publis - communales","H21",77.235061063019
1000585,"privé - sans psg","H21",445.296643936176
1015135,"privé - sans psg","H22",140.29895405248
1027333,"privé - sans psg","H21",254.50036883338
1006095,"publis - communales","H22",305.712996017948
1020643,"privé - sans psg","H22",138.775701311192
1009087,"privé - sans psg","H22",193.505900813588
1008623,"privé - sans psg","H22",483.124592902818
1011366,"privé - sans psg","H22",634.252964038756
1024412,"privé - sans psg","H22",90.6606596767722
1010809,"privé - sans psg","H22",83.3924244519506
1016362,"privé - sans psg","H22",419.692770757854
1008674,"publis - communales","H22",224.820179596702
1015462,"publis - communales","H22",123.093192302491
1027524,"privé - sans psg","H22",17.0947016915163
1027789,"privé - sans psg","H22",3.41546687125083
1005128,"privé - sans psg","H22",101.277683715326
1012625,"privé - sans psg","H22",102.372918466479
1024150,"publics - domaniales","H22",10.116336890799
1006247,"publis - communales","H22",264.511174735024
1018767,"publis - communales","H22",183.573512463137
1024527,"privé - sans psg","E10",323.260134870238
1003927,"privé - sans psg","C52",25.9040706579949
1015517,"privé - sans psg","C52",206.913791748584
1021278,"privé - sans psg","C52",195.72020431419
1028519,"privé - sans psg","C52",238.79479090646
1015867,"privé - sans psg","E10",368.389741582433
1026517,"privé - sans psg","C52",89.8507359183906
1000433,"publis - communales","E10",304.206486635412
1026774,"privé - sans psg","C52",46.606085571935
1013843,"privé - sans psg","C52",27.6970937756061
1011614,"privé - sans psg","C52",268.030970959136
1024523,"privé - sans psg","C52",647.256049307023
1014449,"privé - sans psg","H10",133.672689631368
1008648,"privé - sans psg","H10",314.203244531563
1003351,"privé - sans psg","H10",629.661907941274
1020722,"privé - sans psg","H10",493.148086630457
1017276,"privé - sans psg","C52",201.940791216125
1024511,"privé - sans psg","H10",573.585619685236
1030312,"publis - communales","H10",120.948465916069
1016269,"privé - sans psg","H10",233.396578142405
1013645,"publis - communales","H10",185.275921378404
1017618,"privé - sans psg","H10",755.533981158381
1014653,"publics - domaniales","H10",49.223246426016
1009716,"privé - sans psg","H10",468.671645115408
1029335,"privé - sans psg","H10",486.208047186481
1007707,"privé - sans psg","H10",60.1275260950744
1022865,"publis - communales","H10",542.587893048322
1030350,"publics - domaniales","H10",30.805940394315
1004234,"privé - sans psg","H10",478.918997061772
1027582,"privé - sans psg","H10",372.765823985288
1024799,"publis - communales","H10",174.397602423711
1016292,"publis - communales","H10",308.230334926404
1020256,"privé - sans psg","H10",251.187938562965
1021563,"privé - sans psg","H10",372.099150985054
1003341,"publis - communales","H10",205.176088090487
1025396,"privé - sans psg","H10",351.490196431428
1024695,"privé - sans psg","H10",28.260226601468
1013766,"privé - sans psg","H10",23.070478055661
1017312,"publis - communales","H10",165.934607020347
1027877,"privé - sans psg","H10",334.929306284903
1010606,"privé - sans psg","H10",194.511630968757
1014385,"privé - sans psg","H10",125.026620364333
1027775,"publis - communales","H10",153.697497806826
1023505,"privé - sans psg","H10",345.175812410124
1005909,"privé - sans psg","H10",135.444940460992
1019072,"publis - communales","H10",144.018530926906
1018543,"publis - communales","H10",313.299605312666
1012441,"publis - communales","H10",182.617709888172
1024346,"privé - sans psg","H10",256.385484877953
1027729,"privé - sans psg","H10",150.359568190706
1003038,"publis - communales","H10",232.229735290429
1001611,"privé - sans psg","H21",114.398317355604
1014541,"privé - sans psg","H21",303.625087148543
1027356,"privé - sans psg","H21",331.672926682111
1000732,"privé - sans psg","H21",149.091341656584
1014498,"privé - sans psg","H21",89.5441026646622
1003675,"privé - psg","B10",173.721848934792
1023354,"privé - sans psg","B10",156.069240074342
1025861,"privé - sans psg","B10",545.366440590457
1014358,"privé - sans psg","B10",140.040532371444
1003908,"privé - psg","B10",182.333257399552
1014254,"privé - sans psg","B10",132.837317792663
1011871,"privé - psg","B10",291.154955413944
1025578,"privé - psg","B10",243.307656908231
1012575,"privé - sans psg","B10",20.5085251710996
1010223,"privé - psg","B10",693.008120147403
1011559,"privé - psg","B10",23.692117904469
1030392,"publics - domaniales","B10",139.304300956493
1003268,"privé - sans psg","B10",144.067552302341
1015371,"publics - domaniales","B32",134.821992473082
1002635,"publics - domaniales","B32",82.5552712558151
1017641,"publics - domaniales","B10",247.872460834702
1021573,"publics - domaniales","B32",134.024001342202
1014331,"publics - domaniales","B10",104.35660997812
1013583,"privé - sans psg","B32",1.42215402508732
1006591,"privé - sans psg","B10",122.263122501158
1005564,"privé - sans psg","B10",279.844931450792
1025134,"privé - sans psg","B32",241.837891951145
1027538,"privé - psg","B10",68.9012070205117
1017883,"publics - domaniales","B10",211.157041503283
1003221,"publics - domaniales","B10",209.947053441215
1027068,"privé - psg","B10",233.404973834127
1022159,"privé - psg","B10",117.090276709253
1029567,"privé - psg","B10",230.249126822969
1022492,"privé - sans psg","B10",328.620378317271
1018360,"publics - domaniales","B32",174.36007319321
1011712,"privé - sans psg","B10",82.1907103348572
1019659,"publics - domaniales","B10",311.869367688001
1023916,"privé - sans psg","B32",10.8427603836829
1029625,"publics - domaniales","B32",240.808307107202
1029474,"privé - sans psg","B10",360.216827093701
1016646,"privé - sans psg","B10",58.7392940396577
1000218,"publics - domaniales","B10",277.22829111327
1020965,"publics - domaniales","B10",186.67803885872
1018365,"privé - psg","B10",241.681737636521
1022851,"privé - sans psg","B10",22.8765546803869
1003557,"privé - sans psg","B10",27.4688454076033
1016342,"privé - psg","B10",254.825160190547
1010452,"privé - psg","B10",154.682481677635
1023661,"privé - sans psg","B10",268.589035247583
1025787,"privé - sans psg","B10",140.501813007158
1009318,"privé - psg","B10",447.048353085101
1019434,"privé - psg","B10",121.825955560097
1023945,"privé - sans psg","B10",1084.47811014943
1030907,"privé - psg","B10",154.390141801186
1001451,"privé - psg","B10",28.9781283297605
1004044,"privé - sans psg","B10",82.8170428044159
1011070,"privé - sans psg","B10",40.2187446346456
1002986,"privé - sans psg","B41",57.4452065991614
1013096,"privé - sans psg","B41",403.54671531707
1008091,"publis - communales","B42",87.539709522409
1024554,"privé - sans psg","B42",244.174416424832
1013680,"privé - sans psg","B42",250.029478818556
1010919,"publics - domaniales","B42",184.685674728396
1019543,"privé - sans psg","B42",123.759645742677
1018659,"privé - sans psg","B41",219.483916981957
1014973,"privé - psg","B42",196.660060772671
1003441,"privé - sans psg","B42",185.082193057616
1018163,"privé - sans psg","B41",392.968404910742
1022035,"publics - domaniales","B41",282.655847682177
1006480,"publics - domaniales","B41",140.499564514442
1012912,"privé - sans psg","B41",3.17940280587831
1000563,"privé - sans psg","B42",112.627249203783
1024520,"privé - psg","B42",129.4772272694
1013230,"publics - domaniales","B41",110.758043374707
1029670,"publics - domaniales","B41",111.160289348827
1016129,"publics - domaniales","B41",118.469204031443
1018551,"publics - domaniales","B42",139.909153551133
1022884,"privé - psg","B42",144.963557669778
1018889,"publics - domaniales","B41",154.871906996814
1006629,"publics - domaniales","B41",338.957646538008
1030630,"publics - domaniales","B41",125.517664422576
1016403,"publics - domaniales","B42",431.340399561628
1021539,"privé - psg","B42",198.270660843387
1025160,"privé - psg","B42",299.786767860145
1021224,"privé - sans psg","B42",360.072103911842
1002424,"privé - sans psg","B42",173.317891514088
1002167,"publics - domaniales","B41",238.858540101269
1022652,"privé - sans psg","B42",309.179542727697
1006959,"privé - sans psg","B42",193.40311368088
1003021,"publics - domaniales","B42",369.374262305334
1022576,"publics - domaniales","B41",184.577302441298
1017795,"privé - sans psg","B52",196.801199594383
1007922,"privé - psg","B41",393.049555457503
1008450,"privé - psg","B42",195.047543974576
1029181,"publics - domaniales","B42",109.604106889983
1011543,"privé - psg","B52",115.05486355693
1020706,"privé - psg","B42",21.9926932928765
1006417,"privé - sans psg","B52",96.6526425115381
1007631,"privé - sans psg","B52",188.090680015981
1003429,"privé - psg","B42",265.324079997379
1029904,"privé - sans psg","B42",185.809550650799
1013849,"privé - sans psg","B42",232.22655119319
1001320,"privé - sans psg","B42",181.868187709799
1001843,"publis - communales","B52",86.7493813806541
1006555,"privé - sans psg","B42",83.7804188100471
1021368,"privé - sans psg","B42",59.8057318933614
1012242,"privé - sans psg","B42",90.0636586321559
1026338,"privé - psg","B42",228.112213889933
1011191,"privé - sans psg","B43",264.914572156636
1005430,"privé - psg","B42",211.523430315302
1000234,"privé - sans psg","B32",209.328154285791
1017082,"privé - sans psg","B32",418.970699920872
1018155,"privé - sans psg","B32",340.895049487371
1013292,"publis - communales","B41",267.476458102948
1005771,"privé - sans psg","B41",103.955455450126
1020966,"privé - sans psg","B41",284.725066875977
1024045,"privé - sans psg","B41",80.4655882797522
1005462,"privé - sans psg","B41",146.710978236732
1004038,"privé - sans psg","B41",181.280129995323
1017821,"privé - sans psg","B41",106.638401941323
1014220,"privé - sans psg","B41",356.983996058703
1031152,"publics - domaniales","B41",125.66787751995
1026383,"privé - sans psg","B41",152.087834582639
1018388,"publics - domaniales","B41",199.494798551552
1028505,"privé - psg","B41",79.4580220659131
1021240,"privé - sans psg","B41",4.86662822811785
1000775,"publics - domaniales","B41",249.323155510518
1022480,"privé - sans psg","B41",227.904480400079
1031394,"privé - sans psg","B41",240.41778760341
1011884,"privé - psg","B41",146.376447244817
1021440,"publics - domaniales","B41",349.526301586612
1016668,"privé - psg","B41",201.294216920999
1030672,"publics - domaniales","B41",54.6503746937673
1002035,"privé - sans psg","B41",150.135549399008
1023610,"privé - psg","B41",249.042081660136
1004545,"privé - psg","B44",251.399613460235
1002255,"privé - sans psg","B41",99.1147024448162
1025320,"privé - sans psg","B41",190.513670876415
1029871,"privé - sans psg","B41",58.2360571348954
1006443,"publics - domaniales","B41",204.056224343996
1005774,"privé - sans psg","G11",203.492094085062
1029213,"privé - sans psg","A30",250.219659442139
1013932,"privé - psg","A30",134.705592443683
1019189,"privé - sans psg","A30",153.757874684022
1023625,"privé - sans psg","G11",28.1761523053643
1011314,"publics - domaniales","G11",217.125551356361
1021022,"privé - sans psg","A30",200.418692437738
1004259,"privé - sans psg","F11",426.035608190364
1005171,"privé - psg","A30",111.887354375803
1022642,"privé - psg","A30",606.654925348752
1009675,"privé - sans psg","G11",172.263879093957
1019649,"publics - domaniales","F12",265.518532274749
1002166,"privé - sans psg","F11",103.536962864225
1010624,"privé - psg","F11",163.782090616281
1013460,"privé - sans psg","G11",256.292917987246
1027816,"privé - sans psg","F12",27.2368921255507
1025608,"privé - psg","F12",135.801925875004
1022897,"publics - domaniales","F11",175.619226565458
1029752,"privé - sans psg","F11",39.6373534537316
1022255,"privé - sans psg","B10",358.485838681235
1004449,"privé - sans psg","B10",268.381333811961
1014010,"publics - domaniales","B10",339.154902339147
1030643,"privé - sans psg","B10",260.302953521772
1011154,"privé - sans psg","B22",18.3861383961053
1008354,"privé - sans psg","B10",603.234432852146
1021701,"privé - psg","B10",147.808843880821
1020326,"privé - psg","B22",51.0814373880371
1022184,"privé - sans psg","B22",92.2651000871617
1025416,"privé - psg","B22",73.7424156329958
1021300,"privé - sans psg","B10",179.371321938511
1005696,"privé - sans psg","B22",183.376637679074
1018469,"privé - psg","B22",158.790565883685
1002573,"privé - psg","B22",132.818108976607
1030984,"privé - psg","B22",213.343007181349
1019982,"privé - psg","B22",262.118252740192
1027579,"privé - sans psg","B22",44.6511400021102
1027960,"publics - domaniales","G50",80.8817630996293
1006070,"privé - sans psg","F30",359.574938774654
1025859,"publics - domaniales","G50",130.155188849335
1016288,"privé - sans psg","F40",81.4098419172636
1017178,"privé - psg","F30",36.4973280419347
1004213,"privé - sans psg","F30",99.7229224436535
1009760,"privé - sans psg","F30",286.722787220993
1030762,"privé - psg","F30",112.316642055363
1016168,"privé - sans psg","F30",137.161603900563
1024896,"privé - sans psg","F30",26.168680354185
1019338,"privé - sans psg","F30",177.133644173451
1012785,"privé - sans psg","F30",205.196036401288
1016860,"privé - sans psg","G50",142.470706919285
1003771,"privé - sans psg","F30",93.266255148592
1007349,"privé - sans psg","F30",69.8563640289297
1020494,"privé - sans psg","F30",187.49593287566
1025216,"privé - sans psg","G50",109.35140270637
1011367,"privé - sans psg","F30",157.743446525906
1017895,"publics - domaniales","G80",172.183525397441
1011425,"privé - sans psg","G80",227.542575866404
1006859,"privé - sans psg","G50",234.908191993133
1012571,"privé - sans psg","F30",9.82443320742319
1031080,"privé - sans psg","G50",336.982220309842
1029169,"privé - sans psg","G50",156.469653272935
1006123,"privé - sans psg","G50",163.445487785288
1018567,"publis - communales","G80",283.950333883424
1008213,"privé - sans psg","G50",217.299831731478
1020349,"privé - psg","G80",78.8157406218942
1005562,"privé - sans psg","G80",361.596515488674
1031356,"privé - sans psg","G80",315.365584693398
1017929,"privé - psg","G80",447.393868240083
1012158,"publics - domaniales","G80",291.359903538811
1022105,"privé - psg","G80",235.237355853372
1024032,"publis - communales","G80",167.37005471785
1006762,"publics - domaniales","G80",208.139453304835
1006925,"privé - psg","G80",344.816644573542
1009690,"privé - sans psg","G80",426.017287654672
1002472,"privé - sans psg","G80",80.2734564208016
1002129,"privé - sans psg","F40",461.465384310675
1009272,"privé - sans psg","F40",3.66727734023185
1015220,"privé - sans psg","F40",29.5287756596072
1000041,"privé - sans psg","F30",166.25179490883
1015697,"privé - sans psg","F30",64.1329511409811
1004792,"privé - sans psg","F30",156.051881561936
1010368,"privé - sans psg","F30",71.3846528087717
1009413,"privé - sans psg","F30",152.383167873347
1031171,"privé - sans psg","F30",121.604438277164
1021947,"publics - domaniales","F30",127.026305143768
1023799,"privé - sans psg","F40",171.82907579853
1018815,"privé - sans psg","F30",390.365240528728
1000938,"privé - sans psg","F30",185.428816156682
1018783,"privé - sans psg","F30",138.978139158385
1005520,"privé - sans psg","F30",202.893149744848
1007950,"privé - sans psg","F30",292.262426528598
1029613,"privé - sans psg","F30",117.407136437675
1030930,"privé - sans psg","F30",50.9727405357186
1013725,"privé - sans psg","F30",140.239157368527
1011635,"privé - sans psg","F40",1.2609555529257
1019225,"privé - sans psg","F30",194.964881171552
1018062,"privé - psg","F40",235.025387054474
1021929,"privé - psg","F40",84.1028245629939
1028925,"privé - sans psg","J23",5.51792765390783
1029996,"privé - sans psg","J23",24.5360787221836
1028273,"privé - sans psg","J23",25.4362872934289
1002550,"publis - communales","J23",4.88197653483744
1022115,"privé - sans psg","J23",57.0590010289039
1025106,"privé - psg","J23",61.2946251957603
1030190,"privé - sans psg","J23",77.8089521069435
1021783,"publis - communales","J23",35.621861490647
1001477,"privé - sans psg","J23",111.481810182031
1018331,"privé - sans psg","J23",13.3944945796591
1011882,"privé - psg","J23",41.636419929459
1016852,"publics - domaniales","J23",72.1076576158314
1001476,"privé - psg","J23",110.68365918902
1025334,"privé - sans psg","J23",166.499077969064
1012210,"privé - sans psg","J23",95.9629704721006
1023492,"privé - sans psg","J23",23.019656155372
1012628,"privé - sans psg","J23",119.902810514312
1013448,"privé - psg","J23",66.5442329886824
1000142,"publis - communales","J23",159.506210616812
1007260,"publis - communales","J23",86.6336978666777
1016364,"publis - communales","J23",59.0264924700206
1000180,"privé - sans psg","J23",164.817549534977
1004251,"privé - sans psg","J23",66.8804125400128
1026896,"privé - psg","J23",101.974179593448
1016725,"privé - psg","J23",71.9466278961518
1030888,"privé - psg","J23",126.541223286103
1004166,"privé - sans psg","J23",3.93322409037338
1029867,"privé - psg","J23",207.470487130551
1011783,"privé - psg","J23",147.667319278701
1010892,"privé - sans psg","J23",94.5747121907323
1012535,"privé - sans psg","J23",38.8419277247551
1005036,"publics - domaniales","J23",224.020010328107
1011705,"privé - sans psg","J23",133.27429822678
1018862,"privé - sans psg","J23",138.32332868662
1027990,"privé - sans psg","H30",164.402654660197
1019917,"privé - sans psg","J40",12.9952591684628
1023706,"privé - sans psg","J23",93.8790144654622
1010644,"publics - domaniales","J23",11.0051137543063
1003413,"privé - sans psg","J23",11.5639958689294
1002043,"privé - sans psg","J23",100.556018091921
1017433,"privé - sans psg","H30",0.499969528412712
1011457,"publis - communales","J23",177.399954675039
1003244,"privé - sans psg","J23",68.2233383928035
1009370,"privé - sans psg","J30",81.2706787130659
1017167,"publis - communales","J30",39.1938377852743
1030636,"privé - sans psg","H30",19.9336239448251
1017332,"privé - sans psg","H30",58.1316653639275
1021124,"privé - sans psg","J40",198.782208209424
1018463,"privé - sans psg","J23",178.549991496402
1006377,"privé - psg","J23",169.595821127099
1005935,"privé - sans psg","J23",21.9350221106791
1009473,"privé - sans psg","J23",180.909410025352
1007745,"privé - psg","J30",80.6086646400782
1025985,"publics - domaniales","J30",143.536419730273
1018613,"privé - psg","J30",19.3271820221129
1022511,"privé - sans psg","J23",316.680445912766
1001984,"privé - sans psg","J23",147.369698012452
1002267,"privé - sans psg","J30",31.319398111287
1005393,"publics - domaniales","J30",99.1559717140929
1002209,"privé - sans psg","H30",6.58310014189579
1006891,"privé - sans psg","J40",76.2598029017932
1026275,"privé - sans psg","J23",183.649318786178
1004832,"publis - communales","J30",151.570379756299
1006060,"privé - sans psg","J30",217.219067143711
1017136,"privé - sans psg","J30",10.1746497556043
1020008,"privé - sans psg","J30",5.76180815559358
1010437,"privé - psg","J30",154.367844099191
1012654,"privé - psg","J30",15.5758436247935
1007801,"privé - psg","J30",184.258680801737
1030296,"privé - sans psg","J30",332.043213503932
1016766,"privé - sans psg","J30",41.3208783628324
1019710,"privé - sans psg","J30",204.817674268553
1023221,"publis - communales","J30",31.6991133093312
1018053,"privé - sans psg","J30",83.3701668316107
1011755,"privé - sans psg","J30",171.50681581145
1002705,"publics - domaniales","J30",131.603380012965
1022611,"publics - domaniales","J30",3.05915839783635
1023122,"privé - sans psg","J40",122.550243842658
1030271,"privé - sans psg","J40",177.434355916022
1008069,"privé - sans psg","J40",160.518160481673
1019807,"privé - sans psg","J22",78.692589780246
1008877,"publis - communales","H30",40.7458303313825
1014013,"privé - sans psg","H30",15.2252919076782
1027151,"privé - sans psg","J40",25.4178926495338
1006601,"publis - communales","J40",86.6635502292003
1023377,"publis - communales","J23",17.9640266781494
1022175,"publis - communales","J40",173.674454204201
1021640,"privé - sans psg","J23",54.3018579795572
1012144,"privé - sans psg","J40",50.4999775475257
1017558,"publis - communales","J40",2.45733495951279
1003826,"privé - sans psg","J23",17.9442768174256
1021080,"publis - communales","J23",41.3828384266712
1015110,"publis - communales","J23",15.1576867183148
1027359,"publis - communales","J40",171.913119260621
1006074,"privé - sans psg","J40",18.092855432841
1019231,"privé - sans psg","J40",14.3862029966019
1018441,"privé - sans psg","J23",52.5637931093046
1026189,"publis - communales","J23",89.6694395947203
1007550,"privé - sans psg","J23",152.83555075141
1005472,"privé - sans psg","J40",116.45924845485
1010366,"publis - communales","J23",139.664252991327
1018931,"privé - sans psg","J40",57.1088514016805
1028399,"privé - sans psg","J23",6.9288863607661
1015112,"privé - sans psg","J23",106.592502654359
1023657,"privé - sans psg","J23",3.81464860247746
1012745,"privé - sans psg","A30",28.5321751151833
1019003,"privé - sans psg","A30",52.398925931119
1019817,"privé - sans psg","A30",123.536857271503
1024839,"privé - sans psg","A30",42.3281419644735
1014534,"privé - sans psg","A30",416.484014868891
1010258,"privé - sans psg","A30",26.8100288922977
1015001,"privé - sans psg","A30",12.4109479773822
1008245,"privé - sans psg","A30",61.2674398628084
1002753,"privé - sans psg","A30",289.959590565007
1015851,"privé - sans psg","A30",191.293921552226
1018179,"privé - sans psg","A30",204.213824446675
1003380,"privé - sans psg","G11",161.230489721383
1028254,"privé - sans psg","A30",121.811078085981
1003658,"privé - sans psg","G11",76.7115352690433
1010963,"privé - psg","A30",35.1209864077233
1029456,"privé - sans psg","A30",1.90391662106064
1026605,"privé - sans psg","F12",101.553268070065
1022871,"publics - domaniales","A30",243.193820248085
1024984,"privé - sans psg","A30",101.1289048423
1013692,"privé - sans psg","F13",179.739804019283
1024655,"privé - sans psg","B81",173.260499710946
1012754,"privé - sans psg","B81",261.391894802076
1011787,"privé - psg","B81",92.9966229453147
1027338,"privé - sans psg","B81",160.531609439611
1001038,"privé - psg","B81",69.0236375394875
1025467,"publis - communales","B81",268.058976050155
1005904,"privé - sans psg","B82",206.664681588636
1020797,"publics - domaniales","B82",67.9670852201442
1003710,"privé - sans psg","B81",130.885628656473
1025732,"privé - psg","B82",28.6333607555265
1006710,"publis - communales","B82",232.205315836413
1029742,"privé - sans psg","B81",39.2321185303667
1004766,"privé - sans psg","B81",117.643879849045
1017269,"privé - sans psg","B81",135.73334487638
1006067,"privé - sans psg","B82",216.890735520336
1007867,"privé - sans psg","F11",135.237118003585
1022416,"privé - sans psg","B81",97.7803022779786
1009836,"privé - sans psg","B81",466.891676186092
1012517,"privé - psg","B82",250.122303546664
1011170,"privé - psg","B82",42.1361334980577
1025055,"privé - psg","B82",75.8436787210465
1000947,"publics - domaniales","B82",194.251794568306
1014459,"privé - psg","B82",361.736925500616
1022236,"privé - psg","B82",163.520906144977
1017434,"privé - psg","B82",199.187198113394
1031360,"publics - domaniales","B82",138.881143828288
1031104,"privé - sans psg","B82",495.421553575739
1004183,"privé - psg","B82",308.858780310738
1028232,"privé - psg","B82",386.971311665203
1011356,"privé - sans psg","B82",283.091562052641
1029073,"privé - psg","B82",416.475672753671
1025714,"privé - psg","B82",110.705221637062
1005328,"privé - psg","B82",286.818433470832
1018327,"privé - sans psg","B82",147.017414922219
1004345,"privé - sans psg","B82",352.622017015464
1025675,"privé - psg","B82",94.4259832112354
1027286,"privé - sans psg","F11",32.159077584074
1025391,"privé - sans psg","B82",196.171246809271
1014328,"privé - sans psg","B82",158.089974627313
1010459,"privé - sans psg","B82",203.766423500255
1018557,"privé - sans psg","B82",9.84115793120611
1003162,"privé - sans psg","B82",43.6762475124013
1023800,"privé - sans psg","G12",573.50280282385
1025662,"privé - psg","G12",165.826606007285
1016942,"privé - sans psg","B82",72.6104834642353
1030834,"privé - sans psg","G12",169.037323739767
1019260,"privé - sans psg","G11",23.5766244310485
1004791,"privé - sans psg","G12",303.406540876993
1022846,"privé - sans psg","G11",146.879539176267
1017418,"privé - sans psg","G11",110.871430832184
1002872,"privé - sans psg","G11",35.4958186918051
1009149,"privé - sans psg","G11",91.6905219670926
1027119,"privé - sans psg","G11",214.095257006872
1014336,"privé - psg","G11",169.969213909852
1027680,"privé - sans psg","G11",235.911230895825
1016716,"privé - sans psg","G12",79.4135188894885
1002425,"privé - sans psg","G11",40.4753907186342
1017347,"privé - sans psg","G11",115.871035810239
1009145,"privé - sans psg","G11",83.0167641787962
1010295,"privé - sans psg","G11",5.93787312987552
1005709,"privé - sans psg","G11",46.1766040962004
1009154,"privé - sans psg","G11",187.207575627659
1004428,"privé - sans psg","G11",81.7219684700171
1018628,"privé - sans psg","G11",274.728904581168
1016334,"privé - psg","G11",23.4775962692686
1015721,"privé - sans psg","G11",149.077768618615
1024507,"privé - sans psg","G13",176.563691325722
1019973,"privé - sans psg","G13",8.48689997502257
1018922,"privé - sans psg","G13",57.3221189159114
1022615,"privé - sans psg","G11",230.374360099349
1001669,"privé - psg","G11",168.748878234749
1017095,"privé - sans psg","G13",283.046217348285
1031166,"privé - sans psg","G13",182.748652390993
1028208,"privé - sans psg","G11",403.804348936843
1028713,"privé - sans psg","G11",118.832519877415
1015917,"privé - sans psg","G11",57.8404405890377
1016461,"privé - sans psg","G11",206.598121638258
1010299,"privé - sans psg","G11",102.581800709489
1015351,"privé - psg","G11",48.2782171387361
1025175,"privé - sans psg","G11",392.533291205776
1014223,"privé - sans psg","G11",314.940698593772
1025491,"privé - sans psg","G11",165.234185710143
1020927,"privé - sans psg","G11",260.050573365905
1028748,"privé - sans psg","G13",17.6227511666109
1022931,"privé - sans psg","G11",405.298053859794
1003564,"privé - sans psg","G11",146.654736190397
1012686,"privé - sans psg","G11",262.982100873866
1021092,"privé - sans psg","G11",43.4454743182989
1022656,"privé - sans psg","G11",5.25900312434254
1014528,"privé - sans psg","G11",280.461557762595
1027385,"privé - sans psg","G11",167.385198324671
1003704,"privé - sans psg","G11",53.5372215074261
1029799,"privé - sans psg","G13",181.724277748761
1029291,"privé - psg","G13",27.0138023123413
1001588,"privé - sans psg","G11",132.823220949474
1000573,"privé - sans psg","G11",186.417719547578
1017701,"publis - communales","G13",212.509021312446
1015770,"privé - sans psg","G13",720.455442393318
1028340,"privé - sans psg","G13",222.555178091825
1000657,"privé - psg","G13",226.624821429999
1013257,"privé - sans psg","G13",306.693990483648
1026231,"privé - psg","G21",15.9289924685442
1027723,"privé - sans psg","G13",267.706719205176
1024888,"privé - sans psg","G21",472.625827828604
1019487,"publis - communales","C20",6.99899061271995
1004329,"publis - communales","C20",337.681955792183
1025249,"publis - communales","C20",218.225177482619
1027511,"publis - communales","C20",32.7402697630482
1011790,"publis - communales","C20",219.78932873578
1006633,"privé - sans psg","C20",267.110492593706
1022754,"privé - sans psg","C20",25.9351746317531
1009715,"privé - psg","C20",220.291080434249
1028110,"publis - communales","C20",122.320580734888
1013561,"publics - domaniales","C20",7.02568256579428
1002334,"publis - communales","C30",180.065628371765
1002811,"publis - communales","C30",522.545739374301
1002202,"publis - communales","C30",258.218251665947
1005987,"privé - sans psg","C30",392.686821143674
1029264,"publis - communales","C30",388.764206156713
1014408,"publis - communales","C30",225.952140289115
1023668,"publis - communales","C30",282.986770596595
1017834,"privé - psg","D12",4.7517567526207
1018086,"privé - sans psg","C30",713.507909281347
1021910,"publis - communales","D12",469.842229694569
1000130,"privé - sans psg","C30",237.891739863655
1023874,"privé - sans psg","D12",698.744414308081
1017316,"publis - communales","C30",44.9972574381942
1021968,"privé - sans psg","C30",426.781693185595
1002580,"publics - domaniales","D12",131.448965952286
1021448,"publics - domaniales","D12",124.314886600796
1024090,"privé - sans psg","D12",329.13256639695
1019785,"publics - domaniales","D12",50.3813115097803
1004411,"publis - communales","C30",147.051659882916
1009905,"privé - sans psg","C30",130.114939381763
1002789,"publis - communales","C30",291.170846344423
1012443,"privé - psg","C30",115.240967286474
1009957,"publics - domaniales","C30",175.860603864701
1011101,"publis - communales","C30",220.463963297943
1004665,"publis - communales","D12",657.185760276945
1012801,"privé - sans psg","D12",368.341656300931
1013697,"publics - domaniales","D12",337.336325036626
1013566,"publis - communales","D12",349.324317868916
1007429,"privé - psg","C30",170.6638236434
1006744,"publis - communales","C30",208.542624584326
1006045,"privé - sans psg","D12",143.859635826427
1030575,"publis - communales","D12",143.790345344129
1002289,"publis - communales","D12",336.452275529479
1013240,"publics - domaniales","D12",272.00107351764
1028015,"privé - psg","C30",474.049376630917
1029113,"publis - communales","C30",226.273185956498
1007091,"privé - psg","D12",486.852462207297
1026162,"privé - sans psg","C30",76.742206799858
1016867,"publis - communales","D12",54.7005405903967
1005236,"publis - communales","D12",66.4939417661178
1018823,"publis - communales","D12",19.7011289394777
1004155,"publis - communales","D12",11.6100898600719
1022725,"privé - sans psg","D12",234.13667364933
1005743,"publics - domaniales","D12",115.950788595657
1008301,"privé - sans psg","D12",159.76507342698
1023775,"publis - communales","D12",264.07468100301
1028031,"publis - communales","D12",54.8888158477072
1026702,"privé - sans psg","D12",492.395793775986
1021618,"publics - domaniales","D11",327.818224057944
1027293,"publics - domaniales","D11",233.916456430763
1000222,"privé - sans psg","D12",210.736993261381
1018825,"privé - sans psg","D12",68.1441771511099
1031302,"publis - communales","D12",389.950673349604
1023074,"publics - domaniales","D11",101.39519144153
1010811,"publis - communales","D11",248.26231170132
1009764,"privé - sans psg","D12",249.963097585656
1000821,"publics - domaniales","D12",226.926769766352
1012863,"publis - communales","D11",311.480537085518
1019327,"publics - domaniales","D11",285.394689466742
1017940,"publis - communales","D11",169.484084170879
1030236,"publis - communales","D12",141.968498980204
1003660,"publis - communales","D11",167.546991487777
1005131,"publics - domaniales","D11",182.007976538595
1031072,"privé - sans psg","D11",227.07810804157
1024154,"publics - domaniales","D11",291.999182311726
1014172,"publics - domaniales","D11",37.3037967235824
1013272,"privé - psg","D11",334.276490461661
1018745,"publis - communales","D11",301.493030972586
1013821,"publis - communales","D11",357.726746108987
1005347,"publics - domaniales","D11",95.5552254780594
1002259,"privé - sans psg","D11",427.461192133824
1000892,"privé - sans psg","D11",14.0648450742452
1009466,"privé - sans psg","D11",342.259220951713
1005440,"privé - sans psg","D11",262.182728454436
1026419,"publics - domaniales","D11",187.823114441565
1026766,"privé - sans psg","D11",128.345365813897
1012690,"publics - domaniales","D11",277.904525669609
1013683,"publics - domaniales","D11",419.796980806604
1012770,"privé - sans psg","D11",204.077783979312
1027568,"publis - communales","D11",183.345857652004
1018993,"privé - sans psg","D11",299.337397914264
1031151,"publics - domaniales","D11",210.032836018787
1019509,"publics - domaniales","D11",123.256624952095
1013079,"privé - sans psg","D11",415.951838702214
1006087,"publis - communales","D11",42.2862206322139
1002067,"privé - sans psg","D11",156.788300753501
1024807,"privé - sans psg","D11",186.279301802507
1015187,"publis - communales","D11",59.951918728375
1004097,"privé - sans psg","D11",507.693249727212
1020983,"publis - communales","D11",266.063882568679
1014153,"publics - domaniales","D11",179.775431996664
1015611,"privé - sans psg","D11",223.040534379853
1027705,"privé - sans psg","D11",461.680568638171
1018208,"privé - sans psg","D11",3.43273683929634
1013343,"publis - communales","D11",483.371750378406
1014060,"publis - communales","D11",271.200114923459
1011174,"privé - sans psg","D11",96.9730318953878
1028229,"publis - communales","D11",237.545580745174
1009648,"publics - domaniales","D11",254.255589803899
1024144,"publis - communales","D11",410.455849846422
1018789,"privé - sans psg","D11",30.0116505215422
1007176,"privé - sans psg","D11",139.674379248073
1009493,"publis - communales","D11",187.641345334733
1024629,"privé - sans psg","B52",248.349746370425
1028348,"privé - sans psg","B52",115.23976576296
1014583,"privé - sans psg","B52",327.895621314633
1016674,"privé - psg","B52",200.735205510499
1008434,"privé - sans psg","B52",164.463658380538
1009534,"privé - psg","B52",248.565945381624
1008115,"privé - sans psg","B52",360.406460952263
1007280,"privé - psg","B52",323.114980602191
1007027,"publics - domaniales","B52",420.0892327739
1029947,"privé - sans psg","B52",343.427447018738
1013568,"privé - psg","B52",268.944950954359
1006838,"privé - sans psg","B52",243.052694825763
1010202,"privé - psg","B52",186.277985735577
1015941,"privé - psg","B52",267.279769787386
1027489,"publics - domaniales","B52",192.249545888475
1000120,"privé - sans psg","B52",146.227226243634
1003193,"privé - psg","B52",182.921239280998
1024198,"privé - psg","B52",104.191873369805
1027133,"privé - sans psg","B52",144.151094774038
1031088,"privé - psg","B52",177.998351463711
1027694,"privé - psg","B52",330.513242895013
1001263,"privé - sans psg","B52",314.368273823343
1000323,"privé - psg","B52",301.787875644084
1008548,"privé - psg","B52",259.407220138086
1008422,"privé - sans psg","B52",162.691211401643
1002476,"publis - communales","B52",273.213026995469
1018298,"privé - sans psg","B52",325.214470996262
1026988,"privé - sans psg","B52",137.791620487373
1021809,"privé - sans psg","B51",172.183080460439
1011626,"privé - sans psg","B51",202.108318098169
1004292,"privé - psg","B52",209.419726984653
1027984,"publics - domaniales","B52",202.470162867374
1008567,"privé - sans psg","B51",256.846091066991
1021736,"privé - sans psg","B51",232.969236403955
1018333,"privé - sans psg","B51",81.4055487356732
1000787,"publics - domaniales","B52",3.02873453432799
1010910,"privé - sans psg","B51",251.366315355779
1014458,"privé - sans psg","C20",116.957178959706
1023165,"publis - communales","B52",257.050501667613
1023440,"privé - sans psg","B51",96.225540983904
1016686,"privé - psg","B51",429.637489537456
1001776,"privé - sans psg","C20",387.652294214752
1023543,"privé - sans psg","B51",412.304033145108
1001703,"privé - sans psg","C20",256.066596955797
1002998,"publics - domaniales","B51",71.0783411353811
1002956,"privé - psg","B51",208.645808458305
1012563,"publis - communales","C20",60.2192317043417
1004035,"privé - psg","C20",27.5101881392376
1004512,"publis - communales","C20",247.081345538554
1015293,"privé - psg","C20",136.355084982235
1029222,"privé - sans psg","C20",290.444676685156
1004527,"privé - sans psg","C20",155.234413958225
1025745,"privé - sans psg","C20",286.866495617167
1022274,"privé - psg","C20",133.329536706902
1028716,"publis - communales","C20",257.349672511023
1000561,"privé - sans psg","C20",192.116519538565
1018413,"privé - sans psg","C20",95.7773665940382
1001760,"privé - sans psg","C20",72.5138451039381
1023337,"privé - sans psg","C20",265.171404821019
1005602,"publis - communales","C20",204.424229388767
1014560,"privé - sans psg","C20",96.2603547943002
1020698,"privé - sans psg","C20",263.529867270552
1030831,"publis - communales","C20",46.7283703122983
1028433,"privé - psg","C20",152.82774934907
1008144,"privé - sans psg","C20",95.9048790872371
1026118,"privé - sans psg","C20",238.133190013103
1030393,"publis - communales","C20",182.387172042777
1020294,"privé - sans psg","C20",313.007096152796
1023573,"privé - psg","C20",268.110025964544
1016422,"privé - sans psg","C20",431.257773880342
1023561,"publis - communales","C20",106.519556684951
1003715,"privé - sans psg","C20",99.5469631429499
1008645,"publics - domaniales","C20",146.086558734905
1015490,"privé - sans psg","C20",282.045511825489
1022797,"publis - communales","G23",178.04893821993
1012679,"publis - communales","C20",41.3602012753549
1012032,"privé - psg","C20",205.37076557167
1015778,"publis - communales","C20",219.920650257771
1001242,"publis - communales","C20",112.108087520151
1002459,"privé - sans psg","C20",148.366265119551
1012876,"publis - communales","C20",58.3106274926102
1012450,"privé - sans psg","G23",93.5486708477626
1002766,"privé - psg","D11",218.50103405194
1001505,"privé - sans psg","D11",251.594474563783
1023809,"privé - psg","D11",111.435470155615
1010545,"privé - sans psg","D12",120.456259763558
1018313,"publis - communales","D11",198.442801175445
1022785,"publis - communales","C42",118.742273919692
1004004,"publis - communales","C42",323.348871067276
1021739,"privé - psg","C42",365.813771762428
1000928,"publis - communales","E10",298.290379399509
1024004,"privé - sans psg","C42",416.761245799659
1024830,"publis - communales","B41",453.032467535387
1025052,"publics - domaniales","B41",229.366833860131
1015107,"privé - sans psg","B41",233.384579046802
1030717,"privé - sans psg","B44",138.208849639036
1015475,"privé - sans psg","B41",188.406536633221
1027585,"privé - sans psg","B41",253.039469131376
1012317,"privé - sans psg","B41",50.9894413384584
1031326,"privé - sans psg","B41",240.362307165778
1023431,"publics - domaniales","B42",306.261368196092
1013262,"privé - sans psg","B41",139.984598726826
1002897,"publis - communales","B42",227.465418552493
1022829,"privé - sans psg","B41",240.290210382878
1015991,"privé - sans psg","B44",72.6741404735369
1018058,"privé - psg","B41",80.7343083530759
1006797,"privé - sans psg","B41",109.394999679093
1014666,"publics - domaniales","B42",130.694358546733
1007179,"privé - psg","B41",90.5919148587333
1026600,"privé - sans psg","B41",419.235022027955
1019309,"privé - sans psg","B41",104.442648641766
1010024,"privé - sans psg","B41",109.322487605808
1014799,"privé - psg","B41",360.743369087217
1027701,"publics - domaniales","B41",583.546207308932
1030661,"publis - communales","B41",111.784330515869
